chem,struct,m,mix,seed,K,n,heads,rho_lastq,tape_lastq,fuel_lastq,runmean_lastq,cov_wrho,bvar_rho,drift,res,ext_ev,heads_created,rho_traj
paraonly,bulk4,8,none,1,1,48,4,0.2549,34.1963,0.1104,2.3444,,,0.0312,0,0,0,0.29;0.33;0.29;0.28;0.23;0.27;0.20;0.25
paraonly,bulk4,8,none,2,1,48,4,0.2283,33.0307,0.0859,2.4276,,,-0.1264,0,0,0,0.23;0.23;0.22;0.22;0.25;0.17;0.27;0.19
paraonly,bulk4,8,none,3,1,48,4,0.2408,36.4601,0.1166,2.5917,,,-0.2244,0,0,0,0.24;0.10;0.25;0.40;0.19;0.33;0.22;0.20
paraonly,bulk4,8,none,4,1,48,4,0.2099,32.6380,0.0613,2.4330,,,-0.1486,0,0,0,0.25;0.33;0.23;0.13;0.21;0.25;0.26;0.28
paraonly,bulk4,8,none,5,1,48,4,0.2525,36.1472,0.0613,2.5214,,,-0.1374,0,0,0,0.33;0.30;0.32;0.11;0.33;0.31;0.27;0.29
paraonly,bulk4,8,none,6,1,48,4,0.2611,35.3620,0.0491,2.3966,,,0.0208,0,0,0,0.26;0.17;0.19;0.16;0.35;0.27;0.27;0.32
paraonly,bulk4,8,none,7,1,48,4,0.2397,35.8282,0.0552,2.5335,,,-0.3533,0,0,0,0.28;0.28;0.23;0.20;0.19;0.32;0.19;0.16
paraonly,bulk4,8,none,8,1,48,4,0.2634,37.2515,0.0552,2.5080,,,-0.1370,0,0,0,0.21;0.20;0.31;0.23;0.24;0.21;0.25;0.20
paraonly,bulk4,8,none,9,1,48,4,0.2387,35.6810,0.0552,2.5031,,,0.0858,0,0,0,0.24;0.24;0.21;0.28;0.15;0.29;0.22;0.31
paraonly,bulk4,8,none,10,1,48,4,0.2153,35.9325,0.0429,2.7340,,,0.0054,0,0,0,0.25;0.32;0.24;0.31;0.27;0.27;0.27;0.26
paraonly,bulk4,8,none,11,1,48,4,0.2419,36.0307,0.0982,2.5818,,,-0.0857,0,0,0,0.23;0.30;0.19;0.23;0.20;0.27;0.22;0.31
paraonly,bulk4,8,none,12,1,48,4,0.2336,33.0307,0.1166,2.4446,,,-0.3065,0,0,0,0.24;0.11;0.25;0.28;0.20;0.36;0.26;0.21
paraonly,bulk4,8,none,13,1,48,4,0.2338,36.5951,0.0368,2.6806,,,-0.0287,0,0,0,0.17;0.17;0.19;0.30;0.30;0.32;0.18;0.19
paraonly,bulk4,8,none,14,1,48,4,0.2522,38.2025,0.0613,2.7036,,,-0.0395,0,0,0,0.27;0.22;0.32;0.19;0.21;0.26;0.20;0.24
paraonly,bulk4,8,none,15,1,48,4,0.2117,35.8098,0.0859,2.7007,,,-0.2321,0,0,0,0.26;0.27;0.26;0.35;0.24;0.17;0.25;0.14
paraonly,bulk4,8,none,16,1,48,4,0.2370,33.4110,0.0675,2.3791,,,-0.1450,0,0,0,0.19;0.16;0.08;0.25;0.41;0.41;0.24;0.12
paraonly,bulk4,8,none,17,1,48,4,0.2160,33.5276,0.0982,2.5038,,,-0.0648,0,0,0,0.28;0.27;0.37;0.17;0.34;0.28;0.27;0.15
paraonly,bulk4,8,none,18,1,48,4,0.2577,37.1227,0.0613,2.6088,,,-0.1722,0,0,0,0.12;0.21;0.23;0.22;0.28;0.26;0.32;0.22
paraonly,bulk4,8,none,19,1,48,4,0.2314,37.0061,0.0429,2.7024,,,-0.1414,0,0,0,0.33;0.19;0.31;0.30;0.18;0.38;0.23;0.21
paraonly,bulk4,8,none,20,1,48,4,0.2254,37.1288,0.0613,2.7089,,,-0.1310,0,0,0,0.24;0.27;0.24;0.25;0.32;0.32;0.21;0.25
paraonly,bulk4,8,none,21,1,48,4,0.2538,33.7178,0.0982,2.3540,,,-0.0550,0,0,0,0.15;0.27;0.33;0.29;0.24;0.30;0.21;0.32
paraonly,bulk4,8,none,22,1,48,4,0.2541,38.8896,0.0613,2.7116,,,0.0253,0,0,0,0.35;0.27;0.23;0.30;0.31;0.17;0.29;0.31
paraonly,bulk4,8,none,23,1,48,4,0.2619,35.8896,0.0613,2.4672,,,0.0475,0,0,0,0.20;0.10;0.10;0.30;0.27;0.18;0.31;0.35
paraonly,bulk4,8,none,24,1,48,4,0.2528,35.3926,0.0675,2.5160,,,-0.1591,0,0,0,0.28;0.26;0.23;0.20;0.29;0.31;0.28;0.30
paraonly,bulk4,8,scr,1,1,48,4,0.3092,41,0.0248,2.5503,,,-0.1544,0,0,0,0.15;0.19;0.20;0.17;0.18;0.32;0.29;0.26
paraonly,bulk4,8,scr,2,1,48,4,0.2677,38.6708,0.0559,2.6265,,,-0.1917,0,0,0,0.35;0.20;0.23;0.34;0.23;0.25;0.36;0.17
paraonly,bulk4,8,scr,3,1,48,4,0.2643,39.0373,0.0932,2.6584,,,-0.2132,0,0,0,0.32;0.26;0.15;0.23;0.20;0.32;0.35;0.30
paraonly,bulk4,8,scr,4,1,48,4,0.2465,39.6273,0.0559,2.8362,,,-0.2099,0,0,0,0.29;0.28;0.29;0.24;0.27;0.21;0.21;0.29
paraonly,bulk4,8,scr,5,1,48,4,0.2770,36.0621,0.0497,2.4106,,,-0.1754,0,0,0,0.31;0.21;0.33;0.22;0.16;0.18;0.27;0.26
paraonly,bulk4,8,scr,6,1,48,4,0.2677,39.5342,0.0373,2.7052,,,-0.1617,0,0,0,0.17;0.23;0.30;0.30;0.22;0.24;0.24;0.26
paraonly,bulk4,8,scr,7,1,48,4,0.3077,40.0870,0.0435,2.5593,,,-0.2135,0,0,0,0.09;0.18;0.15;0.32;0.20;0.18;0.25;0.24
paraonly,bulk4,8,scr,8,1,48,4,0.2680,38.0807,0.0373,2.5368,,,-0.2103,0,0,0,0.20;0.30;0.13;0.32;0.19;0.28;0.17;0.10
paraonly,bulk4,8,scr,9,1,48,4,0.2749,38.3602,0.0497,2.5077,,,-0.1580,0,0,0,0.16;0.26;0.21;0.17;0.41;0.05;0.11;0.05
paraonly,bulk4,8,scr,10,1,48,4,0.2706,39.4161,0.0373,2.6708,,,-0.1733,0,0,0,0.24;0.22;0.14;0.23;0.19;0.23;0.17;0.21
paraonly,bulk4,8,scr,11,1,48,4,0.2474,37.1491,0.0559,2.6153,,,-0.1805,0,0,0,0.23;0.27;0.19;0.32;0.32;0.24;0.22;0.07
paraonly,bulk4,8,scr,12,1,48,4,0.2381,34.2733,0.0683,2.4846,,,-0.1058,2,134,0,0.26;0.28;0.27;0.19;0.21;0.29;0.24;0.25
paraonly,bulk4,8,scr,13,1,48,4,0.2609,38.2857,0.0435,2.6066,,,-0.1793,0,0,0,0.23;0.27;0.12;0.15;0.17;0.21;0.20;0.25
paraonly,bulk4,8,scr,14,1,48,4,0.2549,38.6894,0.0186,2.6762,,,-0.1738,0,0,0,0.14;0.31;0.29;0.29;0.22;0.30;0.17;0.38
paraonly,bulk4,8,scr,15,1,48,4,0.2840,38.4534,0.0373,2.5112,,,-0.2189,0,0,0,0.18;0.37;0.26;0.36;0.27;0.36;0.16;0.28
paraonly,bulk4,8,scr,16,1,48,4,0.2398,38.9130,0.0745,2.8568,,,-0.1959,0,0,0,0.20;0.25;0.25;0.29;0.21;0.16;0.16;0.14
paraonly,bulk4,8,scr,17,1,48,4,0.3106,38.6957,0.0621,2.3737,,,-0.1507,0,0,0,0.32;0.17;0.18;0.16;0.20;0.28;0.34;0.21
paraonly,bulk4,8,scr,18,1,48,4,0.2800,36.1925,0.0745,2.3781,,,-0.1810,0,0,0,0.33;0.21;0.28;0.18;0.31;0.32;0.17;0.32
paraonly,bulk4,8,scr,19,1,48,4,0.2751,37.2298,0.0683,2.4787,,,-0.1713,0,0,0,0.31;0.23;0.36;0.23;0.22;0.16;0.38;0.27
paraonly,bulk4,8,scr,20,1,48,4,0.2471,36.0435,0.1118,2.5448,,,-0.1995,0,0,0,0.21;0.18;0.25;0.29;0.20;0.16;0.23;0.33
paraonly,bulk4,8,scr,21,1,48,4,0.2994,36.9255,0.0497,2.3405,,,-0.2254,0,0,0,0.24;0.23;0.09;0.17;0.19;0.26;0.27;0.17
paraonly,bulk4,8,scr,22,1,48,4,0.2659,37.5839,0.0621,2.5278,,,-0.1393,0,0,0,0.27;0.21;0.20;0.22;0.23;0.38;0.30;0.25
paraonly,bulk4,8,scr,23,1,48,4,0.2741,35.5963,0.0621,2.3899,,,-0.1341,0,0,0,0.39;0.28;0.19;0.25;0.26;0.37;0.35;0.24
paraonly,bulk4,8,scr,24,1,48,4,0.2778,37.1739,0.0497,2.4305,,,-0.1697,0,0,0,0.26;0.19;0.30;0.29;0.28;0.27;0.25;0.29
paraonly,bulk4,8,chk,1,1,48,4,0.2634,38.2609,0.0621,2.6600,,,-0.0388,0,0,0,0.25;0.24;0.32;0.20;0.26;0.22;0.32;0.22
paraonly,bulk4,8,chk,2,1,48,4,0.2880,40.2174,0.0621,2.5803,,,-0.0552,0,0,0,0.27;0.21;0.32;0.24;0.21;0.28;0.29;0.11
paraonly,bulk4,8,chk,3,1,48,4,0.2391,37.8012,0.1180,2.7606,,,-0.0338,0,0,0,0.24;0.23;0.24;0.10;0.20;0.23;0.22;0.35
paraonly,bulk4,8,chk,4,1,48,4,0.2528,39.7019,0.0621,2.7409,,,-0.0351,0,0,0,0.19;0.32;0.31;0.10;0.31;0.30;0.23;0.30
paraonly,bulk4,8,chk,5,1,48,4,0.2527,38.6770,0.0807,2.7012,,,-0.0566,0,0,0,0.37;0.36;0.38;0.33;0.30;0.25;0.17;0.12
paraonly,bulk4,8,chk,6,1,48,4,0.2493,36.9752,0.0559,2.6251,,,-0.0360,0,0,0,0.30;0.25;0.22;0.23;0.23;0.26;0.30;0.22
paraonly,bulk4,8,chk,7,1,48,4,0.2723,32.7702,0.0807,2.2459,,,-0.0268,0,0,0,0.36;0.14;0.19;0.35;0.22;0.43;0.39;0.27
paraonly,bulk4,8,chk,8,1,48,4,0.2385,35.1677,0.0683,2.6274,,,-0.0379,0,0,0,0.35;0.18;0.32;0.33;0.20;0.23;0.27;0.38
paraonly,bulk4,8,chk,9,1,48,4,0.2520,36.2050,0.0497,2.5540,,,-0.0402,0,0,0,0.23;0.29;0.30;0.18;0.30;0.26;0.15;0.25
paraonly,bulk4,8,chk,10,1,48,4,0.2539,40.0311,0.0683,2.7665,,,-0.0395,0,0,0,0.39;0.28;0.24;0.16;0.19;0.28;0.26;0.23
paraonly,bulk4,8,chk,11,1,48,4,0.2570,38.4907,0.0497,2.6981,,,-0.0395,0,0,0,0.22;0.21;0.09;0.11;0.18;0.38;0.24;0.21
paraonly,bulk4,8,chk,12,1,48,4,0.2435,36.2422,0.0683,2.5987,,,-0.0652,0,0,0,0.30;0.17;0.23;0.23;0.25;0.24;0.24;0.18
paraonly,bulk4,8,chk,13,1,48,4,0.2527,37.4783,0.0870,2.5804,,,-0.0485,0,0,0,0.33;0.26;0.18;0.24;0.28;0.23;0.26;0.19
paraonly,bulk4,8,chk,14,1,48,4,0.2263,36.1056,0.0870,2.6986,,,-0.0151,0,0,0,0.31;0.27;0.18;0.16;0.06;0.24;0.32;0.35
paraonly,bulk4,8,chk,15,1,48,4,0.2346,37.3789,0.0559,2.7141,,,-0.0508,0,0,0,0.14;0.22;0.26;0.24;0.28;0.15;0.25;0.21
paraonly,bulk4,8,chk,16,1,48,4,0.2694,36.6832,0.0559,2.5529,,,-0.0380,0,0,0,0.29;0.26;0.28;0.26;0.30;0.25;0.29;0.24
paraonly,bulk4,8,chk,17,1,48,4,0.2786,37.0062,0.0497,2.4791,,,-0.0752,0,0,0,0.24;0.26;0.24;0.24;0.16;0.35;0.25;0.17
paraonly,bulk4,8,chk,18,1,48,4,0.2596,39.6211,0.0745,2.7778,,,-0.0617,0,0,0,0.25;0.19;0.25;0.19;0.24;0.23;0.30;0.23
paraonly,bulk4,8,chk,19,1,48,4,0.2366,38.6646,0.0497,2.8151,,,-0.0340,0,0,0,0.29;0.20;0.27;0.39;0.25;0.31;0.23;0.22
paraonly,bulk4,8,chk,20,1,48,4,0.2704,34.5280,0.0497,2.3636,,,-0.0343,0,0,0,0.24;0.27;0.28;0.22;0.19;0.24;0.24;0.17
paraonly,bulk4,8,chk,21,1,48,4,0.2189,38.3478,0.0497,2.9010,,,-0.0395,0,0,0,0.20;0.25;0.06;0.28;0.31;0.24;0.20;0.27
paraonly,bulk4,8,chk,22,1,48,4,0.2507,39.2112,0.0559,2.7752,,,-0.0518,0,0,0,0.29;0.19;0.27;0.16;0.23;0.10;0.24;0.21
paraonly,bulk4,8,chk,23,1,48,4,0.2501,33.1180,0.0745,2.4343,,,-0.0381,0,0,0,0.26;0.31;0.34;0.33;0.24;0.23;0.25;0.10
paraonly,bulk4,8,chk,24,1,48,4,0.2504,34.9814,0.0683,2.4513,,,-0.0223,0,0,0,0.25;0.24;0.35;0.23;0.30;0.22;0.22;0.35
paraonly,bulk4,2,none,1,1,48,4,0.1407,8.2270,0.3067,1.7432,,,0.1059,123,4508,0,0.25;0.17;0.00;0.50;0.33;0.33;0.20;0.50
paraonly,bulk4,2,none,2,1,48,4,0.2054,11.9693,0.5215,1.7450,,,-0.1389,100,3773,0,0.43;0.20;0.38;0.00;0.33;0.33;0.12;0.25
paraonly,bulk4,2,none,3,1,48,4,0.2349,11.1656,0.5153,1.7492,,,-0.1143,91,2805,0,0.20;0.00;0.25;0.33;0.00;0.20;0.20;0.29
paraonly,bulk4,2,none,4,1,48,4,0.2029,10.0368,0.4294,1.7653,,,-0.2167,103,2930,0,0.43;0.14;0.20;0.00;0.00;0.00;0.00;0.33
paraonly,bulk4,2,none,5,1,48,4,0.1802,9.1227,0.4356,1.7740,,,0.2143,108,3530,0,0.20;0.00;0.14;0.00;0.33;0.67;0.00;0.50
paraonly,bulk4,2,none,6,1,48,4,0.1821,8.4540,0.3067,1.7496,,,-0.2500,74,2198,0,0.17;0.00;0.22;0.00;0.20;0.20;0.20;0.20
paraonly,bulk4,2,none,7,1,48,4,0.1665,8.2822,0.3313,1.8051,,,-0.3043,100,3979,0,0.00;0.57;0.17;0.40;0.40;0.00;0.25;0.00
paraonly,bulk4,2,none,8,1,48,4,0.2465,11.9387,0.4663,1.7593,,,-0.0145,97,3242,0,0.00;0.25;0.00;0.25;0.44;0.43;0.17;0.30
paraonly,bulk4,2,none,9,1,48,4,0.1778,9.8221,0.4172,1.7434,,,-0.4400,84,2231,0,0.38;0.17;0.33;0.00;0.25;0.00;0.00;0.25
paraonly,bulk4,2,none,10,1,48,4,0.1626,8.7239,0.2822,1.8887,,,-0.1056,100,2991,0,0.17;0.20;0.25;0.25;0.17;0.33;0.00;0.29
paraonly,bulk4,2,none,11,1,48,4,0.1336,8.4479,0.4049,1.8111,,,-0.0913,129,3954,0,0.46;0.33;0.29;0.00;0.33;0.17;0.00;0.12
paraonly,bulk4,2,none,12,1,48,4,0.2313,12.2209,0.5460,1.7153,,,-0.1571,99,2926,0,0.50;0.33;0.14;0.20;0.33;0.33;0.25;0.00
paraonly,bulk4,2,none,13,1,48,4,0.1915,9.2945,0.3558,1.7714,,,-0.3846,124,3668,0,0.00;0.25;0.00;0.00;0.33;0.20;0.33;0.00
paraonly,bulk4,2,none,14,1,48,4,0.1850,9.5337,0.3190,1.7212,,,-0.1933,98,3788,0,0.00;0.00;0.14;0.40;0.00;0.17;0.40;0.29
paraonly,bulk4,2,none,15,1,48,4,0.1797,9.1656,0.3436,1.8262,,,0.0476,91,3534,0,0.20;0.33;0.22;0.00;0.00;0.17;0.00;0.33
paraonly,bulk4,2,none,16,1,48,4,0.2337,12.3006,0.4356,1.7340,,,-0.4737,89,2786,0,0.25;0.33;0.33;0.00;0.20;0.25;0.25;0.20
paraonly,bulk4,2,none,17,1,48,4,0.2047,10.5583,0.3620,1.7303,,,-0.0143,75,2167,0,0.33;0.33;0.00;0.00;0.43;0.43;0.25;0.29
paraonly,bulk4,2,none,18,1,48,4,0.1857,10.9571,0.5644,1.7875,,,-0.3000,93,2779,0,0.33;0.22;0.00;0.00;0.17;0.00;0.30;0.17
paraonly,bulk4,2,none,19,1,48,4,0.1771,8.1840,0.2822,1.8404,,,-0.2941,140,4713,0,1.00;0.20;0.12;0.00;0.00;0.20;0.20;0.20
paraonly,bulk4,2,none,20,1,48,4,0.1508,7.9632,0.2883,1.8591,,,-0.5385,130,4370,0,0.00;0.00;0.17;0.33;0.50;0.33;0.00;0.20
paraonly,bulk4,2,none,21,1,48,4,0.1666,9,0.3129,1.8188,,,0.3500,106,3949,0,0.00;0.14;0.20;0.38;0.00;0.00;0.57;0.38
paraonly,bulk4,2,none,22,1,48,4,0.1819,10.0859,0.4049,1.7334,,,0.1061,80,2906,0,0.25;0.00;0.17;0.22;0.25;0.14;0.00;0.00
paraonly,bulk4,2,none,23,1,48,4,0.1806,8.7853,0.3497,1.7477,,,-0.0091,96,3002,0,0.22;0.29;0.29;0.27;0.00;0.20;-;0.40
paraonly,bulk4,2,none,24,1,48,4,0.1377,7.4601,0.2699,1.7365,,,-0.3117,103,3708,0,0.29;0.20;0.50;0.50;0.00;0.00;0.33;0.20
paraonly,bulk4,2,scr,1,1,48,4,0.2117,10.4286,0.4099,1.7585,,,-0.0342,112,3443,0,0.25;0.00;0.25;0.14;0.00;0.50;0.33;0.00
paraonly,bulk4,2,scr,2,1,48,4,0.1973,10.5466,0.3851,1.7331,,,-0.0662,89,3147,0,0.50;0.25;0.00;0.00;0.25;0.00;0.50;0.50
paraonly,bulk4,2,scr,3,1,48,4,0.2059,10.3727,0.4286,1.7346,,,-0.1106,88,3576,0,0.29;-;0.17;0.00;0.00;0.38;0.50;0.00
paraonly,bulk4,2,scr,4,1,48,4,0.1408,7.7143,0.2609,1.7824,,,-0.0468,105,3607,0,0.00;0.00;0.42;0.00;0.12;0.20;0.00;0.25
paraonly,bulk4,2,scr,5,1,48,4,0.2030,10.9503,0.4348,1.7570,,,-0.0508,86,3466,0,0.23;0.00;0.00;0.00;0.38;0.12;0.40;0.40
paraonly,bulk4,2,scr,6,1,48,4,0.1901,9.6894,0.3416,1.7291,,,0.0112,110,3209,0,0.20;0.17;0.00;0.25;0.50;0.00;0.00;0.25
paraonly,bulk4,2,scr,7,1,48,4,0.1814,9.4037,0.4286,1.8114,,,0.0681,93,2798,0,0.33;0.25;0.00;0.29;0.14;0.40;0.44;0.17
paraonly,bulk4,2,scr,8,1,48,4,0.1790,10.1304,0.3602,1.7565,,,-0.0308,72,2099,0,0.00;0.29;0.00;0.17;0.50;0.20;0.25;0.25
paraonly,bulk4,2,scr,9,1,48,4,0.2209,10.9503,0.4658,1.7502,,,0.0273,90,3294,0,0.29;0.22;0.25;0.12;0.00;0.33;0.25;0.00
paraonly,bulk4,2,scr,10,1,48,4,0.1856,10.6957,0.5155,1.7874,,,-0.0107,71,2898,0,0.00;0.20;0.00;0.25;0.43;0.00;0.17;0.00
paraonly,bulk4,2,scr,11,1,48,4,0.1718,8.6149,0.3292,1.7532,,,0.0590,87,3109,0,0.00;0.33;0.00;0.20;0.14;0.29;0.20;0.40
paraonly,bulk4,2,scr,12,1,48,4,0.1793,8.9441,0.3478,1.7349,,,0.0063,110,4085,0,0.14;0.50;0.00;0.00;0.38;0.00;0.14;0.17
paraonly,bulk4,2,scr,13,1,48,4,0.1940,9.1429,0.3292,1.8078,,,0.0226,100,3709,0,0.40;0.14;0.14;0.00;0.40;0.00;0.33;0.50
paraonly,bulk4,2,scr,14,1,48,4,0.1751,10.2360,0.4783,1.7756,,,0.1067,107,3387,0,0.50;0.00;0.00;0.40;0.20;0.29;0.14;0.25
paraonly,bulk4,2,scr,15,1,48,4,0.2123,10.7578,0.3292,1.7150,,,0.0486,93,3229,0,0.40;0.00;0.17;0.00;0.00;0.33;0.50;0.33
paraonly,bulk4,2,scr,16,1,48,4,0.1849,10.4472,0.4596,1.7876,,,0.0197,101,3510,0,0.00;0.25;0.33;0.00;0.00;0.14;0.00;0.40
paraonly,bulk4,2,scr,17,1,48,4,0.1783,9.6522,0.3354,1.7436,,,0.0824,110,3731,0,0.00;0.00;0.25;0.38;0.00;-;0.33;0.17
paraonly,bulk4,2,scr,18,1,48,4,0.2000,9.5590,0.3789,1.7921,,,0.0115,79,3008,0,0.00;0.00;0.17;0.40;0.17;0.00;0.00;0.00
paraonly,bulk4,2,scr,19,1,48,4,0.2211,9.9006,0.3354,1.7452,,,-0.0607,79,2914,0,0.00;0.36;0.00;0.67;0.00;0.29;0.17;0.00
paraonly,bulk4,2,scr,20,1,48,4,0.2029,9.5590,0.3975,1.7898,,,-0.0991,107,3976,0,0.00;0.40;0.40;0.00;0.25;0.20;0.33;0.12
paraonly,bulk4,2,scr,21,1,48,4,0.2280,12.5031,0.5963,1.7032,,,-0.0189,86,3105,0,0.29;0.00;0.20;0.33;0.00;0.30;0.44;0.20
paraonly,bulk4,2,scr,22,1,48,4,0.1572,8.2174,0.3168,1.8035,,,-0.0120,103,3307,0,0.00;0.00;0.00;0.50;0.00;-;0.00;0.40
paraonly,bulk4,2,scr,23,1,48,4,0.2192,11.5590,0.4907,1.7595,,,-0.0207,91,2339,0,0.00;0.20;0.00;0.43;0.00;1.00;0.27;0.29
paraonly,bulk4,2,scr,24,1,48,4,0.1724,8.6708,0.3727,1.7327,,,0.0049,120,4343,0,0.00;0.25;0.29;0.40;0.00;0.33;0.38;0.29
paraonly,bulk4,2,chk,1,1,48,4,0.1565,7.9503,0.3230,1.8055,,,-0.0666,134,4844,0,0.50;0.25;0.00;0.67;0.00;0.20;0.20;-
paraonly,bulk4,2,chk,2,1,48,4,0.1428,7.9379,0.2919,1.9304,,,-0.0130,110,4458,0,0.00;0.20;0.00;0.00;0.33;0.50;0.00;0.00
paraonly,bulk4,2,chk,3,1,48,4,0.1846,8.0062,0.2547,1.7480,,,0.0134,132,6342,0,0.11;0.00;0.60;0.00;0.00;0.00;0.33;0.40
paraonly,bulk4,2,chk,4,1,48,4,0.1591,7.6770,0.2609,1.8103,,,-0.0514,143,6607,0,0.00;0.25;0.00;0.50;0.00;0.38;0.00;0.00
paraonly,bulk4,2,chk,5,1,48,4,0.1637,8.1366,0.3106,1.8306,,,-0.0641,123,5467,0,0.20;0.20;0.33;0.20;0.33;0.25;0.38;0.50
paraonly,bulk4,2,chk,6,1,48,4,0.1564,7.5652,0.2857,1.7892,,,-0.0023,127,4369,0,0.00;0.25;0.17;0.00;0.33;0.25;0.50;0.00
paraonly,bulk4,2,chk,7,1,48,4,0.1736,8.0745,0.3292,1.8005,,,-0.0950,117,4321,0,0.12;0.00;0.00;0.33;0.00;0.00;0.00;0.20
paraonly,bulk4,2,chk,8,1,48,4,0.1469,7.5404,0.2484,1.8705,,,-0.0508,140,5457,0,0.00;0.00;0.14;0.38;0.00;0.00;0.00;0.25
paraonly,bulk4,2,chk,9,1,48,4,0.1650,8.0062,0.3727,1.8030,,,-0.0312,137,5572,0,0.17;0.00;0.00;0.00;0.33;0.20;0.40;0.25
paraonly,bulk4,2,chk,10,1,48,4,0.1665,8.0373,0.3416,1.8163,,,-0.1481,134,4830,0,0.00;0.00;0.00;0.33;0.00;0.33;0.29;0.00
paraonly,bulk4,2,chk,11,1,48,4,0.1872,8.2671,0.3354,1.7677,,,0.0665,136,5395,0,0.20;0.25;0.14;0.00;0.25;0.20;0.00;0.29
paraonly,bulk4,2,chk,12,1,48,4,0.1374,7.4783,0.2360,1.8012,,,0.0483,122,4916,0,0.20;0.00;0.50;0.00;0.22;0.00;0.17;0.33
paraonly,bulk4,2,chk,13,1,48,4,0.1366,7.3913,0.2981,1.8746,,,-0.1092,125,5446,0,0.29;0.29;0.29;0.25;0.00;0.00;0.50;-
paraonly,bulk4,2,chk,14,1,48,4,0.1978,9.0870,0.3230,1.7567,,,-0.0280,134,5910,0,0.00;0.17;0.00;-;0.00;0.00;0.00;0.00
paraonly,bulk4,2,chk,15,1,48,4,0.1814,8.7081,0.4099,1.8752,,,-0.0083,112,5112,0,0.00;0.00;0.00;0.25;0.40;0.00;0.43;0.33
paraonly,bulk4,2,chk,16,1,48,4,0.1703,8.5031,0.3665,1.8004,,,0.0769,116,4681,0,0.50;0.40;0.12;0.00;0.00;0.25;0.25;0.17
paraonly,bulk4,2,chk,17,1,48,4,0.1126,7.0497,0.2857,1.9918,,,-0.0630,126,5350,0,0.29;0.00;0.00;0.00;0.17;0.00;0.00;0.33
paraonly,bulk4,2,chk,18,1,48,4,0.1767,8.5901,0.3789,1.8479,,,0.0570,111,4726,0,0.17;0.40;0.25;0.17;0.00;0.00;0.00;0.00
paraonly,bulk4,2,chk,19,1,48,4,0.1306,7.4783,0.2050,1.8979,,,0.0286,136,5039,0,0.00;0.00;0.00;0.20;0.29;0.20;0.00;0.00
paraonly,bulk4,2,chk,20,1,48,4,0.1536,6.8261,0.2174,1.8388,,,-0.1248,124,5657,0,0.00;0.14;0.25;0.00;0.29;0.25;0.00;0.00
paraonly,bulk4,2,chk,21,1,48,4,0.1704,8.2547,0.2609,1.8537,,,-0.0747,122,4922,0,0.20;0.20;0.30;0.20;0.25;0.00;0.33;0.00
paraonly,bulk4,2,chk,22,1,48,4,0.1631,7.9379,0.2422,1.7902,,,0.0482,119,6128,0,0.20;0.33;0.00;0.20;0.33;0.00;0.00;0.17
paraonly,bulk4,2,chk,23,1,48,4,0.2018,9.2547,0.3602,1.7375,,,-0.0448,137,4657,0,0.17;0.33;0.00;0.00;0.00;0.29;0.50;0.25
paraonly,bulk4,2,chk,24,1,48,4,0.1782,8.6522,0.3043,1.8089,,,-0.0031,116,4801,0,0.17;0.20;0.00;0.33;0.50;0.14;0.40;0.17
paraonly,c2x24,8,none,1,2,24,2,0.2330,40.3681,0.0675,3.0379,-0.0011,0.0006,-0.0101,0,0,0,0.11;0.24;0.29;0.34;0.22;0.26;0.21;0.25
paraonly,c2x24,8,none,2,2,24,2,0.2368,41.1472,0.0491,3.1592,0.0000,0.0006,-0.3023,0,0,0,0.14;0.23;0.34;0.37;0.16;0.20;0.27;0.16
paraonly,c2x24,8,none,3,2,24,2,0.2051,40.0429,0.0798,3.1814,0.0000,0.0000,-0.0648,5,299,0,0.26;0.16;0.21;0.20;0.18;0.05;0.26;0.28
paraonly,c2x24,8,none,4,2,24,2,0.2482,40.2331,0.0368,2.8746,0.0000,0.0025,-0.1657,0,0,0,0.36;0.17;0.20;0.19;0.20;0.25;0.24;0.23
paraonly,c2x24,8,none,5,2,24,2,0.2493,40.2638,0.0613,3.0025,0.0056,0.0053,-0.0960,0,0,0,0.32;0.19;0.20;0.28;0.18;0.20;0.35;0.25
paraonly,c2x24,8,none,6,2,24,2,0.2044,40.9877,0.0307,3.5351,0.0000,0.0000,-0.1449,0,0,0,0.23;0.19;0.19;0.19;0.21;0.29;0.19;0.21
paraonly,c2x24,8,none,7,2,24,2,0.2499,40.8098,0.0307,2.9376,-0.0055,0.0056,0.0092,0,0,0,0.16;0.26;0.27;0.28;0.22;0.30;0.29;0.32
paraonly,c2x24,8,none,8,2,24,2,0.2253,41.1166,0.0368,3.2886,-0.0021,0.0065,0.0514,0,0,0,0.24;0.20;0.15;0.22;0.30;0.14;0.17;0.34
paraonly,c2x24,8,none,9,2,24,2,0.2318,40.9018,0.0552,3.0951,-0.0012,0.0006,-0.0379,1,13,0,0.23;0.20;0.22;0.24;0.21;0.24;0.25;0.21
paraonly,c2x24,8,none,10,2,24,2,0.2238,41.6258,0.0245,3.3346,0.0008,0.0001,-0.0560,0,0,0,0.22;0.19;0.27;0.30;0.41;0.17;0.31;0.28
paraonly,c2x24,8,none,11,2,24,2,0.2569,40.5031,0.0613,2.9392,0.0000,0.0024,-0.0375,0,0,0,0.39;0.34;0.24;0.21;0.17;0.22;0.24;0.27
paraonly,c2x24,8,none,12,2,24,2,0.2464,40.3620,0.0245,2.9424,-0.0031,0.0012,-0.0923,0,0,0,0.12;0.29;0.30;0.14;0.16;0.27;0.24;0.17
paraonly,c2x24,8,none,13,2,24,2,0.2299,40.8344,0.0245,3.0928,0.0000,0.0088,-0.0264,0,0,0,0.24;0.23;0.23;0.16;0.16;0.28;0.23;0.32
paraonly,c2x24,8,none,14,2,24,2,0.2519,40.4356,0.0613,2.8877,0.0012,0.0006,-0.0528,0,0,0,0.11;0.20;0.31;0.20;0.27;0.23;0.23;0.28
paraonly,c2x24,8,none,15,2,24,2,0.2007,40.5767,0.0552,3.4124,0.0003,0.0002,-0.2184,1,123,0,0.34;0.19;0.15;0.11;0.18;0.22;0.19;0.20
paraonly,c2x24,8,none,16,2,24,2,0.2130,40.4479,0.0429,3.3090,-0.0003,0.0002,-0.0785,0,0,0,0.21;0.20;0.19;0.18;0.24;0.17;0.26;0.28
paraonly,c2x24,8,none,17,2,24,2,0.2419,39.8896,0.0429,2.9253,-0.0008,0.0012,0.0461,0,0,0,0.28;0.26;0.35;0.24;0.30;0.27;0.20;0.34
paraonly,c2x24,8,none,18,2,24,2,0.2462,40.0184,0.0368,2.9128,-0.0036,0.0057,-0.1865,0,0,0,0.26;0.21;0.26;0.13;0.26;0.26;0.21;0.22
paraonly,c2x24,8,none,19,2,24,2,0.2311,40.8957,0.0859,3.2123,-0.0030,0.0017,0.0296,0,0,0,0.27;0.28;0.27;0.27;0.25;0.32;0.26;0.30
paraonly,c2x24,8,none,20,2,24,2,0.2620,40.3374,0.0368,2.8483,0.0008,0.0010,-0.0449,0,0,0,0.21;0.31;0.21;0.26;0.25;0.23;0.35;0.21
paraonly,c2x24,8,none,21,2,24,2,0.2551,41.0429,0.0429,2.9063,0.0003,0.0001,-0.0357,0,0,0,0.26;0.22;0.29;0.25;0.23;0.16;0.37;0.24
paraonly,c2x24,8,none,22,2,24,2,0.2198,39.9325,0.0491,3.1387,-0.0068,0.0207,-0.1209,1,178,0,0.23;0.37;0.28;0.28;0.19;0.18;0.21;0.27
paraonly,c2x24,8,none,23,2,24,2,0.2517,40.9877,0.0613,2.9963,0.0014,0.0035,-0.0317,1,62,0,0.35;0.12;0.26;0.13;0.16;0.13;0.30;0.32
paraonly,c2x24,8,none,24,2,24,2,0.2362,41.0736,0.0675,3.1295,0.0004,0.0003,-0.0881,0,0,0,0.20;0.20;0.22;0.18;0.20;0.28;0.21;0.26
paraonly,c2x24,8,scr,1,2,24,2,0.2677,41.3540,0.0683,2.9766,0.0019,0.0019,-0.1949,0,0,0,0.19;0.24;0.30;0.08;0.37;0.21;0.28;0.28
paraonly,c2x24,8,scr,2,2,24,2,0.2599,41.3106,0.0435,2.9497,0.0025,0.0033,-0.1651,0,0,0,0.26;0.22;0.27;0.30;0.26;0.29;0.20;0.27
paraonly,c2x24,8,scr,3,2,24,2,0.2564,40.0870,0.0373,2.8156,0.0010,0.0035,-0.1562,0,0,0,0.21;0.27;0.35;0.12;0.16;0.21;0.28;0.39
paraonly,c2x24,8,scr,4,2,24,2,0.2528,40.9068,0.0435,3.0180,0.0018,0.0038,-0.2102,0,0,0,0.22;0.24;0.23;0.21;0.25;0.23;0.11;0.19
paraonly,c2x24,8,scr,5,2,24,2,0.2653,40.1677,0.0559,2.8550,0.0015,0.0033,-0.2215,0,0,0,0.22;0.20;0.21;0.22;0.16;0.25;0.20;0.18
paraonly,c2x24,8,scr,6,2,24,2,0.2755,41.5590,0.0559,2.9290,0.0024,0.0033,-0.2120,1,2,0,0.35;0.21;0.12;0.17;0.20;0.24;0.17;0.26
paraonly,c2x24,8,scr,7,2,24,2,0.2841,41.1615,0.0621,2.8135,-0.0002,0.0032,-0.1389,1,25,0,0.15;0.31;0.24;0.22;0.22;0.25;0.30;0.29
paraonly,c2x24,8,scr,8,2,24,2,0.2763,40.8571,0.0186,2.8558,0.0015,0.0064,-0.2267,0,0,0,0.26;0.17;0.23;0.23;0.34;0.12;0.19;0.29
paraonly,c2x24,8,scr,9,2,24,2,0.2627,39.9193,0.0559,2.8052,0.0013,0.0018,-0.1803,3,544,0,0.18;0.23;0.27;0.22;0.06;0.26;0.18;0.18
paraonly,c2x24,8,scr,10,2,24,2,0.3025,40.9193,0.0683,2.6765,0.0008,0.0030,-0.1761,0,0,0,0.17;0.22;0.21;0.27;0.32;0.28;0.33;0.28
paraonly,c2x24,8,scr,11,2,24,2,0.2918,40.6894,0.0373,2.6920,0.0005,0.0023,-0.1877,1,68,0,0.17;0.28;0.29;0.27;0.30;0.22;0.34;0.27
paraonly,c2x24,8,scr,12,2,24,2,0.2867,39.9876,0.0435,2.7234,0.0011,0.0047,-0.1674,0,0,0,0.26;0.20;0.29;0.26;0.30;0.23;0.29;0.20
paraonly,c2x24,8,scr,13,2,24,2,0.2714,41.1553,0.0435,3.0699,0.0001,0.0044,-0.1797,0,0,0,0.20;0.21;0.20;0.14;0.27;0.30;0.23;0.24
paraonly,c2x24,8,scr,14,2,24,2,0.2693,40.8882,0.0248,2.9637,0.0004,0.0027,-0.2097,0,0,0,0.14;0.20;0.25;0.30;0.26;0.13;0.28;0.23
paraonly,c2x24,8,scr,15,2,24,2,0.2615,40.7578,0.0497,2.8829,-0.0002,0.0032,-0.2103,0,0,0,0.26;0.32;0.22;0.25;0.32;0.14;0.28;0.20
paraonly,c2x24,8,scr,16,2,24,2,0.2439,39.1429,0.0497,2.8616,0.0011,0.0020,-0.1687,0,0,0,0.14;0.26;0.30;0.23;0.32;0.32;0.16;0.28
paraonly,c2x24,8,scr,17,2,24,2,0.3141,41.2236,0.0248,2.6073,0.0002,0.0031,-0.2230,0,0,0,0.17;0.16;0.23;0.30;0.29;0.17;0.19;0.31
paraonly,c2x24,8,scr,18,2,24,2,0.2608,40.3478,0.0435,2.9754,-0.0009,0.0033,-0.2434,1,140,0,0.28;0.15;0.21;0.25;0.28;0.36;0.30;0.08
paraonly,c2x24,8,scr,19,2,24,2,0.2479,39.1429,0.0559,2.8572,0.0013,0.0051,-0.2013,0,0,0,0.21;0.19;0.18;0.33;0.19;0.22;0.28;0.18
paraonly,c2x24,8,scr,20,2,24,2,0.2665,40.2609,0.0373,2.8959,-0.0002,0.0047,-0.2284,1,3,0,0.27;0.27;0.30;0.18;0.37;0.22;0.24;0.20
paraonly,c2x24,8,scr,21,2,24,2,0.2750,40.6211,0.0435,2.7888,0.0012,0.0035,-0.1731,0,0,0,0.25;0.33;0.18;0.31;0.20;0.25;0.26;0.26
paraonly,c2x24,8,scr,22,2,24,2,0.2747,41.1988,0.0435,2.8501,0.0009,0.0033,-0.1790,1,55,0,0.17;0.16;0.23;0.18;0.17;0.29;0.23;0.32
paraonly,c2x24,8,scr,23,2,24,2,0.2794,40.9068,0.0311,2.8449,0.0009,0.0054,-0.2298,0,0,0,0.28;0.32;0.23;0.15;0.29;0.28;0.15;0.17
paraonly,c2x24,8,scr,24,2,24,2,0.2631,40.8261,0.0435,2.9409,0.0010,0.0058,-0.2097,1,6,0,0.19;0.24;0.28;0.29;0.27;0.28;0.16;0.27
paraonly,c2x24,8,chk,1,2,24,2,0.2229,41.2360,0.0373,3.2550,0.0016,0.0043,-0.0198,1,39,0,0.22;0.18;0.15;0.24;0.22;0.23;0.19;0.31
paraonly,c2x24,8,chk,2,2,24,2,0.2658,41.9379,0.0435,3.0445,0.0014,0.0040,-0.0139,0,0,0,0.26;0.32;0.19;0.17;0.19;0.26;0.30;0.34
paraonly,c2x24,8,chk,3,2,24,2,0.2295,40.5093,0.0497,3.0411,0.0018,0.0035,-0.0566,0,0,0,0.31;0.22;0.23;0.25;0.27;0.22;0.15;0.33
paraonly,c2x24,8,chk,4,2,24,2,0.2074,40.8944,0.0435,3.3405,-0.0002,0.0035,-0.0463,0,0,0,0.26;0.35;0.22;0.19;0.23;0.11;0.08;0.14
paraonly,c2x24,8,chk,5,2,24,2,0.2354,40.8323,0.0311,3.0947,0.0006,0.0049,-0.0171,1,82,0,0.25;0.17;0.30;0.37;0.30;0.26;0.19;0.23
paraonly,c2x24,8,chk,6,2,24,2,0.2564,41.0683,0.0497,2.9511,0.0005,0.0055,-0.0146,1,92,0,0.26;0.22;0.26;0.24;0.22;0.18;0.26;0.31
paraonly,c2x24,8,chk,7,2,24,2,0.2504,40.3789,0.0745,2.9124,0.0039,0.0031,-0.0366,0,0,0,0.20;0.16;0.31;0.26;0.09;0.25;0.24;0.18
paraonly,c2x24,8,chk,8,2,24,2,0.2284,39,0.0621,2.9083,0.0021,0.0033,-0.0427,1,313,0,0.25;0.27;0.28;0.27;0.19;0.17;0.17;0.26
paraonly,c2x24,8,chk,9,2,24,2,0.2652,41.3789,0.0497,2.9229,0.0002,0.0024,-0.0310,0,0,0,0.18;0.25;0.21;0.29;0.22;0.34;0.30;0.33
paraonly,c2x24,8,chk,10,2,24,2,0.2796,40.0559,0.0559,2.7347,0.0004,0.0055,-0.0210,0,0,0,0.14;0.25;0.17;0.26;0.10;0.29;0.25;0.30
paraonly,c2x24,8,chk,11,2,24,2,0.2320,40.6087,0.0807,3.0971,0.0002,0.0011,-0.0260,0,0,0,0.25;0.31;0.19;0.18;0.19;0.25;0.22;0.25
paraonly,c2x24,8,chk,12,2,24,2,0.2327,40.3602,0.0683,3.1182,0.0001,0.0063,-0.0452,0,0,0,0.23;0.19;0.26;0.34;0.21;0.24;0.29;0.18
paraonly,c2x24,8,chk,13,2,24,2,0.2592,40.4907,0.0435,2.8431,0.0017,0.0040,-0.0331,2,87,0,0.20;0.26;0.21;0.30;0.30;0.29;0.16;0.29
paraonly,c2x24,8,chk,14,2,24,2,0.2530,40.4658,0.0621,2.8794,0.0008,0.0060,-0.0388,0,0,0,0.23;0.32;0.18;0.23;0.26;0.13;0.29;0.29
paraonly,c2x24,8,chk,15,2,24,2,0.1938,41.0994,0.0745,3.6254,0.0001,0.0030,-0.0295,0,0,0,0.28;0.19;0.20;0.36;0.29;0.17;0.14;0.27
paraonly,c2x24,8,chk,16,2,24,2,0.2232,41.1242,0.0248,3.2631,0.0018,0.0031,-0.0336,2,81,0,0.23;0.24;0.24;0.19;0.37;0.27;0.13;0.18
paraonly,c2x24,8,chk,17,2,24,2,0.2417,40.5466,0.0435,2.9739,0.0001,0.0029,-0.0306,2,120,0,0.24;0.23;0.23;0.29;0.13;0.29;0.17;0.21
paraonly,c2x24,8,chk,18,2,24,2,0.2376,40.0932,0.0621,3.0155,0.0014,0.0045,-0.0273,0,0,0,0.29;0.34;0.12;0.16;0.32;0.29;0.28;0.18
paraonly,c2x24,8,chk,19,2,24,2,0.2585,40.7019,0.0497,2.8598,-0.0012,0.0029,-0.0239,0,0,0,0.27;0.33;0.33;0.28;0.20;0.14;0.15;0.27
paraonly,c2x24,8,chk,20,2,24,2,0.2553,39.9938,0.0435,2.8474,-0.0004,0.0043,-0.0122,0,0,0,0.22;0.27;0.23;0.24;0.24;0.14;0.29;0.31
paraonly,c2x24,8,chk,21,2,24,2,0.2431,40.3602,0.0683,2.9432,-0.0008,0.0015,-0.0134,1,133,0,0.30;0.20;0.17;0.30;0.20;0.22;0.32;0.28
paraonly,c2x24,8,chk,22,2,24,2,0.2271,40.1863,0.0683,3.1035,-0.0002,0.0043,-0.0334,0,0,0,0.30;0.30;0.13;0.22;0.14;0.24;0.27;0.14
paraonly,c2x24,8,chk,23,2,24,2,0.2481,41.6087,0.0621,3.0591,0.0003,0.0027,-0.0288,0,0,0,0.24;0.24;0.25;0.24;0.24;0.23;0.16;0.32
paraonly,c2x24,8,chk,24,2,24,2,0.2069,40.7205,0.0435,3.4208,0.0008,0.0040,-0.0266,1,51,0,0.17;0.22;0.37;0.23;0.30;0.28;0.16;0.16
paraonly,c2x24,2,none,1,2,24,2,0.1463,8.7730,0.3558,1.7669,-0.0152,0.0278,-0.2453,285,15323,0,0.28;0.23;0.18;0.19;-;0.00;0.19;0.10
paraonly,c2x24,2,none,2,2,24,2,0.2119,12.1718,0.5399,1.7951,0.0379,0.0069,-0.1908,301,11569,0,0.25;0.25;0.20;0.40;0.25;0.15;0.35;0.00
paraonly,c2x24,2,none,3,2,24,2,0.1658,8.5092,0.3620,1.8453,0.0000,0.0000,-0.3870,299,13164,0,0.19;0.24;0.33;0.26;0.50;0.23;0.00;0.00
paraonly,c2x24,2,none,4,2,24,2,0.1899,10.2883,0.4172,1.8437,0.0000,0.0000,-0.4341,265,11456,0,0.21;0.11;0.00;0.00;0.12;0.25;0.46;0.00
paraonly,c2x24,2,none,5,2,24,2,0.1713,9.4847,0.3374,1.8336,-0.0278,0.0625,-0.1785,313,13470,0,0.21;0.41;0.31;0.33;0.29;0.00;0.26;0.19
paraonly,c2x24,2,none,6,2,24,2,0.1984,11.4601,0.4540,1.7638,0.1071,0.0625,0.0098,272,12060,0,0.00;0.00;0.21;0.00;0.00;0.00;0.56;0.38
paraonly,c2x24,2,none,7,2,24,2,0.2143,10.7423,0.4724,1.8983,0.0000,0.0011,0.0939,298,13050,0,0.22;0.17;0.33;0.15;0.15;0.24;0.00;0.38
paraonly,c2x24,2,none,8,2,24,2,0.1885,9.8344,0.4479,1.7886,0.0000,0.0000,-0.2931,296,11848,0,0.28;0.00;0.16;0.30;0.20;0.00;0.50;0.00
paraonly,c2x24,2,none,9,2,24,2,0.1641,10.4172,0.4417,1.7822,0.0044,0.0044,0.1216,323,12736,0,0.29;0.31;0.35;0.00;0.15;0.00;0.00;0.12
paraonly,c2x24,2,none,10,2,24,2,0.1907,9.3374,0.3374,1.8322,0.0000,0.0000,-0.2884,303,15643,0,0.00;0.00;0.27;0.00;0.15;0.45;0.25;0.00
paraonly,c2x24,2,none,11,2,24,2,0.1791,10.2270,0.4049,1.8293,0.0612,0.0459,-0.0916,319,12051,0,0.38;0.00;0.25;0.17;0.00;0.20;0.18;0.22
paraonly,c2x24,2,none,12,2,24,2,0.2148,11.6503,0.5153,1.7601,0.0273,0.0100,-0.3755,292,12723,0,0.33;0.31;0.00;0.42;0.00;0.17;0.37;0.00
paraonly,c2x24,2,none,13,2,24,2,0.1835,10.1718,0.4479,1.8660,0.0000,0.0000,-0.3598,284,14105,0,0.00;0.14;0.00;0.45;0.31;0.11;0.25;0.00
paraonly,c2x24,2,none,14,2,24,2,0.1753,10.1595,0.3681,1.8401,0.0667,0.1111,-0.0107,298,14409,0,0.00;0.25;0.18;0.00;0.00;0.61;0.36;0.19
paraonly,c2x24,2,none,15,2,24,2,0.1879,9.8712,0.4601,1.8165,0.0312,0.0156,-0.2262,305,10652,0,0.16;0.43;0.28;0.00;0.27;0.18;0.00;0.00
paraonly,c2x24,2,none,16,2,24,2,0.1788,10.5460,0.3006,1.8658,0.0000,0.0044,-0.1619,301,13143,0,0.23;0.27;0.58;0.19;0.17;0.00;0.21;0.27
paraonly,c2x24,2,none,17,2,24,2,0.1750,9.5153,0.3742,1.8629,0.0417,0.0278,-0.1220,303,13786,0,0.33;0.25;0.00;0.38;0.16;0.00;0.33;0.19
paraonly,c2x24,2,none,18,2,24,2,0.1773,9.6442,0.3374,1.7812,,,-0.2611,307,13268,0,0.20;0.14;0.29;0.58;0.00;0.37;0.31;0.00
paraonly,c2x24,2,none,19,2,24,2,0.1972,10.6626,0.5767,1.7622,0.0077,0.0100,-0.1918,309,12352,0,0.30;0.15;0.18;0.33;0.12;0.00;0.00;0.12
paraonly,c2x24,2,none,20,2,24,2,0.1936,11.1963,0.3865,1.8228,0.0238,0.0278,-0.1984,271,11100,0,0.29;0.25;0.00;0.33;0.00;0.13;0.28;0.21
paraonly,c2x24,2,none,21,2,24,2,0.2102,11.7975,0.4908,1.8112,0.0000,0.0000,-0.3042,281,15007,0,0.19;0.00;0.17;0.00;0.00;0.19;0.22;0.00
paraonly,c2x24,2,none,22,2,24,2,0.1598,8.6503,0.3190,1.7890,-0.0115,0.0225,-0.0796,330,14672,0,0.30;0.37;0.00;0.15;0.00;0.28;0.11;0.40
paraonly,c2x24,2,none,23,2,24,2,0.1760,10.1411,0.4049,1.7824,-0.0409,0.0225,-0.0123,359,15400,0,0.00;0.25;0.29;0.33;0.14;0.30;0.00;0.50
paraonly,c2x24,2,none,24,2,24,2,0.2156,11.5215,0.5399,1.7942,0.0000,0.0017,0.0045,284,10601,0,0.20;0.25;0.20;0.59;0.29;0.36;0.12;0.15
paraonly,c2x24,2,scr,1,2,24,2,0.2114,11.6025,0.4907,1.7625,0.0025,0.0194,-0.0856,272,10626,0,0.37;0.00;0.21;0.44;0.00;0.25;0.17;0.00
paraonly,c2x24,2,scr,2,2,24,2,0.2240,11.7143,0.6273,1.7307,0.0096,0.0112,-0.0326,293,12546,0,0.14;0.00;0.22;-;0.28;0.22;0.26;0.23
paraonly,c2x24,2,scr,3,2,24,2,0.1867,10.4783,0.3975,1.8175,0.0081,0.0123,-0.0560,275,12896,0,0.11;0.17;0.14;0.00;0.00;0.00;0.12;0.45
paraonly,c2x24,2,scr,4,2,24,2,0.1562,9.6211,0.4969,1.8116,0.0211,0.0160,0.0067,278,14771,0,0.00;0.00;0.13;0.16;0.21;0.21;0.13;-
paraonly,c2x24,2,scr,5,2,24,2,0.1944,10.5714,0.3789,1.8321,0.0192,0.0115,-0.0139,293,13627,0,0.15;0.37;0.00;0.00;0.00;0.33;0.00;0.15
paraonly,c2x24,2,scr,6,2,24,2,0.2031,10.8075,0.4224,1.7722,-0.0075,0.0288,0.0579,292,12229,0,0.29;0.17;0.28;0.33;0.14;0.15;0.38;0.19
paraonly,c2x24,2,scr,7,2,24,2,0.1986,11.1988,0.4224,1.8646,0.0240,0.0282,-0.0006,260,12775,0,0.24;0.00;0.00;0.21;0.21;0.25;0.25;0.25
paraonly,c2x24,2,scr,8,2,24,2,0.1989,10.3602,0.5217,1.8501,0.0173,0.0254,-0.1147,306,13393,0,0.29;0.40;0.00;0.25;0.22;0.00;0.25;0.29
paraonly,c2x24,2,scr,9,2,24,2,0.1986,10.2733,0.5217,1.7933,0.0048,0.0153,-0.0001,300,15213,0,0.21;0.00;0.58;0.00;0.00;0.00;0.41;0.41
paraonly,c2x24,2,scr,10,2,24,2,0.2038,10.7081,0.4224,1.8003,0.0256,0.0142,-0.0819,286,11310,0,0.00;0.38;0.21;0.17;0.28;0.00;0.33;0.38
paraonly,c2x24,2,scr,11,2,24,2,0.1918,9.3540,0.3851,1.8107,0.0149,0.0194,0.0593,295,14293,0,0.27;0.38;0.25;0.00;0.00;0.00;0.00;0.29
paraonly,c2x24,2,scr,12,2,24,2,0.1715,10.0435,0.3230,1.7769,0.0214,0.0268,-0.0359,278,14344,0,0.28;0.25;0.00;0.00;0.00;0.14;0.00;0.00
paraonly,c2x24,2,scr,13,2,24,2,0.1675,8.7950,0.3230,1.8095,0.0174,0.0166,-0.0513,284,10912,0,0.24;0.56;0.00;0.00;0.00;0.33;0.00;0.19
paraonly,c2x24,2,scr,14,2,24,2,0.1925,10.5714,0.3602,1.8736,0.0027,0.0100,-0.1204,273,10713,0,0.13;0.16;0.19;0.33;0.14;0.00;0.33;0.12
paraonly,c2x24,2,scr,15,2,24,2,0.2017,10.5528,0.4037,1.8567,-0.0022,0.0095,0.0509,311,13996,0,0.25;0.00;0.00;0.15;0.14;0.33;0.17;0.36
paraonly,c2x24,2,scr,16,2,24,2,0.1684,10.0311,0.3975,1.8134,0.0070,0.0181,-0.0045,312,15953,0,0.00;-;0.00;0.33;0.22;0.29;0.45;0.00
paraonly,c2x24,2,scr,17,2,24,2,0.1888,10.4534,0.4161,1.8414,0.0120,0.0111,0.0489,290,12386,0,0.25;0.23;0.28;0.28;0.48;0.17;0.17;0.34
paraonly,c2x24,2,scr,18,2,24,2,0.1812,9.9379,0.3727,1.8485,0.0058,0.0264,0.0190,281,10942,0,0.33;0.30;0.14;0.16;0.19;0.36;0.00;0.00
paraonly,c2x24,2,scr,19,2,24,2,0.1807,9.9565,0.4161,1.8361,0.0068,0.0120,-0.1189,307,14880,0,0.19;0.16;0.50;0.00;0.23;0.33;0.17;0.29
paraonly,c2x24,2,scr,20,2,24,2,0.2024,9.3106,0.4099,1.7626,0.0067,0.0109,-0.0112,310,13330,0,0.00;0.00;0.14;0.14;0.00;0.35;0.28;0.19
paraonly,c2x24,2,scr,21,2,24,2,0.2111,11.3043,0.4720,1.7926,0.0098,0.0217,-0.1311,315,13383,0,0.15;0.00;0.25;0.40;0.25;0.33;0.42;0.00
paraonly,c2x24,2,scr,22,2,24,2,0.1959,9.8944,0.4348,1.7909,-0.0003,0.0062,-0.1037,295,13208,0,0.26;0.45;0.40;0.14;0.00;0.19;0.25;0.25
paraonly,c2x24,2,scr,23,2,24,2,0.2019,10.0435,0.3416,1.8001,0.0160,0.0248,0.0047,309,15404,0,0.21;0.19;0.00;0.25;0.40;0.00;0.00;0.00
paraonly,c2x24,2,scr,24,2,24,2,0.2014,10.2609,0.3602,1.8360,0.0026,0.0091,-0.0355,311,13356,0,0.33;0.25;0.00;0.00;0.47;0.51;0.00;0.14
paraonly,c2x24,2,chk,1,2,24,2,0.2012,9.9938,0.4099,1.7982,0.0094,0.0245,0.0142,311,12904,0,0.27;0.25;0.17;0.67;0.18;0.30;0.13;-
paraonly,c2x24,2,chk,2,2,24,2,0.1760,9.8012,0.3602,1.8409,0.0131,0.0147,-0.0235,320,14644,0,0.42;0.00;0.67;0.17;0.15;0.25;0.00;0.25
paraonly,c2x24,2,chk,3,2,24,2,0.1776,8.8261,0.3416,1.8443,0.0146,0.0242,-0.0085,310,16852,0,0.00;0.36;0.00;0.16;0.13;0.23;0.21;0.28
paraonly,c2x24,2,chk,4,2,24,2,0.1832,9.8261,0.3851,1.8868,0.0159,0.0109,-0.1363,306,15091,0,0.00;0.00;0.40;0.43;0.70;0.21;0.18;0.19
paraonly,c2x24,2,chk,5,2,24,2,0.1966,10.6584,0.5280,1.8388,0.0194,0.0318,-0.1106,304,14006,0,0.00;0.26;-;0.15;0.00;0.33;0.00;0.33
paraonly,c2x24,2,chk,6,2,24,2,0.1982,11.7516,0.4969,1.7718,0.0001,0.0086,-0.0198,309,14754,0,0.33;0.17;0.00;0.00;0.21;0.41;0.27;0.29
paraonly,c2x24,2,chk,7,2,24,2,0.1875,9.2050,0.3354,1.7896,0.0055,0.0185,-0.1668,320,17197,0,0.00;0.29;0.25;0.29;0.00;0.24;0.25;0.33
paraonly,c2x24,2,chk,8,2,24,2,0.1656,8.8634,0.3665,1.8824,0.0038,0.0100,-0.0475,315,16998,0,0.00;0.51;0.19;0.21;0.33;0.19;0.17;0.00
paraonly,c2x24,2,chk,9,2,24,2,0.1614,8.4224,0.4410,1.7660,0.0058,0.0196,-0.1145,329,17523,0,0.00;0.00;0.19;0.00;0.00;0.00;0.16;0.21
paraonly,c2x24,2,chk,10,2,24,2,0.2014,11.3913,0.4534,1.7973,0.0112,0.0164,0.0138,337,14329,0,0.14;0.37;0.00;0.44;0.00;0.00;0.23;0.23
paraonly,c2x24,2,chk,11,2,24,2,0.1487,9.9255,0.4037,1.8769,0.0090,0.0140,-0.0005,318,15101,0,0.31;0.17;0.21;0.00;0.00;0.26;0.00;0.33
paraonly,c2x24,2,chk,12,2,24,2,0.1826,9.2547,0.2484,1.8420,-0.0007,0.0178,0.0152,288,13982,0,0.25;0.28;0.00;0.00;0.21;0.50;0.00;0.14
paraonly,c2x24,2,chk,13,2,24,2,0.1585,9.4037,0.3230,1.8283,0.0032,0.0070,-0.0864,340,15986,0,0.50;0.00;0.14;0.00;0.17;0.00;0.00;0.29
paraonly,c2x24,2,chk,14,2,24,2,0.1570,9.4099,0.3975,1.8044,0.0014,0.0070,-0.0067,296,13922,0,0.12;0.00;0.29;0.00;0.24;0.08;0.10;0.44
paraonly,c2x24,2,chk,15,2,24,2,0.1848,10.7205,0.4658,1.7631,0.0124,0.0197,-0.0308,334,16941,0,0.11;0.21;0.37;0.12;0.00;0.22;0.00;0.27
paraonly,c2x24,2,chk,16,2,24,2,0.2033,9.8944,0.3354,1.8566,0.0100,0.0135,0.0024,305,15830,0,0.23;-;0.00;0.17;0.36;0.00;0.17;0.00
paraonly,c2x24,2,chk,17,2,24,2,0.1836,10.0373,0.3602,1.7825,0.0135,0.0208,-0.0581,329,14691,0,0.15;0.15;0.36;0.00;0.17;0.15;0.09;0.14
paraonly,c2x24,2,chk,18,2,24,2,0.1840,10.0373,0.4099,1.8038,0.0123,0.0169,-0.0243,311,13540,0,0.44;0.26;0.23;0.00;0.00;0.17;0.42;0.29
paraonly,c2x24,2,chk,19,2,24,2,0.1777,10.2857,0.4410,1.8090,0.0067,0.0125,-0.0295,326,16031,0,0.31;0.31;0.00;0.25;0.00;0.00;0.37;0.00
paraonly,c2x24,2,chk,20,2,24,2,0.2017,9.5155,0.4286,1.7695,0.0092,0.0238,0.0839,345,15522,0,0.00;0.33;0.00;0.23;0.00;0.33;0.22;0.42
paraonly,c2x24,2,chk,21,2,24,2,0.2077,10.5528,0.3789,1.8098,0.0117,0.0182,-0.0204,313,14485,0,0.00;0.23;0.28;0.22;0.10;0.52;0.30;0.19
paraonly,c2x24,2,chk,22,2,24,2,0.2124,11.8261,0.5031,1.8273,0.0042,0.0187,-0.0566,284,13213,0,0.33;0.29;0.43;0.16;0.33;0.18;0.12;0.29
paraonly,c2x24,2,chk,23,2,24,2,0.1837,9.2174,0.3851,1.8908,0.0054,0.0123,0.0723,309,15067,0,0.14;0.11;0.00;0.15;0.39;0.00;0.00;0.24
paraonly,c2x24,2,chk,24,2,24,2,0.1807,9.3789,0.3727,1.7663,0.0111,0.0172,-0.0173,327,16779,0,0.00;0.10;0.00;0.25;0.14;0.00;0.27;0.17
paraonly,c4x12,8,none,1,4,12,1,0.2578,43.1595,0.0368,3.3794,0.0011,0.0241,-0.1791,17,3838,0,0.21;0.26;0.19;0.24;0.20;0.27;0.23;0.22
paraonly,c4x12,8,none,2,4,12,1,0.2108,43.1779,0.0552,4.4211,0.0043,0.0057,0.0341,19,6300,0,0.25;0.29;0.18;0.24;0.23;0.15;0.30;0.24
paraonly,c4x12,8,none,3,4,12,1,0.2328,43.3497,0.0307,3.9305,0.0009,0.0007,-0.3642,9,2751,0,0.26;0.34;0.30;0.21;0.22;0.20;0.31;0.12
paraonly,c4x12,8,none,4,4,12,1,0.2262,43.3374,0.0491,4.0437,0.0029,0.0052,-0.2735,8,3301,0,0.22;0.25;0.24;0.24;0.20;0.26;0.23;0.10
paraonly,c4x12,8,none,5,4,12,1,0.2240,43.2945,0.0245,3.9967,0.0032,0.0064,-0.0359,14,6919,0,0.16;0.26;0.22;0.27;0.27;0.24;0.15;0.20
paraonly,c4x12,8,none,6,4,12,1,0.1841,42.6135,0.0613,4.3440,0.0198,0.0152,-0.2768,16,8263,0,0.28;0.26;0.25;0.16;0.15;0.18;0.15;0.21
paraonly,c4x12,8,none,7,4,12,1,0.2472,43.3129,0.0552,3.5273,-0.0013,0.0061,0.1322,7,1138,0,0.16;0.20;0.20;0.20;0.21;0.18;0.21;0.34
paraonly,c4x12,8,none,8,4,12,1,0.2311,43.5890,0.0123,4.1379,-0.0063,0.0117,-0.0711,17,6139,0,0.22;0.23;0.26;0.09;0.19;0.21;0.20;0.26
paraonly,c4x12,8,none,9,4,12,1,0.2278,43.0613,0.0429,3.7625,0.0000,0.0013,0.0500,18,6104,0,0.25;0.27;0.22;0.12;0.19;0.26;0.21;0.33
paraonly,c4x12,8,none,10,4,12,1,0.2374,43.2331,0.0245,3.7314,0.0047,0.0117,-0.0421,7,6952,0,0.13;0.19;0.31;0.24;0.34;0.22;0.16;0.27
paraonly,c4x12,8,none,11,4,12,1,0.2079,43.1350,0.0675,4.1885,0.0065,0.0130,-0.1321,15,3999,0,0.20;0.39;0.22;0.31;0.26;0.13;0.26;0.20
paraonly,c4x12,8,none,12,4,12,1,0.2295,43.3190,0.0368,3.7580,0.0029,0.0094,-0.0428,16,6023,0,0.15;0.23;0.17;0.17;0.28;0.23;0.26;0.26
paraonly,c4x12,8,none,13,4,12,1,0.2277,42.7485,0.0613,3.7905,-0.0017,0.0235,0.1479,16,3249,0,0.15;0.30;0.25;0.24;0.26;0.30;0.23;0.41
paraonly,c4x12,8,none,14,4,12,1,0.2534,43.2025,0.0429,3.5083,-0.0004,0.0046,-0.1178,12,5446,0,0.27;0.28;0.26;0.15;0.30;0.23;0.16;0.29
paraonly,c4x12,8,none,15,4,12,1,0.2365,43.1350,0.0123,3.5573,-0.0014,0.0077,-0.1693,16,5553,0,0.17;0.18;0.19;0.12;0.22;0.17;0.26;0.21
paraonly,c4x12,8,none,16,4,12,1,0.1964,43.6319,0.0123,4.3705,-0.0087,0.0103,-0.1316,16,3121,0,0.29;0.28;0.27;0.32;0.17;0.22;0.12;0.19
paraonly,c4x12,8,none,17,4,12,1,0.2518,43.2270,0.0429,3.5102,0.0062,0.0049,-0.1679,15,4688,0,0.31;0.22;0.28;0.18;0.16;0.22;0.30;0.23
paraonly,c4x12,8,none,18,4,12,1,0.2554,43.1534,0.0245,3.4355,-0.0019,0.0059,-0.0495,7,4769,0,0.30;0.19;0.16;0.15;0.27;0.24;0.29;0.20
paraonly,c4x12,8,none,19,4,12,1,0.2595,43.2454,0.0552,3.4528,-0.0163,0.0172,0.0341,11,4453,0,0.18;0.23;0.25;0.35;0.23;0.26;0.18;0.29
paraonly,c4x12,8,none,20,4,12,1,0.2397,43.3374,0.0613,3.8202,0.0043,0.0057,-0.0536,20,7154,0,0.18;0.16;0.26;0.18;0.24;0.26;0.25;0.26
paraonly,c4x12,8,none,21,4,12,1,0.2643,43.2699,0.0307,3.3809,-0.0037,0.0150,-0.0049,22,6234,0,0.27;0.30;0.20;0.12;0.31;0.33;0.35;0.30
paraonly,c4x12,8,none,22,4,12,1,0.2418,43.0736,0.0368,3.6897,0.0013,0.0004,0.0036,14,1318,0,0.25;0.28;0.24;0.30;0.32;0.20;0.24;0.30
paraonly,c4x12,8,none,23,4,12,1,0.2308,43.2454,0.0307,3.6670,-0.0027,0.0091,-0.1351,17,5445,0,0.20;0.28;0.17;0.27;0.30;0.29;0.23;0.22
paraonly,c4x12,8,none,24,4,12,1,0.2068,43.3988,0.0429,3.9989,0.0038,0.0061,-0.0904,16,1890,0,0.28;0.29;0.27;0.25;0.26;0.20;0.20;0.23
paraonly,c4x12,8,scr,1,4,12,1,0.2978,43.2298,0.0497,3.1545,-0.0006,0.0119,-0.2319,9,3988,0,0.23;0.27;0.26;0.20;0.21;0.25;0.26;0.24
paraonly,c4x12,8,scr,2,4,12,1,0.2498,43.4907,0.0124,4.0748,0.0004,0.0130,-0.2342,8,7055,0,0.18;0.23;0.33;0.28;0.05;0.16;0.16;0.24
paraonly,c4x12,8,scr,3,4,12,1,0.2390,43.0435,0.0559,3.6127,0.0014,0.0115,-0.1952,10,3801,0,0.22;0.23;0.13;0.23;0.33;0.29;0.19;0.28
paraonly,c4x12,8,scr,4,4,12,1,0.2579,43.1553,0.0435,3.5822,-0.0001,0.0112,-0.1914,15,4514,0,0.27;0.21;0.25;0.29;0.21;0.30;0.21;0.15
paraonly,c4x12,8,scr,5,4,12,1,0.2402,42.5590,0.0559,3.6839,-0.0018,0.0118,-0.1783,11,4022,0,0.23;0.24;0.19;0.27;0.35;0.14;0.17;0.26
paraonly,c4x12,8,scr,6,4,12,1,0.2560,43.3292,0.0373,3.4677,0.0006,0.0097,-0.1960,8,2406,0,0.18;0.30;0.26;0.29;0.28;0.33;0.21;0.21
paraonly,c4x12,8,scr,7,4,12,1,0.2837,42.6584,0.0373,3.1138,-0.0004,0.0084,-0.2091,15,3879,0,0.20;0.18;0.18;0.21;0.23;0.21;0.23;0.17
paraonly,c4x12,8,scr,8,4,12,1,0.2566,42.8199,0.0373,3.5669,-0.0014,0.0084,-0.2099,17,5088,0,0.18;0.24;0.16;0.34;0.25;0.24;0.24;0.27
paraonly,c4x12,8,scr,9,4,12,1,0.2658,42.9627,0.0373,3.3681,0.0017,0.0126,-0.2281,16,3682,0,0.14;0.18;0.22;0.13;0.27;0.17;0.14;0.26
paraonly,c4x12,8,scr,10,4,12,1,0.2455,43.3851,0.0062,3.7343,-0.0020,0.0110,-0.1882,10,3077,0,0.34;0.20;0.23;0.27;0.16;0.14;0.25;0.22
paraonly,c4x12,8,scr,11,4,12,1,0.2834,43.1553,0.0124,3.3841,0.0016,0.0112,-0.1947,5,2101,0,0.23;0.15;0.23;0.32;0.15;0.29;0.29;0.19
paraonly,c4x12,8,scr,12,4,12,1,0.2819,42.9814,0.0621,3.3101,-0.0006,0.0091,-0.2025,7,2302,0,0.29;0.28;0.20;0.23;0.31;0.31;0.26;0.27
paraonly,c4x12,8,scr,13,4,12,1,0.2779,43.2919,0.0373,3.3656,-0.0007,0.0088,-0.2254,16,4420,0,0.18;0.17;0.20;0.16;0.19;0.19;0.29;0.30
paraonly,c4x12,8,scr,14,4,12,1,0.2788,43.0559,0.0683,3.4613,0.0006,0.0148,-0.1653,10,3653,0,0.13;0.30;0.26;0.16;0.24;0.30;0.29;0.23
paraonly,c4x12,8,scr,15,4,12,1,0.2555,43.1242,0.0435,3.4955,0.0013,0.0104,-0.1803,11,1666,0,0.27;0.22;0.25;0.19;0.17;0.28;0.19;0.25
paraonly,c4x12,8,scr,16,4,12,1,0.2426,43.7019,0.0248,4.0558,-0.0006,0.0062,-0.1973,9,4133,0,0.10;0.16;0.22;0.17;0.20;0.20;0.18;0.22
paraonly,c4x12,8,scr,17,4,12,1,0.2476,43.2547,0.0311,3.7464,0.0013,0.0086,-0.1781,18,3822,0,0.18;0.14;0.32;0.24;0.25;0.24;0.20;0.31
paraonly,c4x12,8,scr,18,4,12,1,0.2272,43.2547,0.0311,4.1508,0.0005,0.0111,-0.1888,11,4657,0,0.37;0.21;0.23;0.19;0.10;0.26;0.29;0.18
paraonly,c4x12,8,scr,19,4,12,1,0.3009,42.9193,0.0621,3.0282,-0.0029,0.0103,-0.1846,7,1159,0,0.25;0.36;0.23;0.24;0.18;0.30;0.25;0.17
paraonly,c4x12,8,scr,20,4,12,1,0.2428,43.0497,0.0311,3.7306,-0.0017,0.0109,-0.2147,10,5479,0,0.27;0.26;0.18;0.23;0.27;0.15;0.29;0.21
paraonly,c4x12,8,scr,21,4,12,1,0.2789,42.9503,0.0807,3.4107,0.0019,0.0078,-0.1785,13,3307,0,0.18;0.22;0.18;0.22;0.21;0.27;0.29;0.32
paraonly,c4x12,8,scr,22,4,12,1,0.2932,43.0807,0.0435,3.1024,-0.0002,0.0102,-0.1896,8,1287,0,0.18;0.34;0.23;0.30;0.20;0.21;0.28;0.27
paraonly,c4x12,8,scr,23,4,12,1,0.2548,42.9130,0.0373,3.4798,-0.0000,0.0085,-0.1782,7,1751,0,0.30;0.20;0.25;0.25;0.26;0.26;0.33;0.22
paraonly,c4x12,8,scr,24,4,12,1,0.2621,42.7143,0.0248,3.3364,-0.0001,0.0078,-0.2019,12,2093,0,0.27;0.23;0.21;0.25;0.26;0.17;0.23;0.16
paraonly,c4x12,8,chk,1,4,12,1,0.2443,43.1056,0.0497,3.5708,0.0019,0.0125,-0.0071,13,5339,0,0.25;0.17;0.25;0.20;0.23;0.14;0.24;0.26
paraonly,c4x12,8,chk,2,4,12,1,0.2416,43.1304,0.0559,3.5278,0.0013,0.0119,-0.0420,14,3611,0,0.14;0.28;0.24;0.20;0.21;0.27;0.22;0.20
paraonly,c4x12,8,chk,3,4,12,1,0.2283,43.0124,0.0683,3.7034,0.0005,0.0101,-0.0301,13,3335,0,0.27;0.23;0.19;0.31;0.18;0.24;0.20;0.26
paraonly,c4x12,8,chk,4,4,12,1,0.2087,43.5963,0.0497,4.1283,-0.0005,0.0077,-0.0106,13,3840,0,0.19;0.22;0.20;0.27;0.38;0.24;0.17;0.30
paraonly,c4x12,8,chk,5,4,12,1,0.2586,43.2422,0.0311,3.4175,-0.0003,0.0095,-0.0267,9,1965,0,0.21;0.21;0.31;0.20;0.25;0.36;0.22;0.25
paraonly,c4x12,8,chk,6,4,12,1,0.2268,43.5093,0.0311,3.9996,0.0045,0.0098,-0.0318,14,3683,0,0.24;0.28;0.21;0.18;0.20;0.20;0.16;0.18
paraonly,c4x12,8,chk,7,4,12,1,0.2426,42.9689,0.0497,3.6602,0.0025,0.0091,-0.0203,8,1833,0,0.33;0.22;0.25;0.31;0.23;0.24;0.18;0.21
paraonly,c4x12,8,chk,8,4,12,1,0.2449,43.1180,0.0311,3.5644,0.0026,0.0103,-0.0088,15,2962,0,0.21;0.30;0.25;0.25;0.23;0.27;0.24;0.30
paraonly,c4x12,8,chk,9,4,12,1,0.2424,43.1056,0.0311,3.6374,-0.0004,0.0073,-0.0145,11,1890,0,0.28;0.24;0.26;0.25;0.17;0.17;0.17;0.22
paraonly,c4x12,8,chk,10,4,12,1,0.2485,43.2422,0.0497,3.5458,0.0000,0.0095,-0.0293,12,2949,0,0.14;0.27;0.25;0.36;0.27;0.27;0.27;0.23
paraonly,c4x12,8,chk,11,4,12,1,0.2423,42.9938,0.0870,3.5646,0.0022,0.0091,-0.0278,10,1660,0,0.23;0.32;0.21;0.23;0.28;0.17;0.22;0.20
paraonly,c4x12,8,chk,12,4,12,1,0.2320,43.5093,0.0248,4.0949,0.0004,0.0126,-0.0197,16,7282,0,0.20;0.34;0.17;0.26;0.25;0.19;0.21;0.19
paraonly,c4x12,8,chk,13,4,12,1,0.2165,43.3913,0.0311,3.9453,0.0005,0.0060,-0.0366,14,3098,0,0.20;0.13;0.28;0.22;0.27;0.26;0.14;0.28
paraonly,c4x12,8,chk,14,4,12,1,0.2302,43.2547,0.0621,3.9485,-0.0003,0.0061,-0.0276,19,6264,0,0.22;0.15;0.22;0.16;0.38;0.15;0.20;0.23
paraonly,c4x12,8,chk,15,4,12,1,0.2180,43.2671,0.0373,3.9716,-0.0013,0.0106,-0.0305,8,3792,0,0.23;0.30;0.27;0.19;0.21;0.24;0.22;0.21
paraonly,c4x12,8,chk,16,4,12,1,0.2235,43.2484,0.0373,3.8396,0.0010,0.0075,-0.0244,7,2405,0,0.26;0.21;0.22;0.26;0.16;0.14;0.22;0.28
paraonly,c4x12,8,chk,17,4,12,1,0.2730,43.2360,0.0248,3.3007,-0.0004,0.0088,-0.0237,7,1231,0,0.23;0.21;0.20;0.20;0.37;0.38;0.28;0.26
paraonly,c4x12,8,chk,18,4,12,1,0.2681,43.0559,0.0497,3.3035,0.0005,0.0061,-0.0302,15,2352,0,0.28;0.20;0.19;0.23;0.23;0.15;0.26;0.32
paraonly,c4x12,8,chk,19,4,12,1,0.2258,43.5217,0.0621,4.2359,0.0000,0.0093,-0.0373,12,5943,0,0.28;0.21;0.17;0.23;0.26;0.30;0.21;0.16
paraonly,c4x12,8,chk,20,4,12,1,0.2283,43.0311,0.0435,3.7020,0.0003,0.0061,-0.0229,9,1526,0,0.19;0.21;0.29;0.23;0.19;0.16;0.15;0.27
paraonly,c4x12,8,chk,21,4,12,1,0.1776,42.7205,0.0186,4.7764,-0.0008,0.0144,-0.0318,21,9414,0,0.19;0.22;0.21;0.26;0.19;0.16;0.12;0.23
paraonly,c4x12,8,chk,22,4,12,1,0.2135,43.3106,0.0373,4.0399,0.0011,0.0090,-0.0016,15,2685,0,0.31;0.22;0.30;0.15;0.22;0.32;0.13;0.24
paraonly,c4x12,8,chk,23,4,12,1,0.2245,42.9068,0.0311,3.7005,0.0006,0.0109,-0.0283,9,5819,0,0.19;0.11;0.19;0.15;0.28;0.23;0.24;0.28
paraonly,c4x12,8,chk,24,4,12,1,0.2627,42.7950,0.0683,3.3992,0.0003,0.0106,-0.0241,17,3796,0,0.24;0.28;0.27;0.14;0.33;0.20;0.21;0.23
paraonly,c4x12,2,none,1,4,12,1,0.2230,14.9816,0.6074,1.7732,0.0433,0.0342,-0.0359,760,29571,0,0.15;0.50;0.14;0.19;0.11;0.18;0.27;0.35
paraonly,c4x12,2,none,2,4,12,1,0.2249,15.5460,0.6380,1.7598,0.0000,0.0278,-0.2496,717,28041,0,0.36;0.36;0.12;0.38;0.09;0.00;0.20;0.20
paraonly,c4x12,2,none,3,4,12,1,0.2269,15.4540,0.6012,1.7812,-0.0139,0.0432,-0.0380,785,29593,0,0.19;0.12;0.23;0.31;0.00;0.18;0.00;0.17
paraonly,c4x12,2,none,4,4,12,1,0.2308,15.2147,0.5828,1.8026,0.0235,0.0201,-0.1852,771,29130,0,0.27;0.41;0.13;0.24;0.00;0.22;0.22;0.20
paraonly,c4x12,2,none,5,4,12,1,0.2440,15.3067,0.6564,1.7622,-0.0789,0.1700,-0.1245,770,30474,0,0.20;0.12;0.37;0.11;0.11;0.34;0.17;0.22
paraonly,c4x12,2,none,6,4,12,1,0.2377,14.8098,0.5828,1.7468,0.0139,0.0469,-0.1127,775,29283,0,0.21;0.10;0.30;0.50;0.44;0.33;0.32;0.11
paraonly,c4x12,2,none,7,4,12,1,0.2489,15.4663,0.6074,1.7293,0.0417,0.0208,-0.2853,765,27478,0,0.34;0.44;0.50;0.10;0.19;0.00;0.41;0.28
paraonly,c4x12,2,none,8,4,12,1,0.2564,15.1840,0.5890,1.7388,-0.0074,0.0469,-0.1926,715,27744,0,0.00;0.42;0.17;0.15;0.00;0.53;0.00;0.29
paraonly,c4x12,2,none,9,4,12,1,0.2429,15.2638,0.5644,1.7734,0.0556,0.0208,-0.4075,774,31424,0,0.41;0.24;0.43;0.26;0.24;0.22;0.34;0.24
paraonly,c4x12,2,none,10,4,12,1,0.2363,14.4724,0.7239,1.7646,-0.0083,0.0469,0.1483,757,29312,0,0.09;0.18;0.10;0.29;0.28;0.18;0.26;0.00
paraonly,c4x12,2,none,11,4,12,1,0.2581,15.2699,0.5951,1.7786,-0.0221,0.0469,-0.0528,773,31174,0,0.00;0.00;0.32;0.18;0.31;0.32;0.42;0.27
paraonly,c4x12,2,none,12,4,12,1,0.2438,15.8528,0.6442,1.7639,0.0016,0.0050,0.0725,763,30983,0,0.27;0.14;0.27;0.30;0.30;0.40;0.17;0.37
paraonly,c4x12,2,none,13,4,12,1,0.2470,15.1595,0.6564,1.7602,0.0061,0.0221,-0.2891,734,29194,0,0.13;0.29;0.23;0.20;0.09;0.43;0.20;0.35
paraonly,c4x12,2,none,14,4,12,1,0.2317,15.5153,0.7301,1.7872,0.0556,0.0208,-0.0521,755,26827,0,0.11;0.18;0.25;0.21;0.34;0.33;0.33;0.11
paraonly,c4x12,2,none,15,4,12,1,0.2324,14.3436,0.6994,1.7550,0.0125,0.0430,-0.1858,758,27910,0,0.33;0.45;0.20;0.15;0.29;0.29;0.42;0.21
paraonly,c4x12,2,none,16,4,12,1,0.2355,15.1043,0.6074,1.7759,-0.0150,0.0335,-0.0667,762,28680,0,0.00;0.40;0.10;0.18;0.19;0.42;0.38;0.18
paraonly,c4x12,2,none,17,4,12,1,0.2302,14.9509,0.5276,1.8104,-0.0208,0.0069,0.1717,744,27668,0,0.30;0.23;0.33;0.27;0.29;0.28;0.14;0.24
paraonly,c4x12,2,none,18,4,12,1,0.2464,17.1043,0.5399,1.7970,0.0191,0.0201,-0.0975,700,26137,0,0.00;0.33;0.07;0.36;0.16;0.27;0.26;0.18
paraonly,c4x12,2,none,19,4,12,1,0.2454,15.2577,0.6687,1.7633,0.0000,0.1302,0.0399,722,28637,0,0.18;0.10;0.41;0.23;0.21;0.10;0.49;0.24
paraonly,c4x12,2,none,20,4,12,1,0.2461,14.4110,0.5706,1.7207,0.0208,0.0208,0.0030,773,30965,0,0.23;0.00;0.31;0.15;0.17;0.18;0.40;0.23
paraonly,c4x12,2,none,21,4,12,1,0.2431,15.4479,0.6135,1.7202,-0.0417,0.0139,0.0712,770,28158,0,0.26;0.12;0.00;0.26;0.23;0.26;0.32;0.21
paraonly,c4x12,2,none,22,4,12,1,0.2334,15.4049,0.6074,1.7475,-0.0292,0.1680,-0.0143,764,30632,0,0.10;0.20;0.32;0.14;0.08;0.20;0.44;0.26
paraonly,c4x12,2,none,23,4,12,1,0.2326,14.8528,0.6687,1.7842,-0.0303,0.0556,-0.1851,747,29053,0,0.37;0.31;0.08;0.50;0.39;0.29;0.17;0.12
paraonly,c4x12,2,none,24,4,12,1,0.2489,15.3620,0.5951,1.7275,-0.0156,0.0046,-0.0770,745,27780,0,0.32;0.14;0.26;0.09;0.26;0.36;0.21;0.09
paraonly,c4x12,2,scr,1,4,12,1,0.2286,14.7267,0.6273,1.7519,0.0002,0.0714,0.0710,748,31284,0,0.42;0.35;0.42;0.20;0.45;0.28;0.00;0.00
paraonly,c4x12,2,scr,2,4,12,1,0.2031,14.2795,0.5280,1.7477,0.0097,0.0463,-0.0340,808,33886,0,0.18;0.25;0.36;0.41;0.15;0.14;0.00;0.00
paraonly,c4x12,2,scr,3,4,12,1,0.2395,16.1366,0.6335,1.7396,0.0231,0.0349,0.0351,747,29781,0,0.18;0.29;0.13;0.28;0.20;0.00;0.39;0.43
paraonly,c4x12,2,scr,4,4,12,1,0.2191,15.0807,0.6957,1.7788,0.0330,0.0331,0.0290,773,34421,0,0.27;0.16;0.45;0.29;0.15;0.19;0.27;0.35
paraonly,c4x12,2,scr,5,4,12,1,0.2332,14.7950,0.6087,1.7369,0.0017,0.0329,-0.0815,755,28925,0,0.33;0.24;0.18;0.28;0.43;0.31;0.46;0.28
paraonly,c4x12,2,scr,6,4,12,1,0.2480,15.4596,0.6025,1.7293,0.0211,0.0363,-0.0237,741,27634,0,0.13;0.17;0.00;0.10;0.21;0.32;0.21;0.22
paraonly,c4x12,2,scr,7,4,12,1,0.2304,14.8696,0.6087,1.7520,0.0230,0.0326,0.0230,787,32419,0,0.00;0.00;0.31;0.20;0.00;0.50;0.17;0.30
paraonly,c4x12,2,scr,8,4,12,1,0.2225,13.9503,0.6460,1.7407,0.0118,0.0511,-0.0511,777,33407,0,0.28;0.48;0.13;0.12;0.41;0.25;0.33;0.14
paraonly,c4x12,2,scr,9,4,12,1,0.2293,14.1988,0.5901,1.7704,0.0149,0.0305,-0.0091,817,32806,0,0.22;0.00;0.21;0.41;0.20;0.28;0.25;0.33
paraonly,c4x12,2,scr,10,4,12,1,0.2191,15.0745,0.5652,1.7433,0.0198,0.0351,0.0379,770,30963,0,0.27;0.31;0.16;0.22;0.00;0.27;0.21;0.21
paraonly,c4x12,2,scr,11,4,12,1,0.2585,16.5466,0.6211,1.7676,0.0202,0.0358,-0.0077,751,29473,0,0.10;0.23;0.22;0.00;0.12;0.13;0.23;0.41
paraonly,c4x12,2,scr,12,4,12,1,0.2447,14.8634,0.5093,1.7625,0.0213,0.0399,-0.0325,800,31592,0,0.38;0.14;0.27;0.27;0.33;0.32;0.10;0.36
paraonly,c4x12,2,scr,13,4,12,1,0.2293,15.2981,0.4845,1.7764,0.0140,0.0568,-0.0593,741,30611,0,0.29;0.22;0.21;0.28;0.17;0.35;0.45;0.43
paraonly,c4x12,2,scr,14,4,12,1,0.2448,15.8882,0.6335,1.7459,0.0032,0.0305,0.0082,796,29319,0,0.25;0.22;0.22;0.36;0.21;0.19;0.20;0.23
paraonly,c4x12,2,scr,15,4,12,1,0.2304,15.2671,0.6646,1.8024,0.0222,0.0359,-0.0124,731,25501,0,0.24;0.38;0.27;0.31;0.42;0.30;0.30;0.43
paraonly,c4x12,2,scr,16,4,12,1,0.2397,16.5093,0.6708,1.8153,0.0115,0.0431,0.0338,749,26187,0,0.00;0.11;0.18;0.10;0.55;0.11;0.09;0.13
paraonly,c4x12,2,scr,17,4,12,1,0.2290,15.0373,0.5714,1.7783,0.0128,0.0335,0.0353,806,30708,0,0.07;0.21;0.54;0.26;0.15;0.13;0.19;0.25
paraonly,c4x12,2,scr,18,4,12,1,0.2251,14.4845,0.6460,1.7544,0.0143,0.0426,0.0333,758,31229,0,0.49;0.00;0.44;0.33;0.23;0.47;0.18;0.25
paraonly,c4x12,2,scr,19,4,12,1,0.2245,14.7081,0.5776,1.7736,0.0321,0.0416,-0.0144,763,31185,0,0.19;0.14;0.50;0.08;0.23;0.28;0.36;0.23
paraonly,c4x12,2,scr,20,4,12,1,0.2585,15.5714,0.6211,1.7311,0.0199,0.0410,-0.0153,785,29273,0,0.23;0.00;0.31;0.16;0.34;0.00;0.29;0.18
paraonly,c4x12,2,scr,21,4,12,1,0.2329,15.9317,0.6025,1.8091,0.0081,0.0412,-0.0346,778,30700,0,0.00;0.11;0.28;0.17;0.31;0.24;0.40;0.12
paraonly,c4x12,2,scr,22,4,12,1,0.2427,16.8882,0.5714,1.7774,0.0104,0.0332,0.0111,758,28450,0,0.28;0.15;0.50;0.19;0.00;0.00;0.22;0.21
paraonly,c4x12,2,scr,23,4,12,1,0.2217,13.7950,0.6273,1.7314,0.0127,0.0387,-0.0315,828,33311,0,0.00;0.23;0.00;0.00;0.28;0.43;0.00;0.29
paraonly,c4x12,2,scr,24,4,12,1,0.2365,14.4658,0.6149,1.7836,0.0077,0.0524,-0.0068,781,31764,0,0.25;0.40;0.26;0.09;0.25;0.18;0.00;0.12
paraonly,c4x12,2,chk,1,4,12,1,0.1887,13.5652,0.6149,1.7450,0.0256,0.0407,0.0006,840,34862,0,0.18;0.33;0.27;0.00;0.00;0.25;0.24;0.00
paraonly,c4x12,2,chk,2,4,12,1,0.2132,12.8820,0.6025,1.7329,0.0215,0.0252,-0.0284,755,34166,0,0.29;0.24;0.46;0.33;0.37;0.32;0.00;0.29
paraonly,c4x12,2,chk,3,4,12,1,0.2517,17.1863,0.7081,1.8121,0.0202,0.0292,-0.0152,728,26342,0,0.44;0.35;0.10;0.37;0.27;0.37;0.24;0.45
paraonly,c4x12,2,chk,4,4,12,1,0.2506,15.2174,0.5155,1.7275,0.0125,0.0396,-0.0476,750,27884,0,0.15;0.13;0.36;0.30;0.21;0.37;0.10;0.14
paraonly,c4x12,2,chk,5,4,12,1,0.2154,14.4783,0.6646,1.7475,-0.0100,0.0590,-0.0060,747,29867,0,0.14;0.27;0.00;0.12;0.14;0.50;0.00;0.25
paraonly,c4x12,2,chk,6,4,12,1,0.2510,15.5590,0.5776,1.7550,0.0147,0.0434,-0.0362,775,29019,0,0.12;0.17;0.00;0.24;0.61;0.25;0.22;0.23
paraonly,c4x12,2,chk,7,4,12,1,0.2336,15.8882,0.6149,1.7657,0.0005,0.0357,-0.0724,760,28225,0,0.48;0.20;0.26;0.29;0.18;0.38;0.41;0.49
paraonly,c4x12,2,chk,8,4,12,1,0.2399,15.2857,0.5466,1.7841,-0.0028,0.0667,0.0381,766,29202,0,0.24;0.36;0.52;0.36;0.32;0.00;0.28;0.36
paraonly,c4x12,2,chk,9,4,12,1,0.2564,15.1180,0.5093,1.7432,0.0066,0.0480,0.0231,757,29084,0,0.00;0.23;0.26;0.10;0.33;0.29;0.61;0.50
paraonly,c4x12,2,chk,10,4,12,1,0.2265,15.0124,0.5652,1.7950,0.0118,0.0399,0.0303,745,29791,0,0.33;0.38;0.24;0.22;0.21;0.00;0.17;0.00
paraonly,c4x12,2,chk,11,4,12,1,0.2417,15.8696,0.5590,1.7428,0.0178,0.0329,0.0539,755,27764,0,0.50;0.42;0.32;0.38;0.26;0.21;0.00;0.50
paraonly,c4x12,2,chk,12,4,12,1,0.2368,14.7329,0.6211,1.7649,0.0325,0.0276,-0.1324,745,31527,0,0.33;0.27;0.22;0.23;0.18;0.00;0.27;0.34
paraonly,c4x12,2,chk,13,4,12,1,0.2295,14.5714,0.6273,1.7671,0.0056,0.0424,-0.0248,842,32297,0,0.35;0.30;0.33;0.11;0.38;0.17;0.15;0.40
paraonly,c4x12,2,chk,14,4,12,1,0.2422,15.2733,0.5528,1.7504,0.0049,0.0548,-0.0563,809,30149,0,0.17;0.28;0.00;0.23;0.00;0.22;0.21;0.38
paraonly,c4x12,2,chk,15,4,12,1,0.2297,13.9317,0.5590,1.7185,0.0292,0.0380,-0.0031,805,35694,0,0.23;0.39;0.00;0.24;0.41;0.13;0.34;0.50
paraonly,c4x12,2,chk,16,4,12,1,0.2301,14.6149,0.5590,1.7677,0.0138,0.0487,-0.0694,781,31001,0,0.35;0.29;0.15;0.09;0.23;0.12;0.21;0.31
paraonly,c4x12,2,chk,17,4,12,1,0.2201,14.5901,0.7081,1.7715,0.0208,0.0228,-0.0172,833,33157,0,0.38;0.12;0.11;0.46;0.00;0.08;0.26;0.18
paraonly,c4x12,2,chk,18,4,12,1,0.2046,14.0497,0.6646,1.7789,0.0128,0.0472,-0.1077,736,28616,0,0.14;0.09;0.12;0.22;0.26;0.17;0.18;0.00
paraonly,c4x12,2,chk,19,4,12,1,0.2350,14.8261,0.6149,1.7761,0.0213,0.0432,0.0458,813,32049,0,0.15;0.31;0.18;0.00;0.25;0.24;0.28;0.10
paraonly,c4x12,2,chk,20,4,12,1,0.2651,15.8571,0.6273,1.7345,0.0205,0.0359,-0.0575,750,27912,0,0.35;0.52;0.34;0.00;0.15;0.23;0.15;0.15
paraonly,c4x12,2,chk,21,4,12,1,0.2456,14.9193,0.6087,1.7639,0.0238,0.0314,-0.0833,770,29129,0,0.00;0.00;0.42;0.00;0.19;0.40;0.00;0.20
paraonly,c4x12,2,chk,22,4,12,1,0.2283,14.0186,0.6025,1.7350,0.0217,0.0345,-0.0757,766,31918,0,0.32;0.14;0.37;0.30;0.29;0.11;0.00;0.18
paraonly,c4x12,2,chk,23,4,12,1,0.2695,15.8509,0.5280,1.7277,0.0340,0.0307,0.0127,785,28119,0,0.18;0.39;0.33;0.32;0.30;0.29;0.14;0.11
paraonly,c4x12,2,chk,24,4,12,1,0.2423,14.3230,0.6087,1.7088,0.0137,0.0411,-0.0133,786,29560,0,0.33;0.36;0.33;0.32;0.44;0.15;0.20;0.14
paraonly,c8x6,8,none,1,8,6,1,0.1928,43.4540,0.0675,3.7684,0.0152,0.0278,-0.0473,90,60760,0,0.13;0.18;0.26;0.21;0.33;0.23;0.15;0.18
paraonly,c8x6,8,none,2,8,6,1,0.2324,43.6196,0.0552,3.4653,-0.0031,0.0216,-0.0360,90,60805,0,0.23;0.21;0.28;0.24;0.10;0.26;0.15;0.31
paraonly,c8x6,8,none,3,8,6,1,0.2504,43.8160,0.0429,3.3459,-0.0057,0.0534,-0.0057,90,64431,0,0.18;0.28;0.18;0.20;0.15;0.15;0.34;0.31
paraonly,c8x6,8,none,4,8,6,1,0.2212,43.6196,0.0552,3.5620,0.0056,0.0208,-0.2167,97,56000,0,0.25;0.26;0.26;0.26;0.14;0.23;0.15;0.12
paraonly,c8x6,8,none,5,8,6,1,0.2124,43.9693,0.0613,3.6591,-0.0045,0.0146,-0.1935,85,51970,0,0.23;0.30;0.26;0.23;0.23;0.18;0.26;0.09
paraonly,c8x6,8,none,6,8,6,1,0.2099,43.7791,0.0859,3.6768,0.0007,0.0112,0.0007,76,51507,0,0.23;0.18;0.29;0.28;0.24;0.15;0.21;0.25
paraonly,c8x6,8,none,7,8,6,1,0.2034,43.3804,0.0859,3.6564,0.0050,0.0343,0.0164,86,71962,0,0.21;0.22;0.29;0.27;0.12;0.28;0.19;0.22
paraonly,c8x6,8,none,8,8,6,1,0.2193,43.3865,0.0307,3.5165,0.0053,0.0378,-0.1457,80,58280,0,0.27;0.23;0.31;0.21;0.27;0.27;0.24;0.12
paraonly,c8x6,8,none,9,8,6,1,0.2463,43.3926,0.0491,3.3175,0.0057,0.0378,-0.0282,81,50984,0,0.26;0.31;0.22;0.28;0.25;0.20;0.19;0.20
paraonly,c8x6,8,none,10,8,6,1,0.2012,43.8466,0.0307,3.7545,-0.0027,0.0378,-0.0677,85,76987,0,0.21;0.26;0.29;0.28;0.08;0.20;0.20;0.19
paraonly,c8x6,8,none,11,8,6,1,0.2320,43.7607,0.0491,3.4948,-0.0095,0.0221,-0.0059,83,58602,0,0.18;0.17;0.19;0.23;0.28;0.28;0.25;0.17
paraonly,c8x6,8,none,12,8,6,1,0.2228,43.4540,0.0552,3.5339,0.0124,0.0199,0.1009,88,61388,0,0.10;0.19;0.29;0.36;0.26;0.19;0.25;0.24
paraonly,c8x6,8,none,13,8,6,1,0.2365,43.2515,0.0613,3.3629,0.0133,0.0117,0.0644,87,57554,0,0.25;0.25;0.11;0.26;0.15;0.23;0.17;0.30
paraonly,c8x6,8,none,14,8,6,1,0.2440,43.6442,0.0429,3.3859,-0.0196,0.0329,0.0217,90,49047,0,0.21;0.25;0.19;0.24;0.27;0.23;0.18;0.26
paraonly,c8x6,8,none,15,8,6,1,0.2272,43.6994,0.0368,3.5033,-0.0068,0.0329,-0.1391,77,54994,0,0.21;0.27;0.32;0.28;0.38;0.19;0.30;0.17
paraonly,c8x6,8,none,16,8,6,1,0.1972,43.6380,0.0798,3.7400,0.0007,0.0120,0.0016,93,57238,0,0.29;0.24;0.31;0.23;0.18;0.24;0.22;0.30
paraonly,c8x6,8,none,17,8,6,1,0.2429,43.7669,0.0552,3.3788,-0.0000,0.0104,-0.0611,106,70125,0,0.18;0.28;0.18;0.24;0.09;0.15;0.12;0.28
paraonly,c8x6,8,none,18,8,6,1,0.2434,43.1718,0.0552,3.3053,0.0044,0.0260,-0.0246,82,66810,0,0.22;0.14;0.29;0.22;0.15;0.25;0.25;0.23
paraonly,c8x6,8,none,19,8,6,1,0.2530,43.4847,0.0920,3.3027,0.0152,0.0278,0.1011,93,66103,0,0.16;0.23;0.09;0.23;0.17;0.27;0.15;0.18
paraonly,c8x6,8,none,20,8,6,1,0.2100,43.5153,0.0920,3.6359,-0.0045,0.0221,-0.1626,87,63647,0,0.21;0.28;0.27;0.24;0.24;0.21;0.14;0.14
paraonly,c8x6,8,none,21,8,6,1,0.2123,43.5951,0.0675,3.6577,0.0080,0.0329,-0.0899,87,66273,0,0.16;0.18;0.32;0.18;0.32;0.20;0.20;0.24
paraonly,c8x6,8,none,22,8,6,1,0.2367,43.9325,0.0552,3.4565,0.0036,0.0173,-0.0080,96,66230,0,0.29;0.19;0.16;0.29;0.14;0.24;0.10;0.27
paraonly,c8x6,8,none,23,8,6,1,0.2698,43.5215,0.0491,3.1656,-0.0167,0.0417,-0.1486,82,61160,0,0.26;0.17;0.23;0.22;0.20;0.35;0.27;0.18
paraonly,c8x6,8,none,24,8,6,1,0.1743,43.6871,0.0491,3.9637,0.0047,0.0225,-0.2606,87,57555,0,0.33;0.23;0.27;0.33;0.24;0.27;0.18;0.10
paraonly,c8x6,8,scr,1,8,6,1,0.2661,43.4783,0.0497,3.1870,-0.0005,0.0283,-0.1578,79,41247,0,0.23;0.21;0.23;0.11;0.24;0.31;0.15;0.30
paraonly,c8x6,8,scr,2,8,6,1,0.2930,43.4845,0.0559,3.0591,-0.0021,0.0300,-0.1549,84,46343,0,0.34;0.12;0.37;0.30;0.32;0.15;0.30;0.25
paraonly,c8x6,8,scr,3,8,6,1,0.2990,43.0248,0.0435,2.9084,-0.0009,0.0258,-0.1852,84,52999,0,0.23;0.22;0.18;0.26;0.21;0.15;0.30;0.26
paraonly,c8x6,8,scr,4,8,6,1,0.2540,43.4969,0.1118,3.3192,-0.0023,0.0273,-0.1642,75,52794,0,0.27;0.33;0.19;0.23;0.26;0.33;0.27;0.12
paraonly,c8x6,8,scr,5,8,6,1,0.2766,43.2050,0.0373,3.1321,-0.0003,0.0267,-0.1695,89,38797,0,0.22;0.18;0.25;0.26;0.33;0.26;0.33;0.30
paraonly,c8x6,8,scr,6,8,6,1,0.2477,43.3789,0.0870,3.3146,0.0003,0.0256,-0.1533,83,40688,0,0.28;0.22;0.28;0.29;0.38;0.26;0.21;0.22
paraonly,c8x6,8,scr,7,8,6,1,0.2367,43.1491,0.0497,3.4263,0.0012,0.0278,-0.1821,93,53733,0,0.26;0.33;0.29;0.33;0.28;0.10;0.26;0.18
paraonly,c8x6,8,scr,8,8,6,1,0.2644,43.2174,0.0621,3.3240,0.0017,0.0247,-0.1866,81,53637,0,0.29;0.20;0.13;0.19;0.20;0.24;0.23;0.31
paraonly,c8x6,8,scr,9,8,6,1,0.2721,43.4783,0.0683,3.1984,-0.0030,0.0305,-0.1645,91,57279,0,0.13;0.12;0.30;0.15;0.23;0.33;0.26;0.18
paraonly,c8x6,8,scr,10,8,6,1,0.2520,43.3106,0.0870,3.3309,0.0028,0.0228,-0.2238,75,54474,0,0.19;0.35;0.17;0.13;0.29;0.23;0.19;0.23
paraonly,c8x6,8,scr,11,8,6,1,0.2663,43.4286,0.0683,3.2204,0.0003,0.0235,-0.1400,85,47121,0,0.22;0.29;0.27;0.27;0.33;0.27;0.21;0.19
paraonly,c8x6,8,scr,12,8,6,1,0.2593,43.3851,0.0870,3.2950,0.0012,0.0264,-0.1719,82,52785,0,0.18;0.20;0.18;0.28;0.26;0.18;0.21;0.22
paraonly,c8x6,8,scr,13,8,6,1,0.2291,43.3602,0.0683,3.5289,0.0020,0.0276,-0.1830,85,62932,0,0.18;0.13;0.27;0.24;0.16;0.17;0.25;0.16
paraonly,c8x6,8,scr,14,8,6,1,0.2171,43.5963,0.0373,3.6645,0.0013,0.0247,-0.1729,73,61558,0,0.20;0.18;0.17;0.21;0.18;0.13;0.21;0.15
paraonly,c8x6,8,scr,15,8,6,1,0.2534,43.5652,0.0435,3.3054,-0.0018,0.0251,-0.1598,74,43767,0,0.18;0.26;0.23;0.24;0.26;0.33;0.15;0.31
paraonly,c8x6,8,scr,16,8,6,1,0.2701,43.3416,0.0807,3.1967,0.0014,0.0266,-0.1644,88,44546,0,0.27;0.30;0.21;0.19;0.22;0.20;0.27;0.28
paraonly,c8x6,8,scr,17,8,6,1,0.2567,43.3851,0.0683,3.3013,0.0030,0.0299,-0.2029,74,61982,0,0.23;0.20;0.26;0.24;0.27;0.22;0.24;0.22
paraonly,c8x6,8,scr,18,8,6,1,0.2758,43.6273,0.0621,3.2163,0.0002,0.0271,-0.1921,70,47857,0,0.22;0.25;0.37;0.22;0.23;0.25;0.30;0.19
paraonly,c8x6,8,scr,19,8,6,1,0.2876,43.1429,0.1118,3.0548,-0.0019,0.0285,-0.1823,88,44696,0,0.33;0.25;0.23;0.18;0.27;0.21;0.19;0.33
paraonly,c8x6,8,scr,20,8,6,1,0.2947,43.0807,0.0745,2.9724,-0.0006,0.0320,-0.1475,84,49300,0,0.30;0.38;0.22;0.23;0.24;0.26;0.23;0.31
paraonly,c8x6,8,scr,21,8,6,1,0.2400,43.0062,0.0683,3.3947,-0.0002,0.0258,-0.1857,86,52592,0,0.21;0.33;0.26;0.18;0.24;0.22;0.30;0.33
paraonly,c8x6,8,scr,22,8,6,1,0.2533,43.7702,0.0311,3.3990,-0.0019,0.0311,-0.1995,87,61765,0,0.23;0.17;0.18;0.29;0.22;0.27;0.24;0.21
paraonly,c8x6,8,scr,23,8,6,1,0.2583,43.5466,0.0994,3.3126,-0.0010,0.0284,-0.1771,70,48546,0,0.20;0.23;0.26;0.24;0.24;0.16;0.26;0.20
paraonly,c8x6,8,scr,24,8,6,1,0.2522,43.3602,0.0683,3.3277,-0.0024,0.0264,-0.1761,82,45448,0,0.33;0.30;0.24;0.19;0.24;0.31;0.21;0.19
paraonly,c8x6,8,chk,1,8,6,1,0.2533,43.5652,0.0435,3.3156,-0.0028,0.0314,-0.0344,100,50389,0,0.20;0.25;0.21;0.10;0.29;0.23;0.22;0.22
paraonly,c8x6,8,chk,2,8,6,1,0.2498,43.5528,0.1056,3.3327,-0.0020,0.0323,-0.0657,91,41899,0,0.32;0.36;0.23;0.24;0.18;0.24;0.30;0.22
paraonly,c8x6,8,chk,3,8,6,1,0.2441,43.4969,0.0745,3.3528,-0.0044,0.0271,-0.0457,91,59362,0,0.24;0.18;0.24;0.20;0.24;0.20;0.26;0.33
paraonly,c8x6,8,chk,4,8,6,1,0.2837,43.2857,0.0994,3.0199,-0.0031,0.0253,-0.0493,77,55771,0,0.15;0.21;0.21;0.28;0.22;0.29;0.21;0.25
paraonly,c8x6,8,chk,5,8,6,1,0.2001,44.0124,0.0435,3.7777,0.0030,0.0274,-0.0452,81,58961,0,0.27;0.19;0.23;0.19;0.26;0.06;0.19;0.28
paraonly,c8x6,8,chk,6,8,6,1,0.2464,43.4161,0.0745,3.3274,-0.0018,0.0260,-0.0362,95,51256,0,0.19;0.24;0.18;0.21;0.21;0.24;0.29;0.20
paraonly,c8x6,8,chk,7,8,6,1,0.2451,43.5155,0.0807,3.4173,-0.0018,0.0291,-0.0214,88,61892,0,0.14;0.22;0.28;0.33;0.22;0.17;0.33;0.33
paraonly,c8x6,8,chk,8,8,6,1,0.1787,43.7081,0.0559,3.9318,-0.0007,0.0283,-0.0537,95,67582,0,0.18;0.18;0.15;0.27;0.20;0.19;0.21;0.09
paraonly,c8x6,8,chk,9,8,6,1,0.2493,43.4161,0.0870,3.3277,-0.0011,0.0263,-0.0565,72,63256,0,0.24;0.06;0.08;0.17;0.16;0.22;0.18;0.25
paraonly,c8x6,8,chk,10,8,6,1,0.2422,43.2298,0.0559,3.3121,0.0009,0.0268,-0.0223,81,52062,0,0.25;0.31;0.20;0.32;0.22;0.16;0.26;0.29
paraonly,c8x6,8,chk,11,8,6,1,0.1985,43.3292,0.0497,3.7148,-0.0041,0.0345,-0.0414,76,72139,0,0.24;0.17;0.24;0.13;0.30;0.18;0.18;0.12
paraonly,c8x6,8,chk,12,8,6,1,0.2594,43.1366,0.0994,3.2107,-0.0024,0.0341,-0.0602,78,66448,0,0.14;0.22;0.15;0.26;0.32;0.22;0.22;0.26
paraonly,c8x6,8,chk,13,8,6,1,0.2214,43.6708,0.0745,3.5681,-0.0017,0.0296,-0.0478,91,70750,0,0.26;0.19;0.17;0.31;0.22;0.11;0.23;0.30
paraonly,c8x6,8,chk,14,8,6,1,0.2531,43.7516,0.0373,3.3136,-0.0019,0.0302,-0.0497,75,63136,0,0.13;0.14;0.05;0.27;0.25;0.16;0.19;0.23
paraonly,c8x6,8,chk,15,8,6,1,0.2803,43.4472,0.0497,3.0775,0.0007,0.0289,-0.0689,89,58070,0,0.19;0.22;0.17;0.17;0.18;0.24;0.30;0.24
paraonly,c8x6,8,chk,16,8,6,1,0.2285,43.2609,0.0373,3.4680,-0.0014,0.0262,-0.0507,89,60243,0,0.27;0.30;0.11;0.24;0.26;0.15;0.22;0.28
paraonly,c8x6,8,chk,17,8,6,1,0.2350,43.1988,0.0435,3.3887,-0.0013,0.0315,-0.0427,80,56170,0,0.06;0.24;0.26;0.20;0.20;0.26;0.25;0.20
paraonly,c8x6,8,chk,18,8,6,1,0.1958,43.8882,0.0248,3.8020,-0.0009,0.0279,-0.0297,82,63687,0,0.23;0.14;0.25;0.30;0.19;0.24;0.10;0.26
paraonly,c8x6,8,chk,19,8,6,1,0.2369,43.4348,0.0621,3.3986,0.0009,0.0241,-0.0433,86,45081,0,0.17;0.20;0.34;0.35;0.26;0.24;0.18;0.27
paraonly,c8x6,8,chk,20,8,6,1,0.2175,43.0124,0.0870,3.5253,-0.0048,0.0265,-0.0359,87,57052,0,0.25;0.30;0.20;0.25;0.24;0.18;0.24;0.27
paraonly,c8x6,8,chk,21,8,6,1,0.2485,43.3540,0.0621,3.3139,0.0015,0.0341,-0.0447,82,63603,0,0.16;0.18;0.16;0.27;0.34;0.18;0.22;0.31
paraonly,c8x6,8,chk,22,8,6,1,0.2206,43.6398,0.0435,3.5690,-0.0052,0.0325,-0.0483,82,53941,0,0.12;0.34;0.18;0.27;0.20;0.05;0.21;0.24
paraonly,c8x6,8,chk,23,8,6,1,0.2293,43.6025,0.0745,3.4686,0.0037,0.0253,-0.0252,82,54066,0,0.31;0.24;0.28;0.24;0.32;0.26;0.21;0.19
paraonly,c8x6,8,chk,24,8,6,1,0.2361,43.8447,0.0186,3.4660,-0.0020,0.0330,-0.0323,89,57464,0,0.34;0.25;0.22;0.34;0.24;0.26;0.27;0.24
paraonly,c8x6,2,none,1,8,6,1,0.2334,23.7485,0.9939,1.8336,0.0290,0.1190,0.0984,1149,92654,0,0.25;0.25;0.18;0.26;0.14;0.32;0.27;0.22
paraonly,c8x6,2,none,2,8,6,1,0.2379,23.1595,1.0184,1.8020,0.0404,0.0612,0.1658,1130,98500,0,0.23;0.21;0.20;0.23;0.28;0.36;0.12;0.37
paraonly,c8x6,2,none,3,8,6,1,0.2394,23.7607,0.8589,1.8396,0.0227,0.0397,-0.0517,1116,97161,0,0.30;0.18;0.41;0.19;0.00;0.22;0.18;0.24
paraonly,c8x6,2,none,4,8,6,1,0.2209,22.8405,0.7853,1.8085,0.0417,0.0347,-0.0876,1090,97774,0,0.11;0.24;0.14;0.08;0.08;0.15;0.40;0.14
paraonly,c8x6,2,none,5,8,6,1,0.2373,23.2086,0.8896,1.8483,-0.0714,0.0833,0.1591,1140,99885,0,0.24;0.19;0.28;0.17;0.14;0.17;0.39;0.25
paraonly,c8x6,2,none,6,8,6,1,0.2290,22.2147,1.0368,1.7959,0.0393,0.1327,0.1338,1108,101773,0,0.25;0.19;0.22;0.07;0.17;0.18;0.18;0.34
paraonly,c8x6,2,none,7,8,6,1,0.2163,21.4540,0.9264,1.7960,0.0453,0.0409,-0.0182,1117,99615,0,0.31;0.26;0.30;0.26;0.15;0.11;0.22;0.34
paraonly,c8x6,2,none,8,8,6,1,0.2453,23.2454,0.9018,1.8020,0.0264,0.1032,-0.0967,1117,92779,0,0.28;0.20;0.21;0.23;0.31;0.17;0.29;0.17
paraonly,c8x6,2,none,9,8,6,1,0.2278,22.1472,0.8773,1.8033,0.0333,0.0154,-0.2355,1113,96913,0,0.39;0.15;0.28;0.34;0.16;0.25;0.18;0.11
paraonly,c8x6,2,none,10,8,6,1,0.2111,22.2270,0.8528,1.8120,0.0190,0.0136,-0.2290,1109,99891,0,0.21;0.20;0.38;0.35;0.26;0.28;0.38;0.26
paraonly,c8x6,2,none,11,8,6,1,0.2188,22.4969,1.0368,1.8262,0.0083,0.0465,0.0166,1110,101668,0,0.18;0.28;0.17;0.21;0.16;0.00;0.10;0.29
paraonly,c8x6,2,none,12,8,6,1,0.2157,22.5890,0.8712,1.8269,0.0497,0.0247,0.0616,1100,100374,0,0.44;0.35;0.16;0.17;0.10;0.15;0.25;0.28
paraonly,c8x6,2,none,13,8,6,1,0.2241,22.4601,0.8834,1.8151,0.0159,0.0306,0.0069,1090,98434,0,0.09;0.08;0.25;0.27;0.23;0.20;0.31;0.11
paraonly,c8x6,2,none,14,8,6,1,0.2458,23.6135,0.8466,1.8024,0.0387,0.0195,-0.1167,1094,96054,0,0.18;0.17;0.17;0.07;0.07;0.23;0.07;0.10
paraonly,c8x6,2,none,15,8,6,1,0.2092,21.8528,0.7791,1.8021,0.0198,0.0409,-0.2150,1139,101792,0,0.12;0.44;0.19;0.19;0.19;0.24;0.16;0.18
paraonly,c8x6,2,none,16,8,6,1,0.2279,22.3374,0.8160,1.7807,0.0149,0.0354,0.0305,1098,96003,0,0.14;0.45;0.07;0.24;0.13;0.16;0.15;0.25
paraonly,c8x6,2,none,17,8,6,1,0.2103,22.2270,0.8405,1.8194,0.0513,0.0444,-0.0562,1078,101214,0,0.08;0.26;0.12;0.31;0.12;0.00;0.12;0.10
paraonly,c8x6,2,none,18,8,6,1,0.2074,22.9141,0.8773,1.8690,0.0028,0.0216,0.0833,1131,96518,0,0.29;0.28;0.30;0.16;0.19;0.12;0.29;0.19
paraonly,c8x6,2,none,19,8,6,1,0.2341,23.2393,0.8160,1.8096,0.0333,0.0100,-0.1314,1121,94513,0,0.31;0.35;0.28;0.27;0.26;0.24;0.17;0.32
paraonly,c8x6,2,none,20,8,6,1,0.2267,23.1288,0.9755,1.8369,0.0097,0.0374,-0.2119,1097,93455,0,0.35;0.23;0.11;0.27;0.34;0.07;0.35;0.06
paraonly,c8x6,2,none,21,8,6,1,0.2242,23.3988,0.9448,1.8315,0.0197,0.0365,-0.1627,1101,99110,0,0.21;0.30;0.27;0.18;0.30;0.20;0.08;0.07
paraonly,c8x6,2,none,22,8,6,1,0.1969,21.4417,0.8712,1.7938,-0.0639,0.1335,-0.0306,1103,101643,0,0.29;0.41;0.18;0.00;0.29;0.07;0.07;0.21
paraonly,c8x6,2,none,23,8,6,1,0.2299,23.2883,0.8344,1.8365,0.0556,0.0551,0.1042,1099,98114,0,0.34;0.32;0.36;0.29;0.18;0.09;0.31;0.36
paraonly,c8x6,2,none,24,8,6,1,0.2109,21.9509,0.8650,1.8107,0.0463,0.0444,-0.0065,1095,104325,0,0.22;0.38;0.22;0.31;0.15;0.33;0.10;0.26
paraonly,c8x6,2,scr,1,8,6,1,0.1948,20.7516,0.8571,1.7693,0.0237,0.0470,-0.0060,1103,99984,0,0.13;0.30;0.41;0.22;0.39;0.15;0.12;0.25
paraonly,c8x6,2,scr,2,8,6,1,0.2190,22.5404,0.9814,1.8117,0.0117,0.0564,-0.0189,1112,101935,0,0.24;0.30;0.27;0.17;0.28;0.18;0.34;0.20
paraonly,c8x6,2,scr,3,8,6,1,0.2177,22.3913,0.8944,1.8216,0.0096,0.0790,-0.0092,1096,96529,0,0.14;0.13;0.39;0.19;0.33;0.12;0.19;0.09
paraonly,c8x6,2,scr,4,8,6,1,0.2217,21.7143,0.8137,1.7596,0.0245,0.0577,-0.0233,1148,100473,0,0.31;0.25;0.30;0.23;0.18;0.08;0.27;0.35
paraonly,c8x6,2,scr,5,8,6,1,0.2454,22.7081,0.9130,1.8097,0.0151,0.0489,0.0266,1105,99984,0,0.24;0.08;0.44;0.00;0.07;0.21;0.30;0.36
paraonly,c8x6,2,scr,6,8,6,1,0.2078,21.7267,0.8199,1.8106,0.0135,0.0460,-0.0463,1089,97207,0,0.19;0.08;0.08;0.10;0.20;0.25;0.37;0.25
paraonly,c8x6,2,scr,7,8,6,1,0.2119,21.5963,0.8634,1.7937,0.0178,0.0778,0.0416,1085,102814,0,0.36;0.21;0.16;0.27;0.29;0.45;0.09;0.25
paraonly,c8x6,2,scr,8,8,6,1,0.2295,22.1056,0.8571,1.8010,0.0219,0.0515,-0.0324,1111,102562,0,0.14;0.26;0.15;0.18;0.24;0.21;0.20;0.26
paraonly,c8x6,2,scr,9,8,6,1,0.2296,21.8944,0.8509,1.7814,0.0170,0.0643,0.0363,1123,100837,0,0.42;0.08;0.08;0.12;0.36;0.08;0.17;0.26
paraonly,c8x6,2,scr,10,8,6,1,0.2572,23.6584,0.9565,1.8094,0.0125,0.0661,0.0144,1138,99404,0,0.16;0.10;0.25;0.28;0.22;0.26;0.16;0.28
paraonly,c8x6,2,scr,11,8,6,1,0.2194,22.6398,0.7826,1.8188,0.0229,0.0711,0.0520,1115,103612,0,0.27;0.10;0.41;0.21;0.25;0.16;0.08;0.30
paraonly,c8x6,2,scr,12,8,6,1,0.2023,21.4099,0.7826,1.8323,0.0158,0.0527,-0.0040,1112,103910,0,0.00;0.25;0.26;0.38;0.60;0.35;0.27;0.26
paraonly,c8x6,2,scr,13,8,6,1,0.2065,21.3043,0.9441,1.8067,0.0242,0.0608,0.0524,1104,103256,0,0.24;0.29;0.27;0.28;0.00;0.29;0.18;0.17
paraonly,c8x6,2,scr,14,8,6,1,0.2223,22.9193,0.9130,1.8507,0.0110,0.0621,-0.0817,1113,99071,0,0.16;0.34;0.23;0.22;0.18;0.26;0.12;0.10
paraonly,c8x6,2,scr,15,8,6,1,0.2113,22.2733,0.8447,1.8190,0.0263,0.0618,-0.0272,1121,100133,0,0.40;0.22;0.21;0.21;0.24;0.26;0.18;0.20
paraonly,c8x6,2,scr,16,8,6,1,0.2285,23.4348,0.9130,1.8487,0.0240,0.0580,0.0283,1108,99446,0,0.21;0.07;0.38;0.26;0.28;0.31;0.16;0.55
paraonly,c8x6,2,scr,17,8,6,1,0.2340,22.9130,0.8634,1.8227,0.0138,0.0790,0.0675,1118,95783,0,0.16;0.14;0.20;0.24;0.34;0.33;0.27;0.28
paraonly,c8x6,2,scr,18,8,6,1,0.2485,22.8447,0.9193,1.8148,0.0114,0.0619,-0.0174,1117,98995,0,0.17;0.42;0.30;0.37;0.17;0.33;0.21;0.13
paraonly,c8x6,2,scr,19,8,6,1,0.2135,21.8820,0.7143,1.8047,0.0116,0.0657,-0.0270,1126,102068,0,0.29;0.32;0.38;0.06;0.15;0.14;0.07;0.12
paraonly,c8x6,2,scr,20,8,6,1,0.2145,22.5404,0.9627,1.8208,0.0270,0.0642,0.0002,1086,97479,0,0.25;0.25;0.13;0.39;0.00;0.44;0.11;0.27
paraonly,c8x6,2,scr,21,8,6,1,0.2226,22.2360,0.7578,1.7812,0.0263,0.0482,0.0729,1164,98848,0,0.17;0.38;0.17;0.25;0.13;0.39;0.21;0.32
paraonly,c8x6,2,scr,22,8,6,1,0.2289,22.7019,0.8199,1.8143,0.0142,0.0436,0.0514,1140,95229,0,0.28;0.38;0.31;0.20;0.19;0.13;0.17;0.08
paraonly,c8x6,2,scr,23,8,6,1,0.2276,21.4534,0.8758,1.7596,0.0277,0.0780,0.0319,1090,100879,0,0.37;0.27;0.24;0.34;0.42;0.26;0.25;0.23
paraonly,c8x6,2,scr,24,8,6,1,0.2126,22.9193,0.9379,1.8489,0.0113,0.0585,0.0281,1133,101032,0,0.31;0.24;0.25;0.13;0.13;0.07;0.30;0.05
paraonly,c8x6,2,chk,1,8,6,1,0.1968,21.6894,0.8696,1.8187,0.0102,0.0584,0.0246,1125,101787,0,0.38;0.35;0.27;0.17;0.32;0.00;0.21;0.34
paraonly,c8x6,2,chk,2,8,6,1,0.2357,23.2981,0.7826,1.8500,0.0218,0.0621,-0.0079,1134,97593,0,0.19;0.31;0.26;0.31;0.13;0.12;0.27;0.17
paraonly,c8x6,2,chk,3,8,6,1,0.2294,23.0435,0.9193,1.8121,0.0223,0.0625,0.0113,1100,100172,0,0.20;0.07;0.10;0.24;0.30;0.14;0.15;0.35
paraonly,c8x6,2,chk,4,8,6,1,0.2235,23.0435,0.8820,1.8723,0.0255,0.0616,0.0487,1115,97391,0,0.42;0.19;0.22;0.31;0.21;0.39;0.27;0.28
paraonly,c8x6,2,chk,5,8,6,1,0.2230,21.5652,0.8696,1.7474,0.0149,0.0544,-0.0138,1116,101835,0,0.31;0.16;0.20;0.38;0.31;0.33;0.52;0.29
paraonly,c8x6,2,chk,6,8,6,1,0.2286,22.5652,0.8820,1.8016,0.0125,0.0627,-0.0522,1153,97533,0,0.27;0.38;0.21;0.14;0.15;0.25;0.22;0.16
paraonly,c8x6,2,chk,7,8,6,1,0.2208,22.3478,0.9689,1.8080,0.0254,0.0505,0.0142,1121,104623,0,0.25;0.32;0.46;0.12;0.22;0.18;0.36;0.29
paraonly,c8x6,2,chk,8,8,6,1,0.2182,21.7391,0.9068,1.8025,0.0286,0.0491,-0.0324,1139,99523,0,0.23;0.34;0.31;0.26;0.38;0.28;0.31;0.24
paraonly,c8x6,2,chk,9,8,6,1,0.2270,21.8571,0.8199,1.7734,0.0251,0.0676,0.0461,1141,98513,0,0.43;0.23;0.00;0.08;0.17;0.34;0.33;0.32
paraonly,c8x6,2,chk,10,8,6,1,0.2102,22.1925,0.9006,1.8205,0.0283,0.0774,0.0653,1097,103425,0,0.28;0.24;0.19;0.32;0.42;0.24;0.30;0.27
paraonly,c8x6,2,chk,11,8,6,1,0.2299,22.9814,0.9130,1.8146,0.0131,0.0688,0.0009,1145,95457,0,0.21;0.23;0.33;0.06;0.35;0.23;0.13;0.16
paraonly,c8x6,2,chk,12,8,6,1,0.2065,21.7081,0.8882,1.8115,0.0261,0.0409,-0.0250,1121,102039,0,0.15;0.48;0.27;0.25;0.00;0.24;0.26;0.26
paraonly,c8x6,2,chk,13,8,6,1,0.2179,22.2981,0.8509,1.8143,0.0216,0.0631,0.0325,1122,98534,0,0.22;0.26;0.22;0.39;0.12;0.13;0.00;0.30
paraonly,c8x6,2,chk,14,8,6,1,0.2213,22.4286,1.0373,1.8135,0.0207,0.0551,-0.0076,1147,99493,0,0.32;0.19;0.31;0.20;0.27;0.18;0.00;0.21
paraonly,c8x6,2,chk,15,8,6,1,0.2227,22.8571,0.8509,1.8146,0.0175,0.0769,0.0178,1134,99478,0,0.27;0.16;0.18;0.18;0.15;0.25;0.27;0.24
paraonly,c8x6,2,chk,16,8,6,1,0.2223,23.1242,0.9627,1.8407,0.0177,0.0463,-0.0796,1153,96015,0,0.07;0.11;0.13;0.16;0.24;0.14;0.08;0.33
paraonly,c8x6,2,chk,17,8,6,1,0.2345,23.0745,0.7764,1.8148,0.0180,0.0555,-0.0087,1119,93051,0,0.29;0.09;0.23;0.28;0.29;0.13;0.20;0.25
paraonly,c8x6,2,chk,18,8,6,1,0.2195,22.5031,0.9193,1.8150,0.0275,0.0382,-0.0730,1128,100951,0,0.17;0.18;0.07;0.26;0.08;0.13;0.14;0.28
paraonly,c8x6,2,chk,19,8,6,1,0.2310,22.5280,0.8385,1.8040,0.0159,0.0608,0.0285,1129,101789,0,0.33;0.36;0.38;0.26;0.23;0.28;0.28;0.25
paraonly,c8x6,2,chk,20,8,6,1,0.1974,21.5901,0.8820,1.8203,0.0255,0.0493,-0.0582,1159,98846,0,0.12;0.26;0.35;0.06;0.24;0.16;0.06;0.23
paraonly,c8x6,2,chk,21,8,6,1,0.2294,22.6335,0.9193,1.7976,0.0202,0.0658,0.0135,1140,96601,0,0.15;0.31;0.24;0.13;0.06;0.10;0.16;0.07
paraonly,c8x6,2,chk,22,8,6,1,0.2109,21.4969,0.8012,1.8125,0.0336,0.0508,-0.0969,1115,99279,0,0.33;0.54;0.26;0.12;0.15;0.19;0.18;0.27
paraonly,c8x6,2,chk,23,8,6,1,0.2078,20.8758,0.8634,1.7462,0.0179,0.0478,-0.0418,1077,102710,0,0.07;0.28;0.43;0.20;0.06;0.20;0.00;0.35
paraonly,c8x6,2,chk,24,8,6,1,0.2142,22.0559,0.8509,1.7835,0.0266,0.0478,-0.0169,1139,100881,0,0.31;0.27;0.00;0.18;0.26;0.28;0.15;0.28
paraonly,bulk8,8,none,1,1,48,8,0.2364,38.4969,0.0613,2.8027,,,-0.0994,0,0,0,0.22;0.16;0.18;0.12;0.20;0.26;0.31;0.19
paraonly,bulk8,8,none,2,1,48,8,0.2122,39.6687,0.0920,3.1578,,,-0.1043,0,0,0,0.29;0.13;0.15;0.17;0.34;0.29;0.21;0.19
paraonly,bulk8,8,none,3,1,48,8,0.1957,38.8405,0.0736,3.1928,,,-0.2028,0,0,0,0.32;0.22;0.31;0.16;0.32;0.09;0.34;0.22
paraonly,bulk8,8,none,4,1,48,8,0.2622,39.3129,0.0920,2.7256,,,-0.2262,0,0,0,0.24;0.26;0.21;0.14;0.28;0.24;0.31;0.14
paraonly,bulk8,8,none,5,1,48,8,0.2453,35.5828,0.0859,2.6864,,,-0.0810,0,0,0,0.32;0.20;0.22;0.16;0.28;0.29;0.25;0.26
paraonly,bulk8,8,none,6,1,48,8,0.2257,37.8405,0.1288,2.8608,,,-0.0405,0,0,0,0.21;0.28;0.15;0.21;0.22;0.29;0.14;0.23
paraonly,bulk8,8,none,7,1,48,8,0.2810,35.8712,0.1166,2.5059,,,0.1024,0,0,0,0.33;0.32;0.24;0.25;0.29;0.32;0.24;0.38
paraonly,bulk8,8,none,8,1,48,8,0.2217,36.8528,0.1043,2.9454,,,-0.0220,0,0,0,0.26;0.24;0.27;0.14;0.21;0.20;0.32;0.31
paraonly,bulk8,8,none,9,1,48,8,0.2000,38.1166,0.0982,3.0522,,,-0.2656,0,0,0,0.29;0.23;0.20;0.24;0.28;0.17;0.21;0.12
paraonly,bulk8,8,none,10,1,48,8,0.2099,39.7362,0.0982,3.0994,,,-0.1275,0,0,0,0.23;0.31;0.20;0.27;0.10;0.34;0.24;0.21
paraonly,bulk8,8,none,11,1,48,8,0.2288,39.4724,0.0491,2.9845,,,-0.0037,0,0,0,0.28;0.23;0.21;0.27;0.14;0.26;0.25;0.34
paraonly,bulk8,8,none,12,1,48,8,0.2018,36.4540,0.1166,2.9824,,,-0.2638,1,8,0,0.21;0.23;0.19;0.16;0.28;0.31;0.24;0.12
paraonly,bulk8,8,none,13,1,48,8,0.2120,39.4049,0.0736,3.0873,,,-0.2204,0,0,0,0.21;0.19;0.33;0.17;0.15;0.21;0.18;0.17
paraonly,bulk8,8,none,14,1,48,8,0.2380,38.2393,0.0798,2.7992,,,0.0370,0,0,0,0.29;0.14;0.14;0.33;0.21;0.20;0.33;0.30
paraonly,bulk8,8,none,15,1,48,8,0.2470,37.0307,0.0982,2.7336,,,-0.2827,0,0,0,0.26;0.15;0.23;0.29;0.17;0.31;0.27;0.12
paraonly,bulk8,8,none,16,1,48,8,0.2430,39.5031,0.0675,2.8118,,,-0.2360,0,0,0,0.19;0.17;0.29;0.18;0.33;0.27;0.24;0.17
paraonly,bulk8,8,none,17,1,48,8,0.2194,36.1043,0.0491,2.9958,,,-0.1113,1,165,0,0.17;0.22;0.29;0.19;0.24;0.24;0.33;0.15
paraonly,bulk8,8,none,18,1,48,8,0.2412,36.4663,0.1472,2.7130,,,-0.1066,0,0,0,0.15;0.27;0.29;0.19;0.29;0.17;0.17;0.29
paraonly,bulk8,8,none,19,1,48,8,0.2333,35.5706,0.0859,2.7570,,,-0.1279,0,0,0,0.26;0.35;0.25;0.29;0.33;0.28;0.17;0.28
paraonly,bulk8,8,none,20,1,48,8,0.2501,37.7423,0.0982,2.7039,,,-0.0437,0,0,0,0.34;0.19;0.25;0.28;0.14;0.24;0.28;0.22
paraonly,bulk8,8,none,21,1,48,8,0.2462,38.8160,0.0736,2.7511,,,-0.2247,0,0,0,0.29;0.29;0.24;0.16;0.28;0.20;0.25;0.12
paraonly,bulk8,8,none,22,1,48,8,0.2364,38.2577,0.1104,2.8591,,,-0.1116,0,0,0,0.25;0.24;0.24;0.28;0.15;0.23;0.23;0.26
paraonly,bulk8,8,none,23,1,48,8,0.2667,35.6626,0.1227,2.5833,,,-0.0575,0,0,0,0.17;0.21;0.17;0.29;0.17;0.18;0.32;0.31
paraonly,bulk8,8,none,24,1,48,8,0.2234,38.8896,0.0491,2.9402,,,0.0564,1,95,0,0.21;0.25;0.19;0.22;0.26;0.26;0.10;0.35
paraonly,bulk8,8,scr,1,1,48,8,0.2536,39.0497,0.0683,2.8664,,,-0.1786,0,0,0,0.19;0.20;0.19;0.21;0.25;0.17;0.19;0.35
paraonly,bulk8,8,scr,2,1,48,8,0.2576,39.4658,0.0745,2.7434,,,-0.1832,0,0,0,0.17;0.31;0.19;0.25;0.00;0.19;0.30;0.27
paraonly,bulk8,8,scr,3,1,48,8,0.2653,39.8758,0.0994,2.6896,,,-0.1706,0,0,0,0.26;0.24;0.15;0.30;0.24;0.19;0.24;0.27
paraonly,bulk8,8,scr,4,1,48,8,0.2458,39.0994,0.0683,2.8616,,,-0.1337,0,0,0,0.28;0.20;0.09;0.18;0.16;0.10;0.23;0.21
paraonly,bulk8,8,scr,5,1,48,8,0.2650,40.4099,0.0621,2.7523,,,-0.1606,0,0,0,0.26;0.25;0.25;0.31;0.16;0.26;0.29;0.26
paraonly,bulk8,8,scr,6,1,48,8,0.2581,38.5901,0.0683,2.7047,,,-0.1785,0,0,0,0.30;0.25;0.32;0.24;0.17;0.21;0.31;0.19
paraonly,bulk8,8,scr,7,1,48,8,0.2127,39.0124,0.1056,3.0798,,,-0.1609,0,0,0,0.21;0.23;0.21;0.24;0.24;0.23;0.29;0.19
paraonly,bulk8,8,scr,8,1,48,8,0.2635,38.6335,0.0932,2.6611,,,-0.1932,0,0,0,0.24;0.21;0.19;0.23;0.25;0.33;0.14;0.14
paraonly,bulk8,8,scr,9,1,48,8,0.2171,37.5404,0.0870,2.8673,,,-0.1437,0,0,0,0.23;0.27;0.28;0.28;0.26;0.32;0.21;0.10
paraonly,bulk8,8,scr,10,1,48,8,0.2392,35.9565,0.0621,2.7053,,,-0.1840,0,0,0,0.26;0.27;0.17;0.14;0.22;0.27;0.24;0.19
paraonly,bulk8,8,scr,11,1,48,8,0.2760,38.7888,0.0932,2.5957,,,-0.2061,0,0,0,0.23;0.19;0.22;0.30;0.15;0.24;0.24;0.18
paraonly,bulk8,8,scr,12,1,48,8,0.2171,37.9752,0.0932,3.0039,,,-0.1800,0,0,0,0.25;0.28;0.24;0.27;0.26;0.19;0.11;0.28
paraonly,bulk8,8,scr,13,1,48,8,0.2404,39.1739,0.0683,2.9448,,,-0.1788,0,0,0,0.24;0.14;0.22;0.17;0.29;0.30;0.24;0.26
paraonly,bulk8,8,scr,14,1,48,8,0.2742,38.7516,0.0994,2.6527,,,-0.1786,0,0,0,0.17;0.26;0.21;0.19;0.29;0.24;0.18;0.38
paraonly,bulk8,8,scr,15,1,48,8,0.2217,40.2050,0.0932,3.0668,,,-0.1718,0,0,0,0.27;0.26;0.19;0.31;0.23;0.23;0.33;0.22
paraonly,bulk8,8,scr,16,1,48,8,0.2412,38.9752,0.1056,2.8929,,,-0.2123,0,0,0,0.26;0.32;0.31;0.10;0.20;0.21;0.20;0.16
paraonly,bulk8,8,scr,17,1,48,8,0.2627,39.1304,0.0994,2.7292,,,-0.1603,0,0,0,0.43;0.23;0.24;0.25;0.21;0.11;0.23;0.35
paraonly,bulk8,8,scr,18,1,48,8,0.2613,38.1366,0.0994,2.7415,,,-0.1971,0,0,0,0.21;0.27;0.28;0.23;0.27;0.23;0.25;0.29
paraonly,bulk8,8,scr,19,1,48,8,0.2545,38.2857,0.1180,2.7412,,,-0.2371,0,0,0,0.21;0.19;0.24;0.20;0.21;0.30;0.18;0.21
paraonly,bulk8,8,scr,20,1,48,8,0.2491,38.7640,0.1056,2.7680,,,-0.2016,0,0,0,0.21;0.08;0.22;0.24;0.23;0.14;0.26;0.31
paraonly,bulk8,8,scr,21,1,48,8,0.2516,39.9068,0.0683,2.8532,,,-0.1507,0,0,0,0.25;0.24;0.15;0.11;0.31;0.26;0.25;0.31
paraonly,bulk8,8,scr,22,1,48,8,0.2706,38.9876,0.0683,2.6882,,,-0.2197,0,0,0,0.27;0.13;0.27;0.12;0.30;0.30;0.21;0.28
paraonly,bulk8,8,scr,23,1,48,8,0.2601,36.7205,0.0497,2.6203,,,-0.1138,0,0,0,0.21;0.28;0.27;0.33;0.28;0.23;0.31;0.30
paraonly,bulk8,8,scr,24,1,48,8,0.2668,38.9193,0.0932,2.6972,,,-0.1500,0,0,0,0.27;0.24;0.16;0.26;0.31;0.24;0.26;0.19
paraonly,bulk8,8,chk,1,1,48,8,0.2425,39.2981,0.0745,2.8601,,,-0.0321,0,0,0,0.37;0.22;0.26;0.24;0.28;0.28;0.26;0.28
paraonly,bulk8,8,chk,2,1,48,8,0.2708,36.1491,0.1863,2.5680,,,-0.0433,0,0,0,0.19;0.24;0.18;0.21;0.22;0.17;0.33;0.23
paraonly,bulk8,8,chk,3,1,48,8,0.2508,35.8199,0.0932,2.7101,,,-0.0381,1,34,0,0.15;0.09;0.20;0.07;0.15;0.27;0.25;0.24
paraonly,bulk8,8,chk,4,1,48,8,0.2406,39.7391,0.0994,2.8837,,,-0.0357,0,0,0,0.27;0.24;0.25;0.26;0.24;0.29;0.25;0.17
paraonly,bulk8,8,chk,5,1,48,8,0.2543,39.1739,0.0932,2.8056,,,-0.0402,0,0,0,0.19;0.25;0.25;0.23;0.25;0.16;0.22;0.25
paraonly,bulk8,8,chk,6,1,48,8,0.2012,38.7764,0.0621,3.1113,,,-0.0529,0,0,0,0.36;0.13;0.32;0.15;0.07;0.22;0.26;0.18
paraonly,bulk8,8,chk,7,1,48,8,0.2488,40.0311,0.0932,2.8454,,,-0.0267,0,0,0,0.14;0.23;0.16;0.26;0.26;0.23;0.29;0.19
paraonly,bulk8,8,chk,8,1,48,8,0.2364,34.4161,0.1118,2.6949,,,-0.0469,0,0,0,0.28;0.18;0.22;0.21;0.18;0.30;0.18;0.23
paraonly,bulk8,8,chk,9,1,48,8,0.2400,35.4224,0.0497,2.6894,,,-0.0657,1,34,0,0.25;0.19;0.29;0.23;0.19;0.22;0.18;0.07
paraonly,bulk8,8,chk,10,1,48,8,0.2239,34.7329,0.0807,2.8724,,,-0.0346,1,33,0,0.27;0.12;0.29;0.21;0.29;0.21;0.17;0.10
paraonly,bulk8,8,chk,11,1,48,8,0.2249,37.7081,0.0932,2.9456,,,-0.0344,0,0,0,0.23;0.25;0.30;0.24;0.23;0.27;0.23;0.25
paraonly,bulk8,8,chk,12,1,48,8,0.2265,36.0932,0.1056,2.8538,,,-0.0541,0,0,0,0.25;0.29;0.12;0.23;0.21;0.21;0.16;0.25
paraonly,bulk8,8,chk,13,1,48,8,0.2179,38.4286,0.1242,3.0114,,,-0.0281,0,0,0,0.27;0.34;0.31;0.13;0.31;0.21;0.23;0.16
paraonly,bulk8,8,chk,14,1,48,8,0.2560,36.9130,0.0994,2.6326,,,-0.0488,0,0,0,0.33;0.24;0.26;0.27;0.11;0.24;0.22;0.06
paraonly,bulk8,8,chk,15,1,48,8,0.2581,38.6149,0.0807,2.7482,,,-0.0208,0,0,0,0.25;0.36;0.15;0.28;0.29;0.14;0.26;0.21
paraonly,bulk8,8,chk,16,1,48,8,0.2687,39.2112,0.0559,2.6830,,,-0.0184,0,0,0,0.23;0.27;0.17;0.24;0.26;0.34;0.37;0.18
paraonly,bulk8,8,chk,17,1,48,8,0.2271,38.2360,0.0932,2.9310,,,-0.0541,0,0,0,0.33;0.17;0.28;0.32;0.28;0.05;0.24;0.19
paraonly,bulk8,8,chk,18,1,48,8,0.2478,36.8447,0.0994,2.6676,,,-0.0462,0,0,0,0.30;0.30;0.15;0.26;0.22;0.18;0.27;0.32
paraonly,bulk8,8,chk,19,1,48,8,0.2345,39.4596,0.0994,2.9111,,,-0.0149,0,0,0,0.33;0.15;0.23;0.20;0.24;0.22;0.29;0.16
paraonly,bulk8,8,chk,20,1,48,8,0.2407,36.4099,0.1491,2.6825,,,-0.0236,0,0,0,0.21;0.10;0.36;0.21;0.24;0.17;0.19;0.20
paraonly,bulk8,8,chk,21,1,48,8,0.2314,39.8696,0.0745,3.0170,,,-0.0443,0,0,0,0.19;0.16;0.20;0.27;0.20;0.37;0.26;0.24
paraonly,bulk8,8,chk,22,1,48,8,0.2372,39.3230,0.0745,2.9040,,,-0.0372,0,0,0,0.13;0.16;0.21;0.24;0.18;0.31;0.26;0.24
paraonly,bulk8,8,chk,23,1,48,8,0.2387,35.4845,0.1118,2.7275,,,-0.0480,0,0,0,0.25;0.15;0.22;0.25;0.15;0.22;0.24;0.26
paraonly,bulk8,8,chk,24,1,48,8,0.1919,34.7640,0.1615,3.0810,,,-0.0270,0,0,0,0.22;0.23;0.27;0.21;0.30;0.28;0.17;0.19
paraonly,bulk8,2,none,1,1,48,8,0.1726,13.6564,0.4110,1.8786,,,-0.1778,24,410,0,0.22;0.25;0.18;0.38;0.14;0.40;0.29;0.12
paraonly,bulk8,2,none,2,1,48,8,0.1363,13.3620,0.3926,1.9071,,,-0.1543,41,2699,0,0.33;0.09;0.25;0.00;0.17;0.14;0.00;0.11
paraonly,bulk8,2,none,3,1,48,8,0.1678,15.4663,0.4908,1.8432,,,0.0000,33,917,0,0.17;0.00;0.38;0.14;0.12;0.00;0.21;0.33
paraonly,bulk8,2,none,4,1,48,8,0.1737,15.3436,0.4601,1.8385,,,-0.2628,43,1306,0,0.29;0.33;0.20;0.10;0.00;0.40;0.10;0.20
paraonly,bulk8,2,none,5,1,48,8,0.1583,15.1350,0.4417,1.8546,,,-0.1636,55,2164,0,0.10;0.14;0.27;0.12;0.33;0.17;0.20;0.20
paraonly,bulk8,2,none,6,1,48,8,0.1908,14.9018,0.5031,1.8035,,,-0.2679,37,1605,0,0.33;0.14;0.00;0.00;0.25;0.09;0.12;0.25
paraonly,bulk8,2,none,7,1,48,8,0.1973,14.2270,0.4663,1.8252,,,-0.3182,29,1528,0,0.17;0.00;0.25;0.00;0.00;0.09;0.18;0.22
paraonly,bulk8,2,none,8,1,48,8,0.1795,15.1043,0.5153,1.8101,,,-0.3000,48,1948,0,0.11;0.00;0.25;0.00;0.12;0.44;0.11;0.10
paraonly,bulk8,2,none,9,1,48,8,0.1562,14.6442,0.4847,1.8524,,,-0.1333,36,1631,0,0.00;0.46;0.14;0.44;0.30;0.00;0.30;0.22
paraonly,bulk8,2,none,10,1,48,8,0.1740,15.8528,0.4847,1.9201,,,-0.3077,41,1489,0,0.18;0.17;0.00;0.33;0.00;0.00;0.31;0.00
paraonly,bulk8,2,none,11,1,48,8,0.1658,14.3926,0.4294,1.7719,,,-0.3333,44,2086,0,0.10;0.00;0.29;0.00;0.29;0.38;0.20;0.12
paraonly,bulk8,2,none,12,1,48,8,0.1499,14.2761,0.4785,1.8541,,,-0.2571,35,1176,0,0.27;0.30;0.17;0.00;0.00;0.14;0.00;0.00
paraonly,bulk8,2,none,13,1,48,8,0.1962,15.4417,0.5092,1.8473,,,-0.2609,30,1136,0,0.54;0.00;0.25;0.25;0.00;0.33;0.00;0.12
paraonly,bulk8,2,none,14,1,48,8,0.1810,13.6380,0.4601,1.8448,,,-0.0960,41,2072,0,0.18;0.00;0.38;0.12;0.00;0.27;0.27;0.25
paraonly,bulk8,2,none,15,1,48,8,0.1723,14.1718,0.4908,1.8311,,,-0.0783,39,1973,0,0.22;0.00;0.33;0.00;0.00;0.00;0.25;0.36
paraonly,bulk8,2,none,16,1,48,8,0.1770,15.0798,0.5153,1.9132,,,-0.3684,35,1299,0,0.14;0.00;0.25;0.22;0.22;0.29;0.29;0.25
paraonly,bulk8,2,none,17,1,48,8,0.1723,13.4110,0.3926,1.8861,,,-0.0073,49,1929,0,0.18;0.22;0.30;0.29;0.20;0.20;0.25;0.25
paraonly,bulk8,2,none,18,1,48,8,0.1436,14.1288,0.4233,1.8284,,,-0.0083,40,1324,0,0.20;0.36;0.09;0.33;0.33;0.20;0.17;0.29
paraonly,bulk8,2,none,19,1,48,8,0.1404,14.2699,0.4417,1.8451,,,0.0514,52,2371,0,0.27;0.00;0.00;0.25;0.29;0.25;0.11;0.12
paraonly,bulk8,2,none,20,1,48,8,0.1999,14.3006,0.4663,1.8303,,,-0.2750,28,1468,0,0.14;0.29;0.30;0.25;0.25;0.45;0.22;0.22
paraonly,bulk8,2,none,21,1,48,8,0.1533,15.2086,0.4969,1.7830,,,-0.3846,58,2504,0,0.33;0.00;0.40;0.29;0.00;0.38;0.00;0.17
paraonly,bulk8,2,none,22,1,48,8,0.1380,14.3252,0.4601,1.8799,,,0.0160,54,2416,0,0.17;0.33;0.20;0.00;0.12;0.14;0.27;0.38
paraonly,bulk8,2,none,23,1,48,8,0.1677,15.3497,0.5706,1.7968,,,-0.3098,54,2462,0,0.00;0.20;0.20;0.29;0.12;0.17;0.22;0.00
paraonly,bulk8,2,none,24,1,48,8,0.1313,13.8160,0.4724,1.8917,,,-0.4444,40,2044,0,0.00;0.20;0.14;0.17;0.14;0.12;0.00;0.00
paraonly,bulk8,2,scr,1,1,48,8,0.1327,14.2174,0.4099,1.9269,,,-0.0816,45,2071,0,0.12;0.33;0.33;0.00;0.14;0.11;0.00;0.00
paraonly,bulk8,2,scr,2,1,48,8,0.1564,13.2609,0.3975,1.8357,,,-0.0117,24,1669,0,0.00;0.17;0.00;0.33;0.17;0.29;0.00;0.20
paraonly,bulk8,2,scr,3,1,48,8,0.1845,15.7267,0.5963,1.7960,,,-0.0418,20,508,0,0.17;0.11;0.12;0.08;0.00;0.29;0.25;0.14
paraonly,bulk8,2,scr,4,1,48,8,0.1505,14.4099,0.4348,1.8586,,,-0.0383,38,1669,0,0.14;0.30;0.17;0.20;0.00;0.22;0.11;0.50
paraonly,bulk8,2,scr,5,1,48,8,0.1803,14.4907,0.4720,1.8452,,,0.0145,33,1798,0,0.25;0.36;0.22;0.10;0.22;0.27;0.22;0.25
paraonly,bulk8,2,scr,6,1,48,8,0.1669,15.4099,0.5031,1.8766,,,-0.0233,33,1482,0,0.17;0.33;0.25;0.22;0.31;0.14;0.25;0.33
paraonly,bulk8,2,scr,7,1,48,8,0.1291,13.5901,0.4037,1.8496,,,-0.0340,48,1853,0,0.20;0.27;0.10;0.25;0.00;0.00;0.00;0.27
paraonly,bulk8,2,scr,8,1,48,8,0.1570,13.9689,0.4410,1.8787,,,-0.0756,36,1465,0,0.00;0.00;0.00;0.31;0.50;0.10;0.12;0.20
paraonly,bulk8,2,scr,9,1,48,8,0.1631,14.7081,0.5652,1.8030,,,-0.0071,13,439,0,0.25;0.11;0.00;0.00;0.29;0.17;0.44;0.25
paraonly,bulk8,2,scr,10,1,48,8,0.1479,14.2236,0.4410,1.8350,,,-0.1186,43,1529,0,0.00;0.22;0.23;0.25;0.20;0.00;0.25;0.00
paraonly,bulk8,2,scr,11,1,48,8,0.2120,15.5776,0.4596,1.7830,,,-0.0617,37,950,0,0.14;0.00;0.11;0.17;0.27;0.33;0.14;0.17
paraonly,bulk8,2,scr,12,1,48,8,0.1795,14.5466,0.3975,1.8423,,,-0.0480,41,1755,0,0.25;0.12;0.00;0.00;0.12;0.22;0.14;0.12
paraonly,bulk8,2,scr,13,1,48,8,0.1521,14.3292,0.4720,1.8541,,,-0.1225,50,1649,0,0.14;0.00;0.27;0.14;0.38;0.11;0.14;0.17
paraonly,bulk8,2,scr,14,1,48,8,0.1535,13.6273,0.3975,1.8702,,,-0.0102,43,2070,0,0.22;0.17;0.25;0.17;0.11;0.20;0.14;0.25
paraonly,bulk8,2,scr,15,1,48,8,0.1527,14.6025,0.4161,1.9151,,,-0.0726,61,1726,0,0.14;0.33;0.20;0.14;0.30;0.00;0.18;0.10
paraonly,bulk8,2,scr,16,1,48,8,0.1487,13.8509,0.4224,1.8290,,,-0.0572,43,1684,0,0.25;0.00;0.50;0.00;0.17;0.14;0.25;0.20
paraonly,bulk8,2,scr,17,1,48,8,0.1880,14.3106,0.4783,1.8288,,,-0.0917,28,1020,0,0.00;0.09;0.17;0.00;0.22;0.00;0.00;0.00
paraonly,bulk8,2,scr,18,1,48,8,0.1810,15.9503,0.4161,1.8176,,,-0.0934,43,1422,0,0.00;0.00;0.20;0.20;0.30;0.25;0.00;0.20
paraonly,bulk8,2,scr,19,1,48,8,0.1455,13.8758,0.4037,1.8587,,,-0.0162,41,1529,0,0.00;0.40;0.14;0.00;0.00;0.09;0.00;0.25
paraonly,bulk8,2,scr,20,1,48,8,0.1567,14.5901,0.4286,1.8905,,,-0.1040,25,1166,0,0.22;0.00;0.17;0.22;0.22;0.00;0.17;0.00
paraonly,bulk8,2,scr,21,1,48,8,0.1921,14.8820,0.3913,1.8171,,,-0.0276,39,1501,0,0.29;0.14;0.00;0.00;0.11;0.25;0.30;0.25
paraonly,bulk8,2,scr,22,1,48,8,0.1772,14.7081,0.4472,1.8524,,,-0.0402,40,1770,0,0.00;0.00;0.11;0.10;0.14;0.00;0.25;0.00
paraonly,bulk8,2,scr,23,1,48,8,0.1927,15.5217,0.5155,1.8266,,,-0.0718,21,1047,0,0.00;0.33;0.38;0.12;0.38;0.14;0.00;0.22
paraonly,bulk8,2,scr,24,1,48,8,0.1760,14.3043,0.4348,1.8468,,,-0.0505,33,1514,0,0.00;0.00;0.25;0.11;0.31;0.30;0.00;0.11
paraonly,bulk8,2,chk,1,1,48,8,0.1411,11.6832,0.1801,1.9711,,,-0.0038,43,3186,0,0.22;0.20;0.25;0.00;0.00;0.12;0.00;0.00
paraonly,bulk8,2,chk,2,1,48,8,0.1199,12.6584,0.3416,2.0196,,,0.0007,46,1866,0,0.00;0.20;0.12;0.00;0.22;0.00;0.25;0.25
paraonly,bulk8,2,chk,3,1,48,8,0.1700,12.6149,0.2981,1.9170,,,-0.1010,54,2825,0,0.00;0.20;0.11;0.30;0.22;0.12;0.22;0.00
paraonly,bulk8,2,chk,4,1,48,8,0.1488,11.8820,0.2733,2.1463,,,-0.1134,48,3254,0,0.00;0.18;0.00;0.00;0.25;0.00;0.43;0.40
paraonly,bulk8,2,chk,5,1,48,8,0.1484,11.3913,0.2360,2.1055,,,-0.1056,54,3253,0,0.29;0.00;0.25;0.00;0.12;0.20;0.17;0.33
paraonly,bulk8,2,chk,6,1,48,8,0.1376,12.4472,0.2484,2.0649,,,-0.0728,55,4259,0,0.36;0.00;0.22;0.30;0.00;0.17;0.17;0.21
paraonly,bulk8,2,chk,7,1,48,8,0.1311,11.9938,0.2733,2.1309,,,-0.0651,54,2991,0,0.17;0.00;0.20;0.00;0.20;0.33;0.29;0.00
paraonly,bulk8,2,chk,8,1,48,8,0.1560,12.8696,0.3043,1.9316,,,-0.0172,31,1850,0,0.33;0.27;0.00;0.33;0.40;0.17;0.00;0.14
paraonly,bulk8,2,chk,9,1,48,8,0.1202,12.1925,0.2857,2.1821,,,-0.0722,54,3146,0,0.10;0.00;0.00;0.00;0.00;0.00;0.00;0.20
paraonly,bulk8,2,chk,10,1,48,8,0.1618,11.8820,0.2298,2.0145,,,-0.0595,36,1988,0,0.12;0.12;0.00;0.00;0.00;0.25;0.22;0.17
paraonly,bulk8,2,chk,11,1,48,8,0.1446,12.3292,0.2795,2.1673,,,-0.0913,39,2116,0,0.33;0.14;0.25;0.12;0.33;0.30;0.14;0.00
paraonly,bulk8,2,chk,12,1,48,8,0.1634,11.9068,0.2671,1.9588,,,-0.1083,43,2473,0,0.00;0.18;0.20;0.17;0.00;0.20;0.50;0.12
paraonly,bulk8,2,chk,13,1,48,8,0.1570,12.9068,0.2919,2.0286,,,-0.0845,69,4023,0,0.33;0.00;0.00;0.00;0.36;0.00;0.22;0.00
paraonly,bulk8,2,chk,14,1,48,8,0.1789,12.9006,0.3043,1.9568,,,-0.0027,30,1330,0,0.43;0.20;0.33;0.36;0.29;0.12;0.20;0.14
paraonly,bulk8,2,chk,15,1,48,8,0.1500,12.6398,0.3292,2.0532,,,-0.0838,44,2215,0,0.11;0.00;0.20;0.00;0.10;0.40;0.00;0.29
paraonly,bulk8,2,chk,16,1,48,8,0.1886,12.9627,0.2795,2.0685,,,-0.0402,41,2048,0,0.00;0.10;0.20;0.30;0.20;0.14;0.17;0.17
paraonly,bulk8,2,chk,17,1,48,8,0.1735,12.3416,0.2422,1.9198,,,-0.0604,43,3109,0,0.18;0.17;0.50;0.25;0.20;0.30;0.00;0.00
paraonly,bulk8,2,chk,18,1,48,8,0.1232,12.2236,0.2484,2.2019,,,-0.0362,62,3491,0,0.27;0.25;0.00;0.00;0.20;0.20;0.12;0.20
paraonly,bulk8,2,chk,19,1,48,8,0.1524,12.8447,0.3354,1.9990,,,-0.0577,61,3560,0,0.12;0.25;0.12;0.20;0.10;0.00;0.20;0.00
paraonly,bulk8,2,chk,20,1,48,8,0.1278,11.8696,0.2174,1.9952,,,-0.0458,49,2867,0,0.17;0.22;0.18;0.00;0.17;0.14;0.14;0.00
paraonly,bulk8,2,chk,21,1,48,8,0.1391,11.6522,0.1615,2.1696,,,-0.0355,52,2926,0,0.33;0.00;0.11;0.22;0.22;0.00;0.30;0.00
paraonly,bulk8,2,chk,22,1,48,8,0.1623,11.8944,0.2609,2.0777,,,-0.0310,59,2892,0,0.11;0.00;-;0.25;0.25;0.25;0.33;0.38
paraonly,bulk8,2,chk,23,1,48,8,0.1423,12.6460,0.2919,2.0312,,,-0.0927,66,3487,0,0.17;0.31;0.00;0.00;0.50;0.00;0.27;0.00
paraonly,bulk8,2,chk,24,1,48,8,0.1631,12.6584,0.3168,2.1393,,,-0.0246,48,2454,0,0.10;0.00;0.22;0.25;0.33;0.22;0.14;0.23
plain,bulk4,8,none,1,1,48,4,0.0000,39.7853,0.1104,7.4250,,,-0.2273,0,21447,0,0.00;0.00;0.00;0.00;0.00;0.00;0.00;0.00
plain,bulk4,8,none,2,1,48,4,0.0000,21.8282,0.2086,3.1418,,,-0.2273,0,17172,0,0.05;0.10;0.00;0.00;0.00;0.00;0.00;0.00
plain,bulk4,8,none,3,1,48,4,0.0000,21.6748,0.1902,3.1008,,,-0.4000,0,6453,0,0.03;0.03;0.04;0.05;0.03;0.00;0.00;0.00
plain,bulk4,8,none,4,1,48,4,0.0000,21.0920,0.1718,3.0520,,,-0.5217,0,15687,0,0.07;0.00;0.00;0.00;0.00;0.00;0.00;0.00
plain,bulk4,8,none,5,1,48,4,0.0262,39.5521,0.0613,7.0528,,,-0.4074,0,2340,0,0.11;0.03;0.06;0.08;0.03;0.00;0.03;0.00
plain,bulk4,8,none,6,1,48,4,0.0438,33.8098,0.1595,3.9737,,,-0.1470,0,0,0,0.00;0.06;0.06;0.05;0.06;0.00;0.04;0.04
plain,bulk4,8,none,7,1,48,4,0.0075,20.7117,0.1595,3.1498,,,-0.2692,0,5202,0,0.04;0.00;0.00;0.06;0.09;0.07;0.00;0.00
plain,bulk4,8,none,8,1,48,4,0.0000,24.8834,0.2147,3.3472,,,-0.4091,0,18945,0,0.08;0.00;0.00;0.00;0.00;0.00;0.00;0.00
plain,bulk4,8,none,9,1,48,4,0.0000,24.2699,0.1840,3.3459,,,-0.4737,0,23535,0,0.00;0.00;0.00;0.00;0.00;0.00;0.00;0.00
plain,bulk4,8,none,10,1,48,4,0.0000,22.7730,0.1350,3.1574,,,-0.1852,0,21276,0,0.00;0.00;0.00;0.00;0.00;0.00;0.00;0.00
plain,bulk4,8,none,11,1,48,4,0.0000,23.7546,0.1472,3.1813,,,-0.3462,0,15858,0,0.04;0.10;0.00;0.00;0.00;0.00;0.00;0.00
plain,bulk4,8,none,12,1,48,4,0.0000,19.7117,0.1411,3.0346,,,-0.3333,0,14229,0,0.03;0.00;0.06;0.00;0.00;0.00;0.00;0.00
plain,bulk4,8,none,13,1,48,4,0.0000,23.1288,0.1718,3.1521,,,-0.2692,0,18972,0,0.00;0.00;0.00;0.00;0.00;0.00;0.00;0.00
plain,bulk4,8,none,14,1,48,4,0.0372,35.7362,0.1595,4.3631,,,-0.2800,0,585,0,0.05;0.05;0.09;0.00;0.05;0.03;0.05;0.00
plain,bulk4,8,none,15,1,48,4,0.0000,21.4601,0.1963,2.9641,,,-0.2400,0,23256,0,0.00;0.00;0.00;0.00;0.00;0.00;0.00;0.00
plain,bulk4,8,none,16,1,48,4,0.0000,20.4110,0.1472,2.9158,,,-0.2083,0,19359,0,0.00;0.00;0.00;0.00;0.00;0.00;0.00;0.00
plain,bulk4,8,none,17,1,48,4,0.0000,38.1902,0.1227,5.9283,,,-0.3333,0,6561,0,0.09;0.08;0.06;0.03;0.03;0.00;0.00;0.00
plain,bulk4,8,none,18,1,48,4,0.0000,40.5706,0.1043,8.6142,,,-0.2917,0,16605,0,0.03;0.04;0.00;0.00;0.00;0.00;0.00;0.00
plain,bulk4,8,none,19,1,48,4,0.0000,20.3558,0.1227,2.9744,,,-0.3182,0,21591,0,0.00;0.00;0.00;0.00;0.00;0.00;0.00;0.00
plain,bulk4,8,none,20,1,48,4,0.0000,22.6196,0.1472,3.0790,,,-0.3182,0,21879,0,0.00;0.00;0.00;0.00;0.00;0.00;0.00;0.00
plain,bulk4,8,none,21,1,48,4,0.0000,20.3926,0.1718,3.1725,,,-0.2381,0,22635,0,0.00;0.00;0.00;0.00;0.00;0.00;0.00;0.00
plain,bulk4,8,none,22,1,48,4,0.0000,20.3436,0.1166,2.8338,,,-0.3529,0,10548,0,0.07;0.09;0.08;0.03;0.00;0.00;0.00;0.00
plain,bulk4,8,none,23,1,48,4,0.0069,40.5828,0.1043,8.5559,,,-0.2800,0,5085,0,0.04;0.03;0.03;0.04;0.08;0.04;0.00;0.00
plain,bulk4,8,none,24,1,48,4,0.0322,34.6380,0.1350,4.2007,,,-0.2857,0,0,0,0.05;0.12;0.04;0.03;0.06;0.06;0.04;0.05
plain,bulk4,8,scr,1,1,48,4,0.0000,40.7826,0.1118,9.4702,,,-0.0972,0,16119,0,0.09;0.04;0.00;0.00;0.00;0.00;0.00;0.00
plain,bulk4,8,scr,2,1,48,4,0.0000,34.7950,0.1429,4.7502,,,-0.1368,0,12006,0,0.04;0.08;0.06;0.00;0.00;0.00;0.00;0.00
plain,bulk4,8,scr,3,1,48,4,0.0000,30.9317,0.1615,4.0640,,,-0.0620,0,17829,0,0.09;0.06;0.00;0.00;0.00;0.00;0.00;0.00
plain,bulk4,8,scr,4,1,48,4,0.0000,30.0807,0.1863,4.1709,,,-0.0913,0,15912,0,0.12;0.00;0.00;0.00;0.00;0.00;0.00;0.00
plain,bulk4,8,scr,5,1,48,4,0.0000,38.3975,0.1180,5.9549,,,-0.0771,0,14607,0,0.11;0.05;0.00;0.00;0.00;0.00;0.00;0.00
plain,bulk4,8,scr,6,1,48,4,0.0000,40.7081,0.0870,8.4515,,,-0.0448,0,18441,0,0.10;0.00;0.00;0.00;0.00;0.00;0.00;0.00
plain,bulk4,8,scr,7,1,48,4,0.0000,39.8634,0.0932,7.1908,,,-0.0757,0,15615,0,0.07;0.07;0.00;0.00;0.00;0.00;0.00;0.00
plain,bulk4,8,scr,8,1,48,4,0.0000,28.0186,0.1863,3.6151,,,-0.1474,0,12690,0,0.12;0.10;0.19;0.00;0.00;0.00;0.00;0.00
plain,bulk4,8,scr,9,1,48,4,0.0000,29.7019,0.1925,4.0388,,,-0.0721,0,18135,0,0.17;0.00;0.00;0.00;0.00;0.00;0.00;0.00
plain,bulk4,8,scr,10,1,48,4,0.0000,34.0994,0.1429,4.8076,,,-0.1524,0,11520,0,0.06;0.04;0.06;0.16;0.00;0.00;0.00;0.00
plain,bulk4,8,scr,11,1,48,4,0.0000,31.7143,0.1553,4.2198,,,-0.0490,0,21096,0,0.00;0.00;0.00;0.00;0.00;0.00;0.00;0.00
plain,bulk4,8,scr,12,1,48,4,0.0000,31.5776,0.1739,4.0452,,,-0.1660,0,12069,0,0.09;0.04;0.10;0.00;0.00;0.00;0.00;0.00
plain,bulk4,8,scr,13,1,48,4,0.1250,39.7578,0.0683,4.0821,,,-0.3077,0,0,0,0.06;0.07;0.08;0.07;0.08;0.09;0.10;0.12
plain,bulk4,8,scr,14,1,48,4,0.0000,32.6087,0.1925,4.3620,,,-0.0994,0,14571,0,0.09;0.05;0.07;0.00;0.00;0.00;0.00;0.00
plain,bulk4,8,scr,15,1,48,4,0.0000,40.1180,0.1180,7.5555,,,-0.1053,0,11133,0,0.06;0.09;0.05;0.11;0.00;0.00;0.00;0.00
plain,bulk4,8,scr,16,1,48,4,0.0000,39.0745,0.0932,7.0636,,,-0.0185,0,21294,0,0.00;0.00;0.00;0.00;0.00;0.00;0.00;0.00
plain,bulk4,8,scr,17,1,48,4,0.0000,40.0932,0.0683,7.7833,,,-0.0533,0,17397,0,0.04;0.05;0.00;0.00;0.00;0.00;0.00;0.00
plain,bulk4,8,scr,18,1,48,4,0.0000,39.6087,0.1304,7.0622,,,-0.0752,0,17559,0,0.08;0.03;0.00;0.00;0.00;0.00;0.00;0.00
plain,bulk4,8,scr,19,1,48,4,0.0000,34.2795,0.1739,4.7158,,,-0.0471,0,21627,0,0.00;0.00;0.00;0.00;0.00;0.00;0.00;0.00
plain,bulk4,8,scr,20,1,48,4,0.1372,36.2298,0.1429,3.4320,,,-0.2594,0,0,0,0.15;0.07;0.09;0.09;0.12;0.17;0.12;0.00
plain,bulk4,8,scr,21,1,48,4,0.0000,33.8571,0.1429,4.4311,,,-0.1958,0,6318,0,0.09;0.04;0.00;0.10;0.05;0.00;0.00;0.00
plain,bulk4,8,scr,22,1,48,4,0.0000,32.4161,0.1553,4.1148,,,-0.0125,0,23463,0,0.00;0.00;0.00;0.00;0.00;0.00;0.00;0.00
plain,bulk4,8,scr,23,1,48,4,0.0618,34.4845,0.1801,3.8079,,,-0.2057,0,1017,0,0.06;0.03;0.08;0.03;0.13;0.06;0.06;0.00
plain,bulk4,8,scr,24,1,48,4,0.0000,40.3851,0.0932,8.1195,,,-0.1035,0,12582,0,0.10;0.04;0.03;0.00;0.00;0.00;0.00;0.00
plain,bulk4,2,none,1,1,48,4,0.0000,5.9444,0.2099,1.6075,,,-0.3684,0,23354,0,0.00;0.00;0.00;0.00;0.00;0.00;0.00;0.00
plain,bulk4,2,none,2,1,48,4,0.0000,5.9506,0.2593,1.6497,,,-0.1667,0,22542,0,0.00;0.00;0.00;0.00;0.00;0.00;0.00;0.00
plain,bulk4,2,none,3,1,48,4,0.0000,11.2331,1.0123,2.5569,,,-0.2381,0,23793,0,0.00;0.00;0.00;0.00;0.00;0.00;0.00;0.00
plain,bulk4,2,none,4,1,48,4,0.0000,5.6173,0.2222,1.7226,,,-0.1739,0,22293,0,0.00;0.00;0.00;0.00;0.00;0.00;0.00;0.00
plain,bulk4,2,none,5,1,48,4,0.0000,6.0062,0.2099,1.7163,,,-0.3913,0,20771,0,0.00;0.00;0.00;0.00;0.00;0.00;0.00;0.00
plain,bulk4,2,none,6,1,48,4,0.0000,5.8642,0.2222,1.8010,,,-0.3500,0,23299,0,0.00;0.00;0.00;0.00;0.00;0.00;0.00;0.00
plain,bulk4,2,none,7,1,48,4,0.0000,5.8457,0.1975,1.6010,,,-0.3000,0,23504,0,0.00;0.00;0.00;-;-;0.00;0.00;0.00
plain,bulk4,2,none,8,1,48,4,0.0000,5.8765,0.2469,1.6183,,,-0.3750,0,23824,0,0.00;0.00;0.00;0.00;0.00;0.00;0.00;0.00
plain,bulk4,2,none,9,1,48,4,0.0000,5.9074,0.2654,1.6859,,,,0,23697,0,0.00;0.00;0.00;0.00;0.00;0.00;0.00;-
plain,bulk4,2,none,10,1,48,4,0.0000,5.9259,0.2407,1.6744,,,-0.2727,0,23790,0,0.00;0.00;0.00;0.00;0.00;-;0.00;0.00
plain,bulk4,2,none,11,1,48,4,0.0000,5.9259,0.2160,1.6935,,,-0.4091,0,23361,0,0.00;0.00;0.00;0.00;0.00;0.00;0.00;0.00
plain,bulk4,2,none,12,1,48,4,0.0000,5.8086,0.2346,1.6676,,,-0.2105,0,22572,0,0.00;0.00;0.00;0.00;0.00;0.00;0.00;0.00
plain,bulk4,2,none,13,1,48,4,0.0000,5.8148,0.2160,1.6834,,,-0.3600,0,23490,0,0.00;0.00;0.00;0.00;0.00;0.00;0.00;0.00
plain,bulk4,2,none,14,1,48,4,0.0000,5.8457,0.2346,1.6487,,,-0.3182,0,22594,0,0.00;0.00;0.00;0.00;0.00;0.00;0.00;0.00
plain,bulk4,2,none,15,1,48,4,0.0000,5.8642,0.1728,1.5635,,,-0.2609,0,23540,0,0.00;0.00;0.00;0.00;0.00;0.00;0.00;0.00
plain,bulk4,2,none,16,1,48,4,0.0000,5.8086,0.1914,1.7832,,,-0.3529,0,23815,0,0.00;0.00;0.00;0.00;0.00;0.00;0.00;0.00
plain,bulk4,2,none,17,1,48,4,0.0000,5.8704,0.1975,1.8174,,,-0.4375,0,23247,0,0.00;0.00;0.00;0.00;0.00;-;0.00;0.00
plain,bulk4,2,none,18,1,48,4,0.0000,6.0617,0.2160,1.6578,,,-0.3636,0,21767,0,0.00;0.00;-;0.00;0.00;0.00;0.00;0.00
plain,bulk4,2,none,19,1,48,4,0.0000,6.1049,0.3148,1.7846,,,-0.2727,0,23747,0,0.00;0.00;0.00;0.00;0.00;0.00;0.00;0.00
plain,bulk4,2,none,20,1,48,4,0.0000,5.8519,0.1914,1.6336,,,-0.3182,0,23288,0,0.00;0.00;0.00;0.00;0.00;0.00;0.00;0.00
plain,bulk4,2,none,21,1,48,4,0.0000,5.9321,0.2654,1.5587,,,-0.2000,0,23773,0,0.00;0.00;0.00;0.00;0.00;0.00;0.00;0.00
plain,bulk4,2,none,22,1,48,4,0.0000,5.7901,0.2284,1.7383,,,-0.4444,0,23358,0,0.00;0.00;0.00;0.00;0.00;0.00;0.00;0.00
plain,bulk4,2,none,23,1,48,4,0.0000,5.9136,0.2716,1.5921,,,-0.1818,0,23098,0,0.00;0.00;0.00;0.00;0.00;0.00;0.00;0.00
plain,bulk4,2,none,24,1,48,4,0.0000,5.6852,0.2222,1.6027,,,-0.1500,0,23816,0,0.00;0.00;0.00;0.00;0.00;0.00;0.00;0.00
plain,bulk4,2,scr,1,1,48,4,0.0000,6.1366,0.2609,1.6302,,,-0.0156,0,22277,0,0.00;0.00;0.00;0.00;0.00;0.00;0.00;0.00
plain,bulk4,2,scr,2,1,48,4,0.0000,6.0994,0.2547,1.6156,,,-0.0136,0,23648,0,0.00;0.00;0.00;0.00;0.00;0.00;0.00;0.00
plain,bulk4,2,scr,3,1,48,4,0.0000,5.8820,0.2174,1.7018,,,-0.0125,0,21397,0,-;-;0.00;0.00;0.00;0.00;0.00;0.00
plain,bulk4,2,scr,4,1,48,4,0.0000,11.6584,0.9814,2.5176,,,-0.0208,0,23862,0,0.00;0.00;0.00;0.00;0.00;0.00;0.00;0.00
plain,bulk4,2,scr,5,1,48,4,0.0000,5.9130,0.2360,1.6960,,,-0.0242,0,23271,0,0.00;0.00;0.00;0.00;0.00;0.00;0.00;0.00
plain,bulk4,2,scr,6,1,48,4,0.0000,6.1180,0.2609,1.6234,,,-0.0230,0,22511,0,0.00;0.00;-;0.00;0.00;0.00;-;0.00
plain,bulk4,2,scr,7,1,48,4,0.0000,5.9317,0.2298,1.6717,,,-0.0099,0,23759,0,0.00;0.00;0.00;0.00;0.00;0.00;0.00;0.00
plain,bulk4,2,scr,8,1,48,4,0.0000,5.9130,0.2050,1.6046,,,-0.0245,0,23584,0,0.00;0.00;-;0.00;0.00;0.00;0.00;0.00
plain,bulk4,2,scr,9,1,48,4,0.0000,6.0621,0.2422,1.7389,,,-0.0208,0,23819,0,0.00;0.00;0.00;0.00;0.00;0.00;0.00;0.00
plain,bulk4,2,scr,10,1,48,4,0.0000,5.8385,0.2112,1.6595,,,-0.0042,0,23849,0,0.00;0.00;0.00;0.00;0.00;0.00;0.00;0.00
plain,bulk4,2,scr,11,1,48,4,0.0000,5.9565,0.2919,1.5902,,,-0.0187,0,23653,0,0.00;0.00;0.00;0.00;0.00;0.00;0.00;0.00
plain,bulk4,2,scr,12,1,48,4,0.0000,5.8261,0.1988,1.6839,,,-0.0286,0,22563,0,0.00;0.00;0.00;0.00;0.00;0.00;0.00;0.00
plain,bulk4,2,scr,13,1,48,4,0.0000,5.8447,0.2360,1.5730,,,-0.0174,0,21422,0,0.00;0.00;0.00;0.00;0.00;0.00;0.00;0.00
plain,bulk4,2,scr,14,1,48,4,0.0000,6.1615,0.3106,1.5585,,,-0.0142,0,23787,0,0.00;0.00;0.00;0.00;0.00;0.00;0.00;0.00
plain,bulk4,2,scr,15,1,48,4,0.0000,5.6646,0.1801,1.6841,,,-0.0275,0,23028,0,0.00;0.00;0.00;0.00;0.00;0.00;0.00;0.00
plain,bulk4,2,scr,16,1,48,4,0.0000,5.9627,0.2547,1.6330,,,-0.0312,0,23189,0,0.00;0.00;0.00;0.00;0.00;0.00;0.00;0.00
plain,bulk4,2,scr,17,1,48,4,0.0000,11.8509,0.9938,2.5719,,,-0.0234,0,23838,0,0.00;0.00;0.00;0.00;0.00;0.00;0.00;0.00
plain,bulk4,2,scr,18,1,48,4,0.0000,5.9752,0.3043,1.6422,,,-0.0174,0,23222,0,0.00;0.00;0.00;0.00;0.00;0.00;0.00;0.00
plain,bulk4,2,scr,19,1,48,4,0.0000,5.9503,0.2981,1.6031,,,-0.0203,0,23756,0,0.00;0.00;0.00;0.00;0.00;0.00;0.00;0.00
plain,bulk4,2,scr,20,1,48,4,0.0000,6.0311,0.2981,1.6313,,,-0.0227,0,22879,0,-;0.00;0.00;0.00;0.00;0.00;0.00;0.00
plain,bulk4,2,scr,21,1,48,4,0.0000,5.9565,0.2422,1.6870,,,-0.0147,0,22632,0,0.00;0.00;0.00;0.00;0.00;0.00;0.00;-
plain,bulk4,2,scr,22,1,48,4,0.0000,5.9317,0.2484,1.6080,,,-0.0182,0,23770,0,0.00;0.00;0.00;0.00;0.00;0.00;0.00;-
plain,bulk4,2,scr,23,1,48,4,0.0000,6.0186,0.2733,1.6046,,,-0.0182,0,23749,0,0.00;0.00;0.00;0.00;0.00;0.00;0.00;0.00
plain,bulk4,2,scr,24,1,48,4,0.0000,6.0497,0.2919,1.5500,,,-0.0149,0,22576,0,0.00;0.00;0.00;0.00;0.00;-;0.00;0.00
plain,c4x12,8,none,1,4,12,1,0.0000,42.4294,0.0859,8.9192,0.0000,0.0000,-0.3575,0,87030,0,0.06;0.00;0.00;0.00;0.00;0.00;0.00;0.00
plain,c4x12,8,none,2,4,12,1,0.0000,43.0245,0.0920,9.2978,0.0000,0.0000,-0.3366,0,70083,0,0.13;0.10;0.10;0.00;0.00;0.00;0.00;0.00
plain,c4x12,8,none,3,4,12,1,0.0000,42.1963,0.1043,8.9421,0.0000,0.0000,-0.3155,0,86418,0,0.03;0.06;0.00;0.00;0.00;0.00;0.00;0.00
plain,c4x12,8,none,4,4,12,1,0.0000,42.1411,0.1227,8.7679,0.0000,0.0000,-0.2968,0,71649,0,0.11;0.06;0.05;0.05;0.03;0.00;0.00;0.00
plain,c4x12,8,none,5,4,12,1,0.0000,43.2209,0.0552,9.5017,0.0000,0.0000,-0.4158,0,71163,0,0.12;0.15;0.08;0.00;0.00;0.00;0.00;0.00
plain,c4x12,8,none,6,4,12,1,0.0000,42.4601,0.1104,8.8823,0.0000,0.0000,-0.3456,0,89748,0,0.00;0.00;0.00;0.00;0.00;0.00;0.00;0.00
plain,c4x12,8,none,7,4,12,1,0.0000,42.4233,0.1350,8.8221,0.0000,0.0000,-0.1984,0,79182,0,0.05;0.03;0.05;0.05;0.00;0.00;0.00;0.00
plain,c4x12,8,none,8,4,12,1,0.0000,43.2454,0.0675,9.4214,0.0000,0.0000,-0.3383,0,79686,0,0.10;0.05;0.00;0.00;0.00;0.00;0.00;0.00
plain,c4x12,8,none,9,4,12,1,0.0000,42.0552,0.1288,8.6654,0.0000,0.0000,-0.2048,0,85788,0,0.08;0.00;0.00;0.00;0.00;0.00;0.00;0.00
plain,c4x12,8,none,10,4,12,1,0.0000,41.2331,0.1166,8.0458,0.0000,0.0000,-0.4512,0,63009,0,0.13;0.13;0.08;0.05;0.05;0.00;0.00;0.00
plain,c4x12,8,none,11,4,12,1,0.0000,43.2638,0.1104,9.5142,0.0000,0.0000,-0.0778,0,85559,0,0.07;0.00;0.00;0.00;0.00;0.00;0.00;0.00
plain,c4x12,8,none,12,4,12,1,0.0000,42.8896,0.0920,9.1552,0.0000,0.0000,-0.2189,0,90126,0,0.00;0.00;0.00;0.00;0.00;0.00;0.00;0.00
plain,c4x12,8,none,13,4,12,1,0.0000,44.0245,0.0552,9.9793,0.0000,0.0000,-0.3112,0,88083,0,0.05;0.00;0.00;0.00;0.00;0.00;0.00;0.00
plain,c4x12,8,none,14,4,12,1,0.0000,42.9571,0.1104,9.2358,0.0000,0.0000,-0.2140,0,85086,0,0.04;0.00;0.00;0.00;0.00;0.00;0.00;0.00
plain,c4x12,8,none,15,4,12,1,0.0000,43.8405,0.0736,9.7814,0.0000,0.0000,-0.2978,0,91242,0,0.00;0.00;0.00;0.00;0.00;0.00;0.00;0.00
plain,c4x12,8,none,16,4,12,1,0.0000,43.1472,0.0982,9.3843,0.0000,0.0000,-0.4508,0,80370,0,0.04;0.03;0.04;0.00;0.00;0.00;0.00;0.00
plain,c4x12,8,none,17,4,12,1,0.0000,43.8466,0.0675,9.8011,0.0000,0.0000,-0.1855,0,81001,0,0.03;0.05;0.04;0.00;0.00;0.00;0.00;0.00
plain,c4x12,8,none,18,4,12,1,0.0000,42.2270,0.0736,8.8999,0.0000,0.0000,-0.1419,0,86792,0,0.05;0.00;0.00;0.00;0.00;0.00;0.00;0.00
plain,c4x12,8,none,19,4,12,1,0.0419,43.1840,0.0982,8.1686,0.0038,0.0052,-0.1653,0,57411,0,0.12;0.07;0.05;0.05;0.03;0.04;0.05;0.05
plain,c4x12,8,none,20,4,12,1,0.0000,43.7975,0.0368,9.8142,0.0000,0.0000,-0.2448,0,78228,0,0.03;0.05;0.03;0.05;0.00;0.00;0.00;0.00
plain,c4x12,8,none,21,4,12,1,0.0000,42.3865,0.1227,8.7713,0.0000,0.0000,-0.2366,0,82539,0,0.03;0.05;0.05;0.06;0.00;0.00;0.00;0.00
plain,c4x12,8,none,22,4,12,1,0.0000,42.9571,0.0982,9.2499,0.0000,0.0000,-0.1847,0,78741,0,0.14;0.05;0.03;0.00;0.00;0.00;0.00;0.00
plain,c4x12,8,none,23,4,12,1,0.0000,44,0.0491,9.9730,0.0000,0.0000,-0.1912,0,85082,0,0.09;0.00;0.00;0.00;0.00;0.00;0.00;0.00
plain,c4x12,8,none,24,4,12,1,0.0000,43.8650,0.0552,9.8914,0.0000,0.0000,-0.1273,0,86675,0,0.07;0.00;0.00;0.00;0.00;0.00;0.00;0.00
plain,c4x12,8,scr,1,4,12,1,0.0000,44.6522,0.0621,10.4187,-0.0005,0.0017,-0.0528,0,78030,0,0.15;0.04;0.00;0.00;0.00;0.00;0.00;0.00
plain,c4x12,8,scr,2,4,12,1,0.0000,41.3230,0.1491,8.3491,0.0005,0.0025,-0.1497,0,60908,0,0.20;0.15;0.09;0.00;0.00;0.00;0.00;0.00
plain,c4x12,8,scr,3,4,12,1,0.0000,41.2050,0.1304,8.1238,-0.0002,0.0029,-0.1523,0,56624,0,0.17;0.17;0.11;0.05;0.00;0.00;0.00;0.00
plain,c4x12,8,scr,4,4,12,1,0.0000,41.2050,0.1242,8.1469,-0.0015,0.0050,-0.1652,0,58622,0,0.05;0.06;0.03;0.06;0.06;0.00;0.00;0.00
plain,c4x12,8,scr,5,4,12,1,0.1934,43.8137,0.0497,4.9752,0.0001,0.0070,-0.2374,0,26919,0,0.12;0.12;0.08;0.10;0.02;0.00;0.09;0.23
plain,c4x12,8,scr,6,4,12,1,0.1536,43.7329,0.0435,5.6869,-0.0032,0.0105,-0.2641,0,19288,0,0.13;0.14;0.08;0.16;0.16;0.15;0.14;0.10
plain,c4x12,8,scr,7,4,12,1,0.0000,41.0994,0.1242,7.9997,0.0004,0.0007,-0.0439,0,87219,0,0.05;0.00;0.00;0.00;0.00;0.00;0.00;0.00
plain,c4x12,8,scr,8,4,12,1,0.1691,42.3478,0.0932,4.6506,0.0004,0.0080,-0.2444,0,30929,0,0.05;0.09;0.06;0.08;0.18;0.11;0.15;0.08
plain,c4x12,8,scr,9,4,12,1,0.0000,44.5342,0.0994,10.3641,0.0001,0.0051,-0.1755,0,57110,0,0.23;0.10;0.15;0.10;0.00;0.00;0.00;0.00
plain,c4x12,8,scr,10,4,12,1,0.2192,42.8758,0.0807,4.0466,0.0014,0.0077,-0.2251,0,23324,0,0.14;0.05;0.18;0.08;0.10;0.17;0.16;0.14
plain,c4x12,8,scr,11,4,12,1,0.0000,41.1925,0.0932,7.9027,0.0004,0.0042,-0.0841,0,71280,0,0.09;0.04;0.09;0.00;0.00;0.00;0.00;0.00
plain,c4x12,8,scr,12,4,12,1,0.1876,43.0497,0.0932,4.9157,0.0000,0.0061,-0.2440,0,23580,0,0.10;0.13;0.15;0.17;0.04;0.10;0.07;0.12
plain,c4x12,8,scr,13,4,12,1,0.0000,41.2484,0.1553,8.2558,0.0012,0.0050,-0.1250,0,51786,0,0.11;0.07;0.12;0.13;0.05;0.00;0.00;0.00
plain,c4x12,8,scr,14,4,12,1,0.0000,41.4348,0.0994,8.2563,0.0011,0.0040,-0.1881,0,49095,0,0.10;0.10;0.16;0.11;0.00;0.00;0.00;0.00
plain,c4x12,8,scr,15,4,12,1,0.0168,40.9503,0.0994,7.6216,0.0016,0.0060,-0.2271,0,36878,0,0.16;0.07;0.12;0.21;0.10;0.08;0.00;0.00
plain,c4x12,8,scr,16,4,12,1,0.0000,40.8385,0.2050,7.7580,0.0002,0.0047,-0.1337,0,54572,0,0.12;0.02;0.11;0.16;0.00;0.00;0.00;0.00
plain,c4x12,8,scr,17,4,12,1,0.0000,41.4161,0.1242,8.1825,0.0014,0.0036,-0.1267,0,55098,0,0.17;0.11;0.03;0.09;0.07;0.00;0.00;0.00
plain,c4x12,8,scr,18,4,12,1,0.0000,41.1677,0.1304,8.0471,0.0018,0.0034,-0.1189,0,58914,0,0.03;0.16;0.10;0.06;0.00;0.00;0.00;0.00
plain,c4x12,8,scr,19,4,12,1,0.1599,42.1553,0.0932,5.0202,0.0007,0.0082,-0.2315,0,23076,0,0.08;0.19;0.19;0.05;0.11;0.17;0.18;0.10
plain,c4x12,8,scr,20,4,12,1,0.0475,44.5839,0.0745,9.0899,0.0008,0.0045,-0.2298,0,37854,0,0.06;0.07;0.10;0.05;0.17;0.02;0.05;0.00
plain,c4x12,8,scr,21,4,12,1,0.0000,41.0373,0.0807,7.9390,0.0000,0.0023,-0.0854,0,76671,0,0.10;0.05;0.00;0.00;0.00;0.00;0.00;0.00
plain,c4x12,8,scr,22,4,12,1,0.0000,41.0807,0.1553,7.9242,0.0006,0.0017,-0.1116,0,75114,0,0.05;0.09;0.00;0.00;0.00;0.00;0.00;0.00
plain,c4x12,8,scr,23,4,12,1,0.2027,42.5528,0.0870,4.2604,0.0022,0.0054,-0.2424,0,21303,0,0.06;0.14;0.10;0.08;0.11;0.03;0.18;0.11
plain,c4x12,8,scr,24,4,12,1,0.1304,41.9441,0.0870,5.4111,0.0006,0.0063,-0.2865,0,20205,0,0.20;0.13;0.05;0.17;0.18;0.06;0.11;0.03
plain,c4x12,2,none,1,4,12,1,0.0000,8.8773,1.1718,1.9425,0.0000,0.0000,-0.2994,0,95496,0,0.00;0.00;0.00;0.00;0.00;0.00;0.00;0.00
plain,c4x12,2,none,2,4,12,1,0.0000,9.0123,0.9509,1.9806,0.0000,0.0000,-0.1022,0,95300,0,0.00;0.00;0.00;0.00;0.00;0.00;0.00;0.00
plain,c4x12,2,none,3,4,12,1,0.0000,9.2025,0.9632,1.9863,0.0000,0.0000,-0.3966,0,95577,0,0.00;0.00;0.00;0.00;0.00;0.00;0.00;0.00
plain,c4x12,2,none,4,4,12,1,0.0000,9.0859,1,1.9816,0.0000,0.0000,-0.2054,0,95651,0,0.00;0.00;0.00;0.00;0.00;0.00;0.00;0.00
plain,c4x12,2,none,5,4,12,1,0.0000,14.7853,1.5399,2.2970,0.0000,0.0000,-0.1495,0,95745,0,0.00;0.00;0.00;0.00;0.00;0.00;0.00;0.00
plain,c4x12,2,none,6,4,12,1,0.0000,7.1840,0.6687,1.7163,0.0000,0.0000,0.0000,0,95624,0,0.00;0.00;0.00;0.00;0.00;0.00;0.00;0.00
plain,c4x12,2,none,7,4,12,1,0.0000,8.9816,1.0123,1.9742,0.0000,0.0000,-0.3468,0,95460,0,0.00;0.00;0.00;0.00;0.00;0.00;0.00;0.00
plain,c4x12,2,none,8,4,12,1,0.0000,8.9571,1.0123,1.9859,0.0000,0.0000,-0.1774,0,95418,0,0.00;0.00;0.00;0.00;0.00;0.00;0.00;0.00
plain,c4x12,2,none,9,4,12,1,0.0000,6.0185,0.2284,1.4838,,,-0.1600,0,95385,0,0.00;0.00;0.00;0.00;0.00;0.00;0.00;0.00
plain,c4x12,2,none,10,4,12,1,0.0000,6.9632,0.6380,1.6672,0.0000,0.0000,-0.2823,0,95540,0,0.00;0.00;0.00;0.00;0.00;0.00;0.00;0.00
plain,c4x12,2,none,11,4,12,1,0.0000,8.8344,1.0061,1.9238,0.0000,0.0000,-0.2917,0,95678,0,0.00;0.00;0.00;0.00;0.00;0.00;0.00;0.00
plain,c4x12,2,none,12,4,12,1,0.0000,6.1358,0.2284,1.5093,0.0000,0.0000,-0.1911,0,95398,0,0.00;0.00;0.00;0.00;-;0.00;0.00;0.00
plain,c4x12,2,none,13,4,12,1,0.0000,8.9018,0.9877,1.9481,0.0000,0.0000,-0.2267,0,95715,0,0.00;0.00;0.00;0.00;0.00;0.00;0.00;0.00
plain,c4x12,2,none,14,4,12,1,0.0000,9.0920,1.1656,2.0158,0.0000,0.0000,-0.0571,0,95872,0,0.00;0.00;0.00;0.00;0.00;0.00;0.00;0.00
plain,c4x12,2,none,15,4,12,1,0.0000,9.4417,1.0920,2.0312,0.0000,0.0000,-0.2683,0,95562,0,0.00;0.00;0.00;0.00;0.00;0.00;0.00;0.00
plain,c4x12,2,none,16,4,12,1,0.0000,6.9264,0.6626,1.6695,0.0000,0.0000,-0.2054,0,95591,0,0.00;0.00;0.00;0.00;0.00;0.00;0.00;0.00
plain,c4x12,2,none,17,4,12,1,0.0000,9.1288,0.9816,1.9905,0.0000,0.0000,-0.0845,0,95653,0,0.00;0.00;0.00;0.00;0.00;0.00;0.00;0.00
plain,c4x12,2,none,18,4,12,1,0.0000,6.0926,0.2778,1.5015,0.0000,0.0000,-0.2049,0,95436,0,0.00;0.00;-;0.00;0.00;0.00;-;0.00
plain,c4x12,2,none,19,4,12,1,0.0000,8.9018,0.9632,1.9473,0.0000,0.0000,-0.3190,0,95553,0,0.00;0.00;0.00;0.00;0.00;0.00;0.00;0.00
plain,c4x12,2,none,20,4,12,1,0.0000,6.1049,0.2407,1.5077,0.0000,0.0000,-0.1081,0,95372,0,0.00;0.00;0.00;0.00;0.00;0.00;0.00;0.00
plain,c4x12,2,none,21,4,12,1,0.0000,8.8957,1.0429,1.9642,0.0000,0.0000,-0.2397,0,95648,0,0.00;0.00;0.00;0.00;0.00;0.00;0.00;0.00
plain,c4x12,2,none,22,4,12,1,0.0000,7.1411,0.5890,1.6925,0.0000,0.0000,-0.2690,0,95381,0,0.00;0.00;0.00;0.00;0.00;0.00;0.00;0.00
plain,c4x12,2,none,23,4,12,1,0.0000,6.8834,0.5583,1.6454,0.0000,0.0000,-0.2126,0,95744,0,0.00;0.00;0.00;0.00;0.00;0.00;0.00;0.00
plain,c4x12,2,none,24,4,12,1,0.0000,21.3067,1.4785,2.6918,0.0000,0.0000,-0.2537,0,95484,0,0.00;0.00;0.00;0.00;0.00;0.00;0.00;0.00
plain,c4x12,2,scr,1,4,12,1,0.0000,21.2422,1.4596,2.6886,0.0000,0.0000,-0.0191,0,94995,0,0.00;0.00;0.00;0.00;0.00;0.00;0.00;0.00
plain,c4x12,2,scr,2,4,12,1,0.0000,6.1801,0.2236,1.5202,0.0000,0.0000,-0.0116,0,95542,0,0.00;0.00;0.00;0.00;0.00;0.00;0.00;0.00
plain,c4x12,2,scr,3,4,12,1,0.0000,21.3851,1.5776,2.6837,0.0000,0.0000,-0.0222,0,95408,0,0.00;0.00;0.00;0.00;0.00;0.00;0.00;0.00
plain,c4x12,2,scr,4,4,12,1,0.0000,6.2236,0.2422,1.5318,0.0000,0.0000,-0.0136,0,95457,0,0.00;0.00;0.00;0.00;0.00;0.00;0.00;0.00
plain,c4x12,2,scr,5,4,12,1,0.0000,20.9006,1.5652,2.6111,0.0000,0.0000,-0.0154,0,95490,0,0.00;0.00;0.00;0.00;0.00;0.00;0.00;0.00
plain,c4x12,2,scr,6,4,12,1,0.0000,5.8696,0.2422,1.4387,0.0000,0.0000,-0.0077,0,95208,0,0.00;0.00;0.00;0.00;0.00;0.00;0.00;0.00
plain,c4x12,2,scr,7,4,12,1,0.0000,6.0932,0.2484,1.5093,0.0000,0.0000,-0.0168,0,95356,0,0.00;0.00;0.00;0.00;0.00;0.00;0.00;0.00
plain,c4x12,2,scr,8,4,12,1,0.0000,6.1739,0.2547,1.5217,0.0000,0.0000,-0.0192,0,95417,0,0.00;0.00;0.00;0.00;-;0.00;0.00;0.00
plain,c4x12,2,scr,9,4,12,1,0.0000,7.7391,0.7205,1.7945,0.0000,0.0000,-0.0177,0,95291,0,0.00;0.00;0.00;0.00;0.00;0.00;0.00;0.00
plain,c4x12,2,scr,10,4,12,1,0.0000,8.9068,1.0248,1.9445,0.0000,0.0000,-0.0134,0,95221,0,0.00;0.00;0.00;0.00;0.00;0.00;0.00;0.00
plain,c4x12,2,scr,11,4,12,1,0.0000,6.1553,0.2484,1.5233,0.0000,0.0000,-0.0264,0,95200,0,0.00;0.00;0.00;0.00;0.00;0.00;0.00;0.00
plain,c4x12,2,scr,12,4,12,1,0.0000,6.1180,0.3354,1.5132,0.0000,0.0000,-0.0411,0,94994,0,0.00;0.00;0.00;0.00;0.00;0.00;0.00;0.00
plain,c4x12,2,scr,13,4,12,1,0.0000,6.0373,0.2547,1.4915,0.0000,0.0000,-0.0196,0,95306,0,0.00;0.00;0.00;0.00;0.00;0.00;0.00;0.00
plain,c4x12,2,scr,14,4,12,1,0.0000,6.1801,0.2795,1.5217,0.0000,0.0000,-0.0093,0,95189,0,0.00;0.00;0.00;0.00;0.00;0.00;0.00;0.00
plain,c4x12,2,scr,15,4,12,1,0.0000,6.0994,0.3106,1.5085,0.0000,0.0000,-0.0178,0,95283,0,0.00;0.00;0.00;-;0.00;0.00;0.00;0.00
plain,c4x12,2,scr,16,4,12,1,0.0000,6.2236,0.2360,1.5349,0.0000,0.0000,-0.0106,0,94936,0,0.00;0.00;0.00;0.00;0.00;0.00;0.00;0.00
plain,c4x12,2,scr,17,4,12,1,0.0000,6.2298,0.2981,1.5404,0.0000,0.0000,-0.0149,0,95421,0,0.00;0.00;0.00;0.00;0.00;0.00;0.00;0.00
plain,c4x12,2,scr,18,4,12,1,0.0000,7.9193,0.7702,1.8240,0.0000,0.0000,-0.0118,0,95231,0,0.00;0.00;0.00;0.00;0.00;0.00;0.00;0.00
plain,c4x12,2,scr,19,4,12,1,0.0000,6.1180,0.2795,1.5132,0.0000,0.0000,-0.0194,0,95511,0,0.00;0.00;0.00;0.00;0.00;0.00;-;0.00
plain,c4x12,2,scr,20,4,12,1,0.0000,21.2484,1.3975,2.6370,0.0000,0.0000,-0.0392,0,95303,0,0.00;0.00;0.00;0.00;0.00;0.00;0.00;0.00
plain,c4x12,2,scr,21,4,12,1,0.0000,20.8447,1.6398,2.7157,0.0000,0.0000,-0.0209,0,95304,0,0.00;0.00;0.00;0.00;0.00;0.00;0.00;0.00
plain,c4x12,2,scr,22,4,12,1,0.0000,21.3292,1.5528,2.6479,0.0000,0.0000,-0.0264,0,95324,0,0.00;0.00;0.00;0.00;0.00;0.00;0.00;0.00
plain,c4x12,2,scr,23,4,12,1,0.0000,21.0311,1.5714,2.7322,0.0000,0.0000,-0.0172,0,95411,0,0.00;0.00;0.00;0.00;0.00;0.00;0.00;0.00
plain,c4x12,2,scr,24,4,12,1,0.0000,6.1118,0.3106,1.5070,0.0000,0.0000,-0.0197,0,95677,0,0.00;0.00;0.00;0.00;0.00;0.00;0.00;0.00
