k,genotype,pre,outcome,round_classes,fixed_identical,repair_static,repair_dyn
1,A>A.reqA,ABSORBED_FROZEN/pNone,PRE_FAIL,ABSORBED_EMPTY/pNone;ABSORBED_EMPTY/pNone;ABSORBED_EMPTY/pNone,None;None;None,False,False
1,A>A.reqB,ABSORBED_FROZEN/pNone,PRE_FAIL,ABSORBED_EMPTY/pNone;ABSORBED_EMPTY/pNone;ABSORBED_EMPTY/pNone,None;None;None,False,False
1,A>A.reqwriteAA,ABSORBED_FROZEN/pNone,PRE_FAIL,ABSORBED_EMPTY/pNone;ABSORBED_EMPTY/pNone;ABSORBED_EMPTY/pNone,None;None;None,False,False
1,A>A.reqwriteAB,ABSORBED_FROZEN/pNone,PRE_FAIL,ABSORBED_EMPTY/pNone;ABSORBED_EMPTY/pNone;ABSORBED_EMPTY/pNone,None;None;None,False,False
1,A>A.reqwriteA~,ABSORBED_FROZEN/pNone,PRE_FAIL,ABSORBED_EMPTY/pNone;ABSORBED_EMPTY/pNone;ABSORBED_EMPTY/pNone,None;None;None,False,False
1,A>A.reqwriteBA,ABSORBED_FROZEN/pNone,PRE_FAIL,ABSORBED_EMPTY/pNone;ABSORBED_EMPTY/pNone;ABSORBED_EMPTY/pNone,None;None;None,False,False
1,A>A.reqwriteBB,ABSORBED_FROZEN/pNone,PRE_FAIL,ABSORBED_EMPTY/pNone;ABSORBED_EMPTY/pNone;ABSORBED_EMPTY/pNone,None;None;None,False,False
1,A>A.reqwriteB~,ABSORBED_FROZEN/pNone,PRE_FAIL,ABSORBED_EMPTY/pNone;ABSORBED_EMPTY/pNone;ABSORBED_EMPTY/pNone,None;None;None,False,False
1,A>A.reqwrite~A,ABSORBED_FROZEN/pNone,PRE_FAIL,ABSORBED_FROZEN/pNone;ABSORBED_FROZEN/pNone;ABSORBED_FROZEN/pNone;ABSORBED_FROZEN/pNone;ABSORBED_FROZEN/pNone;ABSORBED_FROZEN/pNone;ABSORBED_FROZEN/pNone;ABSORBED_FROZEN/pNone;ABSORBED_FROZEN/pNone,None;None;None,False,False
1,A>A.reqwrite~B,ABSORBED_FROZEN/pNone,PRE_FAIL,ABSORBED_FROZEN/pNone;ABSORBED_EMPTY/pNone;ABSORBED_FROZEN/pNone;ABSORBED_FROZEN/pNone;ABSORBED_EMPTY/pNone;ABSORBED_FROZEN/pNone;ABSORBED_EMPTY/pNone,None;None;None,False,False
1,A>A.reqwrite~~,FIXED/p1,DIED,ABSORBED_EMPTY/pNone;ABSORBED_EMPTY/pNone;ABSORBED_EMPTY/pNone,None;None;None,False,False
1,A>A.req~,FIXED/p1,DIED,ABSORBED_EMPTY/pNone;ABSORBED_EMPTY/pNone;ABSORBED_EMPTY/pNone,None;None;None,False,False
1,A>A.self,FIXED/p1,DIED,ABSORBED_EMPTY/pNone;ABSORBED_EMPTY/pNone;ABSORBED_EMPTY/pNone,None;None;None,False,False
1,A>A.writeA,FIXED/p1,REPAIR,FIXED/p1;FIXED/p1;FIXED/p1;FIXED/p1;FIXED/p1;FIXED/p1;FIXED/p1;FIXED/p1;FIXED/p1,True;True;True,True,False
1,A>A.writeB,FIXED/p1,DIED,FIXED/p1;FIXED/p1;ABSORBED_FROZEN/pNone;FIXED/p1;ABSORBED_FROZEN/pNone;ABSORBED_EMPTY/pNone;ABSORBED_FROZEN/pNone;ABSORBED_EMPTY/pNone,False;False;None,False,False
1,A>A.write~,FIXED/p1,DIED,ABSORBED_EMPTY/pNone;ABSORBED_EMPTY/pNone;ABSORBED_EMPTY/pNone,None;None;None,False,False
1,A>B.reqA,ABSORBED_FROZEN/pNone,PRE_FAIL,ABSORBED_EMPTY/pNone;ABSORBED_EMPTY/pNone;ABSORBED_EMPTY/pNone,None;None;None,False,False
1,A>B.reqB,ABSORBED_FROZEN/pNone,PRE_FAIL,ABSORBED_EMPTY/pNone;ABSORBED_EMPTY/pNone;ABSORBED_EMPTY/pNone,None;None;None,False,False
1,A>B.reqwriteAA,ABSORBED_FROZEN/pNone,PRE_FAIL,ABSORBED_EMPTY/pNone;ABSORBED_EMPTY/pNone;ABSORBED_EMPTY/pNone,None;None;None,False,False
1,A>B.reqwriteAB,ABSORBED_FROZEN/pNone,PRE_FAIL,ABSORBED_EMPTY/pNone;ABSORBED_EMPTY/pNone;ABSORBED_EMPTY/pNone,None;None;None,False,False
1,A>B.reqwriteA~,ABSORBED_FROZEN/pNone,PRE_FAIL,ABSORBED_EMPTY/pNone;ABSORBED_EMPTY/pNone;ABSORBED_EMPTY/pNone,None;None;None,False,False
1,A>B.reqwriteBA,ABSORBED_FROZEN/pNone,PRE_FAIL,ABSORBED_EMPTY/pNone;ABSORBED_EMPTY/pNone;ABSORBED_EMPTY/pNone,None;None;None,False,False
1,A>B.reqwriteBB,ABSORBED_FROZEN/pNone,PRE_FAIL,ABSORBED_EMPTY/pNone;ABSORBED_EMPTY/pNone;ABSORBED_EMPTY/pNone,None;None;None,False,False
1,A>B.reqwriteB~,ABSORBED_FROZEN/pNone,PRE_FAIL,ABSORBED_EMPTY/pNone;ABSORBED_EMPTY/pNone;ABSORBED_EMPTY/pNone,None;None;None,False,False
1,A>B.reqwrite~A,ABSORBED_FROZEN/pNone,PRE_FAIL,ABSORBED_FROZEN/pNone;ABSORBED_FROZEN/pNone;ABSORBED_FROZEN/pNone;ABSORBED_FROZEN/pNone;ABSORBED_FROZEN/pNone;ABSORBED_FROZEN/pNone;ABSORBED_FROZEN/pNone;ABSORBED_FROZEN/pNone;ABSORBED_FROZEN/pNone,None;None;None,False,False
1,A>B.reqwrite~B,ABSORBED_FROZEN/pNone,PRE_FAIL,ABSORBED_FROZEN/pNone;ABSORBED_EMPTY/pNone;ABSORBED_FROZEN/pNone;ABSORBED_EMPTY/pNone;ABSORBED_FROZEN/pNone;ABSORBED_EMPTY/pNone,None;None;None,False,False
1,A>B.reqwrite~~,ABSORBED_FROZEN/pNone,PRE_FAIL,ABSORBED_EMPTY/pNone;ABSORBED_EMPTY/pNone;ABSORBED_EMPTY/pNone,None;None;None,False,False
1,A>B.req~,ABSORBED_FROZEN/pNone,PRE_FAIL,ABSORBED_EMPTY/pNone;ABSORBED_EMPTY/pNone;ABSORBED_EMPTY/pNone,None;None;None,False,False
1,A>B.self,ABSORBED_FROZEN/pNone,PRE_FAIL,ABSORBED_EMPTY/pNone;ABSORBED_EMPTY/pNone;ABSORBED_EMPTY/pNone,None;None;None,False,False
1,A>B.writeA,TRANSLATION/p6,"MIXED:DIEDx2,REPAIRx1",ABSORBED_FROZEN/pNone;ABSORBED_FROZEN/pNone;ABSORBED_FROZEN/pNone;TRANSLATION/p6;ABSORBED_FROZEN/pNone;ABSORBED_FROZEN/pNone;TRANSLATION/p6;TRANSLATION/p6;TRANSLATION/p6,None;None;None,False,False
1,A>B.writeB,ABSORBED_FROZEN/pNone,PRE_FAIL,ABSORBED_FROZEN/pNone;ABSORBED_EMPTY/pNone;ABSORBED_FROZEN/pNone;ABSORBED_EMPTY/pNone;ABSORBED_FROZEN/pNone;ABSORBED_EMPTY/pNone,None;None;None,False,False
1,A>B.write~,ABSORBED_FROZEN/pNone,PRE_FAIL,ABSORBED_EMPTY/pNone;ABSORBED_EMPTY/pNone;ABSORBED_EMPTY/pNone,None;None;None,False,False
1,A>~.reqA,ABSORBED_FROZEN/pNone,PRE_FAIL,ABSORBED_EMPTY/pNone;ABSORBED_EMPTY/pNone;ABSORBED_EMPTY/pNone,None;None;None,False,False
1,A>~.reqB,ABSORBED_FROZEN/pNone,PRE_FAIL,ABSORBED_EMPTY/pNone;ABSORBED_EMPTY/pNone;ABSORBED_EMPTY/pNone,None;None;None,False,False
1,A>~.reqwriteAA,ABSORBED_FROZEN/pNone,PRE_FAIL,ABSORBED_EMPTY/pNone;ABSORBED_EMPTY/pNone;ABSORBED_EMPTY/pNone,None;None;None,False,False
1,A>~.reqwriteAB,ABSORBED_FROZEN/pNone,PRE_FAIL,ABSORBED_EMPTY/pNone;ABSORBED_EMPTY/pNone;ABSORBED_EMPTY/pNone,None;None;None,False,False
1,A>~.reqwriteA~,ABSORBED_FROZEN/pNone,PRE_FAIL,ABSORBED_EMPTY/pNone;ABSORBED_EMPTY/pNone;ABSORBED_EMPTY/pNone,None;None;None,False,False
1,A>~.reqwriteBA,ABSORBED_FROZEN/pNone,PRE_FAIL,ABSORBED_EMPTY/pNone;ABSORBED_EMPTY/pNone;ABSORBED_EMPTY/pNone,None;None;None,False,False
1,A>~.reqwriteBB,ABSORBED_FROZEN/pNone,PRE_FAIL,ABSORBED_EMPTY/pNone;ABSORBED_EMPTY/pNone;ABSORBED_EMPTY/pNone,None;None;None,False,False
1,A>~.reqwriteB~,ABSORBED_FROZEN/pNone,PRE_FAIL,ABSORBED_EMPTY/pNone;ABSORBED_EMPTY/pNone;ABSORBED_EMPTY/pNone,None;None;None,False,False
1,A>~.reqwrite~A,TRANSLATION/p6,DIED,ABSORBED_EMPTY/pNone;ABSORBED_EMPTY/pNone;ABSORBED_EMPTY/pNone,None;None;None,False,False
1,A>~.reqwrite~B,ABSORBED_FROZEN/pNone,PRE_FAIL,ABSORBED_EMPTY/pNone;ABSORBED_EMPTY/pNone;ABSORBED_EMPTY/pNone,None;None;None,False,False
1,A>~.reqwrite~~,ABSORBED_EMPTY/pNone,PRE_FAIL,,None;None;None,False,False
1,A>~.req~,ABSORBED_EMPTY/pNone,PRE_FAIL,,None;None;None,False,False
1,A>~.self,ABSORBED_EMPTY/pNone,PRE_FAIL,,None;None;None,False,False
1,A>~.writeA,TRANSLATION/p6,DIED,ABSORBED_EMPTY/pNone;ABSORBED_EMPTY/pNone;ABSORBED_EMPTY/pNone,None;None;None,False,False
1,A>~.writeB,ABSORBED_FROZEN/pNone,PRE_FAIL,ABSORBED_EMPTY/pNone;ABSORBED_EMPTY/pNone;ABSORBED_EMPTY/pNone,None;None;None,False,False
1,A>~.write~,ABSORBED_EMPTY/pNone,PRE_FAIL,,None;None;None,False,False
1,B>A.reqA,ABSORBED_FROZEN/pNone,PRE_FAIL,ABSORBED_EMPTY/pNone;ABSORBED_EMPTY/pNone;ABSORBED_EMPTY/pNone,None;None;None,False,False
1,B>A.reqB,ABSORBED_FROZEN/pNone,PRE_FAIL,ABSORBED_EMPTY/pNone;ABSORBED_EMPTY/pNone;ABSORBED_EMPTY/pNone,None;None;None,False,False
1,B>A.reqwriteAA,ABSORBED_FROZEN/pNone,PRE_FAIL,ABSORBED_EMPTY/pNone;ABSORBED_EMPTY/pNone;ABSORBED_EMPTY/pNone,None;None;None,False,False
1,B>A.reqwriteAB,ABSORBED_FROZEN/pNone,PRE_FAIL,ABSORBED_EMPTY/pNone;ABSORBED_EMPTY/pNone;ABSORBED_EMPTY/pNone,None;None;None,False,False
1,B>A.reqwriteA~,ABSORBED_FROZEN/pNone,PRE_FAIL,ABSORBED_EMPTY/pNone;ABSORBED_EMPTY/pNone;ABSORBED_EMPTY/pNone,None;None;None,False,False
1,B>A.reqwriteBA,ABSORBED_FROZEN/pNone,PRE_FAIL,ABSORBED_EMPTY/pNone;ABSORBED_EMPTY/pNone;ABSORBED_EMPTY/pNone,None;None;None,False,False
1,B>A.reqwriteBB,ABSORBED_FROZEN/pNone,PRE_FAIL,ABSORBED_EMPTY/pNone;ABSORBED_EMPTY/pNone;ABSORBED_EMPTY/pNone,None;None;None,False,False
1,B>A.reqwriteB~,ABSORBED_FROZEN/pNone,PRE_FAIL,ABSORBED_EMPTY/pNone;ABSORBED_EMPTY/pNone;ABSORBED_EMPTY/pNone,None;None;None,False,False
1,B>A.reqwrite~A,ABSORBED_FROZEN/pNone,PRE_FAIL,ABSORBED_EMPTY/pNone;ABSORBED_EMPTY/pNone;ABSORBED_EMPTY/pNone,None;None;None,False,False
1,B>A.reqwrite~B,ABSORBED_FROZEN/pNone,PRE_FAIL,ABSORBED_EMPTY/pNone;ABSORBED_EMPTY/pNone;ABSORBED_EMPTY/pNone,None;None;None,False,False
1,B>A.reqwrite~~,ABSORBED_FROZEN/pNone,PRE_FAIL,ABSORBED_EMPTY/pNone;ABSORBED_EMPTY/pNone;ABSORBED_EMPTY/pNone,None;None;None,False,False
1,B>A.req~,ABSORBED_FROZEN/pNone,PRE_FAIL,ABSORBED_EMPTY/pNone;ABSORBED_EMPTY/pNone;ABSORBED_EMPTY/pNone,None;None;None,False,False
1,B>A.self,ABSORBED_FROZEN/pNone,PRE_FAIL,ABSORBED_EMPTY/pNone;ABSORBED_EMPTY/pNone;ABSORBED_EMPTY/pNone,None;None;None,False,False
1,B>A.writeA,ABSORBED_FROZEN/pNone,PRE_FAIL,ABSORBED_EMPTY/pNone;ABSORBED_EMPTY/pNone;ABSORBED_EMPTY/pNone,None;None;None,False,False
1,B>A.writeB,ABSORBED_FROZEN/pNone,PRE_FAIL,ABSORBED_EMPTY/pNone;ABSORBED_EMPTY/pNone;ABSORBED_EMPTY/pNone,None;None;None,False,False
1,B>A.write~,ABSORBED_FROZEN/pNone,PRE_FAIL,ABSORBED_EMPTY/pNone;ABSORBED_EMPTY/pNone;ABSORBED_EMPTY/pNone,None;None;None,False,False
1,B>B.reqA,ABSORBED_FROZEN/pNone,PRE_FAIL,ABSORBED_EMPTY/pNone;ABSORBED_EMPTY/pNone;ABSORBED_EMPTY/pNone,None;None;None,False,False
1,B>B.reqB,ABSORBED_FROZEN/pNone,PRE_FAIL,ABSORBED_EMPTY/pNone;ABSORBED_EMPTY/pNone;ABSORBED_EMPTY/pNone,None;None;None,False,False
1,B>B.reqwriteAA,ABSORBED_FROZEN/pNone,PRE_FAIL,ABSORBED_EMPTY/pNone;ABSORBED_EMPTY/pNone;ABSORBED_EMPTY/pNone,None;None;None,False,False
1,B>B.reqwriteAB,ABSORBED_FROZEN/pNone,PRE_FAIL,ABSORBED_EMPTY/pNone;ABSORBED_EMPTY/pNone;ABSORBED_EMPTY/pNone,None;None;None,False,False
1,B>B.reqwriteA~,ABSORBED_FROZEN/pNone,PRE_FAIL,ABSORBED_EMPTY/pNone;ABSORBED_EMPTY/pNone;ABSORBED_EMPTY/pNone,None;None;None,False,False
1,B>B.reqwriteBA,ABSORBED_FROZEN/pNone,PRE_FAIL,ABSORBED_EMPTY/pNone;ABSORBED_EMPTY/pNone;ABSORBED_EMPTY/pNone,None;None;None,False,False
1,B>B.reqwriteBB,ABSORBED_FROZEN/pNone,PRE_FAIL,ABSORBED_EMPTY/pNone;ABSORBED_EMPTY/pNone;ABSORBED_EMPTY/pNone,None;None;None,False,False
1,B>B.reqwriteB~,ABSORBED_FROZEN/pNone,PRE_FAIL,ABSORBED_EMPTY/pNone;ABSORBED_EMPTY/pNone;ABSORBED_EMPTY/pNone,None;None;None,False,False
1,B>B.reqwrite~A,ABSORBED_FROZEN/pNone,PRE_FAIL,ABSORBED_EMPTY/pNone;ABSORBED_EMPTY/pNone;ABSORBED_EMPTY/pNone,None;None;None,False,False
1,B>B.reqwrite~B,ABSORBED_FROZEN/pNone,PRE_FAIL,ABSORBED_EMPTY/pNone;ABSORBED_EMPTY/pNone;ABSORBED_EMPTY/pNone,None;None;None,False,False
1,B>B.reqwrite~~,ABSORBED_FROZEN/pNone,PRE_FAIL,ABSORBED_EMPTY/pNone;ABSORBED_EMPTY/pNone;ABSORBED_EMPTY/pNone,None;None;None,False,False
1,B>B.req~,ABSORBED_FROZEN/pNone,PRE_FAIL,ABSORBED_EMPTY/pNone;ABSORBED_EMPTY/pNone;ABSORBED_EMPTY/pNone,None;None;None,False,False
1,B>B.self,ABSORBED_FROZEN/pNone,PRE_FAIL,ABSORBED_EMPTY/pNone;ABSORBED_EMPTY/pNone;ABSORBED_EMPTY/pNone,None;None;None,False,False
1,B>B.writeA,ABSORBED_FROZEN/pNone,PRE_FAIL,ABSORBED_EMPTY/pNone;ABSORBED_EMPTY/pNone;ABSORBED_EMPTY/pNone,None;None;None,False,False
1,B>B.writeB,ABSORBED_FROZEN/pNone,PRE_FAIL,ABSORBED_EMPTY/pNone;ABSORBED_EMPTY/pNone;ABSORBED_EMPTY/pNone,None;None;None,False,False
1,B>B.write~,ABSORBED_FROZEN/pNone,PRE_FAIL,ABSORBED_EMPTY/pNone;ABSORBED_EMPTY/pNone;ABSORBED_EMPTY/pNone,None;None;None,False,False
1,B>~.reqA,ABSORBED_FROZEN/pNone,PRE_FAIL,ABSORBED_EMPTY/pNone;ABSORBED_EMPTY/pNone;ABSORBED_EMPTY/pNone,None;None;None,False,False
1,B>~.reqB,ABSORBED_FROZEN/pNone,PRE_FAIL,ABSORBED_EMPTY/pNone;ABSORBED_EMPTY/pNone;ABSORBED_EMPTY/pNone,None;None;None,False,False
1,B>~.reqwriteAA,ABSORBED_FROZEN/pNone,PRE_FAIL,ABSORBED_EMPTY/pNone;ABSORBED_EMPTY/pNone;ABSORBED_EMPTY/pNone,None;None;None,False,False
1,B>~.reqwriteAB,ABSORBED_FROZEN/pNone,PRE_FAIL,ABSORBED_EMPTY/pNone;ABSORBED_EMPTY/pNone;ABSORBED_EMPTY/pNone,None;None;None,False,False
1,B>~.reqwriteA~,ABSORBED_FROZEN/pNone,PRE_FAIL,ABSORBED_EMPTY/pNone;ABSORBED_EMPTY/pNone;ABSORBED_EMPTY/pNone,None;None;None,False,False
1,B>~.reqwriteBA,ABSORBED_FROZEN/pNone,PRE_FAIL,ABSORBED_EMPTY/pNone;ABSORBED_EMPTY/pNone;ABSORBED_EMPTY/pNone,None;None;None,False,False
1,B>~.reqwriteBB,ABSORBED_FROZEN/pNone,PRE_FAIL,ABSORBED_EMPTY/pNone;ABSORBED_EMPTY/pNone;ABSORBED_EMPTY/pNone,None;None;None,False,False
1,B>~.reqwriteB~,ABSORBED_FROZEN/pNone,PRE_FAIL,ABSORBED_EMPTY/pNone;ABSORBED_EMPTY/pNone;ABSORBED_EMPTY/pNone,None;None;None,False,False
1,B>~.reqwrite~A,ABSORBED_FROZEN/pNone,PRE_FAIL,ABSORBED_EMPTY/pNone;ABSORBED_EMPTY/pNone;ABSORBED_EMPTY/pNone,None;None;None,False,False
1,B>~.reqwrite~B,ABSORBED_FROZEN/pNone,PRE_FAIL,ABSORBED_EMPTY/pNone;ABSORBED_EMPTY/pNone;ABSORBED_EMPTY/pNone,None;None;None,False,False
1,B>~.reqwrite~~,ABSORBED_FROZEN/pNone,PRE_FAIL,ABSORBED_EMPTY/pNone;ABSORBED_EMPTY/pNone;ABSORBED_EMPTY/pNone,None;None;None,False,False
1,B>~.req~,ABSORBED_FROZEN/pNone,PRE_FAIL,ABSORBED_EMPTY/pNone;ABSORBED_EMPTY/pNone;ABSORBED_EMPTY/pNone,None;None;None,False,False
1,B>~.self,ABSORBED_FROZEN/pNone,PRE_FAIL,ABSORBED_EMPTY/pNone;ABSORBED_EMPTY/pNone;ABSORBED_EMPTY/pNone,None;None;None,False,False
1,B>~.writeA,ABSORBED_FROZEN/pNone,PRE_FAIL,ABSORBED_EMPTY/pNone;ABSORBED_EMPTY/pNone;ABSORBED_EMPTY/pNone,None;None;None,False,False
1,B>~.writeB,ABSORBED_FROZEN/pNone,PRE_FAIL,ABSORBED_EMPTY/pNone;ABSORBED_EMPTY/pNone;ABSORBED_EMPTY/pNone,None;None;None,False,False
1,B>~.write~,ABSORBED_FROZEN/pNone,PRE_FAIL,ABSORBED_EMPTY/pNone;ABSORBED_EMPTY/pNone;ABSORBED_EMPTY/pNone,None;None;None,False,False
2,A>A.reqA|A>A.reqB,ABSORBED_FROZEN/pNone,PRE_FAIL,ABSORBED_EMPTY/pNone;ABSORBED_EMPTY/pNone;ABSORBED_EMPTY/pNone,None;None;None,False,False
2,A>A.reqA|A>A.reqwriteAA,ABSORBED_FROZEN/pNone,PRE_FAIL,ABSORBED_EMPTY/pNone;ABSORBED_EMPTY/pNone;ABSORBED_EMPTY/pNone,None;None;None,False,False
2,A>A.reqA|A>A.reqwriteAB,ABSORBED_FROZEN/pNone,PRE_FAIL,ABSORBED_EMPTY/pNone;ABSORBED_EMPTY/pNone;ABSORBED_EMPTY/pNone,None;None;None,False,False
2,A>A.reqA|A>A.reqwriteA~,ABSORBED_FROZEN/pNone,PRE_FAIL,ABSORBED_EMPTY/pNone;ABSORBED_EMPTY/pNone;ABSORBED_EMPTY/pNone,None;None;None,False,False
2,A>A.reqA|A>A.reqwriteBA,ABSORBED_FROZEN/pNone,PRE_FAIL,ABSORBED_EMPTY/pNone;ABSORBED_EMPTY/pNone;ABSORBED_EMPTY/pNone,None;None;None,False,False
2,A>A.reqA|A>A.reqwriteBB,ABSORBED_FROZEN/pNone,PRE_FAIL,ABSORBED_EMPTY/pNone;ABSORBED_EMPTY/pNone;ABSORBED_EMPTY/pNone,None;None;None,False,False
2,A>A.reqA|A>A.reqwriteB~,ABSORBED_FROZEN/pNone,PRE_FAIL,ABSORBED_EMPTY/pNone;ABSORBED_EMPTY/pNone;ABSORBED_EMPTY/pNone,None;None;None,False,False
2,A>A.reqA|A>A.reqwrite~A,FIXED/p1,REPAIR,FIXED/p1;FIXED/p1;FIXED/p1;FIXED/p1;FIXED/p1;FIXED/p1;FIXED/p1;FIXED/p1;FIXED/p1,True;True;True,True,False
2,A>A.reqA|A>A.reqwrite~B,ABSORBED_FROZEN/pNone,PRE_FAIL,ABSORBED_FROZEN/pNone;ABSORBED_EMPTY/pNone;ABSORBED_FROZEN/pNone;ABSORBED_FROZEN/pNone;ABSORBED_EMPTY/pNone;ABSORBED_FROZEN/pNone;ABSORBED_EMPTY/pNone,None;None;None,False,False
2,A>A.reqA|A>A.reqwrite~~,FIXED/p1,DIED,ABSORBED_EMPTY/pNone;ABSORBED_EMPTY/pNone;ABSORBED_EMPTY/pNone,None;None;None,False,False
2,A>A.reqA|A>A.req~,FIXED/p1,DIED,ABSORBED_EMPTY/pNone;ABSORBED_EMPTY/pNone;ABSORBED_EMPTY/pNone,None;None;None,False,False
2,A>A.reqA|A>A.self,FIXED/p1,DIED,ABSORBED_EMPTY/pNone;ABSORBED_EMPTY/pNone;ABSORBED_EMPTY/pNone,None;None;None,False,False
2,A>A.reqA|A>A.writeA,FIXED/p1,REPAIR,FIXED/p1;FIXED/p1;FIXED/p1;FIXED/p1;FIXED/p1;FIXED/p1;FIXED/p1;FIXED/p1;FIXED/p1,True;True;True,True,False
2,A>A.reqA|A>A.writeB,FIXED/p1,DIED,FIXED/p1;FIXED/p1;ABSORBED_FROZEN/pNone;FIXED/p1;ABSORBED_FROZEN/pNone;ABSORBED_EMPTY/pNone;ABSORBED_FROZEN/pNone;ABSORBED_EMPTY/pNone,False;False;None,False,False
2,A>A.reqA|A>A.write~,FIXED/p1,DIED,ABSORBED_EMPTY/pNone;ABSORBED_EMPTY/pNone;ABSORBED_EMPTY/pNone,None;None;None,False,False
2,A>A.reqA|A>B.reqA,ABSORBED_FROZEN/pNone,PRE_FAIL,ABSORBED_EMPTY/pNone;ABSORBED_EMPTY/pNone;ABSORBED_EMPTY/pNone,None;None;None,False,False
2,A>A.reqA|A>B.reqB,ABSORBED_FROZEN/pNone,PRE_FAIL,ABSORBED_EMPTY/pNone;ABSORBED_EMPTY/pNone;ABSORBED_EMPTY/pNone,None;None;None,False,False
2,A>A.reqA|A>B.reqwriteAA,ABSORBED_FROZEN/pNone,PRE_FAIL,ABSORBED_EMPTY/pNone;ABSORBED_EMPTY/pNone;ABSORBED_EMPTY/pNone,None;None;None,False,False
2,A>A.reqA|A>B.reqwriteAB,ABSORBED_FROZEN/pNone,PRE_FAIL,ABSORBED_EMPTY/pNone;ABSORBED_EMPTY/pNone;ABSORBED_EMPTY/pNone,None;None;None,False,False
2,A>A.reqA|A>B.reqwriteA~,ABSORBED_FROZEN/pNone,PRE_FAIL,ABSORBED_EMPTY/pNone;ABSORBED_EMPTY/pNone;ABSORBED_EMPTY/pNone,None;None;None,False,False
2,A>A.reqA|A>B.reqwriteBA,ABSORBED_FROZEN/pNone,PRE_FAIL,ABSORBED_EMPTY/pNone;ABSORBED_EMPTY/pNone;ABSORBED_EMPTY/pNone,None;None;None,False,False
2,A>A.reqA|A>B.reqwriteBB,ABSORBED_FROZEN/pNone,PRE_FAIL,ABSORBED_EMPTY/pNone;ABSORBED_EMPTY/pNone;ABSORBED_EMPTY/pNone,None;None;None,False,False
2,A>A.reqA|A>B.reqwriteB~,ABSORBED_FROZEN/pNone,PRE_FAIL,ABSORBED_EMPTY/pNone;ABSORBED_EMPTY/pNone;ABSORBED_EMPTY/pNone,None;None;None,False,False
2,A>A.reqA|A>B.reqwrite~A,ABSORBED_FROZEN/pNone,PRE_FAIL,ABSORBED_FROZEN/pNone;ABSORBED_FROZEN/pNone;ABSORBED_FROZEN/pNone;ABSORBED_FROZEN/pNone;ABSORBED_FROZEN/pNone;ABSORBED_FROZEN/pNone;ABSORBED_FROZEN/pNone;ABSORBED_FROZEN/pNone;ABSORBED_FROZEN/pNone,None;None;None,False,False
2,A>A.reqA|A>B.reqwrite~B,ABSORBED_FROZEN/pNone,PRE_FAIL,ABSORBED_FROZEN/pNone;ABSORBED_EMPTY/pNone;ABSORBED_FROZEN/pNone;ABSORBED_EMPTY/pNone;ABSORBED_FROZEN/pNone;ABSORBED_EMPTY/pNone,None;None;None,False,False
2,A>A.reqA|A>B.reqwrite~~,ABSORBED_FROZEN/pNone,PRE_FAIL,ABSORBED_EMPTY/pNone;ABSORBED_EMPTY/pNone;ABSORBED_EMPTY/pNone,None;None;None,False,False
2,A>A.reqA|A>B.req~,ABSORBED_FROZEN/pNone,PRE_FAIL,ABSORBED_EMPTY/pNone;ABSORBED_EMPTY/pNone;ABSORBED_EMPTY/pNone,None;None;None,False,False
2,A>A.reqA|A>B.self,ABSORBED_FROZEN/pNone,PRE_FAIL,ABSORBED_EMPTY/pNone;ABSORBED_EMPTY/pNone;ABSORBED_EMPTY/pNone,None;None;None,False,False
2,A>A.reqA|A>B.writeA,TRANSLATION/p6,"MIXED:DIEDx2,REPAIRx1",ABSORBED_FROZEN/pNone;ABSORBED_FROZEN/pNone;ABSORBED_FROZEN/pNone;TRANSLATION/p6;ABSORBED_FROZEN/pNone;ABSORBED_FROZEN/pNone;TRANSLATION/p6;TRANSLATION/p6;TRANSLATION/p6,None;None;None,False,False
2,A>A.reqA|A>B.writeB,ABSORBED_FROZEN/pNone,PRE_FAIL,ABSORBED_FROZEN/pNone;ABSORBED_EMPTY/pNone;ABSORBED_FROZEN/pNone;ABSORBED_EMPTY/pNone;ABSORBED_FROZEN/pNone;ABSORBED_EMPTY/pNone,None;None;None,False,False
2,A>A.reqA|A>B.write~,ABSORBED_FROZEN/pNone,PRE_FAIL,ABSORBED_EMPTY/pNone;ABSORBED_EMPTY/pNone;ABSORBED_EMPTY/pNone,None;None;None,False,False
2,A>A.reqA|A>~.reqA,ABSORBED_FROZEN/pNone,PRE_FAIL,ABSORBED_EMPTY/pNone;ABSORBED_EMPTY/pNone;ABSORBED_EMPTY/pNone,None;None;None,False,False
2,A>A.reqA|A>~.reqB,ABSORBED_FROZEN/pNone,PRE_FAIL,ABSORBED_EMPTY/pNone;ABSORBED_EMPTY/pNone;ABSORBED_EMPTY/pNone,None;None;None,False,False
2,A>A.reqA|A>~.reqwriteAA,ABSORBED_FROZEN/pNone,PRE_FAIL,ABSORBED_EMPTY/pNone;ABSORBED_EMPTY/pNone;ABSORBED_EMPTY/pNone,None;None;None,False,False
2,A>A.reqA|A>~.reqwriteAB,ABSORBED_FROZEN/pNone,PRE_FAIL,ABSORBED_EMPTY/pNone;ABSORBED_EMPTY/pNone;ABSORBED_EMPTY/pNone,None;None;None,False,False
2,A>A.reqA|A>~.reqwriteA~,ABSORBED_FROZEN/pNone,PRE_FAIL,ABSORBED_EMPTY/pNone;ABSORBED_EMPTY/pNone;ABSORBED_EMPTY/pNone,None;None;None,False,False
2,A>A.reqA|A>~.reqwriteBA,ABSORBED_FROZEN/pNone,PRE_FAIL,ABSORBED_EMPTY/pNone;ABSORBED_EMPTY/pNone;ABSORBED_EMPTY/pNone,None;None;None,False,False
2,A>A.reqA|A>~.reqwriteBB,ABSORBED_FROZEN/pNone,PRE_FAIL,ABSORBED_EMPTY/pNone;ABSORBED_EMPTY/pNone;ABSORBED_EMPTY/pNone,None;None;None,False,False
2,A>A.reqA|A>~.reqwriteB~,ABSORBED_FROZEN/pNone,PRE_FAIL,ABSORBED_EMPTY/pNone;ABSORBED_EMPTY/pNone;ABSORBED_EMPTY/pNone,None;None;None,False,False
2,A>A.reqA|A>~.reqwrite~A,TRANSLATION/p6,DIED,ABSORBED_EMPTY/pNone;ABSORBED_EMPTY/pNone;ABSORBED_EMPTY/pNone,None;None;None,False,False
2,A>A.reqA|A>~.reqwrite~B,ABSORBED_FROZEN/pNone,PRE_FAIL,ABSORBED_EMPTY/pNone;ABSORBED_EMPTY/pNone;ABSORBED_EMPTY/pNone,None;None;None,False,False
2,A>A.reqA|A>~.reqwrite~~,ABSORBED_EMPTY/pNone,PRE_FAIL,,None;None;None,False,False
2,A>A.reqA|A>~.req~,ABSORBED_EMPTY/pNone,PRE_FAIL,,None;None;None,False,False
2,A>A.reqA|A>~.self,ABSORBED_EMPTY/pNone,PRE_FAIL,,None;None;None,False,False
2,A>A.reqA|A>~.writeA,TRANSLATION/p6,DIED,ABSORBED_EMPTY/pNone;ABSORBED_EMPTY/pNone;ABSORBED_EMPTY/pNone,None;None;None,False,False
2,A>A.reqA|A>~.writeB,ABSORBED_FROZEN/pNone,PRE_FAIL,ABSORBED_EMPTY/pNone;ABSORBED_EMPTY/pNone;ABSORBED_EMPTY/pNone,None;None;None,False,False
2,A>A.reqA|A>~.write~,ABSORBED_EMPTY/pNone,PRE_FAIL,,None;None;None,False,False
2,A>A.reqA|B>A.reqA,ABSORBED_FROZEN/pNone,PRE_FAIL,ABSORBED_EMPTY/pNone;ABSORBED_EMPTY/pNone;ABSORBED_EMPTY/pNone,None;None;None,False,False
2,A>A.reqA|B>A.reqB,ABSORBED_FROZEN/pNone,PRE_FAIL,ABSORBED_EMPTY/pNone;ABSORBED_EMPTY/pNone;ABSORBED_EMPTY/pNone,None;None;None,False,False
2,A>A.reqA|B>A.reqwriteAA,ABSORBED_FROZEN/pNone,PRE_FAIL,ABSORBED_EMPTY/pNone;ABSORBED_EMPTY/pNone;ABSORBED_EMPTY/pNone,None;None;None,False,False
2,A>A.reqA|B>A.reqwriteAB,ABSORBED_FROZEN/pNone,PRE_FAIL,ABSORBED_EMPTY/pNone;ABSORBED_EMPTY/pNone;ABSORBED_EMPTY/pNone,None;None;None,False,False
2,A>A.reqA|B>A.reqwriteA~,ABSORBED_FROZEN/pNone,PRE_FAIL,ABSORBED_EMPTY/pNone;ABSORBED_EMPTY/pNone;ABSORBED_EMPTY/pNone,None;None;None,False,False
2,A>A.reqA|B>A.reqwriteBA,ABSORBED_FROZEN/pNone,PRE_FAIL,ABSORBED_EMPTY/pNone;ABSORBED_EMPTY/pNone;ABSORBED_EMPTY/pNone,None;None;None,False,False
2,A>A.reqA|B>A.reqwriteBB,ABSORBED_FROZEN/pNone,PRE_FAIL,ABSORBED_EMPTY/pNone;ABSORBED_EMPTY/pNone;ABSORBED_EMPTY/pNone,None;None;None,False,False
2,A>A.reqA|B>A.reqwriteB~,ABSORBED_FROZEN/pNone,PRE_FAIL,ABSORBED_EMPTY/pNone;ABSORBED_EMPTY/pNone;ABSORBED_EMPTY/pNone,None;None;None,False,False
2,A>A.reqA|B>A.reqwrite~A,ABSORBED_FROZEN/pNone,PRE_FAIL,ABSORBED_EMPTY/pNone;ABSORBED_EMPTY/pNone;ABSORBED_EMPTY/pNone,None;None;None,False,False
2,A>A.reqA|B>A.reqwrite~B,ABSORBED_FROZEN/pNone,PRE_FAIL,ABSORBED_EMPTY/pNone;ABSORBED_EMPTY/pNone;ABSORBED_EMPTY/pNone,None;None;None,False,False
2,A>A.reqA|B>A.reqwrite~~,ABSORBED_FROZEN/pNone,PRE_FAIL,ABSORBED_EMPTY/pNone;ABSORBED_EMPTY/pNone;ABSORBED_EMPTY/pNone,None;None;None,False,False
2,A>A.reqA|B>A.req~,ABSORBED_FROZEN/pNone,PRE_FAIL,ABSORBED_EMPTY/pNone;ABSORBED_EMPTY/pNone;ABSORBED_EMPTY/pNone,None;None;None,False,False
2,A>A.reqA|B>A.self,ABSORBED_FROZEN/pNone,PRE_FAIL,ABSORBED_EMPTY/pNone;ABSORBED_EMPTY/pNone;ABSORBED_EMPTY/pNone,None;None;None,False,False
2,A>A.reqA|B>A.writeA,ABSORBED_FROZEN/pNone,PRE_FAIL,ABSORBED_EMPTY/pNone;ABSORBED_EMPTY/pNone;ABSORBED_EMPTY/pNone,None;None;None,False,False
2,A>A.reqA|B>A.writeB,ABSORBED_FROZEN/pNone,PRE_FAIL,ABSORBED_EMPTY/pNone;ABSORBED_EMPTY/pNone;ABSORBED_EMPTY/pNone,None;None;None,False,False
2,A>A.reqA|B>A.write~,ABSORBED_FROZEN/pNone,PRE_FAIL,ABSORBED_EMPTY/pNone;ABSORBED_EMPTY/pNone;ABSORBED_EMPTY/pNone,None;None;None,False,False
2,A>A.reqA|B>B.reqA,ABSORBED_FROZEN/pNone,PRE_FAIL,ABSORBED_EMPTY/pNone;ABSORBED_EMPTY/pNone;ABSORBED_EMPTY/pNone,None;None;None,False,False
2,A>A.reqA|B>B.reqB,ABSORBED_FROZEN/pNone,PRE_FAIL,ABSORBED_EMPTY/pNone;ABSORBED_EMPTY/pNone;ABSORBED_EMPTY/pNone,None;None;None,False,False
2,A>A.reqA|B>B.reqwriteAA,ABSORBED_FROZEN/pNone,PRE_FAIL,ABSORBED_EMPTY/pNone;ABSORBED_EMPTY/pNone;ABSORBED_EMPTY/pNone,None;None;None,False,False
2,A>A.reqA|B>B.reqwriteAB,ABSORBED_FROZEN/pNone,PRE_FAIL,ABSORBED_EMPTY/pNone;ABSORBED_EMPTY/pNone;ABSORBED_EMPTY/pNone,None;None;None,False,False
2,A>A.reqA|B>B.reqwriteA~,ABSORBED_FROZEN/pNone,PRE_FAIL,ABSORBED_EMPTY/pNone;ABSORBED_EMPTY/pNone;ABSORBED_EMPTY/pNone,None;None;None,False,False
2,A>A.reqA|B>B.reqwriteBA,ABSORBED_FROZEN/pNone,PRE_FAIL,ABSORBED_EMPTY/pNone;ABSORBED_EMPTY/pNone;ABSORBED_EMPTY/pNone,None;None;None,False,False
2,A>A.reqA|B>B.reqwriteBB,ABSORBED_FROZEN/pNone,PRE_FAIL,ABSORBED_EMPTY/pNone;ABSORBED_EMPTY/pNone;ABSORBED_EMPTY/pNone,None;None;None,False,False
2,A>A.reqA|B>B.reqwriteB~,ABSORBED_FROZEN/pNone,PRE_FAIL,ABSORBED_EMPTY/pNone;ABSORBED_EMPTY/pNone;ABSORBED_EMPTY/pNone,None;None;None,False,False
2,A>A.reqA|B>B.reqwrite~A,ABSORBED_FROZEN/pNone,PRE_FAIL,ABSORBED_EMPTY/pNone;ABSORBED_EMPTY/pNone;ABSORBED_EMPTY/pNone,None;None;None,False,False
2,A>A.reqA|B>B.reqwrite~B,ABSORBED_FROZEN/pNone,PRE_FAIL,ABSORBED_EMPTY/pNone;ABSORBED_EMPTY/pNone;ABSORBED_EMPTY/pNone,None;None;None,False,False
2,A>A.reqA|B>B.reqwrite~~,ABSORBED_FROZEN/pNone,PRE_FAIL,ABSORBED_EMPTY/pNone;ABSORBED_EMPTY/pNone;ABSORBED_EMPTY/pNone,None;None;None,False,False
2,A>A.reqA|B>B.req~,ABSORBED_FROZEN/pNone,PRE_FAIL,ABSORBED_EMPTY/pNone;ABSORBED_EMPTY/pNone;ABSORBED_EMPTY/pNone,None;None;None,False,False
2,A>A.reqA|B>B.self,ABSORBED_FROZEN/pNone,PRE_FAIL,ABSORBED_EMPTY/pNone;ABSORBED_EMPTY/pNone;ABSORBED_EMPTY/pNone,None;None;None,False,False
2,A>A.reqA|B>B.writeA,ABSORBED_FROZEN/pNone,PRE_FAIL,ABSORBED_EMPTY/pNone;ABSORBED_EMPTY/pNone;ABSORBED_EMPTY/pNone,None;None;None,False,False
2,A>A.reqA|B>B.writeB,ABSORBED_FROZEN/pNone,PRE_FAIL,ABSORBED_EMPTY/pNone;ABSORBED_EMPTY/pNone;ABSORBED_EMPTY/pNone,None;None;None,False,False
2,A>A.reqA|B>B.write~,ABSORBED_FROZEN/pNone,PRE_FAIL,ABSORBED_EMPTY/pNone;ABSORBED_EMPTY/pNone;ABSORBED_EMPTY/pNone,None;None;None,False,False
2,A>A.reqA|B>~.reqA,ABSORBED_FROZEN/pNone,PRE_FAIL,ABSORBED_EMPTY/pNone;ABSORBED_EMPTY/pNone;ABSORBED_EMPTY/pNone,None;None;None,False,False
2,A>A.reqA|B>~.reqB,ABSORBED_FROZEN/pNone,PRE_FAIL,ABSORBED_EMPTY/pNone;ABSORBED_EMPTY/pNone;ABSORBED_EMPTY/pNone,None;None;None,False,False
2,A>A.reqA|B>~.reqwriteAA,ABSORBED_FROZEN/pNone,PRE_FAIL,ABSORBED_EMPTY/pNone;ABSORBED_EMPTY/pNone;ABSORBED_EMPTY/pNone,None;None;None,False,False
2,A>A.reqA|B>~.reqwriteAB,ABSORBED_FROZEN/pNone,PRE_FAIL,ABSORBED_EMPTY/pNone;ABSORBED_EMPTY/pNone;ABSORBED_EMPTY/pNone,None;None;None,False,False
2,A>A.reqA|B>~.reqwriteA~,ABSORBED_FROZEN/pNone,PRE_FAIL,ABSORBED_EMPTY/pNone;ABSORBED_EMPTY/pNone;ABSORBED_EMPTY/pNone,None;None;None,False,False
2,A>A.reqA|B>~.reqwriteBA,ABSORBED_FROZEN/pNone,PRE_FAIL,ABSORBED_EMPTY/pNone;ABSORBED_EMPTY/pNone;ABSORBED_EMPTY/pNone,None;None;None,False,False
2,A>A.reqA|B>~.reqwriteBB,ABSORBED_FROZEN/pNone,PRE_FAIL,ABSORBED_EMPTY/pNone;ABSORBED_EMPTY/pNone;ABSORBED_EMPTY/pNone,None;None;None,False,False
2,A>A.reqA|B>~.reqwriteB~,ABSORBED_FROZEN/pNone,PRE_FAIL,ABSORBED_EMPTY/pNone;ABSORBED_EMPTY/pNone;ABSORBED_EMPTY/pNone,None;None;None,False,False
2,A>A.reqA|B>~.reqwrite~A,ABSORBED_FROZEN/pNone,PRE_FAIL,ABSORBED_EMPTY/pNone;ABSORBED_EMPTY/pNone;ABSORBED_EMPTY/pNone,None;None;None,False,False
2,A>A.reqA|B>~.reqwrite~B,ABSORBED_FROZEN/pNone,PRE_FAIL,ABSORBED_EMPTY/pNone;ABSORBED_EMPTY/pNone;ABSORBED_EMPTY/pNone,None;None;None,False,False
2,A>A.reqA|B>~.reqwrite~~,ABSORBED_FROZEN/pNone,PRE_FAIL,ABSORBED_EMPTY/pNone;ABSORBED_EMPTY/pNone;ABSORBED_EMPTY/pNone,None;None;None,False,False
2,A>A.reqA|B>~.req~,ABSORBED_FROZEN/pNone,PRE_FAIL,ABSORBED_EMPTY/pNone;ABSORBED_EMPTY/pNone;ABSORBED_EMPTY/pNone,None;None;None,False,False
2,A>A.reqA|B>~.self,ABSORBED_FROZEN/pNone,PRE_FAIL,ABSORBED_EMPTY/pNone;ABSORBED_EMPTY/pNone;ABSORBED_EMPTY/pNone,None;None;None,False,False
2,A>A.reqA|B>~.writeA,ABSORBED_FROZEN/pNone,PRE_FAIL,ABSORBED_EMPTY/pNone;ABSORBED_EMPTY/pNone;ABSORBED_EMPTY/pNone,None;None;None,False,False
2,A>A.reqA|B>~.writeB,ABSORBED_FROZEN/pNone,PRE_FAIL,ABSORBED_EMPTY/pNone;ABSORBED_EMPTY/pNone;ABSORBED_EMPTY/pNone,None;None;None,False,False
2,A>A.reqA|B>~.write~,ABSORBED_FROZEN/pNone,PRE_FAIL,ABSORBED_EMPTY/pNone;ABSORBED_EMPTY/pNone;ABSORBED_EMPTY/pNone,None;None;None,False,False
2,A>A.reqB|A>A.reqwriteAA,ABSORBED_FROZEN/pNone,PRE_FAIL,ABSORBED_EMPTY/pNone;ABSORBED_EMPTY/pNone;ABSORBED_EMPTY/pNone,None;None;None,False,False
2,A>A.reqB|A>A.reqwriteAB,ABSORBED_FROZEN/pNone,PRE_FAIL,ABSORBED_EMPTY/pNone;ABSORBED_EMPTY/pNone;ABSORBED_EMPTY/pNone,None;None;None,False,False
2,A>A.reqB|A>A.reqwriteA~,ABSORBED_FROZEN/pNone,PRE_FAIL,ABSORBED_EMPTY/pNone;ABSORBED_EMPTY/pNone;ABSORBED_EMPTY/pNone,None;None;None,False,False
2,A>A.reqB|A>A.reqwriteBA,ABSORBED_FROZEN/pNone,PRE_FAIL,ABSORBED_EMPTY/pNone;ABSORBED_EMPTY/pNone;ABSORBED_EMPTY/pNone,None;None;None,False,False
2,A>A.reqB|A>A.reqwriteBB,ABSORBED_FROZEN/pNone,PRE_FAIL,ABSORBED_EMPTY/pNone;ABSORBED_EMPTY/pNone;ABSORBED_EMPTY/pNone,None;None;None,False,False
2,A>A.reqB|A>A.reqwriteB~,ABSORBED_FROZEN/pNone,PRE_FAIL,ABSORBED_EMPTY/pNone;ABSORBED_EMPTY/pNone;ABSORBED_EMPTY/pNone,None;None;None,False,False
2,A>A.reqB|A>A.reqwrite~A,ABSORBED_FROZEN/pNone,PRE_FAIL,ABSORBED_FROZEN/pNone;ABSORBED_FROZEN/pNone;ABSORBED_FROZEN/pNone;ABSORBED_FROZEN/pNone;ABSORBED_FROZEN/pNone;ABSORBED_FROZEN/pNone;ABSORBED_FROZEN/pNone;ABSORBED_FROZEN/pNone;ABSORBED_FROZEN/pNone,None;None;None,False,False
2,A>A.reqB|A>A.reqwrite~B,FIXED/p1,DIED,FIXED/p1;FIXED/p1;ABSORBED_FROZEN/pNone;FIXED/p1;ABSORBED_FROZEN/pNone;ABSORBED_EMPTY/pNone;ABSORBED_FROZEN/pNone;ABSORBED_EMPTY/pNone,False;False;None,False,False
2,A>A.reqB|A>A.reqwrite~~,FIXED/p1,DIED,ABSORBED_EMPTY/pNone;ABSORBED_EMPTY/pNone;ABSORBED_EMPTY/pNone,None;None;None,False,False
2,A>A.reqB|A>A.req~,FIXED/p1,DIED,ABSORBED_EMPTY/pNone;ABSORBED_EMPTY/pNone;ABSORBED_EMPTY/pNone,None;None;None,False,False
2,A>A.reqB|A>A.self,FIXED/p1,DIED,ABSORBED_EMPTY/pNone;ABSORBED_EMPTY/pNone;ABSORBED_EMPTY/pNone,None;None;None,False,False
2,A>A.reqB|A>A.writeA,FIXED/p1,REPAIR,FIXED/p1;FIXED/p1;FIXED/p1;FIXED/p1;FIXED/p1;FIXED/p1;FIXED/p1;FIXED/p1;FIXED/p1,True;True;True,True,False
2,A>A.reqB|A>A.writeB,FIXED/p1,DIED,FIXED/p1;FIXED/p1;ABSORBED_FROZEN/pNone;FIXED/p1;ABSORBED_FROZEN/pNone;ABSORBED_EMPTY/pNone;ABSORBED_FROZEN/pNone;ABSORBED_EMPTY/pNone,False;False;None,False,False
2,A>A.reqB|A>A.write~,FIXED/p1,DIED,ABSORBED_EMPTY/pNone;ABSORBED_EMPTY/pNone;ABSORBED_EMPTY/pNone,None;None;None,False,False
2,A>A.reqB|A>B.reqA,ABSORBED_FROZEN/pNone,PRE_FAIL,ABSORBED_EMPTY/pNone;ABSORBED_EMPTY/pNone;ABSORBED_EMPTY/pNone,None;None;None,False,False
2,A>A.reqB|A>B.reqB,ABSORBED_FROZEN/pNone,PRE_FAIL,ABSORBED_EMPTY/pNone;ABSORBED_EMPTY/pNone;ABSORBED_EMPTY/pNone,None;None;None,False,False
2,A>A.reqB|A>B.reqwriteAA,ABSORBED_FROZEN/pNone,PRE_FAIL,ABSORBED_EMPTY/pNone;ABSORBED_EMPTY/pNone;ABSORBED_EMPTY/pNone,None;None;None,False,False
2,A>A.reqB|A>B.reqwriteAB,ABSORBED_FROZEN/pNone,PRE_FAIL,ABSORBED_EMPTY/pNone;ABSORBED_EMPTY/pNone;ABSORBED_EMPTY/pNone,None;None;None,False,False
2,A>A.reqB|A>B.reqwriteA~,ABSORBED_FROZEN/pNone,PRE_FAIL,ABSORBED_EMPTY/pNone;ABSORBED_EMPTY/pNone;ABSORBED_EMPTY/pNone,None;None;None,False,False
2,A>A.reqB|A>B.reqwriteBA,ABSORBED_FROZEN/pNone,PRE_FAIL,ABSORBED_EMPTY/pNone;ABSORBED_EMPTY/pNone;ABSORBED_EMPTY/pNone,None;None;None,False,False
2,A>A.reqB|A>B.reqwriteBB,ABSORBED_FROZEN/pNone,PRE_FAIL,ABSORBED_EMPTY/pNone;ABSORBED_EMPTY/pNone;ABSORBED_EMPTY/pNone,None;None;None,False,False
2,A>A.reqB|A>B.reqwriteB~,ABSORBED_FROZEN/pNone,PRE_FAIL,ABSORBED_EMPTY/pNone;ABSORBED_EMPTY/pNone;ABSORBED_EMPTY/pNone,None;None;None,False,False
2,A>A.reqB|A>B.reqwrite~A,FIXED/p1,"MIXED:DIEDx1,REPAIRx2",FIXED/p1;ABSORBED_FROZEN/pNone;ABSORBED_FROZEN/pNone;FIXED/p1;FIXED/p1;FIXED/p1;FIXED/p1;FIXED/p1;FIXED/p1,False;False;False,False,False
2,A>A.reqB|A>B.reqwrite~B,ABSORBED_FROZEN/pNone,PRE_FAIL,ABSORBED_FROZEN/pNone;ABSORBED_EMPTY/pNone;ABSORBED_FROZEN/pNone;ABSORBED_EMPTY/pNone;ABSORBED_FROZEN/pNone;ABSORBED_EMPTY/pNone,None;None;None,False,False
2,A>A.reqB|A>B.reqwrite~~,ABSORBED_FROZEN/pNone,PRE_FAIL,ABSORBED_EMPTY/pNone;ABSORBED_EMPTY/pNone;ABSORBED_EMPTY/pNone,None;None;None,False,False
2,A>A.reqB|A>B.req~,ABSORBED_FROZEN/pNone,PRE_FAIL,ABSORBED_EMPTY/pNone;ABSORBED_EMPTY/pNone;ABSORBED_EMPTY/pNone,None;None;None,False,False
2,A>A.reqB|A>B.self,ABSORBED_FROZEN/pNone,PRE_FAIL,ABSORBED_EMPTY/pNone;ABSORBED_EMPTY/pNone;ABSORBED_EMPTY/pNone,None;None;None,False,False
2,A>A.reqB|A>B.writeA,"MIXED:APERIODIC/pNonex1,FIXED/p1x2","MIXED:DIEDx2,PRE_FAILx1",ABSORBED_FROZEN/pNone;ABSORBED_FROZEN/pNone;ABSORBED_FROZEN/pNone;ABSORBED_FROZEN/pNone;ABSORBED_FROZEN/pNone;ABSORBED_FROZEN/pNone;APERIODIC/pNone;FIXED/p1;ABSORBED_FROZEN/pNone,None;False;False,False,False
2,A>A.reqB|A>B.writeB,ABSORBED_FROZEN/pNone,PRE_FAIL,ABSORBED_FROZEN/pNone;ABSORBED_EMPTY/pNone;ABSORBED_FROZEN/pNone;ABSORBED_EMPTY/pNone;ABSORBED_FROZEN/pNone;ABSORBED_EMPTY/pNone,None;None;None,False,False
2,A>A.reqB|A>B.write~,ABSORBED_FROZEN/pNone,PRE_FAIL,ABSORBED_EMPTY/pNone;ABSORBED_EMPTY/pNone;ABSORBED_EMPTY/pNone,None;None;None,False,False
2,A>A.reqB|A>~.reqA,ABSORBED_FROZEN/pNone,PRE_FAIL,ABSORBED_EMPTY/pNone;ABSORBED_EMPTY/pNone;ABSORBED_EMPTY/pNone,None;None;None,False,False
2,A>A.reqB|A>~.reqB,ABSORBED_FROZEN/pNone,PRE_FAIL,ABSORBED_EMPTY/pNone;ABSORBED_EMPTY/pNone;ABSORBED_EMPTY/pNone,None;None;None,False,False
2,A>A.reqB|A>~.reqwriteAA,ABSORBED_FROZEN/pNone,PRE_FAIL,ABSORBED_EMPTY/pNone;ABSORBED_EMPTY/pNone;ABSORBED_EMPTY/pNone,None;None;None,False,False
2,A>A.reqB|A>~.reqwriteAB,ABSORBED_FROZEN/pNone,PRE_FAIL,ABSORBED_EMPTY/pNone;ABSORBED_EMPTY/pNone;ABSORBED_EMPTY/pNone,None;None;None,False,False
2,A>A.reqB|A>~.reqwriteA~,ABSORBED_FROZEN/pNone,PRE_FAIL,ABSORBED_EMPTY/pNone;ABSORBED_EMPTY/pNone;ABSORBED_EMPTY/pNone,None;None;None,False,False
2,A>A.reqB|A>~.reqwriteBA,ABSORBED_FROZEN/pNone,PRE_FAIL,ABSORBED_EMPTY/pNone;ABSORBED_EMPTY/pNone;ABSORBED_EMPTY/pNone,None;None;None,False,False
2,A>A.reqB|A>~.reqwriteBB,ABSORBED_FROZEN/pNone,PRE_FAIL,ABSORBED_EMPTY/pNone;ABSORBED_EMPTY/pNone;ABSORBED_EMPTY/pNone,None;None;None,False,False
2,A>A.reqB|A>~.reqwriteB~,ABSORBED_FROZEN/pNone,PRE_FAIL,ABSORBED_EMPTY/pNone;ABSORBED_EMPTY/pNone;ABSORBED_EMPTY/pNone,None;None;None,False,False
2,A>A.reqB|A>~.reqwrite~A,TRANSLATION/p6,DIED,ABSORBED_EMPTY/pNone;ABSORBED_EMPTY/pNone;ABSORBED_EMPTY/pNone,None;None;None,False,False
2,A>A.reqB|A>~.reqwrite~B,ABSORBED_FROZEN/pNone,PRE_FAIL,ABSORBED_EMPTY/pNone;ABSORBED_EMPTY/pNone;ABSORBED_EMPTY/pNone,None;None;None,False,False
2,A>A.reqB|A>~.reqwrite~~,ABSORBED_EMPTY/pNone,PRE_FAIL,,None;None;None,False,False
2,A>A.reqB|A>~.req~,ABSORBED_EMPTY/pNone,PRE_FAIL,,None;None;None,False,False
2,A>A.reqB|A>~.self,ABSORBED_EMPTY/pNone,PRE_FAIL,,None;None;None,False,False
2,A>A.reqB|A>~.writeA,TRANSLATION/p6,DIED,ABSORBED_EMPTY/pNone;ABSORBED_EMPTY/pNone;ABSORBED_EMPTY/pNone,None;None;None,False,False
2,A>A.reqB|A>~.writeB,ABSORBED_FROZEN/pNone,PRE_FAIL,ABSORBED_EMPTY/pNone;ABSORBED_EMPTY/pNone;ABSORBED_EMPTY/pNone,None;None;None,False,False
2,A>A.reqB|A>~.write~,ABSORBED_EMPTY/pNone,PRE_FAIL,,None;None;None,False,False
2,A>A.reqB|B>A.reqA,ABSORBED_FROZEN/pNone,PRE_FAIL,ABSORBED_EMPTY/pNone;ABSORBED_EMPTY/pNone;ABSORBED_EMPTY/pNone,None;None;None,False,False
2,A>A.reqB|B>A.reqB,ABSORBED_FROZEN/pNone,PRE_FAIL,ABSORBED_EMPTY/pNone;ABSORBED_EMPTY/pNone;ABSORBED_EMPTY/pNone,None;None;None,False,False
2,A>A.reqB|B>A.reqwriteAA,ABSORBED_FROZEN/pNone,PRE_FAIL,ABSORBED_EMPTY/pNone;ABSORBED_EMPTY/pNone;ABSORBED_EMPTY/pNone,None;None;None,False,False
2,A>A.reqB|B>A.reqwriteAB,ABSORBED_FROZEN/pNone,PRE_FAIL,ABSORBED_EMPTY/pNone;ABSORBED_EMPTY/pNone;ABSORBED_EMPTY/pNone,None;None;None,False,False
2,A>A.reqB|B>A.reqwriteA~,ABSORBED_FROZEN/pNone,PRE_FAIL,ABSORBED_EMPTY/pNone;ABSORBED_EMPTY/pNone;ABSORBED_EMPTY/pNone,None;None;None,False,False
2,A>A.reqB|B>A.reqwriteBA,ABSORBED_FROZEN/pNone,PRE_FAIL,ABSORBED_EMPTY/pNone;ABSORBED_EMPTY/pNone;ABSORBED_EMPTY/pNone,None;None;None,False,False
2,A>A.reqB|B>A.reqwriteBB,ABSORBED_FROZEN/pNone,PRE_FAIL,ABSORBED_EMPTY/pNone;ABSORBED_EMPTY/pNone;ABSORBED_EMPTY/pNone,None;None;None,False,False
2,A>A.reqB|B>A.reqwriteB~,ABSORBED_FROZEN/pNone,PRE_FAIL,ABSORBED_EMPTY/pNone;ABSORBED_EMPTY/pNone;ABSORBED_EMPTY/pNone,None;None;None,False,False
2,A>A.reqB|B>A.reqwrite~A,ABSORBED_FROZEN/pNone,PRE_FAIL,ABSORBED_EMPTY/pNone;ABSORBED_EMPTY/pNone;ABSORBED_EMPTY/pNone,None;None;None,False,False
2,A>A.reqB|B>A.reqwrite~B,ABSORBED_FROZEN/pNone,PRE_FAIL,ABSORBED_EMPTY/pNone;ABSORBED_EMPTY/pNone;ABSORBED_EMPTY/pNone,None;None;None,False,False
2,A>A.reqB|B>A.reqwrite~~,ABSORBED_FROZEN/pNone,PRE_FAIL,ABSORBED_EMPTY/pNone;ABSORBED_EMPTY/pNone;ABSORBED_EMPTY/pNone,None;None;None,False,False
2,A>A.reqB|B>A.req~,ABSORBED_FROZEN/pNone,PRE_FAIL,ABSORBED_EMPTY/pNone;ABSORBED_EMPTY/pNone;ABSORBED_EMPTY/pNone,None;None;None,False,False
2,A>A.reqB|B>A.self,ABSORBED_FROZEN/pNone,PRE_FAIL,ABSORBED_EMPTY/pNone;ABSORBED_EMPTY/pNone;ABSORBED_EMPTY/pNone,None;None;None,False,False
2,A>A.reqB|B>A.writeA,ABSORBED_FROZEN/pNone,PRE_FAIL,ABSORBED_EMPTY/pNone;ABSORBED_EMPTY/pNone;ABSORBED_EMPTY/pNone,None;None;None,False,False
2,A>A.reqB|B>A.writeB,ABSORBED_FROZEN/pNone,PRE_FAIL,ABSORBED_EMPTY/pNone;ABSORBED_EMPTY/pNone;ABSORBED_EMPTY/pNone,None;None;None,False,False
2,A>A.reqB|B>A.write~,ABSORBED_FROZEN/pNone,PRE_FAIL,ABSORBED_EMPTY/pNone;ABSORBED_EMPTY/pNone;ABSORBED_EMPTY/pNone,None;None;None,False,False
2,A>A.reqB|B>B.reqA,ABSORBED_FROZEN/pNone,PRE_FAIL,ABSORBED_EMPTY/pNone;ABSORBED_EMPTY/pNone;ABSORBED_EMPTY/pNone,None;None;None,False,False
2,A>A.reqB|B>B.reqB,ABSORBED_FROZEN/pNone,PRE_FAIL,ABSORBED_EMPTY/pNone;ABSORBED_EMPTY/pNone;ABSORBED_EMPTY/pNone,None;None;None,False,False
2,A>A.reqB|B>B.reqwriteAA,ABSORBED_FROZEN/pNone,PRE_FAIL,ABSORBED_EMPTY/pNone;ABSORBED_EMPTY/pNone;ABSORBED_EMPTY/pNone,None;None;None,False,False
2,A>A.reqB|B>B.reqwriteAB,ABSORBED_FROZEN/pNone,PRE_FAIL,ABSORBED_EMPTY/pNone;ABSORBED_EMPTY/pNone;ABSORBED_EMPTY/pNone,None;None;None,False,False
2,A>A.reqB|B>B.reqwriteA~,ABSORBED_FROZEN/pNone,PRE_FAIL,ABSORBED_EMPTY/pNone;ABSORBED_EMPTY/pNone;ABSORBED_EMPTY/pNone,None;None;None,False,False
2,A>A.reqB|B>B.reqwriteBA,ABSORBED_FROZEN/pNone,PRE_FAIL,ABSORBED_EMPTY/pNone;ABSORBED_EMPTY/pNone;ABSORBED_EMPTY/pNone,None;None;None,False,False
2,A>A.reqB|B>B.reqwriteBB,ABSORBED_FROZEN/pNone,PRE_FAIL,ABSORBED_EMPTY/pNone;ABSORBED_EMPTY/pNone;ABSORBED_EMPTY/pNone,None;None;None,False,False
2,A>A.reqB|B>B.reqwriteB~,ABSORBED_FROZEN/pNone,PRE_FAIL,ABSORBED_EMPTY/pNone;ABSORBED_EMPTY/pNone;ABSORBED_EMPTY/pNone,None;None;None,False,False
2,A>A.reqB|B>B.reqwrite~A,ABSORBED_FROZEN/pNone,PRE_FAIL,ABSORBED_EMPTY/pNone;ABSORBED_EMPTY/pNone;ABSORBED_EMPTY/pNone,None;None;None,False,False
2,A>A.reqB|B>B.reqwrite~B,ABSORBED_FROZEN/pNone,PRE_FAIL,ABSORBED_EMPTY/pNone;ABSORBED_EMPTY/pNone;ABSORBED_EMPTY/pNone,None;None;None,False,False
2,A>A.reqB|B>B.reqwrite~~,ABSORBED_FROZEN/pNone,PRE_FAIL,ABSORBED_EMPTY/pNone;ABSORBED_EMPTY/pNone;ABSORBED_EMPTY/pNone,None;None;None,False,False
2,A>A.reqB|B>B.req~,ABSORBED_FROZEN/pNone,PRE_FAIL,ABSORBED_EMPTY/pNone;ABSORBED_EMPTY/pNone;ABSORBED_EMPTY/pNone,None;None;None,False,False
2,A>A.reqB|B>B.self,ABSORBED_FROZEN/pNone,PRE_FAIL,ABSORBED_EMPTY/pNone;ABSORBED_EMPTY/pNone;ABSORBED_EMPTY/pNone,None;None;None,False,False
2,A>A.reqB|B>B.writeA,ABSORBED_FROZEN/pNone,PRE_FAIL,ABSORBED_EMPTY/pNone;ABSORBED_EMPTY/pNone;ABSORBED_EMPTY/pNone,None;None;None,False,False
2,A>A.reqB|B>B.writeB,ABSORBED_FROZEN/pNone,PRE_FAIL,ABSORBED_EMPTY/pNone;ABSORBED_EMPTY/pNone;ABSORBED_EMPTY/pNone,None;None;None,False,False
2,A>A.reqB|B>B.write~,ABSORBED_FROZEN/pNone,PRE_FAIL,ABSORBED_EMPTY/pNone;ABSORBED_EMPTY/pNone;ABSORBED_EMPTY/pNone,None;None;None,False,False
2,A>A.reqB|B>~.reqA,ABSORBED_FROZEN/pNone,PRE_FAIL,ABSORBED_EMPTY/pNone;ABSORBED_EMPTY/pNone;ABSORBED_EMPTY/pNone,None;None;None,False,False
2,A>A.reqB|B>~.reqB,ABSORBED_FROZEN/pNone,PRE_FAIL,ABSORBED_EMPTY/pNone;ABSORBED_EMPTY/pNone;ABSORBED_EMPTY/pNone,None;None;None,False,False
2,A>A.reqB|B>~.reqwriteAA,ABSORBED_FROZEN/pNone,PRE_FAIL,ABSORBED_EMPTY/pNone;ABSORBED_EMPTY/pNone;ABSORBED_EMPTY/pNone,None;None;None,False,False
2,A>A.reqB|B>~.reqwriteAB,ABSORBED_FROZEN/pNone,PRE_FAIL,ABSORBED_EMPTY/pNone;ABSORBED_EMPTY/pNone;ABSORBED_EMPTY/pNone,None;None;None,False,False
2,A>A.reqB|B>~.reqwriteA~,ABSORBED_FROZEN/pNone,PRE_FAIL,ABSORBED_EMPTY/pNone;ABSORBED_EMPTY/pNone;ABSORBED_EMPTY/pNone,None;None;None,False,False
2,A>A.reqB|B>~.reqwriteBA,ABSORBED_FROZEN/pNone,PRE_FAIL,ABSORBED_EMPTY/pNone;ABSORBED_EMPTY/pNone;ABSORBED_EMPTY/pNone,None;None;None,False,False
2,A>A.reqB|B>~.reqwriteBB,ABSORBED_FROZEN/pNone,PRE_FAIL,ABSORBED_EMPTY/pNone;ABSORBED_EMPTY/pNone;ABSORBED_EMPTY/pNone,None;None;None,False,False
2,A>A.reqB|B>~.reqwriteB~,ABSORBED_FROZEN/pNone,PRE_FAIL,ABSORBED_EMPTY/pNone;ABSORBED_EMPTY/pNone;ABSORBED_EMPTY/pNone,None;None;None,False,False
2,A>A.reqB|B>~.reqwrite~A,ABSORBED_FROZEN/pNone,PRE_FAIL,ABSORBED_EMPTY/pNone;ABSORBED_EMPTY/pNone;ABSORBED_EMPTY/pNone,None;None;None,False,False
2,A>A.reqB|B>~.reqwrite~B,ABSORBED_FROZEN/pNone,PRE_FAIL,ABSORBED_EMPTY/pNone;ABSORBED_EMPTY/pNone;ABSORBED_EMPTY/pNone,None;None;None,False,False
2,A>A.reqB|B>~.reqwrite~~,ABSORBED_FROZEN/pNone,PRE_FAIL,ABSORBED_EMPTY/pNone;ABSORBED_EMPTY/pNone;ABSORBED_EMPTY/pNone,None;None;None,False,False
2,A>A.reqB|B>~.req~,ABSORBED_FROZEN/pNone,PRE_FAIL,ABSORBED_EMPTY/pNone;ABSORBED_EMPTY/pNone;ABSORBED_EMPTY/pNone,None;None;None,False,False
2,A>A.reqB|B>~.self,ABSORBED_FROZEN/pNone,PRE_FAIL,ABSORBED_EMPTY/pNone;ABSORBED_EMPTY/pNone;ABSORBED_EMPTY/pNone,None;None;None,False,False
2,A>A.reqB|B>~.writeA,ABSORBED_FROZEN/pNone,PRE_FAIL,ABSORBED_EMPTY/pNone;ABSORBED_EMPTY/pNone;ABSORBED_EMPTY/pNone,None;None;None,False,False
2,A>A.reqB|B>~.writeB,ABSORBED_FROZEN/pNone,PRE_FAIL,ABSORBED_EMPTY/pNone;ABSORBED_EMPTY/pNone;ABSORBED_EMPTY/pNone,None;None;None,False,False
2,A>A.reqB|B>~.write~,ABSORBED_FROZEN/pNone,PRE_FAIL,ABSORBED_EMPTY/pNone;ABSORBED_EMPTY/pNone;ABSORBED_EMPTY/pNone,None;None;None,False,False
2,A>A.reqwriteAA|A>A.reqwriteAB,ABSORBED_FROZEN/pNone,PRE_FAIL,ABSORBED_EMPTY/pNone;ABSORBED_EMPTY/pNone;ABSORBED_EMPTY/pNone,None;None;None,False,False
2,A>A.reqwriteAA|A>A.reqwriteA~,ABSORBED_FROZEN/pNone,PRE_FAIL,ABSORBED_EMPTY/pNone;ABSORBED_EMPTY/pNone;ABSORBED_EMPTY/pNone,None;None;None,False,False
2,A>A.reqwriteAA|A>A.reqwriteBA,ABSORBED_FROZEN/pNone,PRE_FAIL,ABSORBED_EMPTY/pNone;ABSORBED_EMPTY/pNone;ABSORBED_EMPTY/pNone,None;None;None,False,False
2,A>A.reqwriteAA|A>A.reqwriteBB,ABSORBED_FROZEN/pNone,PRE_FAIL,ABSORBED_EMPTY/pNone;ABSORBED_EMPTY/pNone;ABSORBED_EMPTY/pNone,None;None;None,False,False
2,A>A.reqwriteAA|A>A.reqwriteB~,ABSORBED_FROZEN/pNone,PRE_FAIL,ABSORBED_EMPTY/pNone;ABSORBED_EMPTY/pNone;ABSORBED_EMPTY/pNone,None;None;None,False,False
2,A>A.reqwriteAA|A>A.reqwrite~A,FIXED/p1,REPAIR,FIXED/p1;FIXED/p1;FIXED/p1;FIXED/p1;FIXED/p1;FIXED/p1;FIXED/p1;FIXED/p1;FIXED/p1,True;True;True,True,False
2,A>A.reqwriteAA|A>A.reqwrite~B,ABSORBED_FROZEN/pNone,PRE_FAIL,ABSORBED_FROZEN/pNone;ABSORBED_EMPTY/pNone;ABSORBED_FROZEN/pNone;ABSORBED_FROZEN/pNone;ABSORBED_EMPTY/pNone;ABSORBED_FROZEN/pNone;ABSORBED_EMPTY/pNone,None;None;None,False,False
2,A>A.reqwriteAA|A>A.reqwrite~~,FIXED/p1,DIED,ABSORBED_EMPTY/pNone;ABSORBED_EMPTY/pNone;ABSORBED_EMPTY/pNone,None;None;None,False,False
2,A>A.reqwriteAA|A>A.self,FIXED/p1,DIED,ABSORBED_EMPTY/pNone;ABSORBED_EMPTY/pNone;ABSORBED_EMPTY/pNone,None;None;None,False,False
2,A>A.reqwriteAA|A>A.writeA,FIXED/p1,REPAIR,FIXED/p1;FIXED/p1;FIXED/p1;FIXED/p1;FIXED/p1;FIXED/p1;FIXED/p1;FIXED/p1;FIXED/p1,True;True;True,True,False
2,A>A.reqwriteAA|A>A.writeB,FIXED/p1,DIED,FIXED/p1;FIXED/p1;ABSORBED_FROZEN/pNone;FIXED/p1;ABSORBED_FROZEN/pNone;ABSORBED_EMPTY/pNone;ABSORBED_FROZEN/pNone;ABSORBED_EMPTY/pNone,False;False;None,False,False
2,A>A.reqwriteAA|A>A.write~,FIXED/p1,DIED,ABSORBED_EMPTY/pNone;ABSORBED_EMPTY/pNone;ABSORBED_EMPTY/pNone,None;None;None,False,False
2,A>A.reqwriteAA|A>B.reqA,ABSORBED_FROZEN/pNone,PRE_FAIL,ABSORBED_EMPTY/pNone;ABSORBED_EMPTY/pNone;ABSORBED_EMPTY/pNone,None;None;None,False,False
2,A>A.reqwriteAA|A>B.reqB,ABSORBED_FROZEN/pNone,PRE_FAIL,ABSORBED_EMPTY/pNone;ABSORBED_EMPTY/pNone;ABSORBED_EMPTY/pNone,None;None;None,False,False
2,A>A.reqwriteAA|A>B.reqwriteAA,ABSORBED_FROZEN/pNone,PRE_FAIL,ABSORBED_EMPTY/pNone;ABSORBED_EMPTY/pNone;ABSORBED_EMPTY/pNone,None;None;None,False,False
2,A>A.reqwriteAA|A>B.reqwriteAB,ABSORBED_FROZEN/pNone,PRE_FAIL,ABSORBED_EMPTY/pNone;ABSORBED_EMPTY/pNone;ABSORBED_EMPTY/pNone,None;None;None,False,False
2,A>A.reqwriteAA|A>B.reqwriteA~,ABSORBED_FROZEN/pNone,PRE_FAIL,ABSORBED_EMPTY/pNone;ABSORBED_EMPTY/pNone;ABSORBED_EMPTY/pNone,None;None;None,False,False
2,A>A.reqwriteAA|A>B.reqwriteBA,ABSORBED_FROZEN/pNone,PRE_FAIL,ABSORBED_EMPTY/pNone;ABSORBED_EMPTY/pNone;ABSORBED_EMPTY/pNone,None;None;None,False,False
2,A>A.reqwriteAA|A>B.reqwriteBB,ABSORBED_FROZEN/pNone,PRE_FAIL,ABSORBED_EMPTY/pNone;ABSORBED_EMPTY/pNone;ABSORBED_EMPTY/pNone,None;None;None,False,False
2,A>A.reqwriteAA|A>B.reqwriteB~,ABSORBED_FROZEN/pNone,PRE_FAIL,ABSORBED_EMPTY/pNone;ABSORBED_EMPTY/pNone;ABSORBED_EMPTY/pNone,None;None;None,False,False
2,A>A.reqwriteAA|A>B.reqwrite~A,ABSORBED_FROZEN/pNone,PRE_FAIL,ABSORBED_FROZEN/pNone;ABSORBED_FROZEN/pNone;ABSORBED_FROZEN/pNone;ABSORBED_FROZEN/pNone;ABSORBED_FROZEN/pNone;ABSORBED_FROZEN/pNone;ABSORBED_FROZEN/pNone;ABSORBED_FROZEN/pNone;ABSORBED_FROZEN/pNone,None;None;None,False,False
2,A>A.reqwriteAA|A>B.reqwrite~B,ABSORBED_FROZEN/pNone,PRE_FAIL,ABSORBED_FROZEN/pNone;ABSORBED_EMPTY/pNone;ABSORBED_FROZEN/pNone;ABSORBED_EMPTY/pNone;ABSORBED_FROZEN/pNone;ABSORBED_EMPTY/pNone,None;None;None,False,False
2,A>A.reqwriteAA|A>B.reqwrite~~,ABSORBED_FROZEN/pNone,PRE_FAIL,ABSORBED_EMPTY/pNone;ABSORBED_EMPTY/pNone;ABSORBED_EMPTY/pNone,None;None;None,False,False
2,A>A.reqwriteAA|A>B.req~,ABSORBED_FROZEN/pNone,PRE_FAIL,ABSORBED_EMPTY/pNone;ABSORBED_EMPTY/pNone;ABSORBED_EMPTY/pNone,None;None;None,False,False
2,A>A.reqwriteAA|A>B.self,ABSORBED_FROZEN/pNone,PRE_FAIL,ABSORBED_EMPTY/pNone;ABSORBED_EMPTY/pNone;ABSORBED_EMPTY/pNone,None;None;None,False,False
2,A>A.reqwriteAA|A>B.writeA,TRANSLATION/p6,"MIXED:DIEDx2,REPAIRx1",ABSORBED_FROZEN/pNone;ABSORBED_FROZEN/pNone;ABSORBED_FROZEN/pNone;TRANSLATION/p6;ABSORBED_FROZEN/pNone;ABSORBED_FROZEN/pNone;TRANSLATION/p6;TRANSLATION/p6;TRANSLATION/p6,None;None;None,False,False
2,A>A.reqwriteAA|A>B.writeB,ABSORBED_FROZEN/pNone,PRE_FAIL,ABSORBED_FROZEN/pNone;ABSORBED_EMPTY/pNone;ABSORBED_FROZEN/pNone;ABSORBED_EMPTY/pNone;ABSORBED_FROZEN/pNone;ABSORBED_EMPTY/pNone,None;None;None,False,False
2,A>A.reqwriteAA|A>B.write~,ABSORBED_FROZEN/pNone,PRE_FAIL,ABSORBED_EMPTY/pNone;ABSORBED_EMPTY/pNone;ABSORBED_EMPTY/pNone,None;None;None,False,False
2,A>A.reqwriteAA|A>~.reqA,ABSORBED_FROZEN/pNone,PRE_FAIL,ABSORBED_EMPTY/pNone;ABSORBED_EMPTY/pNone;ABSORBED_EMPTY/pNone,None;None;None,False,False
2,A>A.reqwriteAA|A>~.reqB,ABSORBED_FROZEN/pNone,PRE_FAIL,ABSORBED_EMPTY/pNone;ABSORBED_EMPTY/pNone;ABSORBED_EMPTY/pNone,None;None;None,False,False
2,A>A.reqwriteAA|A>~.reqwriteAA,ABSORBED_FROZEN/pNone,PRE_FAIL,ABSORBED_EMPTY/pNone;ABSORBED_EMPTY/pNone;ABSORBED_EMPTY/pNone,None;None;None,False,False
2,A>A.reqwriteAA|A>~.reqwriteAB,ABSORBED_FROZEN/pNone,PRE_FAIL,ABSORBED_EMPTY/pNone;ABSORBED_EMPTY/pNone;ABSORBED_EMPTY/pNone,None;None;None,False,False
2,A>A.reqwriteAA|A>~.reqwriteA~,ABSORBED_FROZEN/pNone,PRE_FAIL,ABSORBED_EMPTY/pNone;ABSORBED_EMPTY/pNone;ABSORBED_EMPTY/pNone,None;None;None,False,False
2,A>A.reqwriteAA|A>~.reqwriteBA,ABSORBED_FROZEN/pNone,PRE_FAIL,ABSORBED_EMPTY/pNone;ABSORBED_EMPTY/pNone;ABSORBED_EMPTY/pNone,None;None;None,False,False
2,A>A.reqwriteAA|A>~.reqwriteBB,ABSORBED_FROZEN/pNone,PRE_FAIL,ABSORBED_EMPTY/pNone;ABSORBED_EMPTY/pNone;ABSORBED_EMPTY/pNone,None;None;None,False,False
2,A>A.reqwriteAA|A>~.reqwriteB~,ABSORBED_FROZEN/pNone,PRE_FAIL,ABSORBED_EMPTY/pNone;ABSORBED_EMPTY/pNone;ABSORBED_EMPTY/pNone,None;None;None,False,False
2,A>A.reqwriteAA|A>~.reqwrite~A,TRANSLATION/p6,DIED,ABSORBED_EMPTY/pNone;ABSORBED_EMPTY/pNone;ABSORBED_EMPTY/pNone,None;None;None,False,False
2,A>A.reqwriteAA|A>~.reqwrite~B,ABSORBED_FROZEN/pNone,PRE_FAIL,ABSORBED_EMPTY/pNone;ABSORBED_EMPTY/pNone;ABSORBED_EMPTY/pNone,None;None;None,False,False
2,A>A.reqwriteAA|A>~.reqwrite~~,ABSORBED_EMPTY/pNone,PRE_FAIL,,None;None;None,False,False
2,A>A.reqwriteAA|A>~.req~,ABSORBED_EMPTY/pNone,PRE_FAIL,,None;None;None,False,False
2,A>A.reqwriteAA|A>~.self,ABSORBED_EMPTY/pNone,PRE_FAIL,,None;None;None,False,False
2,A>A.reqwriteAA|A>~.writeA,TRANSLATION/p6,DIED,ABSORBED_EMPTY/pNone;ABSORBED_EMPTY/pNone;ABSORBED_EMPTY/pNone,None;None;None,False,False
2,A>A.reqwriteAA|A>~.writeB,ABSORBED_FROZEN/pNone,PRE_FAIL,ABSORBED_EMPTY/pNone;ABSORBED_EMPTY/pNone;ABSORBED_EMPTY/pNone,None;None;None,False,False
2,A>A.reqwriteAA|A>~.write~,ABSORBED_EMPTY/pNone,PRE_FAIL,,None;None;None,False,False
2,A>A.reqwriteAA|B>A.reqA,ABSORBED_FROZEN/pNone,PRE_FAIL,ABSORBED_EMPTY/pNone;ABSORBED_EMPTY/pNone;ABSORBED_EMPTY/pNone,None;None;None,False,False
2,A>A.reqwriteAA|B>A.reqB,ABSORBED_FROZEN/pNone,PRE_FAIL,ABSORBED_EMPTY/pNone;ABSORBED_EMPTY/pNone;ABSORBED_EMPTY/pNone,None;None;None,False,False
2,A>A.reqwriteAA|B>A.reqwriteAA,ABSORBED_FROZEN/pNone,PRE_FAIL,ABSORBED_EMPTY/pNone;ABSORBED_EMPTY/pNone;ABSORBED_EMPTY/pNone,None;None;None,False,False
2,A>A.reqwriteAA|B>A.reqwriteAB,ABSORBED_FROZEN/pNone,PRE_FAIL,ABSORBED_EMPTY/pNone;ABSORBED_EMPTY/pNone;ABSORBED_EMPTY/pNone,None;None;None,False,False
2,A>A.reqwriteAA|B>A.reqwriteA~,ABSORBED_FROZEN/pNone,PRE_FAIL,ABSORBED_EMPTY/pNone;ABSORBED_EMPTY/pNone;ABSORBED_EMPTY/pNone,None;None;None,False,False
2,A>A.reqwriteAA|B>A.reqwriteBA,ABSORBED_FROZEN/pNone,PRE_FAIL,ABSORBED_EMPTY/pNone;ABSORBED_EMPTY/pNone;ABSORBED_EMPTY/pNone,None;None;None,False,False
2,A>A.reqwriteAA|B>A.reqwriteBB,ABSORBED_FROZEN/pNone,PRE_FAIL,ABSORBED_EMPTY/pNone;ABSORBED_EMPTY/pNone;ABSORBED_EMPTY/pNone,None;None;None,False,False
2,A>A.reqwriteAA|B>A.reqwriteB~,ABSORBED_FROZEN/pNone,PRE_FAIL,ABSORBED_EMPTY/pNone;ABSORBED_EMPTY/pNone;ABSORBED_EMPTY/pNone,None;None;None,False,False
2,A>A.reqwriteAA|B>A.reqwrite~A,ABSORBED_FROZEN/pNone,PRE_FAIL,ABSORBED_EMPTY/pNone;ABSORBED_EMPTY/pNone;ABSORBED_EMPTY/pNone,None;None;None,False,False
2,A>A.reqwriteAA|B>A.reqwrite~B,ABSORBED_FROZEN/pNone,PRE_FAIL,ABSORBED_EMPTY/pNone;ABSORBED_EMPTY/pNone;ABSORBED_EMPTY/pNone,None;None;None,False,False
2,A>A.reqwriteAA|B>A.reqwrite~~,ABSORBED_FROZEN/pNone,PRE_FAIL,ABSORBED_EMPTY/pNone;ABSORBED_EMPTY/pNone;ABSORBED_EMPTY/pNone,None;None;None,False,False
2,A>A.reqwriteAA|B>A.req~,ABSORBED_FROZEN/pNone,PRE_FAIL,ABSORBED_EMPTY/pNone;ABSORBED_EMPTY/pNone;ABSORBED_EMPTY/pNone,None;None;None,False,False
2,A>A.reqwriteAA|B>A.self,ABSORBED_FROZEN/pNone,PRE_FAIL,ABSORBED_EMPTY/pNone;ABSORBED_EMPTY/pNone;ABSORBED_EMPTY/pNone,None;None;None,False,False
2,A>A.reqwriteAA|B>A.writeA,ABSORBED_FROZEN/pNone,PRE_FAIL,ABSORBED_EMPTY/pNone;ABSORBED_EMPTY/pNone;ABSORBED_EMPTY/pNone,None;None;None,False,False
2,A>A.reqwriteAA|B>A.writeB,ABSORBED_FROZEN/pNone,PRE_FAIL,ABSORBED_EMPTY/pNone;ABSORBED_EMPTY/pNone;ABSORBED_EMPTY/pNone,None;None;None,False,False
2,A>A.reqwriteAA|B>A.write~,ABSORBED_FROZEN/pNone,PRE_FAIL,ABSORBED_EMPTY/pNone;ABSORBED_EMPTY/pNone;ABSORBED_EMPTY/pNone,None;None;None,False,False
2,A>A.reqwriteAA|B>B.reqA,ABSORBED_FROZEN/pNone,PRE_FAIL,ABSORBED_EMPTY/pNone;ABSORBED_EMPTY/pNone;ABSORBED_EMPTY/pNone,None;None;None,False,False
2,A>A.reqwriteAA|B>B.reqB,ABSORBED_FROZEN/pNone,PRE_FAIL,ABSORBED_EMPTY/pNone;ABSORBED_EMPTY/pNone;ABSORBED_EMPTY/pNone,None;None;None,False,False
2,A>A.reqwriteAA|B>B.reqwriteAA,ABSORBED_FROZEN/pNone,PRE_FAIL,ABSORBED_EMPTY/pNone;ABSORBED_EMPTY/pNone;ABSORBED_EMPTY/pNone,None;None;None,False,False
2,A>A.reqwriteAA|B>B.reqwriteAB,ABSORBED_FROZEN/pNone,PRE_FAIL,ABSORBED_EMPTY/pNone;ABSORBED_EMPTY/pNone;ABSORBED_EMPTY/pNone,None;None;None,False,False
2,A>A.reqwriteAA|B>B.reqwriteA~,ABSORBED_FROZEN/pNone,PRE_FAIL,ABSORBED_EMPTY/pNone;ABSORBED_EMPTY/pNone;ABSORBED_EMPTY/pNone,None;None;None,False,False
2,A>A.reqwriteAA|B>B.reqwriteBA,ABSORBED_FROZEN/pNone,PRE_FAIL,ABSORBED_EMPTY/pNone;ABSORBED_EMPTY/pNone;ABSORBED_EMPTY/pNone,None;None;None,False,False
2,A>A.reqwriteAA|B>B.reqwriteBB,ABSORBED_FROZEN/pNone,PRE_FAIL,ABSORBED_EMPTY/pNone;ABSORBED_EMPTY/pNone;ABSORBED_EMPTY/pNone,None;None;None,False,False
2,A>A.reqwriteAA|B>B.reqwriteB~,ABSORBED_FROZEN/pNone,PRE_FAIL,ABSORBED_EMPTY/pNone;ABSORBED_EMPTY/pNone;ABSORBED_EMPTY/pNone,None;None;None,False,False
2,A>A.reqwriteAA|B>B.reqwrite~A,ABSORBED_FROZEN/pNone,PRE_FAIL,ABSORBED_EMPTY/pNone;ABSORBED_EMPTY/pNone;ABSORBED_EMPTY/pNone,None;None;None,False,False
2,A>A.reqwriteAA|B>B.reqwrite~B,ABSORBED_FROZEN/pNone,PRE_FAIL,ABSORBED_EMPTY/pNone;ABSORBED_EMPTY/pNone;ABSORBED_EMPTY/pNone,None;None;None,False,False
2,A>A.reqwriteAA|B>B.reqwrite~~,ABSORBED_FROZEN/pNone,PRE_FAIL,ABSORBED_EMPTY/pNone;ABSORBED_EMPTY/pNone;ABSORBED_EMPTY/pNone,None;None;None,False,False
2,A>A.reqwriteAA|B>B.req~,ABSORBED_FROZEN/pNone,PRE_FAIL,ABSORBED_EMPTY/pNone;ABSORBED_EMPTY/pNone;ABSORBED_EMPTY/pNone,None;None;None,False,False
2,A>A.reqwriteAA|B>B.self,ABSORBED_FROZEN/pNone,PRE_FAIL,ABSORBED_EMPTY/pNone;ABSORBED_EMPTY/pNone;ABSORBED_EMPTY/pNone,None;None;None,False,False
2,A>A.reqwriteAA|B>B.writeA,ABSORBED_FROZEN/pNone,PRE_FAIL,ABSORBED_EMPTY/pNone;ABSORBED_EMPTY/pNone;ABSORBED_EMPTY/pNone,None;None;None,False,False
2,A>A.reqwriteAA|B>B.writeB,ABSORBED_FROZEN/pNone,PRE_FAIL,ABSORBED_EMPTY/pNone;ABSORBED_EMPTY/pNone;ABSORBED_EMPTY/pNone,None;None;None,False,False
2,A>A.reqwriteAA|B>B.write~,ABSORBED_FROZEN/pNone,PRE_FAIL,ABSORBED_EMPTY/pNone;ABSORBED_EMPTY/pNone;ABSORBED_EMPTY/pNone,None;None;None,False,False
2,A>A.reqwriteAA|B>~.reqA,ABSORBED_FROZEN/pNone,PRE_FAIL,ABSORBED_EMPTY/pNone;ABSORBED_EMPTY/pNone;ABSORBED_EMPTY/pNone,None;None;None,False,False
2,A>A.reqwriteAA|B>~.reqB,ABSORBED_FROZEN/pNone,PRE_FAIL,ABSORBED_EMPTY/pNone;ABSORBED_EMPTY/pNone;ABSORBED_EMPTY/pNone,None;None;None,False,False
2,A>A.reqwriteAA|B>~.reqwriteAA,ABSORBED_FROZEN/pNone,PRE_FAIL,ABSORBED_EMPTY/pNone;ABSORBED_EMPTY/pNone;ABSORBED_EMPTY/pNone,None;None;None,False,False
2,A>A.reqwriteAA|B>~.reqwriteAB,ABSORBED_FROZEN/pNone,PRE_FAIL,ABSORBED_EMPTY/pNone;ABSORBED_EMPTY/pNone;ABSORBED_EMPTY/pNone,None;None;None,False,False
2,A>A.reqwriteAA|B>~.reqwriteA~,ABSORBED_FROZEN/pNone,PRE_FAIL,ABSORBED_EMPTY/pNone;ABSORBED_EMPTY/pNone;ABSORBED_EMPTY/pNone,None;None;None,False,False
2,A>A.reqwriteAA|B>~.reqwriteBA,ABSORBED_FROZEN/pNone,PRE_FAIL,ABSORBED_EMPTY/pNone;ABSORBED_EMPTY/pNone;ABSORBED_EMPTY/pNone,None;None;None,False,False
2,A>A.reqwriteAA|B>~.reqwriteBB,ABSORBED_FROZEN/pNone,PRE_FAIL,ABSORBED_EMPTY/pNone;ABSORBED_EMPTY/pNone;ABSORBED_EMPTY/pNone,None;None;None,False,False
2,A>A.reqwriteAA|B>~.reqwriteB~,ABSORBED_FROZEN/pNone,PRE_FAIL,ABSORBED_EMPTY/pNone;ABSORBED_EMPTY/pNone;ABSORBED_EMPTY/pNone,None;None;None,False,False
2,A>A.reqwriteAA|B>~.reqwrite~A,ABSORBED_FROZEN/pNone,PRE_FAIL,ABSORBED_EMPTY/pNone;ABSORBED_EMPTY/pNone;ABSORBED_EMPTY/pNone,None;None;None,False,False
2,A>A.reqwriteAA|B>~.reqwrite~B,ABSORBED_FROZEN/pNone,PRE_FAIL,ABSORBED_EMPTY/pNone;ABSORBED_EMPTY/pNone;ABSORBED_EMPTY/pNone,None;None;None,False,False
2,A>A.reqwriteAA|B>~.reqwrite~~,ABSORBED_FROZEN/pNone,PRE_FAIL,ABSORBED_EMPTY/pNone;ABSORBED_EMPTY/pNone;ABSORBED_EMPTY/pNone,None;None;None,False,False
2,A>A.reqwriteAA|B>~.req~,ABSORBED_FROZEN/pNone,PRE_FAIL,ABSORBED_EMPTY/pNone;ABSORBED_EMPTY/pNone;ABSORBED_EMPTY/pNone,None;None;None,False,False
2,A>A.reqwriteAA|B>~.self,ABSORBED_FROZEN/pNone,PRE_FAIL,ABSORBED_EMPTY/pNone;ABSORBED_EMPTY/pNone;ABSORBED_EMPTY/pNone,None;None;None,False,False
2,A>A.reqwriteAA|B>~.writeA,ABSORBED_FROZEN/pNone,PRE_FAIL,ABSORBED_EMPTY/pNone;ABSORBED_EMPTY/pNone;ABSORBED_EMPTY/pNone,None;None;None,False,False
2,A>A.reqwriteAA|B>~.writeB,ABSORBED_FROZEN/pNone,PRE_FAIL,ABSORBED_EMPTY/pNone;ABSORBED_EMPTY/pNone;ABSORBED_EMPTY/pNone,None;None;None,False,False
2,A>A.reqwriteAA|B>~.write~,ABSORBED_FROZEN/pNone,PRE_FAIL,ABSORBED_EMPTY/pNone;ABSORBED_EMPTY/pNone;ABSORBED_EMPTY/pNone,None;None;None,False,False
2,A>A.reqwriteAB|A>A.reqwriteA~,ABSORBED_FROZEN/pNone,PRE_FAIL,ABSORBED_EMPTY/pNone;ABSORBED_EMPTY/pNone;ABSORBED_EMPTY/pNone,None;None;None,False,False
2,A>A.reqwriteAB|A>A.reqwriteBA,ABSORBED_FROZEN/pNone,PRE_FAIL,ABSORBED_EMPTY/pNone;ABSORBED_EMPTY/pNone;ABSORBED_EMPTY/pNone,None;None;None,False,False
2,A>A.reqwriteAB|A>A.reqwriteBB,ABSORBED_FROZEN/pNone,PRE_FAIL,ABSORBED_EMPTY/pNone;ABSORBED_EMPTY/pNone;ABSORBED_EMPTY/pNone,None;None;None,False,False
2,A>A.reqwriteAB|A>A.reqwriteB~,ABSORBED_FROZEN/pNone,PRE_FAIL,ABSORBED_EMPTY/pNone;ABSORBED_EMPTY/pNone;ABSORBED_EMPTY/pNone,None;None;None,False,False
2,A>A.reqwriteAB|A>A.reqwrite~A,ABSORBED_FROZEN/pNone,PRE_FAIL,ABSORBED_FROZEN/pNone;ABSORBED_FROZEN/pNone;ABSORBED_FROZEN/pNone;ABSORBED_FROZEN/pNone;ABSORBED_FROZEN/pNone;ABSORBED_FROZEN/pNone;ABSORBED_FROZEN/pNone;ABSORBED_EMPTY/pNone,None;None;None,False,False
2,A>A.reqwriteAB|A>A.reqwrite~B,ABSORBED_FROZEN/pNone,PRE_FAIL,ABSORBED_FROZEN/pNone;ABSORBED_EMPTY/pNone;ABSORBED_FROZEN/pNone;ABSORBED_FROZEN/pNone;ABSORBED_EMPTY/pNone;ABSORBED_FROZEN/pNone;ABSORBED_EMPTY/pNone,None;None;None,False,False
2,A>A.reqwriteAB|A>A.reqwrite~~,FIXED/p1,DIED,ABSORBED_EMPTY/pNone;ABSORBED_EMPTY/pNone;ABSORBED_EMPTY/pNone,None;None;None,False,False
2,A>A.reqwriteAB|A>A.self,FIXED/p1,DIED,ABSORBED_EMPTY/pNone;ABSORBED_EMPTY/pNone;ABSORBED_EMPTY/pNone,None;None;None,False,False
2,A>A.reqwriteAB|A>A.writeA,"MIXED:APERIODIC/pNonex2,FIXED/p1x1","MIXED:DEGRADEDx1,PRE_FAILx2",APERIODIC/pNone;FIXED/p1;APERIODIC/pNone;APERIODIC/pNone;APERIODIC/pNone;FIXED/p1;POP_OSC/p2;POP_OSC/p2;APERIODIC/pNone,False;None;None,False,False
2,A>A.reqwriteAB|A>A.writeB,FIXED/p1,DIED,FIXED/p1;FIXED/p1;ABSORBED_FROZEN/pNone;FIXED/p1;ABSORBED_FROZEN/pNone;ABSORBED_EMPTY/pNone;ABSORBED_FROZEN/pNone;ABSORBED_EMPTY/pNone,False;False;None,False,False
2,A>A.reqwriteAB|A>A.write~,FIXED/p1,DIED,ABSORBED_EMPTY/pNone;ABSORBED_EMPTY/pNone;ABSORBED_EMPTY/pNone,None;None;None,False,False
2,A>A.reqwriteAB|A>B.reqA,ABSORBED_FROZEN/pNone,PRE_FAIL,ABSORBED_EMPTY/pNone;ABSORBED_EMPTY/pNone;ABSORBED_EMPTY/pNone,None;None;None,False,False
2,A>A.reqwriteAB|A>B.reqB,ABSORBED_FROZEN/pNone,PRE_FAIL,ABSORBED_EMPTY/pNone;ABSORBED_EMPTY/pNone;ABSORBED_EMPTY/pNone,None;None;None,False,False
2,A>A.reqwriteAB|A>B.reqwriteAA,ABSORBED_FROZEN/pNone,PRE_FAIL,ABSORBED_EMPTY/pNone;ABSORBED_EMPTY/pNone;ABSORBED_EMPTY/pNone,None;None;None,False,False
2,A>A.reqwriteAB|A>B.reqwriteAB,ABSORBED_FROZEN/pNone,PRE_FAIL,ABSORBED_EMPTY/pNone;ABSORBED_EMPTY/pNone;ABSORBED_EMPTY/pNone,None;None;None,False,False
2,A>A.reqwriteAB|A>B.reqwriteA~,ABSORBED_FROZEN/pNone,PRE_FAIL,ABSORBED_EMPTY/pNone;ABSORBED_EMPTY/pNone;ABSORBED_EMPTY/pNone,None;None;None,False,False
2,A>A.reqwriteAB|A>B.reqwriteBA,ABSORBED_FROZEN/pNone,PRE_FAIL,ABSORBED_EMPTY/pNone;ABSORBED_EMPTY/pNone;ABSORBED_EMPTY/pNone,None;None;None,False,False
2,A>A.reqwriteAB|A>B.reqwriteBB,ABSORBED_FROZEN/pNone,PRE_FAIL,ABSORBED_EMPTY/pNone;ABSORBED_EMPTY/pNone;ABSORBED_EMPTY/pNone,None;None;None,False,False
2,A>A.reqwriteAB|A>B.reqwriteB~,ABSORBED_FROZEN/pNone,PRE_FAIL,ABSORBED_EMPTY/pNone;ABSORBED_EMPTY/pNone;ABSORBED_EMPTY/pNone,None;None;None,False,False
2,A>A.reqwriteAB|A>B.reqwrite~A,ABSORBED_FROZEN/pNone,PRE_FAIL,ABSORBED_FROZEN/pNone;ABSORBED_FROZEN/pNone;ABSORBED_FROZEN/pNone;ABSORBED_FROZEN/pNone;ABSORBED_FROZEN/pNone;ABSORBED_FROZEN/pNone;ABSORBED_FROZEN/pNone;ABSORBED_FROZEN/pNone;ABSORBED_FROZEN/pNone,None;None;None,False,False
2,A>A.reqwriteAB|A>B.reqwrite~B,ABSORBED_FROZEN/pNone,PRE_FAIL,ABSORBED_FROZEN/pNone;ABSORBED_EMPTY/pNone;ABSORBED_FROZEN/pNone;ABSORBED_EMPTY/pNone;ABSORBED_FROZEN/pNone;ABSORBED_EMPTY/pNone,None;None;None,False,False
2,A>A.reqwriteAB|A>B.reqwrite~~,ABSORBED_FROZEN/pNone,PRE_FAIL,ABSORBED_EMPTY/pNone;ABSORBED_EMPTY/pNone;ABSORBED_EMPTY/pNone,None;None;None,False,False
2,A>A.reqwriteAB|A>B.req~,ABSORBED_FROZEN/pNone,PRE_FAIL,ABSORBED_EMPTY/pNone;ABSORBED_EMPTY/pNone;ABSORBED_EMPTY/pNone,None;None;None,False,False
2,A>A.reqwriteAB|A>B.self,ABSORBED_FROZEN/pNone,PRE_FAIL,ABSORBED_EMPTY/pNone;ABSORBED_EMPTY/pNone;ABSORBED_EMPTY/pNone,None;None;None,False,False
2,A>A.reqwriteAB|A>B.writeA,TRANSLATION/p6,"MIXED:DIEDx2,REPAIRx1",ABSORBED_FROZEN/pNone;ABSORBED_FROZEN/pNone;ABSORBED_FROZEN/pNone;TRANSLATION/p6;ABSORBED_FROZEN/pNone;ABSORBED_FROZEN/pNone;TRANSLATION/p6;TRANSLATION/p6;TRANSLATION/p6,None;None;None,False,False
2,A>A.reqwriteAB|A>B.writeB,ABSORBED_FROZEN/pNone,PRE_FAIL,ABSORBED_FROZEN/pNone;ABSORBED_EMPTY/pNone;ABSORBED_FROZEN/pNone;ABSORBED_EMPTY/pNone;ABSORBED_FROZEN/pNone;ABSORBED_EMPTY/pNone,None;None;None,False,False
2,A>A.reqwriteAB|A>B.write~,ABSORBED_FROZEN/pNone,PRE_FAIL,ABSORBED_EMPTY/pNone;ABSORBED_EMPTY/pNone;ABSORBED_EMPTY/pNone,None;None;None,False,False
2,A>A.reqwriteAB|A>~.reqA,ABSORBED_FROZEN/pNone,PRE_FAIL,ABSORBED_EMPTY/pNone;ABSORBED_EMPTY/pNone;ABSORBED_EMPTY/pNone,None;None;None,False,False
2,A>A.reqwriteAB|A>~.reqB,ABSORBED_FROZEN/pNone,PRE_FAIL,ABSORBED_EMPTY/pNone;ABSORBED_EMPTY/pNone;ABSORBED_EMPTY/pNone,None;None;None,False,False
2,A>A.reqwriteAB|A>~.reqwriteAA,ABSORBED_FROZEN/pNone,PRE_FAIL,ABSORBED_EMPTY/pNone;ABSORBED_EMPTY/pNone;ABSORBED_EMPTY/pNone,None;None;None,False,False
2,A>A.reqwriteAB|A>~.reqwriteAB,ABSORBED_FROZEN/pNone,PRE_FAIL,ABSORBED_EMPTY/pNone;ABSORBED_EMPTY/pNone;ABSORBED_EMPTY/pNone,None;None;None,False,False
2,A>A.reqwriteAB|A>~.reqwriteA~,ABSORBED_FROZEN/pNone,PRE_FAIL,ABSORBED_EMPTY/pNone;ABSORBED_EMPTY/pNone;ABSORBED_EMPTY/pNone,None;None;None,False,False
2,A>A.reqwriteAB|A>~.reqwriteBA,ABSORBED_FROZEN/pNone,PRE_FAIL,ABSORBED_EMPTY/pNone;ABSORBED_EMPTY/pNone;ABSORBED_EMPTY/pNone,None;None;None,False,False
2,A>A.reqwriteAB|A>~.reqwriteBB,ABSORBED_FROZEN/pNone,PRE_FAIL,ABSORBED_EMPTY/pNone;ABSORBED_EMPTY/pNone;ABSORBED_EMPTY/pNone,None;None;None,False,False
2,A>A.reqwriteAB|A>~.reqwriteB~,ABSORBED_FROZEN/pNone,PRE_FAIL,ABSORBED_EMPTY/pNone;ABSORBED_EMPTY/pNone;ABSORBED_EMPTY/pNone,None;None;None,False,False
2,A>A.reqwriteAB|A>~.reqwrite~A,TRANSLATION/p6,DIED,ABSORBED_EMPTY/pNone;ABSORBED_EMPTY/pNone;ABSORBED_EMPTY/pNone,None;None;None,False,False
2,A>A.reqwriteAB|A>~.reqwrite~B,ABSORBED_FROZEN/pNone,PRE_FAIL,ABSORBED_EMPTY/pNone;ABSORBED_EMPTY/pNone;ABSORBED_EMPTY/pNone,None;None;None,False,False
2,A>A.reqwriteAB|A>~.reqwrite~~,ABSORBED_EMPTY/pNone,PRE_FAIL,,None;None;None,False,False
2,A>A.reqwriteAB|A>~.req~,ABSORBED_EMPTY/pNone,PRE_FAIL,,None;None;None,False,False
2,A>A.reqwriteAB|A>~.self,ABSORBED_EMPTY/pNone,PRE_FAIL,,None;None;None,False,False
2,A>A.reqwriteAB|A>~.writeA,TRANSLATION/p6,DIED,ABSORBED_EMPTY/pNone;ABSORBED_EMPTY/pNone;ABSORBED_EMPTY/pNone,None;None;None,False,False
2,A>A.reqwriteAB|A>~.writeB,ABSORBED_FROZEN/pNone,PRE_FAIL,ABSORBED_EMPTY/pNone;ABSORBED_EMPTY/pNone;ABSORBED_EMPTY/pNone,None;None;None,False,False
2,A>A.reqwriteAB|A>~.write~,ABSORBED_EMPTY/pNone,PRE_FAIL,,None;None;None,False,False
2,A>A.reqwriteAB|B>A.reqA,ABSORBED_FROZEN/pNone,PRE_FAIL,ABSORBED_EMPTY/pNone;ABSORBED_EMPTY/pNone;ABSORBED_EMPTY/pNone,None;None;None,False,False
2,A>A.reqwriteAB|B>A.reqB,ABSORBED_FROZEN/pNone,PRE_FAIL,ABSORBED_EMPTY/pNone;ABSORBED_EMPTY/pNone;ABSORBED_EMPTY/pNone,None;None;None,False,False
2,A>A.reqwriteAB|B>A.reqwriteAA,ABSORBED_FROZEN/pNone,PRE_FAIL,ABSORBED_EMPTY/pNone;ABSORBED_EMPTY/pNone;ABSORBED_EMPTY/pNone,None;None;None,False,False
2,A>A.reqwriteAB|B>A.reqwriteAB,ABSORBED_FROZEN/pNone,PRE_FAIL,ABSORBED_EMPTY/pNone;ABSORBED_EMPTY/pNone;ABSORBED_EMPTY/pNone,None;None;None,False,False
2,A>A.reqwriteAB|B>A.reqwriteA~,ABSORBED_FROZEN/pNone,PRE_FAIL,ABSORBED_EMPTY/pNone;ABSORBED_EMPTY/pNone;ABSORBED_EMPTY/pNone,None;None;None,False,False
2,A>A.reqwriteAB|B>A.reqwriteBA,ABSORBED_FROZEN/pNone,PRE_FAIL,ABSORBED_EMPTY/pNone;ABSORBED_EMPTY/pNone;ABSORBED_EMPTY/pNone,None;None;None,False,False
2,A>A.reqwriteAB|B>A.reqwriteBB,ABSORBED_FROZEN/pNone,PRE_FAIL,ABSORBED_EMPTY/pNone;ABSORBED_EMPTY/pNone;ABSORBED_EMPTY/pNone,None;None;None,False,False
2,A>A.reqwriteAB|B>A.reqwriteB~,ABSORBED_FROZEN/pNone,PRE_FAIL,ABSORBED_EMPTY/pNone;ABSORBED_EMPTY/pNone;ABSORBED_EMPTY/pNone,None;None;None,False,False
2,A>A.reqwriteAB|B>A.reqwrite~A,ABSORBED_FROZEN/pNone,PRE_FAIL,ABSORBED_EMPTY/pNone;ABSORBED_EMPTY/pNone;ABSORBED_EMPTY/pNone,None;None;None,False,False
2,A>A.reqwriteAB|B>A.reqwrite~B,ABSORBED_FROZEN/pNone,PRE_FAIL,ABSORBED_EMPTY/pNone;ABSORBED_EMPTY/pNone;ABSORBED_EMPTY/pNone,None;None;None,False,False
2,A>A.reqwriteAB|B>A.reqwrite~~,ABSORBED_FROZEN/pNone,PRE_FAIL,ABSORBED_EMPTY/pNone;ABSORBED_EMPTY/pNone;ABSORBED_EMPTY/pNone,None;None;None,False,False
2,A>A.reqwriteAB|B>A.req~,ABSORBED_FROZEN/pNone,PRE_FAIL,ABSORBED_EMPTY/pNone;ABSORBED_EMPTY/pNone;ABSORBED_EMPTY/pNone,None;None;None,False,False
2,A>A.reqwriteAB|B>A.self,ABSORBED_FROZEN/pNone,PRE_FAIL,ABSORBED_EMPTY/pNone;ABSORBED_EMPTY/pNone;ABSORBED_EMPTY/pNone,None;None;None,False,False
2,A>A.reqwriteAB|B>A.writeA,ABSORBED_FROZEN/pNone,PRE_FAIL,ABSORBED_EMPTY/pNone;ABSORBED_EMPTY/pNone;ABSORBED_EMPTY/pNone,None;None;None,False,False
2,A>A.reqwriteAB|B>A.writeB,ABSORBED_FROZEN/pNone,PRE_FAIL,ABSORBED_EMPTY/pNone;ABSORBED_EMPTY/pNone;ABSORBED_EMPTY/pNone,None;None;None,False,False
2,A>A.reqwriteAB|B>A.write~,ABSORBED_FROZEN/pNone,PRE_FAIL,ABSORBED_EMPTY/pNone;ABSORBED_EMPTY/pNone;ABSORBED_EMPTY/pNone,None;None;None,False,False
2,A>A.reqwriteAB|B>B.reqA,ABSORBED_FROZEN/pNone,PRE_FAIL,ABSORBED_EMPTY/pNone;ABSORBED_EMPTY/pNone;ABSORBED_EMPTY/pNone,None;None;None,False,False
2,A>A.reqwriteAB|B>B.reqB,ABSORBED_FROZEN/pNone,PRE_FAIL,ABSORBED_EMPTY/pNone;ABSORBED_EMPTY/pNone;ABSORBED_EMPTY/pNone,None;None;None,False,False
2,A>A.reqwriteAB|B>B.reqwriteAA,ABSORBED_FROZEN/pNone,PRE_FAIL,ABSORBED_EMPTY/pNone;ABSORBED_EMPTY/pNone;ABSORBED_EMPTY/pNone,None;None;None,False,False
2,A>A.reqwriteAB|B>B.reqwriteAB,ABSORBED_FROZEN/pNone,PRE_FAIL,ABSORBED_EMPTY/pNone;ABSORBED_EMPTY/pNone;ABSORBED_EMPTY/pNone,None;None;None,False,False
2,A>A.reqwriteAB|B>B.reqwriteA~,ABSORBED_FROZEN/pNone,PRE_FAIL,ABSORBED_EMPTY/pNone;ABSORBED_EMPTY/pNone;ABSORBED_EMPTY/pNone,None;None;None,False,False
2,A>A.reqwriteAB|B>B.reqwriteBA,ABSORBED_FROZEN/pNone,PRE_FAIL,ABSORBED_EMPTY/pNone;ABSORBED_EMPTY/pNone;ABSORBED_EMPTY/pNone,None;None;None,False,False
2,A>A.reqwriteAB|B>B.reqwriteBB,ABSORBED_FROZEN/pNone,PRE_FAIL,ABSORBED_EMPTY/pNone;ABSORBED_EMPTY/pNone;ABSORBED_EMPTY/pNone,None;None;None,False,False
2,A>A.reqwriteAB|B>B.reqwriteB~,ABSORBED_FROZEN/pNone,PRE_FAIL,ABSORBED_EMPTY/pNone;ABSORBED_EMPTY/pNone;ABSORBED_EMPTY/pNone,None;None;None,False,False
2,A>A.reqwriteAB|B>B.reqwrite~A,ABSORBED_FROZEN/pNone,PRE_FAIL,ABSORBED_EMPTY/pNone;ABSORBED_EMPTY/pNone;ABSORBED_EMPTY/pNone,None;None;None,False,False
2,A>A.reqwriteAB|B>B.reqwrite~B,ABSORBED_FROZEN/pNone,PRE_FAIL,ABSORBED_EMPTY/pNone;ABSORBED_EMPTY/pNone;ABSORBED_EMPTY/pNone,None;None;None,False,False
2,A>A.reqwriteAB|B>B.reqwrite~~,ABSORBED_FROZEN/pNone,PRE_FAIL,ABSORBED_EMPTY/pNone;ABSORBED_EMPTY/pNone;ABSORBED_EMPTY/pNone,None;None;None,False,False
2,A>A.reqwriteAB|B>B.req~,ABSORBED_FROZEN/pNone,PRE_FAIL,ABSORBED_EMPTY/pNone;ABSORBED_EMPTY/pNone;ABSORBED_EMPTY/pNone,None;None;None,False,False
2,A>A.reqwriteAB|B>B.self,ABSORBED_FROZEN/pNone,PRE_FAIL,ABSORBED_EMPTY/pNone;ABSORBED_EMPTY/pNone;ABSORBED_EMPTY/pNone,None;None;None,False,False
2,A>A.reqwriteAB|B>B.writeA,ABSORBED_FROZEN/pNone,PRE_FAIL,ABSORBED_EMPTY/pNone;ABSORBED_EMPTY/pNone;ABSORBED_EMPTY/pNone,None;None;None,False,False
2,A>A.reqwriteAB|B>B.writeB,ABSORBED_FROZEN/pNone,PRE_FAIL,ABSORBED_EMPTY/pNone;ABSORBED_EMPTY/pNone;ABSORBED_EMPTY/pNone,None;None;None,False,False
2,A>A.reqwriteAB|B>B.write~,ABSORBED_FROZEN/pNone,PRE_FAIL,ABSORBED_EMPTY/pNone;ABSORBED_EMPTY/pNone;ABSORBED_EMPTY/pNone,None;None;None,False,False
2,A>A.reqwriteAB|B>~.reqA,ABSORBED_FROZEN/pNone,PRE_FAIL,ABSORBED_EMPTY/pNone;ABSORBED_EMPTY/pNone;ABSORBED_EMPTY/pNone,None;None;None,False,False
2,A>A.reqwriteAB|B>~.reqB,ABSORBED_FROZEN/pNone,PRE_FAIL,ABSORBED_EMPTY/pNone;ABSORBED_EMPTY/pNone;ABSORBED_EMPTY/pNone,None;None;None,False,False
2,A>A.reqwriteAB|B>~.reqwriteAA,ABSORBED_FROZEN/pNone,PRE_FAIL,ABSORBED_EMPTY/pNone;ABSORBED_EMPTY/pNone;ABSORBED_EMPTY/pNone,None;None;None,False,False
2,A>A.reqwriteAB|B>~.reqwriteAB,ABSORBED_FROZEN/pNone,PRE_FAIL,ABSORBED_EMPTY/pNone;ABSORBED_EMPTY/pNone;ABSORBED_EMPTY/pNone,None;None;None,False,False
2,A>A.reqwriteAB|B>~.reqwriteA~,ABSORBED_FROZEN/pNone,PRE_FAIL,ABSORBED_EMPTY/pNone;ABSORBED_EMPTY/pNone;ABSORBED_EMPTY/pNone,None;None;None,False,False
2,A>A.reqwriteAB|B>~.reqwriteBA,ABSORBED_FROZEN/pNone,PRE_FAIL,ABSORBED_EMPTY/pNone;ABSORBED_EMPTY/pNone;ABSORBED_EMPTY/pNone,None;None;None,False,False
2,A>A.reqwriteAB|B>~.reqwriteBB,ABSORBED_FROZEN/pNone,PRE_FAIL,ABSORBED_EMPTY/pNone;ABSORBED_EMPTY/pNone;ABSORBED_EMPTY/pNone,None;None;None,False,False
2,A>A.reqwriteAB|B>~.reqwriteB~,ABSORBED_FROZEN/pNone,PRE_FAIL,ABSORBED_EMPTY/pNone;ABSORBED_EMPTY/pNone;ABSORBED_EMPTY/pNone,None;None;None,False,False
2,A>A.reqwriteAB|B>~.reqwrite~A,ABSORBED_FROZEN/pNone,PRE_FAIL,ABSORBED_EMPTY/pNone;ABSORBED_EMPTY/pNone;ABSORBED_EMPTY/pNone,None;None;None,False,False
2,A>A.reqwriteAB|B>~.reqwrite~B,ABSORBED_FROZEN/pNone,PRE_FAIL,ABSORBED_EMPTY/pNone;ABSORBED_EMPTY/pNone;ABSORBED_EMPTY/pNone,None;None;None,False,False
2,A>A.reqwriteAB|B>~.reqwrite~~,ABSORBED_FROZEN/pNone,PRE_FAIL,ABSORBED_EMPTY/pNone;ABSORBED_EMPTY/pNone;ABSORBED_EMPTY/pNone,None;None;None,False,False
2,A>A.reqwriteAB|B>~.req~,ABSORBED_FROZEN/pNone,PRE_FAIL,ABSORBED_EMPTY/pNone;ABSORBED_EMPTY/pNone;ABSORBED_EMPTY/pNone,None;None;None,False,False
2,A>A.reqwriteAB|B>~.self,ABSORBED_FROZEN/pNone,PRE_FAIL,ABSORBED_EMPTY/pNone;ABSORBED_EMPTY/pNone;ABSORBED_EMPTY/pNone,None;None;None,False,False
2,A>A.reqwriteAB|B>~.writeA,ABSORBED_FROZEN/pNone,PRE_FAIL,ABSORBED_EMPTY/pNone;ABSORBED_EMPTY/pNone;ABSORBED_EMPTY/pNone,None;None;None,False,False
2,A>A.reqwriteAB|B>~.writeB,ABSORBED_FROZEN/pNone,PRE_FAIL,ABSORBED_EMPTY/pNone;ABSORBED_EMPTY/pNone;ABSORBED_EMPTY/pNone,None;None;None,False,False
2,A>A.reqwriteAB|B>~.write~,ABSORBED_FROZEN/pNone,PRE_FAIL,ABSORBED_EMPTY/pNone;ABSORBED_EMPTY/pNone;ABSORBED_EMPTY/pNone,None;None;None,False,False
2,A>A.reqwriteA~|A>A.reqwriteBA,ABSORBED_FROZEN/pNone,PRE_FAIL,ABSORBED_EMPTY/pNone;ABSORBED_EMPTY/pNone;ABSORBED_EMPTY/pNone,None;None;None,False,False
2,A>A.reqwriteA~|A>A.reqwriteBB,ABSORBED_FROZEN/pNone,PRE_FAIL,ABSORBED_EMPTY/pNone;ABSORBED_EMPTY/pNone;ABSORBED_EMPTY/pNone,None;None;None,False,False
2,A>A.reqwriteA~|A>A.reqwriteB~,ABSORBED_FROZEN/pNone,PRE_FAIL,ABSORBED_EMPTY/pNone;ABSORBED_EMPTY/pNone;ABSORBED_EMPTY/pNone,None;None;None,False,False
2,A>A.reqwriteA~|A>A.reqwrite~A,"MIXED:APERIODIC/pNonex2,POP_OSC/p2x1","MIXED:DEGRADEDx1,PRE_FAILx2",APERIODIC/pNone;APERIODIC/pNone;APERIODIC/pNone;APERIODIC/pNone;APERIODIC/pNone;APERIODIC/pNone;POP_OSC/p2;POP_OSC/p2;APERIODIC/pNone,None;None;None,False,False
2,A>A.reqwriteA~|A>A.reqwrite~B,ABSORBED_FROZEN/pNone,PRE_FAIL,ABSORBED_FROZEN/pNone;ABSORBED_EMPTY/pNone;ABSORBED_FROZEN/pNone;ABSORBED_FROZEN/pNone;ABSORBED_EMPTY/pNone;ABSORBED_FROZEN/pNone;ABSORBED_EMPTY/pNone,None;None;None,False,False
2,A>A.reqwriteA~|A>A.reqwrite~~,FIXED/p1,DIED,ABSORBED_EMPTY/pNone;ABSORBED_EMPTY/pNone;ABSORBED_EMPTY/pNone,None;None;None,False,False
2,A>A.reqwriteA~|A>A.self,FIXED/p1,DIED,ABSORBED_EMPTY/pNone;ABSORBED_EMPTY/pNone;ABSORBED_EMPTY/pNone,None;None;None,False,False
2,A>A.reqwriteA~|A>A.writeA,"MIXED:APERIODIC/pNonex2,FIXED/p1x1","MIXED:DEGRADEDx1,PRE_FAILx2",APERIODIC/pNone;FIXED/p1;APERIODIC/pNone;APERIODIC/pNone;APERIODIC/pNone;FIXED/p1;POP_OSC/p2;POP_OSC/p2;APERIODIC/pNone,False;None;None,False,False
2,A>A.reqwriteA~|A>A.writeB,FIXED/p1,DIED,FIXED/p1;FIXED/p1;ABSORBED_FROZEN/pNone;FIXED/p1;ABSORBED_FROZEN/pNone;ABSORBED_EMPTY/pNone;ABSORBED_FROZEN/pNone;ABSORBED_EMPTY/pNone,False;False;None,False,False
2,A>A.reqwriteA~|A>A.write~,FIXED/p1,DIED,ABSORBED_EMPTY/pNone;ABSORBED_EMPTY/pNone;ABSORBED_EMPTY/pNone,None;None;None,False,False
2,A>A.reqwriteA~|A>B.reqA,ABSORBED_FROZEN/pNone,PRE_FAIL,ABSORBED_EMPTY/pNone;ABSORBED_EMPTY/pNone;ABSORBED_EMPTY/pNone,None;None;None,False,False
2,A>A.reqwriteA~|A>B.reqB,ABSORBED_FROZEN/pNone,PRE_FAIL,ABSORBED_EMPTY/pNone;ABSORBED_EMPTY/pNone;ABSORBED_EMPTY/pNone,None;None;None,False,False
2,A>A.reqwriteA~|A>B.reqwriteAA,ABSORBED_FROZEN/pNone,PRE_FAIL,ABSORBED_EMPTY/pNone;ABSORBED_EMPTY/pNone;ABSORBED_EMPTY/pNone,None;None;None,False,False
2,A>A.reqwriteA~|A>B.reqwriteAB,ABSORBED_FROZEN/pNone,PRE_FAIL,ABSORBED_EMPTY/pNone;ABSORBED_EMPTY/pNone;ABSORBED_EMPTY/pNone,None;None;None,False,False
2,A>A.reqwriteA~|A>B.reqwriteA~,ABSORBED_FROZEN/pNone,PRE_FAIL,ABSORBED_EMPTY/pNone;ABSORBED_EMPTY/pNone;ABSORBED_EMPTY/pNone,None;None;None,False,False
2,A>A.reqwriteA~|A>B.reqwriteBA,ABSORBED_FROZEN/pNone,PRE_FAIL,ABSORBED_EMPTY/pNone;ABSORBED_EMPTY/pNone;ABSORBED_EMPTY/pNone,None;None;None,False,False
2,A>A.reqwriteA~|A>B.reqwriteBB,ABSORBED_FROZEN/pNone,PRE_FAIL,ABSORBED_EMPTY/pNone;ABSORBED_EMPTY/pNone;ABSORBED_EMPTY/pNone,None;None;None,False,False
2,A>A.reqwriteA~|A>B.reqwriteB~,ABSORBED_FROZEN/pNone,PRE_FAIL,ABSORBED_EMPTY/pNone;ABSORBED_EMPTY/pNone;ABSORBED_EMPTY/pNone,None;None;None,False,False
2,A>A.reqwriteA~|A>B.reqwrite~A,ABSORBED_FROZEN/pNone,PRE_FAIL,ABSORBED_FROZEN/pNone;ABSORBED_FROZEN/pNone;ABSORBED_FROZEN/pNone;ABSORBED_FROZEN/pNone;ABSORBED_FROZEN/pNone;ABSORBED_FROZEN/pNone;ABSORBED_FROZEN/pNone;ABSORBED_FROZEN/pNone;ABSORBED_FROZEN/pNone,None;None;None,False,False
2,A>A.reqwriteA~|A>B.reqwrite~B,ABSORBED_FROZEN/pNone,PRE_FAIL,ABSORBED_FROZEN/pNone;ABSORBED_EMPTY/pNone;ABSORBED_FROZEN/pNone;ABSORBED_EMPTY/pNone;ABSORBED_FROZEN/pNone;ABSORBED_EMPTY/pNone,None;None;None,False,False
2,A>A.reqwriteA~|A>B.reqwrite~~,ABSORBED_FROZEN/pNone,PRE_FAIL,ABSORBED_EMPTY/pNone;ABSORBED_EMPTY/pNone;ABSORBED_EMPTY/pNone,None;None;None,False,False
2,A>A.reqwriteA~|A>B.req~,ABSORBED_FROZEN/pNone,PRE_FAIL,ABSORBED_EMPTY/pNone;ABSORBED_EMPTY/pNone;ABSORBED_EMPTY/pNone,None;None;None,False,False
2,A>A.reqwriteA~|A>B.self,ABSORBED_FROZEN/pNone,PRE_FAIL,ABSORBED_EMPTY/pNone;ABSORBED_EMPTY/pNone;ABSORBED_EMPTY/pNone,None;None;None,False,False
2,A>A.reqwriteA~|A>B.writeA,TRANSLATION/p6,"MIXED:DIEDx2,REPAIRx1",ABSORBED_FROZEN/pNone;ABSORBED_FROZEN/pNone;ABSORBED_FROZEN/pNone;TRANSLATION/p6;ABSORBED_FROZEN/pNone;ABSORBED_FROZEN/pNone;TRANSLATION/p6;TRANSLATION/p6;TRANSLATION/p6,None;None;None,False,False
2,A>A.reqwriteA~|A>B.writeB,ABSORBED_FROZEN/pNone,PRE_FAIL,ABSORBED_FROZEN/pNone;ABSORBED_EMPTY/pNone;ABSORBED_FROZEN/pNone;ABSORBED_EMPTY/pNone;ABSORBED_FROZEN/pNone;ABSORBED_EMPTY/pNone,None;None;None,False,False
2,A>A.reqwriteA~|A>B.write~,ABSORBED_FROZEN/pNone,PRE_FAIL,ABSORBED_EMPTY/pNone;ABSORBED_EMPTY/pNone;ABSORBED_EMPTY/pNone,None;None;None,False,False
2,A>A.reqwriteA~|A>~.reqA,ABSORBED_FROZEN/pNone,PRE_FAIL,ABSORBED_EMPTY/pNone;ABSORBED_EMPTY/pNone;ABSORBED_EMPTY/pNone,None;None;None,False,False
2,A>A.reqwriteA~|A>~.reqB,ABSORBED_FROZEN/pNone,PRE_FAIL,ABSORBED_EMPTY/pNone;ABSORBED_EMPTY/pNone;ABSORBED_EMPTY/pNone,None;None;None,False,False
2,A>A.reqwriteA~|A>~.reqwriteAA,ABSORBED_FROZEN/pNone,PRE_FAIL,ABSORBED_EMPTY/pNone;ABSORBED_EMPTY/pNone;ABSORBED_EMPTY/pNone,None;None;None,False,False
2,A>A.reqwriteA~|A>~.reqwriteAB,ABSORBED_FROZEN/pNone,PRE_FAIL,ABSORBED_EMPTY/pNone;ABSORBED_EMPTY/pNone;ABSORBED_EMPTY/pNone,None;None;None,False,False
2,A>A.reqwriteA~|A>~.reqwriteA~,ABSORBED_FROZEN/pNone,PRE_FAIL,ABSORBED_EMPTY/pNone;ABSORBED_EMPTY/pNone;ABSORBED_EMPTY/pNone,None;None;None,False,False
2,A>A.reqwriteA~|A>~.reqwriteBA,ABSORBED_FROZEN/pNone,PRE_FAIL,ABSORBED_EMPTY/pNone;ABSORBED_EMPTY/pNone;ABSORBED_EMPTY/pNone,None;None;None,False,False
2,A>A.reqwriteA~|A>~.reqwriteBB,ABSORBED_FROZEN/pNone,PRE_FAIL,ABSORBED_EMPTY/pNone;ABSORBED_EMPTY/pNone;ABSORBED_EMPTY/pNone,None;None;None,False,False
2,A>A.reqwriteA~|A>~.reqwriteB~,ABSORBED_FROZEN/pNone,PRE_FAIL,ABSORBED_EMPTY/pNone;ABSORBED_EMPTY/pNone;ABSORBED_EMPTY/pNone,None;None;None,False,False
2,A>A.reqwriteA~|A>~.reqwrite~A,TRANSLATION/p6,DIED,ABSORBED_EMPTY/pNone;ABSORBED_EMPTY/pNone;ABSORBED_EMPTY/pNone,None;None;None,False,False
2,A>A.reqwriteA~|A>~.reqwrite~B,ABSORBED_FROZEN/pNone,PRE_FAIL,ABSORBED_EMPTY/pNone;ABSORBED_EMPTY/pNone;ABSORBED_EMPTY/pNone,None;None;None,False,False
2,A>A.reqwriteA~|A>~.reqwrite~~,ABSORBED_EMPTY/pNone,PRE_FAIL,,None;None;None,False,False
2,A>A.reqwriteA~|A>~.req~,ABSORBED_EMPTY/pNone,PRE_FAIL,,None;None;None,False,False
2,A>A.reqwriteA~|A>~.self,ABSORBED_EMPTY/pNone,PRE_FAIL,,None;None;None,False,False
2,A>A.reqwriteA~|A>~.writeA,TRANSLATION/p6,DIED,ABSORBED_EMPTY/pNone;ABSORBED_EMPTY/pNone;ABSORBED_EMPTY/pNone,None;None;None,False,False
2,A>A.reqwriteA~|A>~.writeB,ABSORBED_FROZEN/pNone,PRE_FAIL,ABSORBED_EMPTY/pNone;ABSORBED_EMPTY/pNone;ABSORBED_EMPTY/pNone,None;None;None,False,False
2,A>A.reqwriteA~|A>~.write~,ABSORBED_EMPTY/pNone,PRE_FAIL,,None;None;None,False,False
2,A>A.reqwriteA~|B>A.reqA,ABSORBED_FROZEN/pNone,PRE_FAIL,ABSORBED_EMPTY/pNone;ABSORBED_EMPTY/pNone;ABSORBED_EMPTY/pNone,None;None;None,False,False
2,A>A.reqwriteA~|B>A.reqB,ABSORBED_FROZEN/pNone,PRE_FAIL,ABSORBED_EMPTY/pNone;ABSORBED_EMPTY/pNone;ABSORBED_EMPTY/pNone,None;None;None,False,False
2,A>A.reqwriteA~|B>A.reqwriteAA,ABSORBED_FROZEN/pNone,PRE_FAIL,ABSORBED_EMPTY/pNone;ABSORBED_EMPTY/pNone;ABSORBED_EMPTY/pNone,None;None;None,False,False
2,A>A.reqwriteA~|B>A.reqwriteAB,ABSORBED_FROZEN/pNone,PRE_FAIL,ABSORBED_EMPTY/pNone;ABSORBED_EMPTY/pNone;ABSORBED_EMPTY/pNone,None;None;None,False,False
2,A>A.reqwriteA~|B>A.reqwriteA~,ABSORBED_FROZEN/pNone,PRE_FAIL,ABSORBED_EMPTY/pNone;ABSORBED_EMPTY/pNone;ABSORBED_EMPTY/pNone,None;None;None,False,False
2,A>A.reqwriteA~|B>A.reqwriteBA,ABSORBED_FROZEN/pNone,PRE_FAIL,ABSORBED_EMPTY/pNone;ABSORBED_EMPTY/pNone;ABSORBED_EMPTY/pNone,None;None;None,False,False
2,A>A.reqwriteA~|B>A.reqwriteBB,ABSORBED_FROZEN/pNone,PRE_FAIL,ABSORBED_EMPTY/pNone;ABSORBED_EMPTY/pNone;ABSORBED_EMPTY/pNone,None;None;None,False,False
2,A>A.reqwriteA~|B>A.reqwriteB~,ABSORBED_FROZEN/pNone,PRE_FAIL,ABSORBED_EMPTY/pNone;ABSORBED_EMPTY/pNone;ABSORBED_EMPTY/pNone,None;None;None,False,False
2,A>A.reqwriteA~|B>A.reqwrite~A,ABSORBED_FROZEN/pNone,PRE_FAIL,ABSORBED_EMPTY/pNone;ABSORBED_EMPTY/pNone;ABSORBED_EMPTY/pNone,None;None;None,False,False
2,A>A.reqwriteA~|B>A.reqwrite~B,ABSORBED_FROZEN/pNone,PRE_FAIL,ABSORBED_EMPTY/pNone;ABSORBED_EMPTY/pNone;ABSORBED_EMPTY/pNone,None;None;None,False,False
2,A>A.reqwriteA~|B>A.reqwrite~~,ABSORBED_FROZEN/pNone,PRE_FAIL,ABSORBED_EMPTY/pNone;ABSORBED_EMPTY/pNone;ABSORBED_EMPTY/pNone,None;None;None,False,False
2,A>A.reqwriteA~|B>A.req~,ABSORBED_FROZEN/pNone,PRE_FAIL,ABSORBED_EMPTY/pNone;ABSORBED_EMPTY/pNone;ABSORBED_EMPTY/pNone,None;None;None,False,False
2,A>A.reqwriteA~|B>A.self,ABSORBED_FROZEN/pNone,PRE_FAIL,ABSORBED_EMPTY/pNone;ABSORBED_EMPTY/pNone;ABSORBED_EMPTY/pNone,None;None;None,False,False
2,A>A.reqwriteA~|B>A.writeA,ABSORBED_FROZEN/pNone,PRE_FAIL,ABSORBED_EMPTY/pNone;ABSORBED_EMPTY/pNone;ABSORBED_EMPTY/pNone,None;None;None,False,False
2,A>A.reqwriteA~|B>A.writeB,ABSORBED_FROZEN/pNone,PRE_FAIL,ABSORBED_EMPTY/pNone;ABSORBED_EMPTY/pNone;ABSORBED_EMPTY/pNone,None;None;None,False,False
2,A>A.reqwriteA~|B>A.write~,ABSORBED_FROZEN/pNone,PRE_FAIL,ABSORBED_EMPTY/pNone;ABSORBED_EMPTY/pNone;ABSORBED_EMPTY/pNone,None;None;None,False,False
2,A>A.reqwriteA~|B>B.reqA,ABSORBED_FROZEN/pNone,PRE_FAIL,ABSORBED_EMPTY/pNone;ABSORBED_EMPTY/pNone;ABSORBED_EMPTY/pNone,None;None;None,False,False
2,A>A.reqwriteA~|B>B.reqB,ABSORBED_FROZEN/pNone,PRE_FAIL,ABSORBED_EMPTY/pNone;ABSORBED_EMPTY/pNone;ABSORBED_EMPTY/pNone,None;None;None,False,False
2,A>A.reqwriteA~|B>B.reqwriteAA,ABSORBED_FROZEN/pNone,PRE_FAIL,ABSORBED_EMPTY/pNone;ABSORBED_EMPTY/pNone;ABSORBED_EMPTY/pNone,None;None;None,False,False
2,A>A.reqwriteA~|B>B.reqwriteAB,ABSORBED_FROZEN/pNone,PRE_FAIL,ABSORBED_EMPTY/pNone;ABSORBED_EMPTY/pNone;ABSORBED_EMPTY/pNone,None;None;None,False,False
2,A>A.reqwriteA~|B>B.reqwriteA~,ABSORBED_FROZEN/pNone,PRE_FAIL,ABSORBED_EMPTY/pNone;ABSORBED_EMPTY/pNone;ABSORBED_EMPTY/pNone,None;None;None,False,False
2,A>A.reqwriteA~|B>B.reqwriteBA,ABSORBED_FROZEN/pNone,PRE_FAIL,ABSORBED_EMPTY/pNone;ABSORBED_EMPTY/pNone;ABSORBED_EMPTY/pNone,None;None;None,False,False
2,A>A.reqwriteA~|B>B.reqwriteBB,ABSORBED_FROZEN/pNone,PRE_FAIL,ABSORBED_EMPTY/pNone;ABSORBED_EMPTY/pNone;ABSORBED_EMPTY/pNone,None;None;None,False,False
2,A>A.reqwriteA~|B>B.reqwriteB~,ABSORBED_FROZEN/pNone,PRE_FAIL,ABSORBED_EMPTY/pNone;ABSORBED_EMPTY/pNone;ABSORBED_EMPTY/pNone,None;None;None,False,False
2,A>A.reqwriteA~|B>B.reqwrite~A,ABSORBED_FROZEN/pNone,PRE_FAIL,ABSORBED_EMPTY/pNone;ABSORBED_EMPTY/pNone;ABSORBED_EMPTY/pNone,None;None;None,False,False
2,A>A.reqwriteA~|B>B.reqwrite~B,ABSORBED_FROZEN/pNone,PRE_FAIL,ABSORBED_EMPTY/pNone;ABSORBED_EMPTY/pNone;ABSORBED_EMPTY/pNone,None;None;None,False,False
2,A>A.reqwriteA~|B>B.reqwrite~~,ABSORBED_FROZEN/pNone,PRE_FAIL,ABSORBED_EMPTY/pNone;ABSORBED_EMPTY/pNone;ABSORBED_EMPTY/pNone,None;None;None,False,False
2,A>A.reqwriteA~|B>B.req~,ABSORBED_FROZEN/pNone,PRE_FAIL,ABSORBED_EMPTY/pNone;ABSORBED_EMPTY/pNone;ABSORBED_EMPTY/pNone,None;None;None,False,False
2,A>A.reqwriteA~|B>B.self,ABSORBED_FROZEN/pNone,PRE_FAIL,ABSORBED_EMPTY/pNone;ABSORBED_EMPTY/pNone;ABSORBED_EMPTY/pNone,None;None;None,False,False
2,A>A.reqwriteA~|B>B.writeA,ABSORBED_FROZEN/pNone,PRE_FAIL,ABSORBED_EMPTY/pNone;ABSORBED_EMPTY/pNone;ABSORBED_EMPTY/pNone,None;None;None,False,False
2,A>A.reqwriteA~|B>B.writeB,ABSORBED_FROZEN/pNone,PRE_FAIL,ABSORBED_EMPTY/pNone;ABSORBED_EMPTY/pNone;ABSORBED_EMPTY/pNone,None;None;None,False,False
2,A>A.reqwriteA~|B>B.write~,ABSORBED_FROZEN/pNone,PRE_FAIL,ABSORBED_EMPTY/pNone;ABSORBED_EMPTY/pNone;ABSORBED_EMPTY/pNone,None;None;None,False,False
2,A>A.reqwriteA~|B>~.reqA,ABSORBED_FROZEN/pNone,PRE_FAIL,ABSORBED_EMPTY/pNone;ABSORBED_EMPTY/pNone;ABSORBED_EMPTY/pNone,None;None;None,False,False
2,A>A.reqwriteA~|B>~.reqB,ABSORBED_FROZEN/pNone,PRE_FAIL,ABSORBED_EMPTY/pNone;ABSORBED_EMPTY/pNone;ABSORBED_EMPTY/pNone,None;None;None,False,False
2,A>A.reqwriteA~|B>~.reqwriteAA,ABSORBED_FROZEN/pNone,PRE_FAIL,ABSORBED_EMPTY/pNone;ABSORBED_EMPTY/pNone;ABSORBED_EMPTY/pNone,None;None;None,False,False
2,A>A.reqwriteA~|B>~.reqwriteAB,ABSORBED_FROZEN/pNone,PRE_FAIL,ABSORBED_EMPTY/pNone;ABSORBED_EMPTY/pNone;ABSORBED_EMPTY/pNone,None;None;None,False,False
2,A>A.reqwriteA~|B>~.reqwriteA~,ABSORBED_FROZEN/pNone,PRE_FAIL,ABSORBED_EMPTY/pNone;ABSORBED_EMPTY/pNone;ABSORBED_EMPTY/pNone,None;None;None,False,False
2,A>A.reqwriteA~|B>~.reqwriteBA,ABSORBED_FROZEN/pNone,PRE_FAIL,ABSORBED_EMPTY/pNone;ABSORBED_EMPTY/pNone;ABSORBED_EMPTY/pNone,None;None;None,False,False
2,A>A.reqwriteA~|B>~.reqwriteBB,ABSORBED_FROZEN/pNone,PRE_FAIL,ABSORBED_EMPTY/pNone;ABSORBED_EMPTY/pNone;ABSORBED_EMPTY/pNone,None;None;None,False,False
2,A>A.reqwriteA~|B>~.reqwriteB~,ABSORBED_FROZEN/pNone,PRE_FAIL,ABSORBED_EMPTY/pNone;ABSORBED_EMPTY/pNone;ABSORBED_EMPTY/pNone,None;None;None,False,False
2,A>A.reqwriteA~|B>~.reqwrite~A,ABSORBED_FROZEN/pNone,PRE_FAIL,ABSORBED_EMPTY/pNone;ABSORBED_EMPTY/pNone;ABSORBED_EMPTY/pNone,None;None;None,False,False
2,A>A.reqwriteA~|B>~.reqwrite~B,ABSORBED_FROZEN/pNone,PRE_FAIL,ABSORBED_EMPTY/pNone;ABSORBED_EMPTY/pNone;ABSORBED_EMPTY/pNone,None;None;None,False,False
2,A>A.reqwriteA~|B>~.reqwrite~~,ABSORBED_FROZEN/pNone,PRE_FAIL,ABSORBED_EMPTY/pNone;ABSORBED_EMPTY/pNone;ABSORBED_EMPTY/pNone,None;None;None,False,False
2,A>A.reqwriteA~|B>~.req~,ABSORBED_FROZEN/pNone,PRE_FAIL,ABSORBED_EMPTY/pNone;ABSORBED_EMPTY/pNone;ABSORBED_EMPTY/pNone,None;None;None,False,False
2,A>A.reqwriteA~|B>~.self,ABSORBED_FROZEN/pNone,PRE_FAIL,ABSORBED_EMPTY/pNone;ABSORBED_EMPTY/pNone;ABSORBED_EMPTY/pNone,None;None;None,False,False
2,A>A.reqwriteA~|B>~.writeA,ABSORBED_FROZEN/pNone,PRE_FAIL,ABSORBED_EMPTY/pNone;ABSORBED_EMPTY/pNone;ABSORBED_EMPTY/pNone,None;None;None,False,False
2,A>A.reqwriteA~|B>~.writeB,ABSORBED_FROZEN/pNone,PRE_FAIL,ABSORBED_EMPTY/pNone;ABSORBED_EMPTY/pNone;ABSORBED_EMPTY/pNone,None;None;None,False,False
2,A>A.reqwriteA~|B>~.write~,ABSORBED_FROZEN/pNone,PRE_FAIL,ABSORBED_EMPTY/pNone;ABSORBED_EMPTY/pNone;ABSORBED_EMPTY/pNone,None;None;None,False,False
2,A>A.reqwriteBA|A>A.reqwriteBB,ABSORBED_FROZEN/pNone,PRE_FAIL,ABSORBED_EMPTY/pNone;ABSORBED_EMPTY/pNone;ABSORBED_EMPTY/pNone,None;None;None,False,False
2,A>A.reqwriteBA|A>A.reqwriteB~,ABSORBED_FROZEN/pNone,PRE_FAIL,ABSORBED_EMPTY/pNone;ABSORBED_EMPTY/pNone;ABSORBED_EMPTY/pNone,None;None;None,False,False
2,A>A.reqwriteBA|A>A.reqwrite~A,ABSORBED_FROZEN/pNone,PRE_FAIL,ABSORBED_FROZEN/pNone;ABSORBED_FROZEN/pNone;ABSORBED_FROZEN/pNone;ABSORBED_FROZEN/pNone;ABSORBED_FROZEN/pNone;ABSORBED_FROZEN/pNone;ABSORBED_FROZEN/pNone;ABSORBED_FROZEN/pNone;ABSORBED_FROZEN/pNone,None;None;None,False,False
2,A>A.reqwriteBA|A>A.reqwrite~B,ABSORBED_FROZEN/pNone,PRE_FAIL,ABSORBED_FROZEN/pNone;ABSORBED_FROZEN/pNone;ABSORBED_FROZEN/pNone;ABSORBED_FROZEN/pNone;ABSORBED_FROZEN/pNone;ABSORBED_FROZEN/pNone;ABSORBED_FROZEN/pNone;ABSORBED_FROZEN/pNone;ABSORBED_FROZEN/pNone,None;None;None,False,False
2,A>A.reqwriteBA|A>A.reqwrite~~,FIXED/p1,DIED,ABSORBED_EMPTY/pNone;ABSORBED_EMPTY/pNone;ABSORBED_EMPTY/pNone,None;None;None,False,False
2,A>A.reqwriteBA|A>A.self,FIXED/p1,DIED,ABSORBED_EMPTY/pNone;ABSORBED_EMPTY/pNone;ABSORBED_EMPTY/pNone,None;None;None,False,False
2,A>A.reqwriteBA|A>A.writeA,FIXED/p1,REPAIR,FIXED/p1;FIXED/p1;FIXED/p1;FIXED/p1;FIXED/p1;FIXED/p1;FIXED/p1;FIXED/p1;FIXED/p1,True;True;True,True,False
2,A>A.reqwriteBA|A>A.writeB,"MIXED:APERIODIC/pNonex2,FIXED/p1x1","MIXED:DEGRADEDx1,PRE_FAILx2",APERIODIC/pNone;APERIODIC/pNone;APERIODIC/pNone;APERIODIC/pNone;APERIODIC/pNone;APERIODIC/pNone;FIXED/p1;POP_OSC/p2;APERIODIC/pNone,None;False;None,False,False
2,A>A.reqwriteBA|A>A.write~,FIXED/p1,DIED,ABSORBED_EMPTY/pNone;ABSORBED_EMPTY/pNone;ABSORBED_EMPTY/pNone,None;None;None,False,False
2,A>A.reqwriteBA|A>B.reqA,ABSORBED_FROZEN/pNone,PRE_FAIL,ABSORBED_EMPTY/pNone;ABSORBED_EMPTY/pNone;ABSORBED_EMPTY/pNone,None;None;None,False,False
2,A>A.reqwriteBA|A>B.reqB,ABSORBED_FROZEN/pNone,PRE_FAIL,ABSORBED_EMPTY/pNone;ABSORBED_EMPTY/pNone;ABSORBED_EMPTY/pNone,None;None;None,False,False
2,A>A.reqwriteBA|A>B.reqwriteAA,ABSORBED_FROZEN/pNone,PRE_FAIL,ABSORBED_EMPTY/pNone;ABSORBED_EMPTY/pNone;ABSORBED_EMPTY/pNone,None;None;None,False,False
2,A>A.reqwriteBA|A>B.reqwriteAB,ABSORBED_FROZEN/pNone,PRE_FAIL,ABSORBED_EMPTY/pNone;ABSORBED_EMPTY/pNone;ABSORBED_EMPTY/pNone,None;None;None,False,False
2,A>A.reqwriteBA|A>B.reqwriteA~,ABSORBED_FROZEN/pNone,PRE_FAIL,ABSORBED_EMPTY/pNone;ABSORBED_EMPTY/pNone;ABSORBED_EMPTY/pNone,None;None;None,False,False
2,A>A.reqwriteBA|A>B.reqwriteBA,ABSORBED_FROZEN/pNone,PRE_FAIL,ABSORBED_EMPTY/pNone;ABSORBED_EMPTY/pNone;ABSORBED_EMPTY/pNone,None;None;None,False,False
2,A>A.reqwriteBA|A>B.reqwriteBB,ABSORBED_FROZEN/pNone,PRE_FAIL,ABSORBED_EMPTY/pNone;ABSORBED_EMPTY/pNone;ABSORBED_EMPTY/pNone,None;None;None,False,False
2,A>A.reqwriteBA|A>B.reqwriteB~,ABSORBED_FROZEN/pNone,PRE_FAIL,ABSORBED_EMPTY/pNone;ABSORBED_EMPTY/pNone;ABSORBED_EMPTY/pNone,None;None;None,False,False
2,A>A.reqwriteBA|A>B.reqwrite~A,ABSORBED_FROZEN/pNone,PRE_FAIL,ABSORBED_FROZEN/pNone;ABSORBED_FROZEN/pNone;ABSORBED_FROZEN/pNone;ABSORBED_FROZEN/pNone;ABSORBED_FROZEN/pNone;ABSORBED_FROZEN/pNone;ABSORBED_FROZEN/pNone;ABSORBED_FROZEN/pNone;ABSORBED_FROZEN/pNone,None;None;None,False,False
2,A>A.reqwriteBA|A>B.reqwrite~B,ABSORBED_FROZEN/pNone,PRE_FAIL,ABSORBED_FROZEN/pNone;ABSORBED_EMPTY/pNone;ABSORBED_FROZEN/pNone;ABSORBED_EMPTY/pNone;ABSORBED_FROZEN/pNone;ABSORBED_EMPTY/pNone,None;None;None,False,False
2,A>A.reqwriteBA|A>B.reqwrite~~,ABSORBED_FROZEN/pNone,PRE_FAIL,ABSORBED_EMPTY/pNone;ABSORBED_EMPTY/pNone;ABSORBED_EMPTY/pNone,None;None;None,False,False
2,A>A.reqwriteBA|A>B.req~,ABSORBED_FROZEN/pNone,PRE_FAIL,ABSORBED_EMPTY/pNone;ABSORBED_EMPTY/pNone;ABSORBED_EMPTY/pNone,None;None;None,False,False
2,A>A.reqwriteBA|A>B.self,ABSORBED_FROZEN/pNone,PRE_FAIL,ABSORBED_EMPTY/pNone;ABSORBED_EMPTY/pNone;ABSORBED_EMPTY/pNone,None;None;None,False,False
2,A>A.reqwriteBA|A>B.writeA,APERIODIC/pNone,PRE_FAIL,APERIODIC/pNone;APERIODIC/pNone;APERIODIC/pNone;APERIODIC/pNone;APERIODIC/pNone;APERIODIC/pNone;APERIODIC/pNone;APERIODIC/pNone;APERIODIC/pNone,None;None;None,False,False
2,A>A.reqwriteBA|A>B.writeB,ABSORBED_FROZEN/pNone,PRE_FAIL,ABSORBED_FROZEN/pNone;ABSORBED_EMPTY/pNone;ABSORBED_FROZEN/pNone;ABSORBED_EMPTY/pNone;ABSORBED_FROZEN/pNone;ABSORBED_EMPTY/pNone,None;None;None,False,False
2,A>A.reqwriteBA|A>B.write~,ABSORBED_FROZEN/pNone,PRE_FAIL,ABSORBED_EMPTY/pNone;ABSORBED_EMPTY/pNone;ABSORBED_EMPTY/pNone,None;None;None,False,False
2,A>A.reqwriteBA|A>~.reqA,ABSORBED_FROZEN/pNone,PRE_FAIL,ABSORBED_EMPTY/pNone;ABSORBED_EMPTY/pNone;ABSORBED_EMPTY/pNone,None;None;None,False,False
2,A>A.reqwriteBA|A>~.reqB,ABSORBED_FROZEN/pNone,PRE_FAIL,ABSORBED_EMPTY/pNone;ABSORBED_EMPTY/pNone;ABSORBED_EMPTY/pNone,None;None;None,False,False
2,A>A.reqwriteBA|A>~.reqwriteAA,ABSORBED_FROZEN/pNone,PRE_FAIL,ABSORBED_EMPTY/pNone;ABSORBED_EMPTY/pNone;ABSORBED_EMPTY/pNone,None;None;None,False,False
2,A>A.reqwriteBA|A>~.reqwriteAB,ABSORBED_FROZEN/pNone,PRE_FAIL,ABSORBED_EMPTY/pNone;ABSORBED_EMPTY/pNone;ABSORBED_EMPTY/pNone,None;None;None,False,False
2,A>A.reqwriteBA|A>~.reqwriteA~,ABSORBED_FROZEN/pNone,PRE_FAIL,ABSORBED_EMPTY/pNone;ABSORBED_EMPTY/pNone;ABSORBED_EMPTY/pNone,None;None;None,False,False
2,A>A.reqwriteBA|A>~.reqwriteBA,ABSORBED_FROZEN/pNone,PRE_FAIL,ABSORBED_EMPTY/pNone;ABSORBED_EMPTY/pNone;ABSORBED_EMPTY/pNone,None;None;None,False,False
2,A>A.reqwriteBA|A>~.reqwriteBB,ABSORBED_FROZEN/pNone,PRE_FAIL,ABSORBED_EMPTY/pNone;ABSORBED_EMPTY/pNone;ABSORBED_EMPTY/pNone,None;None;None,False,False
2,A>A.reqwriteBA|A>~.reqwriteB~,ABSORBED_FROZEN/pNone,PRE_FAIL,ABSORBED_EMPTY/pNone;ABSORBED_EMPTY/pNone;ABSORBED_EMPTY/pNone,None;None;None,False,False
2,A>A.reqwriteBA|A>~.reqwrite~A,TRANSLATION/p6,DIED,ABSORBED_EMPTY/pNone;ABSORBED_EMPTY/pNone;ABSORBED_EMPTY/pNone,None;None;None,False,False
2,A>A.reqwriteBA|A>~.reqwrite~B,ABSORBED_FROZEN/pNone,PRE_FAIL,ABSORBED_EMPTY/pNone;ABSORBED_EMPTY/pNone;ABSORBED_EMPTY/pNone,None;None;None,False,False
2,A>A.reqwriteBA|A>~.reqwrite~~,ABSORBED_EMPTY/pNone,PRE_FAIL,,None;None;None,False,False
2,A>A.reqwriteBA|A>~.req~,ABSORBED_EMPTY/pNone,PRE_FAIL,,None;None;None,False,False
2,A>A.reqwriteBA|A>~.self,ABSORBED_EMPTY/pNone,PRE_FAIL,,None;None;None,False,False
2,A>A.reqwriteBA|A>~.writeA,TRANSLATION/p6,DIED,ABSORBED_EMPTY/pNone;ABSORBED_EMPTY/pNone;ABSORBED_EMPTY/pNone,None;None;None,False,False
2,A>A.reqwriteBA|A>~.writeB,ABSORBED_FROZEN/pNone,PRE_FAIL,ABSORBED_EMPTY/pNone;ABSORBED_EMPTY/pNone;ABSORBED_EMPTY/pNone,None;None;None,False,False
2,A>A.reqwriteBA|A>~.write~,ABSORBED_EMPTY/pNone,PRE_FAIL,,None;None;None,False,False
2,A>A.reqwriteBA|B>A.reqA,ABSORBED_FROZEN/pNone,PRE_FAIL,ABSORBED_EMPTY/pNone;ABSORBED_EMPTY/pNone;ABSORBED_EMPTY/pNone,None;None;None,False,False
2,A>A.reqwriteBA|B>A.reqB,ABSORBED_FROZEN/pNone,PRE_FAIL,ABSORBED_EMPTY/pNone;ABSORBED_EMPTY/pNone;ABSORBED_EMPTY/pNone,None;None;None,False,False
2,A>A.reqwriteBA|B>A.reqwriteAA,ABSORBED_FROZEN/pNone,PRE_FAIL,ABSORBED_EMPTY/pNone;ABSORBED_EMPTY/pNone;ABSORBED_EMPTY/pNone,None;None;None,False,False
2,A>A.reqwriteBA|B>A.reqwriteAB,ABSORBED_FROZEN/pNone,PRE_FAIL,ABSORBED_EMPTY/pNone;ABSORBED_EMPTY/pNone;ABSORBED_EMPTY/pNone,None;None;None,False,False
2,A>A.reqwriteBA|B>A.reqwriteA~,ABSORBED_FROZEN/pNone,PRE_FAIL,ABSORBED_EMPTY/pNone;ABSORBED_EMPTY/pNone;ABSORBED_EMPTY/pNone,None;None;None,False,False
2,A>A.reqwriteBA|B>A.reqwriteBA,ABSORBED_FROZEN/pNone,PRE_FAIL,ABSORBED_EMPTY/pNone;ABSORBED_EMPTY/pNone;ABSORBED_EMPTY/pNone,None;None;None,False,False
2,A>A.reqwriteBA|B>A.reqwriteBB,ABSORBED_FROZEN/pNone,PRE_FAIL,ABSORBED_EMPTY/pNone;ABSORBED_EMPTY/pNone;ABSORBED_EMPTY/pNone,None;None;None,False,False
2,A>A.reqwriteBA|B>A.reqwriteB~,ABSORBED_FROZEN/pNone,PRE_FAIL,ABSORBED_EMPTY/pNone;ABSORBED_EMPTY/pNone;ABSORBED_EMPTY/pNone,None;None;None,False,False
2,A>A.reqwriteBA|B>A.reqwrite~A,ABSORBED_FROZEN/pNone,PRE_FAIL,ABSORBED_EMPTY/pNone;ABSORBED_EMPTY/pNone;ABSORBED_EMPTY/pNone,None;None;None,False,False
2,A>A.reqwriteBA|B>A.reqwrite~B,ABSORBED_FROZEN/pNone,PRE_FAIL,ABSORBED_EMPTY/pNone;ABSORBED_EMPTY/pNone;ABSORBED_EMPTY/pNone,None;None;None,False,False
2,A>A.reqwriteBA|B>A.reqwrite~~,ABSORBED_FROZEN/pNone,PRE_FAIL,ABSORBED_EMPTY/pNone;ABSORBED_EMPTY/pNone;ABSORBED_EMPTY/pNone,None;None;None,False,False
2,A>A.reqwriteBA|B>A.req~,ABSORBED_FROZEN/pNone,PRE_FAIL,ABSORBED_EMPTY/pNone;ABSORBED_EMPTY/pNone;ABSORBED_EMPTY/pNone,None;None;None,False,False
2,A>A.reqwriteBA|B>A.self,ABSORBED_FROZEN/pNone,PRE_FAIL,ABSORBED_EMPTY/pNone;ABSORBED_EMPTY/pNone;ABSORBED_EMPTY/pNone,None;None;None,False,False
2,A>A.reqwriteBA|B>A.writeA,ABSORBED_FROZEN/pNone,PRE_FAIL,ABSORBED_EMPTY/pNone;ABSORBED_EMPTY/pNone;ABSORBED_EMPTY/pNone,None;None;None,False,False
2,A>A.reqwriteBA|B>A.writeB,ABSORBED_FROZEN/pNone,PRE_FAIL,ABSORBED_EMPTY/pNone;ABSORBED_EMPTY/pNone;ABSORBED_EMPTY/pNone,None;None;None,False,False
2,A>A.reqwriteBA|B>A.write~,ABSORBED_FROZEN/pNone,PRE_FAIL,ABSORBED_EMPTY/pNone;ABSORBED_EMPTY/pNone;ABSORBED_EMPTY/pNone,None;None;None,False,False
2,A>A.reqwriteBA|B>B.reqA,ABSORBED_FROZEN/pNone,PRE_FAIL,ABSORBED_EMPTY/pNone;ABSORBED_EMPTY/pNone;ABSORBED_EMPTY/pNone,None;None;None,False,False
2,A>A.reqwriteBA|B>B.reqB,ABSORBED_FROZEN/pNone,PRE_FAIL,ABSORBED_EMPTY/pNone;ABSORBED_EMPTY/pNone;ABSORBED_EMPTY/pNone,None;None;None,False,False
2,A>A.reqwriteBA|B>B.reqwriteAA,ABSORBED_FROZEN/pNone,PRE_FAIL,ABSORBED_EMPTY/pNone;ABSORBED_EMPTY/pNone;ABSORBED_EMPTY/pNone,None;None;None,False,False
2,A>A.reqwriteBA|B>B.reqwriteAB,ABSORBED_FROZEN/pNone,PRE_FAIL,ABSORBED_EMPTY/pNone;ABSORBED_EMPTY/pNone;ABSORBED_EMPTY/pNone,None;None;None,False,False
2,A>A.reqwriteBA|B>B.reqwriteA~,ABSORBED_FROZEN/pNone,PRE_FAIL,ABSORBED_EMPTY/pNone;ABSORBED_EMPTY/pNone;ABSORBED_EMPTY/pNone,None;None;None,False,False
2,A>A.reqwriteBA|B>B.reqwriteBA,ABSORBED_FROZEN/pNone,PRE_FAIL,ABSORBED_EMPTY/pNone;ABSORBED_EMPTY/pNone;ABSORBED_EMPTY/pNone,None;None;None,False,False
2,A>A.reqwriteBA|B>B.reqwriteBB,ABSORBED_FROZEN/pNone,PRE_FAIL,ABSORBED_EMPTY/pNone;ABSORBED_EMPTY/pNone;ABSORBED_EMPTY/pNone,None;None;None,False,False
2,A>A.reqwriteBA|B>B.reqwriteB~,ABSORBED_FROZEN/pNone,PRE_FAIL,ABSORBED_EMPTY/pNone;ABSORBED_EMPTY/pNone;ABSORBED_EMPTY/pNone,None;None;None,False,False
2,A>A.reqwriteBA|B>B.reqwrite~A,ABSORBED_FROZEN/pNone,PRE_FAIL,ABSORBED_EMPTY/pNone;ABSORBED_EMPTY/pNone;ABSORBED_EMPTY/pNone,None;None;None,False,False
2,A>A.reqwriteBA|B>B.reqwrite~B,ABSORBED_FROZEN/pNone,PRE_FAIL,ABSORBED_EMPTY/pNone;ABSORBED_EMPTY/pNone;ABSORBED_EMPTY/pNone,None;None;None,False,False
2,A>A.reqwriteBA|B>B.reqwrite~~,ABSORBED_FROZEN/pNone,PRE_FAIL,ABSORBED_EMPTY/pNone;ABSORBED_EMPTY/pNone;ABSORBED_EMPTY/pNone,None;None;None,False,False
2,A>A.reqwriteBA|B>B.req~,ABSORBED_FROZEN/pNone,PRE_FAIL,ABSORBED_EMPTY/pNone;ABSORBED_EMPTY/pNone;ABSORBED_EMPTY/pNone,None;None;None,False,False
2,A>A.reqwriteBA|B>B.self,ABSORBED_FROZEN/pNone,PRE_FAIL,ABSORBED_EMPTY/pNone;ABSORBED_EMPTY/pNone;ABSORBED_EMPTY/pNone,None;None;None,False,False
2,A>A.reqwriteBA|B>B.writeA,ABSORBED_FROZEN/pNone,PRE_FAIL,ABSORBED_EMPTY/pNone;ABSORBED_EMPTY/pNone;ABSORBED_EMPTY/pNone,None;None;None,False,False
2,A>A.reqwriteBA|B>B.writeB,ABSORBED_FROZEN/pNone,PRE_FAIL,ABSORBED_EMPTY/pNone;ABSORBED_EMPTY/pNone;ABSORBED_EMPTY/pNone,None;None;None,False,False
2,A>A.reqwriteBA|B>B.write~,ABSORBED_FROZEN/pNone,PRE_FAIL,ABSORBED_EMPTY/pNone;ABSORBED_EMPTY/pNone;ABSORBED_EMPTY/pNone,None;None;None,False,False
2,A>A.reqwriteBA|B>~.reqA,ABSORBED_FROZEN/pNone,PRE_FAIL,ABSORBED_EMPTY/pNone;ABSORBED_EMPTY/pNone;ABSORBED_EMPTY/pNone,None;None;None,False,False
2,A>A.reqwriteBA|B>~.reqB,ABSORBED_FROZEN/pNone,PRE_FAIL,ABSORBED_EMPTY/pNone;ABSORBED_EMPTY/pNone;ABSORBED_EMPTY/pNone,None;None;None,False,False
2,A>A.reqwriteBA|B>~.reqwriteAA,ABSORBED_FROZEN/pNone,PRE_FAIL,ABSORBED_EMPTY/pNone;ABSORBED_EMPTY/pNone;ABSORBED_EMPTY/pNone,None;None;None,False,False
2,A>A.reqwriteBA|B>~.reqwriteAB,ABSORBED_FROZEN/pNone,PRE_FAIL,ABSORBED_EMPTY/pNone;ABSORBED_EMPTY/pNone;ABSORBED_EMPTY/pNone,None;None;None,False,False
2,A>A.reqwriteBA|B>~.reqwriteA~,ABSORBED_FROZEN/pNone,PRE_FAIL,ABSORBED_EMPTY/pNone;ABSORBED_EMPTY/pNone;ABSORBED_EMPTY/pNone,None;None;None,False,False
2,A>A.reqwriteBA|B>~.reqwriteBA,ABSORBED_FROZEN/pNone,PRE_FAIL,ABSORBED_EMPTY/pNone;ABSORBED_EMPTY/pNone;ABSORBED_EMPTY/pNone,None;None;None,False,False
2,A>A.reqwriteBA|B>~.reqwriteBB,ABSORBED_FROZEN/pNone,PRE_FAIL,ABSORBED_EMPTY/pNone;ABSORBED_EMPTY/pNone;ABSORBED_EMPTY/pNone,None;None;None,False,False
2,A>A.reqwriteBA|B>~.reqwriteB~,ABSORBED_FROZEN/pNone,PRE_FAIL,ABSORBED_EMPTY/pNone;ABSORBED_EMPTY/pNone;ABSORBED_EMPTY/pNone,None;None;None,False,False
2,A>A.reqwriteBA|B>~.reqwrite~A,ABSORBED_FROZEN/pNone,PRE_FAIL,ABSORBED_EMPTY/pNone;ABSORBED_EMPTY/pNone;ABSORBED_EMPTY/pNone,None;None;None,False,False
2,A>A.reqwriteBA|B>~.reqwrite~B,ABSORBED_FROZEN/pNone,PRE_FAIL,ABSORBED_EMPTY/pNone;ABSORBED_EMPTY/pNone;ABSORBED_EMPTY/pNone,None;None;None,False,False
2,A>A.reqwriteBA|B>~.reqwrite~~,ABSORBED_FROZEN/pNone,PRE_FAIL,ABSORBED_EMPTY/pNone;ABSORBED_EMPTY/pNone;ABSORBED_EMPTY/pNone,None;None;None,False,False
2,A>A.reqwriteBA|B>~.req~,ABSORBED_FROZEN/pNone,PRE_FAIL,ABSORBED_EMPTY/pNone;ABSORBED_EMPTY/pNone;ABSORBED_EMPTY/pNone,None;None;None,False,False
2,A>A.reqwriteBA|B>~.self,ABSORBED_FROZEN/pNone,PRE_FAIL,ABSORBED_EMPTY/pNone;ABSORBED_EMPTY/pNone;ABSORBED_EMPTY/pNone,None;None;None,False,False
2,A>A.reqwriteBA|B>~.writeA,ABSORBED_FROZEN/pNone,PRE_FAIL,ABSORBED_EMPTY/pNone;ABSORBED_EMPTY/pNone;ABSORBED_EMPTY/pNone,None;None;None,False,False
2,A>A.reqwriteBA|B>~.writeB,ABSORBED_FROZEN/pNone,PRE_FAIL,ABSORBED_EMPTY/pNone;ABSORBED_EMPTY/pNone;ABSORBED_EMPTY/pNone,None;None;None,False,False
2,A>A.reqwriteBA|B>~.write~,ABSORBED_FROZEN/pNone,PRE_FAIL,ABSORBED_EMPTY/pNone;ABSORBED_EMPTY/pNone;ABSORBED_EMPTY/pNone,None;None;None,False,False
2,A>A.reqwriteBB|A>A.reqwriteB~,ABSORBED_FROZEN/pNone,PRE_FAIL,ABSORBED_EMPTY/pNone;ABSORBED_EMPTY/pNone;ABSORBED_EMPTY/pNone,None;None;None,False,False
2,A>A.reqwriteBB|A>A.reqwrite~A,ABSORBED_FROZEN/pNone,PRE_FAIL,ABSORBED_FROZEN/pNone;ABSORBED_FROZEN/pNone;ABSORBED_FROZEN/pNone;ABSORBED_FROZEN/pNone;ABSORBED_FROZEN/pNone;ABSORBED_FROZEN/pNone;ABSORBED_FROZEN/pNone;ABSORBED_FROZEN/pNone;ABSORBED_FROZEN/pNone,None;None;None,False,False
2,A>A.reqwriteBB|A>A.reqwrite~B,FIXED/p1,DIED,FIXED/p1;FIXED/p1;ABSORBED_FROZEN/pNone;FIXED/p1;ABSORBED_FROZEN/pNone;ABSORBED_EMPTY/pNone;ABSORBED_FROZEN/pNone;ABSORBED_EMPTY/pNone,False;False;None,False,False
2,A>A.reqwriteBB|A>A.reqwrite~~,FIXED/p1,DIED,ABSORBED_EMPTY/pNone;ABSORBED_EMPTY/pNone;ABSORBED_EMPTY/pNone,None;None;None,False,False
2,A>A.reqwriteBB|A>A.self,FIXED/p1,DIED,ABSORBED_EMPTY/pNone;ABSORBED_EMPTY/pNone;ABSORBED_EMPTY/pNone,None;None;None,False,False
2,A>A.reqwriteBB|A>A.writeA,FIXED/p1,REPAIR,FIXED/p1;FIXED/p1;FIXED/p1;FIXED/p1;FIXED/p1;FIXED/p1;FIXED/p1;FIXED/p1;FIXED/p1,True;True;True,True,False
2,A>A.reqwriteBB|A>A.writeB,FIXED/p1,DIED,FIXED/p1;FIXED/p1;ABSORBED_FROZEN/pNone;FIXED/p1;ABSORBED_FROZEN/pNone;ABSORBED_EMPTY/pNone;ABSORBED_FROZEN/pNone;ABSORBED_EMPTY/pNone,False;False;None,False,False
2,A>A.reqwriteBB|A>A.write~,FIXED/p1,DIED,ABSORBED_EMPTY/pNone;ABSORBED_EMPTY/pNone;ABSORBED_EMPTY/pNone,None;None;None,False,False
2,A>A.reqwriteBB|A>B.reqA,ABSORBED_FROZEN/pNone,PRE_FAIL,ABSORBED_EMPTY/pNone;ABSORBED_EMPTY/pNone;ABSORBED_EMPTY/pNone,None;None;None,False,False
2,A>A.reqwriteBB|A>B.reqB,ABSORBED_FROZEN/pNone,PRE_FAIL,ABSORBED_EMPTY/pNone;ABSORBED_EMPTY/pNone;ABSORBED_EMPTY/pNone,None;None;None,False,False
2,A>A.reqwriteBB|A>B.reqwriteAA,ABSORBED_FROZEN/pNone,PRE_FAIL,ABSORBED_EMPTY/pNone;ABSORBED_EMPTY/pNone;ABSORBED_EMPTY/pNone,None;None;None,False,False
2,A>A.reqwriteBB|A>B.reqwriteAB,ABSORBED_FROZEN/pNone,PRE_FAIL,ABSORBED_EMPTY/pNone;ABSORBED_EMPTY/pNone;ABSORBED_EMPTY/pNone,None;None;None,False,False
2,A>A.reqwriteBB|A>B.reqwriteA~,ABSORBED_FROZEN/pNone,PRE_FAIL,ABSORBED_EMPTY/pNone;ABSORBED_EMPTY/pNone;ABSORBED_EMPTY/pNone,None;None;None,False,False
2,A>A.reqwriteBB|A>B.reqwriteBA,ABSORBED_FROZEN/pNone,PRE_FAIL,ABSORBED_EMPTY/pNone;ABSORBED_EMPTY/pNone;ABSORBED_EMPTY/pNone,None;None;None,False,False
2,A>A.reqwriteBB|A>B.reqwriteBB,ABSORBED_FROZEN/pNone,PRE_FAIL,ABSORBED_EMPTY/pNone;ABSORBED_EMPTY/pNone;ABSORBED_EMPTY/pNone,None;None;None,False,False
2,A>A.reqwriteBB|A>B.reqwriteB~,ABSORBED_FROZEN/pNone,PRE_FAIL,ABSORBED_EMPTY/pNone;ABSORBED_EMPTY/pNone;ABSORBED_EMPTY/pNone,None;None;None,False,False
2,A>A.reqwriteBB|A>B.reqwrite~A,FIXED/p1,"MIXED:DIEDx1,REPAIRx2",FIXED/p1;ABSORBED_FROZEN/pNone;ABSORBED_FROZEN/pNone;FIXED/p1;FIXED/p1;FIXED/p1;FIXED/p1;FIXED/p1;FIXED/p1,False;False;False,False,False
2,A>A.reqwriteBB|A>B.reqwrite~B,ABSORBED_FROZEN/pNone,PRE_FAIL,ABSORBED_FROZEN/pNone;ABSORBED_EMPTY/pNone;ABSORBED_FROZEN/pNone;ABSORBED_EMPTY/pNone;ABSORBED_FROZEN/pNone;ABSORBED_EMPTY/pNone,None;None;None,False,False
2,A>A.reqwriteBB|A>B.reqwrite~~,ABSORBED_FROZEN/pNone,PRE_FAIL,ABSORBED_EMPTY/pNone;ABSORBED_EMPTY/pNone;ABSORBED_EMPTY/pNone,None;None;None,False,False
2,A>A.reqwriteBB|A>B.req~,ABSORBED_FROZEN/pNone,PRE_FAIL,ABSORBED_EMPTY/pNone;ABSORBED_EMPTY/pNone;ABSORBED_EMPTY/pNone,None;None;None,False,False
2,A>A.reqwriteBB|A>B.self,ABSORBED_FROZEN/pNone,PRE_FAIL,ABSORBED_EMPTY/pNone;ABSORBED_EMPTY/pNone;ABSORBED_EMPTY/pNone,None;None;None,False,False
2,A>A.reqwriteBB|A>B.writeA,"MIXED:APERIODIC/pNonex1,FIXED/p1x2","MIXED:DIEDx2,PRE_FAILx1",ABSORBED_FROZEN/pNone;ABSORBED_FROZEN/pNone;ABSORBED_FROZEN/pNone;ABSORBED_FROZEN/pNone;ABSORBED_FROZEN/pNone;ABSORBED_FROZEN/pNone;APERIODIC/pNone;FIXED/p1;ABSORBED_FROZEN/pNone,None;False;False,False,False
2,A>A.reqwriteBB|A>B.writeB,ABSORBED_FROZEN/pNone,PRE_FAIL,ABSORBED_FROZEN/pNone;ABSORBED_EMPTY/pNone;ABSORBED_FROZEN/pNone;ABSORBED_EMPTY/pNone;ABSORBED_FROZEN/pNone;ABSORBED_EMPTY/pNone,None;None;None,False,False
2,A>A.reqwriteBB|A>B.write~,ABSORBED_FROZEN/pNone,PRE_FAIL,ABSORBED_EMPTY/pNone;ABSORBED_EMPTY/pNone;ABSORBED_EMPTY/pNone,None;None;None,False,False
2,A>A.reqwriteBB|A>~.reqA,ABSORBED_FROZEN/pNone,PRE_FAIL,ABSORBED_EMPTY/pNone;ABSORBED_EMPTY/pNone;ABSORBED_EMPTY/pNone,None;None;None,False,False
2,A>A.reqwriteBB|A>~.reqB,ABSORBED_FROZEN/pNone,PRE_FAIL,ABSORBED_EMPTY/pNone;ABSORBED_EMPTY/pNone;ABSORBED_EMPTY/pNone,None;None;None,False,False
2,A>A.reqwriteBB|A>~.reqwriteAA,ABSORBED_FROZEN/pNone,PRE_FAIL,ABSORBED_EMPTY/pNone;ABSORBED_EMPTY/pNone;ABSORBED_EMPTY/pNone,None;None;None,False,False
2,A>A.reqwriteBB|A>~.reqwriteAB,ABSORBED_FROZEN/pNone,PRE_FAIL,ABSORBED_EMPTY/pNone;ABSORBED_EMPTY/pNone;ABSORBED_EMPTY/pNone,None;None;None,False,False
2,A>A.reqwriteBB|A>~.reqwriteA~,ABSORBED_FROZEN/pNone,PRE_FAIL,ABSORBED_EMPTY/pNone;ABSORBED_EMPTY/pNone;ABSORBED_EMPTY/pNone,None;None;None,False,False
2,A>A.reqwriteBB|A>~.reqwriteBA,ABSORBED_FROZEN/pNone,PRE_FAIL,ABSORBED_EMPTY/pNone;ABSORBED_EMPTY/pNone;ABSORBED_EMPTY/pNone,None;None;None,False,False
2,A>A.reqwriteBB|A>~.reqwriteBB,ABSORBED_FROZEN/pNone,PRE_FAIL,ABSORBED_EMPTY/pNone;ABSORBED_EMPTY/pNone;ABSORBED_EMPTY/pNone,None;None;None,False,False
2,A>A.reqwriteBB|A>~.reqwriteB~,ABSORBED_FROZEN/pNone,PRE_FAIL,ABSORBED_EMPTY/pNone;ABSORBED_EMPTY/pNone;ABSORBED_EMPTY/pNone,None;None;None,False,False
2,A>A.reqwriteBB|A>~.reqwrite~A,TRANSLATION/p6,DIED,ABSORBED_EMPTY/pNone;ABSORBED_EMPTY/pNone;ABSORBED_EMPTY/pNone,None;None;None,False,False
2,A>A.reqwriteBB|A>~.reqwrite~B,ABSORBED_FROZEN/pNone,PRE_FAIL,ABSORBED_EMPTY/pNone;ABSORBED_EMPTY/pNone;ABSORBED_EMPTY/pNone,None;None;None,False,False
2,A>A.reqwriteBB|A>~.reqwrite~~,ABSORBED_EMPTY/pNone,PRE_FAIL,,None;None;None,False,False
2,A>A.reqwriteBB|A>~.req~,ABSORBED_EMPTY/pNone,PRE_FAIL,,None;None;None,False,False
2,A>A.reqwriteBB|A>~.self,ABSORBED_EMPTY/pNone,PRE_FAIL,,None;None;None,False,False
2,A>A.reqwriteBB|A>~.writeA,TRANSLATION/p6,DIED,ABSORBED_EMPTY/pNone;ABSORBED_EMPTY/pNone;ABSORBED_EMPTY/pNone,None;None;None,False,False
2,A>A.reqwriteBB|A>~.writeB,ABSORBED_FROZEN/pNone,PRE_FAIL,ABSORBED_EMPTY/pNone;ABSORBED_EMPTY/pNone;ABSORBED_EMPTY/pNone,None;None;None,False,False
2,A>A.reqwriteBB|A>~.write~,ABSORBED_EMPTY/pNone,PRE_FAIL,,None;None;None,False,False
2,A>A.reqwriteBB|B>A.reqA,ABSORBED_FROZEN/pNone,PRE_FAIL,ABSORBED_EMPTY/pNone;ABSORBED_EMPTY/pNone;ABSORBED_EMPTY/pNone,None;None;None,False,False
2,A>A.reqwriteBB|B>A.reqB,ABSORBED_FROZEN/pNone,PRE_FAIL,ABSORBED_EMPTY/pNone;ABSORBED_EMPTY/pNone;ABSORBED_EMPTY/pNone,None;None;None,False,False
2,A>A.reqwriteBB|B>A.reqwriteAA,ABSORBED_FROZEN/pNone,PRE_FAIL,ABSORBED_EMPTY/pNone;ABSORBED_EMPTY/pNone;ABSORBED_EMPTY/pNone,None;None;None,False,False
2,A>A.reqwriteBB|B>A.reqwriteAB,ABSORBED_FROZEN/pNone,PRE_FAIL,ABSORBED_EMPTY/pNone;ABSORBED_EMPTY/pNone;ABSORBED_EMPTY/pNone,None;None;None,False,False
2,A>A.reqwriteBB|B>A.reqwriteA~,ABSORBED_FROZEN/pNone,PRE_FAIL,ABSORBED_EMPTY/pNone;ABSORBED_EMPTY/pNone;ABSORBED_EMPTY/pNone,None;None;None,False,False
2,A>A.reqwriteBB|B>A.reqwriteBA,ABSORBED_FROZEN/pNone,PRE_FAIL,ABSORBED_EMPTY/pNone;ABSORBED_EMPTY/pNone;ABSORBED_EMPTY/pNone,None;None;None,False,False
2,A>A.reqwriteBB|B>A.reqwriteBB,ABSORBED_FROZEN/pNone,PRE_FAIL,ABSORBED_EMPTY/pNone;ABSORBED_EMPTY/pNone;ABSORBED_EMPTY/pNone,None;None;None,False,False
2,A>A.reqwriteBB|B>A.reqwriteB~,ABSORBED_FROZEN/pNone,PRE_FAIL,ABSORBED_EMPTY/pNone;ABSORBED_EMPTY/pNone;ABSORBED_EMPTY/pNone,None;None;None,False,False
2,A>A.reqwriteBB|B>A.reqwrite~A,ABSORBED_FROZEN/pNone,PRE_FAIL,ABSORBED_EMPTY/pNone;ABSORBED_EMPTY/pNone;ABSORBED_EMPTY/pNone,None;None;None,False,False
2,A>A.reqwriteBB|B>A.reqwrite~B,ABSORBED_FROZEN/pNone,PRE_FAIL,ABSORBED_EMPTY/pNone;ABSORBED_EMPTY/pNone;ABSORBED_EMPTY/pNone,None;None;None,False,False
2,A>A.reqwriteBB|B>A.reqwrite~~,ABSORBED_FROZEN/pNone,PRE_FAIL,ABSORBED_EMPTY/pNone;ABSORBED_EMPTY/pNone;ABSORBED_EMPTY/pNone,None;None;None,False,False
2,A>A.reqwriteBB|B>A.req~,ABSORBED_FROZEN/pNone,PRE_FAIL,ABSORBED_EMPTY/pNone;ABSORBED_EMPTY/pNone;ABSORBED_EMPTY/pNone,None;None;None,False,False
2,A>A.reqwriteBB|B>A.self,ABSORBED_FROZEN/pNone,PRE_FAIL,ABSORBED_EMPTY/pNone;ABSORBED_EMPTY/pNone;ABSORBED_EMPTY/pNone,None;None;None,False,False
2,A>A.reqwriteBB|B>A.writeA,ABSORBED_FROZEN/pNone,PRE_FAIL,ABSORBED_EMPTY/pNone;ABSORBED_EMPTY/pNone;ABSORBED_EMPTY/pNone,None;None;None,False,False
2,A>A.reqwriteBB|B>A.writeB,ABSORBED_FROZEN/pNone,PRE_FAIL,ABSORBED_EMPTY/pNone;ABSORBED_EMPTY/pNone;ABSORBED_EMPTY/pNone,None;None;None,False,False
2,A>A.reqwriteBB|B>A.write~,ABSORBED_FROZEN/pNone,PRE_FAIL,ABSORBED_EMPTY/pNone;ABSORBED_EMPTY/pNone;ABSORBED_EMPTY/pNone,None;None;None,False,False
2,A>A.reqwriteBB|B>B.reqA,ABSORBED_FROZEN/pNone,PRE_FAIL,ABSORBED_EMPTY/pNone;ABSORBED_EMPTY/pNone;ABSORBED_EMPTY/pNone,None;None;None,False,False
2,A>A.reqwriteBB|B>B.reqB,ABSORBED_FROZEN/pNone,PRE_FAIL,ABSORBED_EMPTY/pNone;ABSORBED_EMPTY/pNone;ABSORBED_EMPTY/pNone,None;None;None,False,False
2,A>A.reqwriteBB|B>B.reqwriteAA,ABSORBED_FROZEN/pNone,PRE_FAIL,ABSORBED_EMPTY/pNone;ABSORBED_EMPTY/pNone;ABSORBED_EMPTY/pNone,None;None;None,False,False
2,A>A.reqwriteBB|B>B.reqwriteAB,ABSORBED_FROZEN/pNone,PRE_FAIL,ABSORBED_EMPTY/pNone;ABSORBED_EMPTY/pNone;ABSORBED_EMPTY/pNone,None;None;None,False,False
2,A>A.reqwriteBB|B>B.reqwriteA~,ABSORBED_FROZEN/pNone,PRE_FAIL,ABSORBED_EMPTY/pNone;ABSORBED_EMPTY/pNone;ABSORBED_EMPTY/pNone,None;None;None,False,False
2,A>A.reqwriteBB|B>B.reqwriteBA,ABSORBED_FROZEN/pNone,PRE_FAIL,ABSORBED_EMPTY/pNone;ABSORBED_EMPTY/pNone;ABSORBED_EMPTY/pNone,None;None;None,False,False
2,A>A.reqwriteBB|B>B.reqwriteBB,ABSORBED_FROZEN/pNone,PRE_FAIL,ABSORBED_EMPTY/pNone;ABSORBED_EMPTY/pNone;ABSORBED_EMPTY/pNone,None;None;None,False,False
2,A>A.reqwriteBB|B>B.reqwriteB~,ABSORBED_FROZEN/pNone,PRE_FAIL,ABSORBED_EMPTY/pNone;ABSORBED_EMPTY/pNone;ABSORBED_EMPTY/pNone,None;None;None,False,False
2,A>A.reqwriteBB|B>B.reqwrite~A,ABSORBED_FROZEN/pNone,PRE_FAIL,ABSORBED_EMPTY/pNone;ABSORBED_EMPTY/pNone;ABSORBED_EMPTY/pNone,None;None;None,False,False
2,A>A.reqwriteBB|B>B.reqwrite~B,ABSORBED_FROZEN/pNone,PRE_FAIL,ABSORBED_EMPTY/pNone;ABSORBED_EMPTY/pNone;ABSORBED_EMPTY/pNone,None;None;None,False,False
2,A>A.reqwriteBB|B>B.reqwrite~~,ABSORBED_FROZEN/pNone,PRE_FAIL,ABSORBED_EMPTY/pNone;ABSORBED_EMPTY/pNone;ABSORBED_EMPTY/pNone,None;None;None,False,False
2,A>A.reqwriteBB|B>B.req~,ABSORBED_FROZEN/pNone,PRE_FAIL,ABSORBED_EMPTY/pNone;ABSORBED_EMPTY/pNone;ABSORBED_EMPTY/pNone,None;None;None,False,False
2,A>A.reqwriteBB|B>B.self,ABSORBED_FROZEN/pNone,PRE_FAIL,ABSORBED_EMPTY/pNone;ABSORBED_EMPTY/pNone;ABSORBED_EMPTY/pNone,None;None;None,False,False
2,A>A.reqwriteBB|B>B.writeA,ABSORBED_FROZEN/pNone,PRE_FAIL,ABSORBED_EMPTY/pNone;ABSORBED_EMPTY/pNone;ABSORBED_EMPTY/pNone,None;None;None,False,False
2,A>A.reqwriteBB|B>B.writeB,ABSORBED_FROZEN/pNone,PRE_FAIL,ABSORBED_EMPTY/pNone;ABSORBED_EMPTY/pNone;ABSORBED_EMPTY/pNone,None;None;None,False,False
2,A>A.reqwriteBB|B>B.write~,ABSORBED_FROZEN/pNone,PRE_FAIL,ABSORBED_EMPTY/pNone;ABSORBED_EMPTY/pNone;ABSORBED_EMPTY/pNone,None;None;None,False,False
2,A>A.reqwriteBB|B>~.reqA,ABSORBED_FROZEN/pNone,PRE_FAIL,ABSORBED_EMPTY/pNone;ABSORBED_EMPTY/pNone;ABSORBED_EMPTY/pNone,None;None;None,False,False
2,A>A.reqwriteBB|B>~.reqB,ABSORBED_FROZEN/pNone,PRE_FAIL,ABSORBED_EMPTY/pNone;ABSORBED_EMPTY/pNone;ABSORBED_EMPTY/pNone,None;None;None,False,False
2,A>A.reqwriteBB|B>~.reqwriteAA,ABSORBED_FROZEN/pNone,PRE_FAIL,ABSORBED_EMPTY/pNone;ABSORBED_EMPTY/pNone;ABSORBED_EMPTY/pNone,None;None;None,False,False
2,A>A.reqwriteBB|B>~.reqwriteAB,ABSORBED_FROZEN/pNone,PRE_FAIL,ABSORBED_EMPTY/pNone;ABSORBED_EMPTY/pNone;ABSORBED_EMPTY/pNone,None;None;None,False,False
2,A>A.reqwriteBB|B>~.reqwriteA~,ABSORBED_FROZEN/pNone,PRE_FAIL,ABSORBED_EMPTY/pNone;ABSORBED_EMPTY/pNone;ABSORBED_EMPTY/pNone,None;None;None,False,False
2,A>A.reqwriteBB|B>~.reqwriteBA,ABSORBED_FROZEN/pNone,PRE_FAIL,ABSORBED_EMPTY/pNone;ABSORBED_EMPTY/pNone;ABSORBED_EMPTY/pNone,None;None;None,False,False
2,A>A.reqwriteBB|B>~.reqwriteBB,ABSORBED_FROZEN/pNone,PRE_FAIL,ABSORBED_EMPTY/pNone;ABSORBED_EMPTY/pNone;ABSORBED_EMPTY/pNone,None;None;None,False,False
2,A>A.reqwriteBB|B>~.reqwriteB~,ABSORBED_FROZEN/pNone,PRE_FAIL,ABSORBED_EMPTY/pNone;ABSORBED_EMPTY/pNone;ABSORBED_EMPTY/pNone,None;None;None,False,False
2,A>A.reqwriteBB|B>~.reqwrite~A,ABSORBED_FROZEN/pNone,PRE_FAIL,ABSORBED_EMPTY/pNone;ABSORBED_EMPTY/pNone;ABSORBED_EMPTY/pNone,None;None;None,False,False
2,A>A.reqwriteBB|B>~.reqwrite~B,ABSORBED_FROZEN/pNone,PRE_FAIL,ABSORBED_EMPTY/pNone;ABSORBED_EMPTY/pNone;ABSORBED_EMPTY/pNone,None;None;None,False,False
2,A>A.reqwriteBB|B>~.reqwrite~~,ABSORBED_FROZEN/pNone,PRE_FAIL,ABSORBED_EMPTY/pNone;ABSORBED_EMPTY/pNone;ABSORBED_EMPTY/pNone,None;None;None,False,False
2,A>A.reqwriteBB|B>~.req~,ABSORBED_FROZEN/pNone,PRE_FAIL,ABSORBED_EMPTY/pNone;ABSORBED_EMPTY/pNone;ABSORBED_EMPTY/pNone,None;None;None,False,False
2,A>A.reqwriteBB|B>~.self,ABSORBED_FROZEN/pNone,PRE_FAIL,ABSORBED_EMPTY/pNone;ABSORBED_EMPTY/pNone;ABSORBED_EMPTY/pNone,None;None;None,False,False
2,A>A.reqwriteBB|B>~.writeA,ABSORBED_FROZEN/pNone,PRE_FAIL,ABSORBED_EMPTY/pNone;ABSORBED_EMPTY/pNone;ABSORBED_EMPTY/pNone,None;None;None,False,False
2,A>A.reqwriteBB|B>~.writeB,ABSORBED_FROZEN/pNone,PRE_FAIL,ABSORBED_EMPTY/pNone;ABSORBED_EMPTY/pNone;ABSORBED_EMPTY/pNone,None;None;None,False,False
2,A>A.reqwriteBB|B>~.write~,ABSORBED_FROZEN/pNone,PRE_FAIL,ABSORBED_EMPTY/pNone;ABSORBED_EMPTY/pNone;ABSORBED_EMPTY/pNone,None;None;None,False,False
2,A>A.reqwriteB~|A>A.reqwrite~A,ABSORBED_FROZEN/pNone,PRE_FAIL,ABSORBED_FROZEN/pNone;ABSORBED_FROZEN/pNone;ABSORBED_FROZEN/pNone;ABSORBED_FROZEN/pNone;ABSORBED_FROZEN/pNone;ABSORBED_FROZEN/pNone;ABSORBED_FROZEN/pNone;ABSORBED_FROZEN/pNone;ABSORBED_FROZEN/pNone,None;None;None,False,False
2,A>A.reqwriteB~|A>A.reqwrite~B,POP_OSC/p2,DIED,ABSORBED_EMPTY/pNone;ABSORBED_EMPTY/pNone;ABSORBED_EMPTY/pNone,None;None;None,False,False
2,A>A.reqwriteB~|A>A.reqwrite~~,FIXED/p1,DIED,ABSORBED_EMPTY/pNone;ABSORBED_EMPTY/pNone;ABSORBED_EMPTY/pNone,None;None;None,False,False
2,A>A.reqwriteB~|A>A.self,FIXED/p1,DIED,ABSORBED_EMPTY/pNone;ABSORBED_EMPTY/pNone;ABSORBED_EMPTY/pNone,None;None;None,False,False
2,A>A.reqwriteB~|A>A.writeA,FIXED/p1,REPAIR,FIXED/p1;FIXED/p1;FIXED/p1;FIXED/p1;FIXED/p1;FIXED/p1;FIXED/p1;FIXED/p1;FIXED/p1,True;True;True,True,False
2,A>A.reqwriteB~|A>A.writeB,"MIXED:FIXED/p1x1,POP_OSC/p2x2",DIED,POP_OSC/p6;FIXED/p1;ABSORBED_FROZEN/pNone;ABSORBED_EMPTY/pNone;ABSORBED_FROZEN/pNone;ABSORBED_EMPTY/pNone,False;None;None,False,False
2,A>A.reqwriteB~|A>A.write~,FIXED/p1,DIED,ABSORBED_EMPTY/pNone;ABSORBED_EMPTY/pNone;ABSORBED_EMPTY/pNone,None;None;None,False,False
2,A>A.reqwriteB~|A>B.reqA,ABSORBED_FROZEN/pNone,PRE_FAIL,ABSORBED_EMPTY/pNone;ABSORBED_EMPTY/pNone;ABSORBED_EMPTY/pNone,None;None;None,False,False
2,A>A.reqwriteB~|A>B.reqB,ABSORBED_FROZEN/pNone,PRE_FAIL,ABSORBED_EMPTY/pNone;ABSORBED_EMPTY/pNone;ABSORBED_EMPTY/pNone,None;None;None,False,False
2,A>A.reqwriteB~|A>B.reqwriteAA,ABSORBED_FROZEN/pNone,PRE_FAIL,ABSORBED_EMPTY/pNone;ABSORBED_EMPTY/pNone;ABSORBED_EMPTY/pNone,None;None;None,False,False
2,A>A.reqwriteB~|A>B.reqwriteAB,ABSORBED_FROZEN/pNone,PRE_FAIL,ABSORBED_EMPTY/pNone;ABSORBED_EMPTY/pNone;ABSORBED_EMPTY/pNone,None;None;None,False,False
2,A>A.reqwriteB~|A>B.reqwriteA~,ABSORBED_FROZEN/pNone,PRE_FAIL,ABSORBED_EMPTY/pNone;ABSORBED_EMPTY/pNone;ABSORBED_EMPTY/pNone,None;None;None,False,False
2,A>A.reqwriteB~|A>B.reqwriteBA,ABSORBED_FROZEN/pNone,PRE_FAIL,ABSORBED_EMPTY/pNone;ABSORBED_EMPTY/pNone;ABSORBED_EMPTY/pNone,None;None;None,False,False
2,A>A.reqwriteB~|A>B.reqwriteBB,ABSORBED_FROZEN/pNone,PRE_FAIL,ABSORBED_EMPTY/pNone;ABSORBED_EMPTY/pNone;ABSORBED_EMPTY/pNone,None;None;None,False,False
2,A>A.reqwriteB~|A>B.reqwriteB~,ABSORBED_FROZEN/pNone,PRE_FAIL,ABSORBED_EMPTY/pNone;ABSORBED_EMPTY/pNone;ABSORBED_EMPTY/pNone,None;None;None,False,False
2,A>A.reqwriteB~|A>B.reqwrite~A,POP_OSC/p12,"MIXED:DIEDx1,REPAIRx2",POP_OSC/p12;POP_OSC/p12;POP_OSC/p12;POP_OSC/p12;POP_OSC/p12;ABSORBED_FROZEN/pNone;POP_OSC/p12;POP_OSC/p12;POP_OSC/p12,None;None;None,False,False
2,A>A.reqwriteB~|A>B.reqwrite~B,ABSORBED_FROZEN/pNone,PRE_FAIL,ABSORBED_FROZEN/pNone;ABSORBED_EMPTY/pNone;ABSORBED_FROZEN/pNone;ABSORBED_EMPTY/pNone;ABSORBED_FROZEN/pNone;ABSORBED_EMPTY/pNone,None;None;None,False,False
2,A>A.reqwriteB~|A>B.reqwrite~~,ABSORBED_FROZEN/pNone,PRE_FAIL,ABSORBED_EMPTY/pNone;ABSORBED_EMPTY/pNone;ABSORBED_EMPTY/pNone,None;None;None,False,False
2,A>A.reqwriteB~|A>B.req~,ABSORBED_FROZEN/pNone,PRE_FAIL,ABSORBED_EMPTY/pNone;ABSORBED_EMPTY/pNone;ABSORBED_EMPTY/pNone,None;None;None,False,False
2,A>A.reqwriteB~|A>B.self,ABSORBED_FROZEN/pNone,PRE_FAIL,ABSORBED_EMPTY/pNone;ABSORBED_EMPTY/pNone;ABSORBED_EMPTY/pNone,None;None;None,False,False
2,A>A.reqwriteB~|A>B.writeA,APERIODIC/pNone,PRE_FAIL,APERIODIC/pNone;APERIODIC/pNone;APERIODIC/pNone;APERIODIC/pNone;APERIODIC/pNone;APERIODIC/pNone;APERIODIC/pNone;APERIODIC/pNone;ABSORBED_FROZEN/pNone,None;None;None,False,False
2,A>A.reqwriteB~|A>B.writeB,ABSORBED_FROZEN/pNone,PRE_FAIL,ABSORBED_FROZEN/pNone;ABSORBED_EMPTY/pNone;ABSORBED_FROZEN/pNone;ABSORBED_EMPTY/pNone;ABSORBED_FROZEN/pNone;ABSORBED_EMPTY/pNone,None;None;None,False,False
2,A>A.reqwriteB~|A>B.write~,ABSORBED_FROZEN/pNone,PRE_FAIL,ABSORBED_EMPTY/pNone;ABSORBED_EMPTY/pNone;ABSORBED_EMPTY/pNone,None;None;None,False,False
2,A>A.reqwriteB~|A>~.reqA,ABSORBED_FROZEN/pNone,PRE_FAIL,ABSORBED_EMPTY/pNone;ABSORBED_EMPTY/pNone;ABSORBED_EMPTY/pNone,None;None;None,False,False
2,A>A.reqwriteB~|A>~.reqB,ABSORBED_FROZEN/pNone,PRE_FAIL,ABSORBED_EMPTY/pNone;ABSORBED_EMPTY/pNone;ABSORBED_EMPTY/pNone,None;None;None,False,False
2,A>A.reqwriteB~|A>~.reqwriteAA,ABSORBED_FROZEN/pNone,PRE_FAIL,ABSORBED_EMPTY/pNone;ABSORBED_EMPTY/pNone;ABSORBED_EMPTY/pNone,None;None;None,False,False
2,A>A.reqwriteB~|A>~.reqwriteAB,ABSORBED_FROZEN/pNone,PRE_FAIL,ABSORBED_EMPTY/pNone;ABSORBED_EMPTY/pNone;ABSORBED_EMPTY/pNone,None;None;None,False,False
2,A>A.reqwriteB~|A>~.reqwriteA~,ABSORBED_FROZEN/pNone,PRE_FAIL,ABSORBED_EMPTY/pNone;ABSORBED_EMPTY/pNone;ABSORBED_EMPTY/pNone,None;None;None,False,False
2,A>A.reqwriteB~|A>~.reqwriteBA,ABSORBED_FROZEN/pNone,PRE_FAIL,ABSORBED_EMPTY/pNone;ABSORBED_EMPTY/pNone;ABSORBED_EMPTY/pNone,None;None;None,False,False
2,A>A.reqwriteB~|A>~.reqwriteBB,ABSORBED_FROZEN/pNone,PRE_FAIL,ABSORBED_EMPTY/pNone;ABSORBED_EMPTY/pNone;ABSORBED_EMPTY/pNone,None;None;None,False,False
2,A>A.reqwriteB~|A>~.reqwriteB~,ABSORBED_FROZEN/pNone,PRE_FAIL,ABSORBED_EMPTY/pNone;ABSORBED_EMPTY/pNone;ABSORBED_EMPTY/pNone,None;None;None,False,False
2,A>A.reqwriteB~|A>~.reqwrite~A,TRANSLATION/p6,DIED,ABSORBED_EMPTY/pNone;ABSORBED_EMPTY/pNone;ABSORBED_EMPTY/pNone,None;None;None,False,False
2,A>A.reqwriteB~|A>~.reqwrite~B,ABSORBED_FROZEN/pNone,PRE_FAIL,ABSORBED_EMPTY/pNone;ABSORBED_EMPTY/pNone;ABSORBED_EMPTY/pNone,None;None;None,False,False
2,A>A.reqwriteB~|A>~.reqwrite~~,ABSORBED_EMPTY/pNone,PRE_FAIL,,None;None;None,False,False
2,A>A.reqwriteB~|A>~.req~,ABSORBED_EMPTY/pNone,PRE_FAIL,,None;None;None,False,False
2,A>A.reqwriteB~|A>~.self,ABSORBED_EMPTY/pNone,PRE_FAIL,,None;None;None,False,False
2,A>A.reqwriteB~|A>~.writeA,TRANSLATION/p6,DIED,ABSORBED_EMPTY/pNone;ABSORBED_EMPTY/pNone;ABSORBED_EMPTY/pNone,None;None;None,False,False
2,A>A.reqwriteB~|A>~.writeB,ABSORBED_FROZEN/pNone,PRE_FAIL,ABSORBED_EMPTY/pNone;ABSORBED_EMPTY/pNone;ABSORBED_EMPTY/pNone,None;None;None,False,False
2,A>A.reqwriteB~|A>~.write~,ABSORBED_EMPTY/pNone,PRE_FAIL,,None;None;None,False,False
2,A>A.reqwriteB~|B>A.reqA,ABSORBED_FROZEN/pNone,PRE_FAIL,ABSORBED_EMPTY/pNone;ABSORBED_EMPTY/pNone;ABSORBED_EMPTY/pNone,None;None;None,False,False
2,A>A.reqwriteB~|B>A.reqB,ABSORBED_FROZEN/pNone,PRE_FAIL,ABSORBED_EMPTY/pNone;ABSORBED_EMPTY/pNone;ABSORBED_EMPTY/pNone,None;None;None,False,False
2,A>A.reqwriteB~|B>A.reqwriteAA,ABSORBED_FROZEN/pNone,PRE_FAIL,ABSORBED_EMPTY/pNone;ABSORBED_EMPTY/pNone;ABSORBED_EMPTY/pNone,None;None;None,False,False
2,A>A.reqwriteB~|B>A.reqwriteAB,ABSORBED_FROZEN/pNone,PRE_FAIL,ABSORBED_EMPTY/pNone;ABSORBED_EMPTY/pNone;ABSORBED_EMPTY/pNone,None;None;None,False,False
2,A>A.reqwriteB~|B>A.reqwriteA~,ABSORBED_FROZEN/pNone,PRE_FAIL,ABSORBED_EMPTY/pNone;ABSORBED_EMPTY/pNone;ABSORBED_EMPTY/pNone,None;None;None,False,False
2,A>A.reqwriteB~|B>A.reqwriteBA,ABSORBED_FROZEN/pNone,PRE_FAIL,ABSORBED_EMPTY/pNone;ABSORBED_EMPTY/pNone;ABSORBED_EMPTY/pNone,None;None;None,False,False
2,A>A.reqwriteB~|B>A.reqwriteBB,ABSORBED_FROZEN/pNone,PRE_FAIL,ABSORBED_EMPTY/pNone;ABSORBED_EMPTY/pNone;ABSORBED_EMPTY/pNone,None;None;None,False,False
2,A>A.reqwriteB~|B>A.reqwriteB~,ABSORBED_FROZEN/pNone,PRE_FAIL,ABSORBED_EMPTY/pNone;ABSORBED_EMPTY/pNone;ABSORBED_EMPTY/pNone,None;None;None,False,False
2,A>A.reqwriteB~|B>A.reqwrite~A,ABSORBED_FROZEN/pNone,PRE_FAIL,ABSORBED_EMPTY/pNone;ABSORBED_EMPTY/pNone;ABSORBED_EMPTY/pNone,None;None;None,False,False
2,A>A.reqwriteB~|B>A.reqwrite~B,ABSORBED_FROZEN/pNone,PRE_FAIL,ABSORBED_EMPTY/pNone;ABSORBED_EMPTY/pNone;ABSORBED_EMPTY/pNone,None;None;None,False,False
2,A>A.reqwriteB~|B>A.reqwrite~~,ABSORBED_FROZEN/pNone,PRE_FAIL,ABSORBED_EMPTY/pNone;ABSORBED_EMPTY/pNone;ABSORBED_EMPTY/pNone,None;None;None,False,False
2,A>A.reqwriteB~|B>A.req~,ABSORBED_FROZEN/pNone,PRE_FAIL,ABSORBED_EMPTY/pNone;ABSORBED_EMPTY/pNone;ABSORBED_EMPTY/pNone,None;None;None,False,False
2,A>A.reqwriteB~|B>A.self,ABSORBED_FROZEN/pNone,PRE_FAIL,ABSORBED_EMPTY/pNone;ABSORBED_EMPTY/pNone;ABSORBED_EMPTY/pNone,None;None;None,False,False
2,A>A.reqwriteB~|B>A.writeA,ABSORBED_FROZEN/pNone,PRE_FAIL,ABSORBED_EMPTY/pNone;ABSORBED_EMPTY/pNone;ABSORBED_EMPTY/pNone,None;None;None,False,False
2,A>A.reqwriteB~|B>A.writeB,ABSORBED_FROZEN/pNone,PRE_FAIL,ABSORBED_EMPTY/pNone;ABSORBED_EMPTY/pNone;ABSORBED_EMPTY/pNone,None;None;None,False,False
2,A>A.reqwriteB~|B>A.write~,ABSORBED_FROZEN/pNone,PRE_FAIL,ABSORBED_EMPTY/pNone;ABSORBED_EMPTY/pNone;ABSORBED_EMPTY/pNone,None;None;None,False,False
2,A>A.reqwriteB~|B>B.reqA,ABSORBED_FROZEN/pNone,PRE_FAIL,ABSORBED_EMPTY/pNone;ABSORBED_EMPTY/pNone;ABSORBED_EMPTY/pNone,None;None;None,False,False
2,A>A.reqwriteB~|B>B.reqB,ABSORBED_FROZEN/pNone,PRE_FAIL,ABSORBED_EMPTY/pNone;ABSORBED_EMPTY/pNone;ABSORBED_EMPTY/pNone,None;None;None,False,False
2,A>A.reqwriteB~|B>B.reqwriteAA,ABSORBED_FROZEN/pNone,PRE_FAIL,ABSORBED_EMPTY/pNone;ABSORBED_EMPTY/pNone;ABSORBED_EMPTY/pNone,None;None;None,False,False
2,A>A.reqwriteB~|B>B.reqwriteAB,ABSORBED_FROZEN/pNone,PRE_FAIL,ABSORBED_EMPTY/pNone;ABSORBED_EMPTY/pNone;ABSORBED_EMPTY/pNone,None;None;None,False,False
2,A>A.reqwriteB~|B>B.reqwriteA~,ABSORBED_FROZEN/pNone,PRE_FAIL,ABSORBED_EMPTY/pNone;ABSORBED_EMPTY/pNone;ABSORBED_EMPTY/pNone,None;None;None,False,False
2,A>A.reqwriteB~|B>B.reqwriteBA,ABSORBED_FROZEN/pNone,PRE_FAIL,ABSORBED_EMPTY/pNone;ABSORBED_EMPTY/pNone;ABSORBED_EMPTY/pNone,None;None;None,False,False
2,A>A.reqwriteB~|B>B.reqwriteBB,ABSORBED_FROZEN/pNone,PRE_FAIL,ABSORBED_EMPTY/pNone;ABSORBED_EMPTY/pNone;ABSORBED_EMPTY/pNone,None;None;None,False,False
2,A>A.reqwriteB~|B>B.reqwriteB~,ABSORBED_FROZEN/pNone,PRE_FAIL,ABSORBED_EMPTY/pNone;ABSORBED_EMPTY/pNone;ABSORBED_EMPTY/pNone,None;None;None,False,False
2,A>A.reqwriteB~|B>B.reqwrite~A,ABSORBED_FROZEN/pNone,PRE_FAIL,ABSORBED_EMPTY/pNone;ABSORBED_EMPTY/pNone;ABSORBED_EMPTY/pNone,None;None;None,False,False
2,A>A.reqwriteB~|B>B.reqwrite~B,ABSORBED_FROZEN/pNone,PRE_FAIL,ABSORBED_EMPTY/pNone;ABSORBED_EMPTY/pNone;ABSORBED_EMPTY/pNone,None;None;None,False,False
2,A>A.reqwriteB~|B>B.reqwrite~~,ABSORBED_FROZEN/pNone,PRE_FAIL,ABSORBED_EMPTY/pNone;ABSORBED_EMPTY/pNone;ABSORBED_EMPTY/pNone,None;None;None,False,False
2,A>A.reqwriteB~|B>B.req~,ABSORBED_FROZEN/pNone,PRE_FAIL,ABSORBED_EMPTY/pNone;ABSORBED_EMPTY/pNone;ABSORBED_EMPTY/pNone,None;None;None,False,False
2,A>A.reqwriteB~|B>B.self,ABSORBED_FROZEN/pNone,PRE_FAIL,ABSORBED_EMPTY/pNone;ABSORBED_EMPTY/pNone;ABSORBED_EMPTY/pNone,None;None;None,False,False
2,A>A.reqwriteB~|B>B.writeA,ABSORBED_FROZEN/pNone,PRE_FAIL,ABSORBED_EMPTY/pNone;ABSORBED_EMPTY/pNone;ABSORBED_EMPTY/pNone,None;None;None,False,False
2,A>A.reqwriteB~|B>B.writeB,ABSORBED_FROZEN/pNone,PRE_FAIL,ABSORBED_EMPTY/pNone;ABSORBED_EMPTY/pNone;ABSORBED_EMPTY/pNone,None;None;None,False,False
2,A>A.reqwriteB~|B>B.write~,ABSORBED_FROZEN/pNone,PRE_FAIL,ABSORBED_EMPTY/pNone;ABSORBED_EMPTY/pNone;ABSORBED_EMPTY/pNone,None;None;None,False,False
2,A>A.reqwriteB~|B>~.reqA,ABSORBED_FROZEN/pNone,PRE_FAIL,ABSORBED_EMPTY/pNone;ABSORBED_EMPTY/pNone;ABSORBED_EMPTY/pNone,None;None;None,False,False
2,A>A.reqwriteB~|B>~.reqB,ABSORBED_FROZEN/pNone,PRE_FAIL,ABSORBED_EMPTY/pNone;ABSORBED_EMPTY/pNone;ABSORBED_EMPTY/pNone,None;None;None,False,False
2,A>A.reqwriteB~|B>~.reqwriteAA,ABSORBED_FROZEN/pNone,PRE_FAIL,ABSORBED_EMPTY/pNone;ABSORBED_EMPTY/pNone;ABSORBED_EMPTY/pNone,None;None;None,False,False
2,A>A.reqwriteB~|B>~.reqwriteAB,ABSORBED_FROZEN/pNone,PRE_FAIL,ABSORBED_EMPTY/pNone;ABSORBED_EMPTY/pNone;ABSORBED_EMPTY/pNone,None;None;None,False,False
2,A>A.reqwriteB~|B>~.reqwriteA~,ABSORBED_FROZEN/pNone,PRE_FAIL,ABSORBED_EMPTY/pNone;ABSORBED_EMPTY/pNone;ABSORBED_EMPTY/pNone,None;None;None,False,False
2,A>A.reqwriteB~|B>~.reqwriteBA,ABSORBED_FROZEN/pNone,PRE_FAIL,ABSORBED_EMPTY/pNone;ABSORBED_EMPTY/pNone;ABSORBED_EMPTY/pNone,None;None;None,False,False
2,A>A.reqwriteB~|B>~.reqwriteBB,ABSORBED_FROZEN/pNone,PRE_FAIL,ABSORBED_EMPTY/pNone;ABSORBED_EMPTY/pNone;ABSORBED_EMPTY/pNone,None;None;None,False,False
2,A>A.reqwriteB~|B>~.reqwriteB~,ABSORBED_FROZEN/pNone,PRE_FAIL,ABSORBED_EMPTY/pNone;ABSORBED_EMPTY/pNone;ABSORBED_EMPTY/pNone,None;None;None,False,False
2,A>A.reqwriteB~|B>~.reqwrite~A,ABSORBED_FROZEN/pNone,PRE_FAIL,ABSORBED_EMPTY/pNone;ABSORBED_EMPTY/pNone;ABSORBED_EMPTY/pNone,None;None;None,False,False
2,A>A.reqwriteB~|B>~.reqwrite~B,ABSORBED_FROZEN/pNone,PRE_FAIL,ABSORBED_EMPTY/pNone;ABSORBED_EMPTY/pNone;ABSORBED_EMPTY/pNone,None;None;None,False,False
2,A>A.reqwriteB~|B>~.reqwrite~~,ABSORBED_FROZEN/pNone,PRE_FAIL,ABSORBED_EMPTY/pNone;ABSORBED_EMPTY/pNone;ABSORBED_EMPTY/pNone,None;None;None,False,False
2,A>A.reqwriteB~|B>~.req~,ABSORBED_FROZEN/pNone,PRE_FAIL,ABSORBED_EMPTY/pNone;ABSORBED_EMPTY/pNone;ABSORBED_EMPTY/pNone,None;None;None,False,False
2,A>A.reqwriteB~|B>~.self,ABSORBED_FROZEN/pNone,PRE_FAIL,ABSORBED_EMPTY/pNone;ABSORBED_EMPTY/pNone;ABSORBED_EMPTY/pNone,None;None;None,False,False
2,A>A.reqwriteB~|B>~.writeA,ABSORBED_FROZEN/pNone,PRE_FAIL,ABSORBED_EMPTY/pNone;ABSORBED_EMPTY/pNone;ABSORBED_EMPTY/pNone,None;None;None,False,False
2,A>A.reqwriteB~|B>~.writeB,ABSORBED_FROZEN/pNone,PRE_FAIL,ABSORBED_EMPTY/pNone;ABSORBED_EMPTY/pNone;ABSORBED_EMPTY/pNone,None;None;None,False,False
2,A>A.reqwriteB~|B>~.write~,ABSORBED_FROZEN/pNone,PRE_FAIL,ABSORBED_EMPTY/pNone;ABSORBED_EMPTY/pNone;ABSORBED_EMPTY/pNone,None;None;None,False,False
2,A>A.reqwrite~A|A>A.reqwrite~B,ABSORBED_FROZEN/pNone,PRE_FAIL,ABSORBED_FROZEN/pNone;ABSORBED_EMPTY/pNone;ABSORBED_FROZEN/pNone;ABSORBED_FROZEN/pNone;ABSORBED_FROZEN/pNone;ABSORBED_FROZEN/pNone;ABSORBED_EMPTY/pNone,None;None;None,False,False
2,A>A.reqwrite~A|A>A.reqwrite~~,ABSORBED_FROZEN/pNone,PRE_FAIL,ABSORBED_FROZEN/pNone;ABSORBED_FROZEN/pNone;ABSORBED_FROZEN/pNone;ABSORBED_FROZEN/pNone;ABSORBED_FROZEN/pNone;ABSORBED_FROZEN/pNone;ABSORBED_FROZEN/pNone;ABSORBED_FROZEN/pNone;ABSORBED_FROZEN/pNone,None;None;None,False,False
2,A>A.reqwrite~A|A>A.self,FIXED/p1,REPAIR,FIXED/p1;FIXED/p1;FIXED/p1;FIXED/p1;FIXED/p1;FIXED/p1;FIXED/p1;FIXED/p1;FIXED/p1,True;True;True,True,False
2,A>A.reqwrite~A|A>A.writeA,FIXED/p1,REPAIR,FIXED/p1;FIXED/p1;FIXED/p1;FIXED/p1;FIXED/p1;FIXED/p1;FIXED/p1;FIXED/p1;FIXED/p1,True;True;True,True,False
2,A>A.reqwrite~A|A>A.writeB,FIXED/p1,DIED,FIXED/p1;FIXED/p1;ABSORBED_FROZEN/pNone;FIXED/p1;ABSORBED_FROZEN/pNone;ABSORBED_EMPTY/pNone;ABSORBED_FROZEN/pNone;ABSORBED_EMPTY/pNone,False;False;None,False,False
2,A>A.reqwrite~A|A>A.write~,"MIXED:APERIODIC/pNonex1,FIXED/p1x2","MIXED:DEGRADEDx1,DIEDx1,PRE_FAILx1",APERIODIC/pNone;APERIODIC/pNone;APERIODIC/pNone;APERIODIC/pNone;POP_OSC/p3;ABSORBED_EMPTY/pNone;FIXED/p1;ABSORBED_EMPTY/pNone,False;False;None,False,False
2,A>A.reqwrite~A|A>B.reqA,ABSORBED_FROZEN/pNone,PRE_FAIL,ABSORBED_FROZEN/pNone;ABSORBED_FROZEN/pNone;ABSORBED_FROZEN/pNone;ABSORBED_FROZEN/pNone;ABSORBED_FROZEN/pNone;ABSORBED_FROZEN/pNone;ABSORBED_FROZEN/pNone;ABSORBED_FROZEN/pNone;ABSORBED_FROZEN/pNone,None;None;None,False,False
2,A>A.reqwrite~A|A>B.reqB,ABSORBED_FROZEN/pNone,PRE_FAIL,ABSORBED_FROZEN/pNone;ABSORBED_FROZEN/pNone;ABSORBED_FROZEN/pNone;ABSORBED_FROZEN/pNone;ABSORBED_FROZEN/pNone;ABSORBED_FROZEN/pNone;ABSORBED_FROZEN/pNone;ABSORBED_FROZEN/pNone;ABSORBED_FROZEN/pNone,None;None;None,False,False
2,A>A.reqwrite~A|A>B.reqwriteAA,ABSORBED_FROZEN/pNone,PRE_FAIL,ABSORBED_FROZEN/pNone;ABSORBED_FROZEN/pNone;ABSORBED_FROZEN/pNone;ABSORBED_FROZEN/pNone;ABSORBED_FROZEN/pNone;ABSORBED_FROZEN/pNone;ABSORBED_FROZEN/pNone;ABSORBED_FROZEN/pNone;ABSORBED_FROZEN/pNone,None;None;None,False,False
2,A>A.reqwrite~A|A>B.reqwriteAB,ABSORBED_FROZEN/pNone,PRE_FAIL,ABSORBED_FROZEN/pNone;ABSORBED_EMPTY/pNone;ABSORBED_FROZEN/pNone;ABSORBED_FROZEN/pNone;ABSORBED_FROZEN/pNone;ABSORBED_FROZEN/pNone;ABSORBED_EMPTY/pNone,None;None;None,False,False
2,A>A.reqwrite~A|A>B.reqwriteA~,ABSORBED_FROZEN/pNone,PRE_FAIL,ABSORBED_EMPTY/pNone;ABSORBED_FROZEN/pNone;ABSORBED_FROZEN/pNone;ABSORBED_EMPTY/pNone;ABSORBED_EMPTY/pNone,None;None;None,False,False
2,A>A.reqwrite~A|A>B.reqwriteBA,ABSORBED_FROZEN/pNone,PRE_FAIL,ABSORBED_FROZEN/pNone;ABSORBED_FROZEN/pNone;ABSORBED_FROZEN/pNone;ABSORBED_FROZEN/pNone;ABSORBED_FROZEN/pNone;ABSORBED_FROZEN/pNone;ABSORBED_FROZEN/pNone;ABSORBED_FROZEN/pNone;ABSORBED_FROZEN/pNone,None;None;None,False,False
2,A>A.reqwrite~A|A>B.reqwriteBB,ABSORBED_FROZEN/pNone,PRE_FAIL,ABSORBED_FROZEN/pNone;ABSORBED_FROZEN/pNone;ABSORBED_FROZEN/pNone;ABSORBED_FROZEN/pNone;ABSORBED_FROZEN/pNone;ABSORBED_FROZEN/pNone;ABSORBED_FROZEN/pNone;ABSORBED_FROZEN/pNone;ABSORBED_FROZEN/pNone,None;None;None,False,False
2,A>A.reqwrite~A|A>B.reqwriteB~,ABSORBED_FROZEN/pNone,PRE_FAIL,ABSORBED_FROZEN/pNone;ABSORBED_FROZEN/pNone;ABSORBED_FROZEN/pNone;ABSORBED_FROZEN/pNone;ABSORBED_FROZEN/pNone;ABSORBED_FROZEN/pNone;ABSORBED_FROZEN/pNone;ABSORBED_FROZEN/pNone;ABSORBED_FROZEN/pNone,None;None;None,False,False
2,A>A.reqwrite~A|A>B.reqwrite~A,ABSORBED_FROZEN/pNone,PRE_FAIL,ABSORBED_FROZEN/pNone;ABSORBED_FROZEN/pNone;ABSORBED_FROZEN/pNone;ABSORBED_FROZEN/pNone;ABSORBED_FROZEN/pNone;ABSORBED_FROZEN/pNone;ABSORBED_FROZEN/pNone;ABSORBED_FROZEN/pNone;ABSORBED_FROZEN/pNone,None;None;None,False,False
2,A>A.reqwrite~A|A>B.reqwrite~B,ABSORBED_FROZEN/pNone,PRE_FAIL,ABSORBED_FROZEN/pNone;ABSORBED_EMPTY/pNone;ABSORBED_FROZEN/pNone;ABSORBED_EMPTY/pNone;ABSORBED_FROZEN/pNone;ABSORBED_EMPTY/pNone,None;None;None,False,False
2,A>A.reqwrite~A|A>B.reqwrite~~,ABSORBED_FROZEN/pNone,PRE_FAIL,ABSORBED_EMPTY/pNone;ABSORBED_EMPTY/pNone;ABSORBED_EMPTY/pNone,None;None;None,False,False
2,A>A.reqwrite~A|A>B.req~,ABSORBED_FROZEN/pNone,PRE_FAIL,ABSORBED_EMPTY/pNone;ABSORBED_EMPTY/pNone;ABSORBED_EMPTY/pNone,None;None;None,False,False
2,A>A.reqwrite~A|A>B.self,ABSORBED_FROZEN/pNone,PRE_FAIL,ABSORBED_EMPTY/pNone;ABSORBED_EMPTY/pNone;ABSORBED_EMPTY/pNone,None;None;None,False,False
2,A>A.reqwrite~A|A>B.writeA,TRANSLATION/p6,"MIXED:DIEDx1,REPAIRx2",TRANSLATION/p6;TRANSLATION/p6;TRANSLATION/p6;TRANSLATION/p6;TRANSLATION/p6;ABSORBED_FROZEN/pNone;TRANSLATION/p6;TRANSLATION/p6;TRANSLATION/p6,None;None;None,False,False
2,A>A.reqwrite~A|A>B.writeB,ABSORBED_FROZEN/pNone,PRE_FAIL,ABSORBED_FROZEN/pNone;ABSORBED_EMPTY/pNone;ABSORBED_FROZEN/pNone;ABSORBED_EMPTY/pNone;ABSORBED_FROZEN/pNone;ABSORBED_EMPTY/pNone,None;None;None,False,False
2,A>A.reqwrite~A|A>B.write~,ABSORBED_FROZEN/pNone,PRE_FAIL,ABSORBED_EMPTY/pNone;ABSORBED_EMPTY/pNone;ABSORBED_EMPTY/pNone,None;None;None,False,False
2,A>A.reqwrite~A|A>~.reqA,APERIODIC/pNone,PRE_FAIL,APERIODIC/pNone;APERIODIC/pNone;APERIODIC/pNone;APERIODIC/pNone;APERIODIC/pNone;APERIODIC/pNone;APERIODIC/pNone;APERIODIC/pNone;APERIODIC/pNone,None;None;None,False,False
2,A>A.reqwrite~A|A>~.reqB,ABSORBED_FROZEN/pNone,PRE_FAIL,ABSORBED_FROZEN/pNone;ABSORBED_FROZEN/pNone;ABSORBED_FROZEN/pNone;ABSORBED_FROZEN/pNone;ABSORBED_FROZEN/pNone;ABSORBED_FROZEN/pNone;ABSORBED_FROZEN/pNone;ABSORBED_FROZEN/pNone;ABSORBED_FROZEN/pNone,None;None;None,False,False
2,A>A.reqwrite~A|A>~.reqwriteAA,APERIODIC/pNone,PRE_FAIL,APERIODIC/pNone;APERIODIC/pNone;APERIODIC/pNone;APERIODIC/pNone;APERIODIC/pNone;APERIODIC/pNone;APERIODIC/pNone;APERIODIC/pNone;APERIODIC/pNone,None;None;None,False,False
2,A>A.reqwrite~A|A>~.reqwriteAB,ABSORBED_FROZEN/pNone,PRE_FAIL,ABSORBED_EMPTY/pNone;ABSORBED_FROZEN/pNone;ABSORBED_FROZEN/pNone;ABSORBED_FROZEN/pNone;ABSORBED_EMPTY/pNone,None;None;None,False,False
2,A>A.reqwrite~A|A>~.reqwriteA~,ABSORBED_EMPTY/pNone,PRE_FAIL,,None;None;None,False,False
2,A>A.reqwrite~A|A>~.reqwriteBA,ABSORBED_FROZEN/pNone,PRE_FAIL,ABSORBED_FROZEN/pNone;ABSORBED_FROZEN/pNone;ABSORBED_FROZEN/pNone;ABSORBED_FROZEN/pNone;ABSORBED_FROZEN/pNone;ABSORBED_FROZEN/pNone;ABSORBED_FROZEN/pNone;ABSORBED_FROZEN/pNone;ABSORBED_FROZEN/pNone,None;None;None,False,False
2,A>A.reqwrite~A|A>~.reqwriteBB,ABSORBED_FROZEN/pNone,PRE_FAIL,ABSORBED_FROZEN/pNone;ABSORBED_FROZEN/pNone;ABSORBED_FROZEN/pNone;ABSORBED_FROZEN/pNone;ABSORBED_FROZEN/pNone;ABSORBED_FROZEN/pNone;ABSORBED_FROZEN/pNone;ABSORBED_FROZEN/pNone;ABSORBED_FROZEN/pNone,None;None;None,False,False
2,A>A.reqwrite~A|A>~.reqwriteB~,ABSORBED_FROZEN/pNone,PRE_FAIL,ABSORBED_FROZEN/pNone;ABSORBED_FROZEN/pNone;ABSORBED_FROZEN/pNone;ABSORBED_FROZEN/pNone;ABSORBED_FROZEN/pNone;ABSORBED_FROZEN/pNone;ABSORBED_FROZEN/pNone;ABSORBED_FROZEN/pNone;ABSORBED_FROZEN/pNone,None;None;None,False,False
2,A>A.reqwrite~A|A>~.reqwrite~A,ABSORBED_FROZEN/pNone,PRE_FAIL,ABSORBED_FROZEN/pNone;ABSORBED_FROZEN/pNone;ABSORBED_FROZEN/pNone;ABSORBED_FROZEN/pNone;ABSORBED_FROZEN/pNone;ABSORBED_FROZEN/pNone;ABSORBED_FROZEN/pNone;ABSORBED_FROZEN/pNone;ABSORBED_FROZEN/pNone,None;None;None,False,False
2,A>A.reqwrite~A|A>~.reqwrite~B,ABSORBED_FROZEN/pNone,PRE_FAIL,ABSORBED_EMPTY/pNone;ABSORBED_EMPTY/pNone;ABSORBED_EMPTY/pNone,None;None;None,False,False
2,A>A.reqwrite~A|A>~.reqwrite~~,ABSORBED_EMPTY/pNone,PRE_FAIL,,None;None;None,False,False
2,A>A.reqwrite~A|A>~.req~,ABSORBED_EMPTY/pNone,PRE_FAIL,,None;None;None,False,False
2,A>A.reqwrite~A|A>~.self,ABSORBED_EMPTY/pNone,PRE_FAIL,,None;None;None,False,False
2,A>A.reqwrite~A|A>~.writeA,APERIODIC/pNone,PRE_FAIL,APERIODIC/pNone;APERIODIC/pNone;APERIODIC/pNone;APERIODIC/pNone;APERIODIC/pNone;APERIODIC/pNone;APERIODIC/pNone;APERIODIC/pNone;ABSORBED_EMPTY/pNone,None;None;None,False,False
2,A>A.reqwrite~A|A>~.writeB,ABSORBED_FROZEN/pNone,PRE_FAIL,ABSORBED_EMPTY/pNone;ABSORBED_EMPTY/pNone;ABSORBED_EMPTY/pNone,None;None;None,False,False
2,A>A.reqwrite~A|A>~.write~,ABSORBED_EMPTY/pNone,PRE_FAIL,,None;None;None,False,False
2,A>A.reqwrite~A|B>A.reqA,ABSORBED_FROZEN/pNone,PRE_FAIL,ABSORBED_FROZEN/pNone;ABSORBED_FROZEN/pNone;ABSORBED_FROZEN/pNone;ABSORBED_FROZEN/pNone;ABSORBED_FROZEN/pNone;ABSORBED_FROZEN/pNone;ABSORBED_FROZEN/pNone;ABSORBED_FROZEN/pNone;ABSORBED_FROZEN/pNone,None;None;None,False,False
2,A>A.reqwrite~A|B>A.reqB,ABSORBED_FROZEN/pNone,PRE_FAIL,ABSORBED_FROZEN/pNone;ABSORBED_FROZEN/pNone;ABSORBED_FROZEN/pNone;ABSORBED_FROZEN/pNone;ABSORBED_FROZEN/pNone;ABSORBED_FROZEN/pNone;ABSORBED_FROZEN/pNone;ABSORBED_FROZEN/pNone;ABSORBED_FROZEN/pNone,None;None;None,False,False
2,A>A.reqwrite~A|B>A.reqwriteAA,ABSORBED_FROZEN/pNone,PRE_FAIL,ABSORBED_FROZEN/pNone;ABSORBED_FROZEN/pNone;ABSORBED_FROZEN/pNone;ABSORBED_FROZEN/pNone;ABSORBED_FROZEN/pNone;ABSORBED_FROZEN/pNone;ABSORBED_FROZEN/pNone;ABSORBED_FROZEN/pNone;ABSORBED_FROZEN/pNone,None;None;None,False,False
2,A>A.reqwrite~A|B>A.reqwriteAB,ABSORBED_FROZEN/pNone,PRE_FAIL,ABSORBED_FROZEN/pNone;ABSORBED_FROZEN/pNone;ABSORBED_FROZEN/pNone;ABSORBED_FROZEN/pNone;ABSORBED_FROZEN/pNone;ABSORBED_FROZEN/pNone;ABSORBED_FROZEN/pNone;ABSORBED_FROZEN/pNone;ABSORBED_FROZEN/pNone,None;None;None,False,False
2,A>A.reqwrite~A|B>A.reqwriteA~,ABSORBED_FROZEN/pNone,PRE_FAIL,ABSORBED_FROZEN/pNone;ABSORBED_FROZEN/pNone;ABSORBED_FROZEN/pNone;ABSORBED_FROZEN/pNone;ABSORBED_FROZEN/pNone;ABSORBED_FROZEN/pNone;ABSORBED_FROZEN/pNone;ABSORBED_FROZEN/pNone;ABSORBED_FROZEN/pNone,None;None;None,False,False
2,A>A.reqwrite~A|B>A.reqwriteBA,ABSORBED_FROZEN/pNone,PRE_FAIL,ABSORBED_FROZEN/pNone;ABSORBED_FROZEN/pNone;ABSORBED_FROZEN/pNone;ABSORBED_FROZEN/pNone;ABSORBED_FROZEN/pNone;ABSORBED_FROZEN/pNone;ABSORBED_FROZEN/pNone;ABSORBED_FROZEN/pNone;ABSORBED_FROZEN/pNone,None;None;None,False,False
2,A>A.reqwrite~A|B>A.reqwriteBB,ABSORBED_FROZEN/pNone,PRE_FAIL,ABSORBED_FROZEN/pNone;ABSORBED_FROZEN/pNone;ABSORBED_FROZEN/pNone;ABSORBED_FROZEN/pNone;ABSORBED_FROZEN/pNone;ABSORBED_FROZEN/pNone;ABSORBED_FROZEN/pNone;ABSORBED_FROZEN/pNone;ABSORBED_FROZEN/pNone,None;None;None,False,False
2,A>A.reqwrite~A|B>A.reqwriteB~,ABSORBED_FROZEN/pNone,PRE_FAIL,ABSORBED_FROZEN/pNone;ABSORBED_FROZEN/pNone;ABSORBED_FROZEN/pNone;ABSORBED_FROZEN/pNone;ABSORBED_FROZEN/pNone;ABSORBED_FROZEN/pNone;ABSORBED_FROZEN/pNone;ABSORBED_FROZEN/pNone;ABSORBED_FROZEN/pNone,None;None;None,False,False
2,A>A.reqwrite~A|B>A.reqwrite~A,ABSORBED_FROZEN/pNone,PRE_FAIL,ABSORBED_FROZEN/pNone;ABSORBED_FROZEN/pNone;ABSORBED_FROZEN/pNone;ABSORBED_FROZEN/pNone;ABSORBED_FROZEN/pNone;ABSORBED_FROZEN/pNone;ABSORBED_FROZEN/pNone;ABSORBED_FROZEN/pNone;ABSORBED_FROZEN/pNone,None;None;None,False,False
2,A>A.reqwrite~A|B>A.reqwrite~B,ABSORBED_FROZEN/pNone,PRE_FAIL,ABSORBED_FROZEN/pNone;ABSORBED_FROZEN/pNone;ABSORBED_FROZEN/pNone;ABSORBED_FROZEN/pNone;ABSORBED_FROZEN/pNone;ABSORBED_FROZEN/pNone;ABSORBED_FROZEN/pNone;ABSORBED_FROZEN/pNone;ABSORBED_FROZEN/pNone,None;None;None,False,False
2,A>A.reqwrite~A|B>A.reqwrite~~,ABSORBED_FROZEN/pNone,PRE_FAIL,ABSORBED_FROZEN/pNone;ABSORBED_FROZEN/pNone;ABSORBED_FROZEN/pNone;ABSORBED_FROZEN/pNone;ABSORBED_FROZEN/pNone;ABSORBED_FROZEN/pNone;ABSORBED_FROZEN/pNone;ABSORBED_FROZEN/pNone;ABSORBED_FROZEN/pNone,None;None;None,False,False
2,A>A.reqwrite~A|B>A.req~,ABSORBED_FROZEN/pNone,PRE_FAIL,ABSORBED_FROZEN/pNone;ABSORBED_FROZEN/pNone;ABSORBED_FROZEN/pNone;ABSORBED_FROZEN/pNone;ABSORBED_FROZEN/pNone;ABSORBED_FROZEN/pNone;ABSORBED_FROZEN/pNone;ABSORBED_FROZEN/pNone;ABSORBED_FROZEN/pNone,None;None;None,False,False
2,A>A.reqwrite~A|B>A.self,ABSORBED_FROZEN/pNone,PRE_FAIL,ABSORBED_FROZEN/pNone;ABSORBED_FROZEN/pNone;ABSORBED_FROZEN/pNone;ABSORBED_FROZEN/pNone;ABSORBED_FROZEN/pNone;ABSORBED_FROZEN/pNone;ABSORBED_FROZEN/pNone;ABSORBED_FROZEN/pNone;ABSORBED_FROZEN/pNone,None;None;None,False,False
2,A>A.reqwrite~A|B>A.writeA,ABSORBED_FROZEN/pNone,PRE_FAIL,ABSORBED_FROZEN/pNone;ABSORBED_FROZEN/pNone;ABSORBED_FROZEN/pNone;ABSORBED_FROZEN/pNone;ABSORBED_FROZEN/pNone;ABSORBED_FROZEN/pNone;ABSORBED_FROZEN/pNone;ABSORBED_FROZEN/pNone;ABSORBED_FROZEN/pNone,None;None;None,False,False
2,A>A.reqwrite~A|B>A.writeB,ABSORBED_FROZEN/pNone,PRE_FAIL,ABSORBED_FROZEN/pNone;ABSORBED_FROZEN/pNone;ABSORBED_FROZEN/pNone;ABSORBED_FROZEN/pNone;ABSORBED_FROZEN/pNone;ABSORBED_FROZEN/pNone;ABSORBED_FROZEN/pNone;ABSORBED_FROZEN/pNone;ABSORBED_FROZEN/pNone,None;None;None,False,False
2,A>A.reqwrite~A|B>A.write~,ABSORBED_FROZEN/pNone,PRE_FAIL,ABSORBED_FROZEN/pNone;ABSORBED_FROZEN/pNone;ABSORBED_FROZEN/pNone;ABSORBED_FROZEN/pNone;ABSORBED_FROZEN/pNone;ABSORBED_FROZEN/pNone;ABSORBED_FROZEN/pNone;ABSORBED_FROZEN/pNone;ABSORBED_FROZEN/pNone,None;None;None,False,False
2,A>A.reqwrite~A|B>B.reqA,ABSORBED_FROZEN/pNone,PRE_FAIL,ABSORBED_FROZEN/pNone;ABSORBED_FROZEN/pNone;ABSORBED_FROZEN/pNone;ABSORBED_FROZEN/pNone;ABSORBED_FROZEN/pNone;ABSORBED_FROZEN/pNone;ABSORBED_FROZEN/pNone;ABSORBED_FROZEN/pNone;ABSORBED_FROZEN/pNone,None;None;None,False,False
2,A>A.reqwrite~A|B>B.reqB,ABSORBED_FROZEN/pNone,PRE_FAIL,ABSORBED_FROZEN/pNone;ABSORBED_FROZEN/pNone;ABSORBED_FROZEN/pNone;ABSORBED_FROZEN/pNone;ABSORBED_FROZEN/pNone;ABSORBED_FROZEN/pNone;ABSORBED_FROZEN/pNone;ABSORBED_FROZEN/pNone;ABSORBED_FROZEN/pNone,None;None;None,False,False
2,A>A.reqwrite~A|B>B.reqwriteAA,ABSORBED_FROZEN/pNone,PRE_FAIL,ABSORBED_FROZEN/pNone;ABSORBED_FROZEN/pNone;ABSORBED_FROZEN/pNone;ABSORBED_FROZEN/pNone;ABSORBED_FROZEN/pNone;ABSORBED_FROZEN/pNone;ABSORBED_FROZEN/pNone;ABSORBED_FROZEN/pNone;ABSORBED_FROZEN/pNone,None;None;None,False,False
2,A>A.reqwrite~A|B>B.reqwriteAB,ABSORBED_FROZEN/pNone,PRE_FAIL,ABSORBED_FROZEN/pNone;ABSORBED_FROZEN/pNone;ABSORBED_FROZEN/pNone;ABSORBED_FROZEN/pNone;ABSORBED_FROZEN/pNone;ABSORBED_FROZEN/pNone;ABSORBED_FROZEN/pNone;ABSORBED_FROZEN/pNone;ABSORBED_FROZEN/pNone,None;None;None,False,False
2,A>A.reqwrite~A|B>B.reqwriteA~,ABSORBED_FROZEN/pNone,PRE_FAIL,ABSORBED_FROZEN/pNone;ABSORBED_FROZEN/pNone;ABSORBED_FROZEN/pNone;ABSORBED_FROZEN/pNone;ABSORBED_FROZEN/pNone;ABSORBED_FROZEN/pNone;ABSORBED_FROZEN/pNone;ABSORBED_FROZEN/pNone;ABSORBED_FROZEN/pNone,None;None;None,False,False
2,A>A.reqwrite~A|B>B.reqwriteBA,ABSORBED_FROZEN/pNone,PRE_FAIL,ABSORBED_FROZEN/pNone;ABSORBED_FROZEN/pNone;ABSORBED_FROZEN/pNone;ABSORBED_FROZEN/pNone;ABSORBED_FROZEN/pNone;ABSORBED_FROZEN/pNone;ABSORBED_FROZEN/pNone;ABSORBED_FROZEN/pNone;ABSORBED_FROZEN/pNone,None;None;None,False,False
2,A>A.reqwrite~A|B>B.reqwriteBB,ABSORBED_FROZEN/pNone,PRE_FAIL,ABSORBED_FROZEN/pNone;ABSORBED_FROZEN/pNone;ABSORBED_FROZEN/pNone;ABSORBED_FROZEN/pNone;ABSORBED_FROZEN/pNone;ABSORBED_FROZEN/pNone;ABSORBED_FROZEN/pNone;ABSORBED_FROZEN/pNone;ABSORBED_FROZEN/pNone,None;None;None,False,False
2,A>A.reqwrite~A|B>B.reqwriteB~,ABSORBED_FROZEN/pNone,PRE_FAIL,ABSORBED_FROZEN/pNone;ABSORBED_FROZEN/pNone;ABSORBED_FROZEN/pNone;ABSORBED_FROZEN/pNone;ABSORBED_FROZEN/pNone;ABSORBED_FROZEN/pNone;ABSORBED_FROZEN/pNone;ABSORBED_FROZEN/pNone;ABSORBED_FROZEN/pNone,None;None;None,False,False
2,A>A.reqwrite~A|B>B.reqwrite~A,ABSORBED_FROZEN/pNone,PRE_FAIL,ABSORBED_FROZEN/pNone;ABSORBED_FROZEN/pNone;ABSORBED_FROZEN/pNone;ABSORBED_FROZEN/pNone;ABSORBED_FROZEN/pNone;ABSORBED_FROZEN/pNone;ABSORBED_FROZEN/pNone;ABSORBED_FROZEN/pNone;ABSORBED_FROZEN/pNone,None;None;None,False,False
2,A>A.reqwrite~A|B>B.reqwrite~B,ABSORBED_FROZEN/pNone,PRE_FAIL,ABSORBED_FROZEN/pNone;ABSORBED_FROZEN/pNone;ABSORBED_FROZEN/pNone;ABSORBED_FROZEN/pNone;ABSORBED_FROZEN/pNone;ABSORBED_FROZEN/pNone;ABSORBED_FROZEN/pNone;ABSORBED_FROZEN/pNone;ABSORBED_FROZEN/pNone,None;None;None,False,False
2,A>A.reqwrite~A|B>B.reqwrite~~,ABSORBED_FROZEN/pNone,PRE_FAIL,ABSORBED_FROZEN/pNone;ABSORBED_FROZEN/pNone;ABSORBED_FROZEN/pNone;ABSORBED_FROZEN/pNone;ABSORBED_FROZEN/pNone;ABSORBED_FROZEN/pNone;ABSORBED_FROZEN/pNone;ABSORBED_FROZEN/pNone;ABSORBED_FROZEN/pNone,None;None;None,False,False
2,A>A.reqwrite~A|B>B.req~,ABSORBED_FROZEN/pNone,PRE_FAIL,ABSORBED_FROZEN/pNone;ABSORBED_FROZEN/pNone;ABSORBED_FROZEN/pNone;ABSORBED_FROZEN/pNone;ABSORBED_FROZEN/pNone;ABSORBED_FROZEN/pNone;ABSORBED_FROZEN/pNone;ABSORBED_FROZEN/pNone;ABSORBED_FROZEN/pNone,None;None;None,False,False
2,A>A.reqwrite~A|B>B.self,ABSORBED_FROZEN/pNone,PRE_FAIL,ABSORBED_FROZEN/pNone;ABSORBED_FROZEN/pNone;ABSORBED_FROZEN/pNone;ABSORBED_FROZEN/pNone;ABSORBED_FROZEN/pNone;ABSORBED_FROZEN/pNone;ABSORBED_FROZEN/pNone;ABSORBED_FROZEN/pNone;ABSORBED_FROZEN/pNone,None;None;None,False,False
2,A>A.reqwrite~A|B>B.writeA,ABSORBED_FROZEN/pNone,PRE_FAIL,ABSORBED_FROZEN/pNone;ABSORBED_FROZEN/pNone;ABSORBED_FROZEN/pNone;ABSORBED_FROZEN/pNone;ABSORBED_FROZEN/pNone;ABSORBED_FROZEN/pNone;ABSORBED_FROZEN/pNone;ABSORBED_FROZEN/pNone;ABSORBED_FROZEN/pNone,None;None;None,False,False
2,A>A.reqwrite~A|B>B.writeB,ABSORBED_FROZEN/pNone,PRE_FAIL,ABSORBED_FROZEN/pNone;ABSORBED_FROZEN/pNone;ABSORBED_FROZEN/pNone;ABSORBED_FROZEN/pNone;ABSORBED_FROZEN/pNone;ABSORBED_FROZEN/pNone;ABSORBED_FROZEN/pNone;ABSORBED_FROZEN/pNone;ABSORBED_FROZEN/pNone,None;None;None,False,False
2,A>A.reqwrite~A|B>B.write~,ABSORBED_FROZEN/pNone,PRE_FAIL,ABSORBED_FROZEN/pNone;ABSORBED_FROZEN/pNone;ABSORBED_FROZEN/pNone;ABSORBED_FROZEN/pNone;ABSORBED_FROZEN/pNone;ABSORBED_FROZEN/pNone;ABSORBED_FROZEN/pNone;ABSORBED_FROZEN/pNone;ABSORBED_FROZEN/pNone,None;None;None,False,False
2,A>A.reqwrite~A|B>~.reqA,ABSORBED_FROZEN/pNone,PRE_FAIL,ABSORBED_FROZEN/pNone;ABSORBED_FROZEN/pNone;ABSORBED_FROZEN/pNone;ABSORBED_FROZEN/pNone;ABSORBED_FROZEN/pNone;ABSORBED_FROZEN/pNone;ABSORBED_FROZEN/pNone;ABSORBED_FROZEN/pNone;ABSORBED_FROZEN/pNone,None;None;None,False,False
2,A>A.reqwrite~A|B>~.reqB,ABSORBED_FROZEN/pNone,PRE_FAIL,ABSORBED_FROZEN/pNone;ABSORBED_FROZEN/pNone;ABSORBED_FROZEN/pNone;ABSORBED_FROZEN/pNone;ABSORBED_FROZEN/pNone;ABSORBED_FROZEN/pNone;ABSORBED_FROZEN/pNone;ABSORBED_FROZEN/pNone;ABSORBED_FROZEN/pNone,None;None;None,False,False
2,A>A.reqwrite~A|B>~.reqwriteAA,ABSORBED_FROZEN/pNone,PRE_FAIL,ABSORBED_FROZEN/pNone;ABSORBED_FROZEN/pNone;ABSORBED_FROZEN/pNone;ABSORBED_FROZEN/pNone;ABSORBED_FROZEN/pNone;ABSORBED_FROZEN/pNone;ABSORBED_FROZEN/pNone;ABSORBED_FROZEN/pNone;ABSORBED_FROZEN/pNone,None;None;None,False,False
2,A>A.reqwrite~A|B>~.reqwriteAB,ABSORBED_FROZEN/pNone,PRE_FAIL,ABSORBED_FROZEN/pNone;ABSORBED_FROZEN/pNone;ABSORBED_FROZEN/pNone;ABSORBED_FROZEN/pNone;ABSORBED_FROZEN/pNone;ABSORBED_FROZEN/pNone;ABSORBED_FROZEN/pNone;ABSORBED_FROZEN/pNone;ABSORBED_FROZEN/pNone,None;None;None,False,False
2,A>A.reqwrite~A|B>~.reqwriteA~,ABSORBED_FROZEN/pNone,PRE_FAIL,ABSORBED_FROZEN/pNone;ABSORBED_FROZEN/pNone;ABSORBED_FROZEN/pNone;ABSORBED_FROZEN/pNone;ABSORBED_FROZEN/pNone;ABSORBED_FROZEN/pNone;ABSORBED_FROZEN/pNone;ABSORBED_FROZEN/pNone;ABSORBED_FROZEN/pNone,None;None;None,False,False
2,A>A.reqwrite~A|B>~.reqwriteBA,ABSORBED_FROZEN/pNone,PRE_FAIL,ABSORBED_FROZEN/pNone;ABSORBED_FROZEN/pNone;ABSORBED_FROZEN/pNone;ABSORBED_FROZEN/pNone;ABSORBED_FROZEN/pNone;ABSORBED_FROZEN/pNone;ABSORBED_FROZEN/pNone;ABSORBED_FROZEN/pNone;ABSORBED_FROZEN/pNone,None;None;None,False,False
2,A>A.reqwrite~A|B>~.reqwriteBB,ABSORBED_FROZEN/pNone,PRE_FAIL,ABSORBED_FROZEN/pNone;ABSORBED_FROZEN/pNone;ABSORBED_FROZEN/pNone;ABSORBED_FROZEN/pNone;ABSORBED_FROZEN/pNone;ABSORBED_FROZEN/pNone;ABSORBED_FROZEN/pNone;ABSORBED_FROZEN/pNone;ABSORBED_FROZEN/pNone,None;None;None,False,False
2,A>A.reqwrite~A|B>~.reqwriteB~,ABSORBED_FROZEN/pNone,PRE_FAIL,ABSORBED_FROZEN/pNone;ABSORBED_FROZEN/pNone;ABSORBED_FROZEN/pNone;ABSORBED_FROZEN/pNone;ABSORBED_FROZEN/pNone;ABSORBED_FROZEN/pNone;ABSORBED_FROZEN/pNone;ABSORBED_FROZEN/pNone;ABSORBED_FROZEN/pNone,None;None;None,False,False
2,A>A.reqwrite~A|B>~.reqwrite~A,ABSORBED_FROZEN/pNone,PRE_FAIL,ABSORBED_FROZEN/pNone;ABSORBED_FROZEN/pNone;ABSORBED_FROZEN/pNone;ABSORBED_FROZEN/pNone;ABSORBED_FROZEN/pNone;ABSORBED_FROZEN/pNone;ABSORBED_FROZEN/pNone;ABSORBED_FROZEN/pNone;ABSORBED_FROZEN/pNone,None;None;None,False,False
2,A>A.reqwrite~A|B>~.reqwrite~B,ABSORBED_FROZEN/pNone,PRE_FAIL,ABSORBED_FROZEN/pNone;ABSORBED_FROZEN/pNone;ABSORBED_FROZEN/pNone;ABSORBED_FROZEN/pNone;ABSORBED_FROZEN/pNone;ABSORBED_FROZEN/pNone;ABSORBED_FROZEN/pNone;ABSORBED_FROZEN/pNone;ABSORBED_FROZEN/pNone,None;None;None,False,False
2,A>A.reqwrite~A|B>~.reqwrite~~,ABSORBED_FROZEN/pNone,PRE_FAIL,ABSORBED_FROZEN/pNone;ABSORBED_FROZEN/pNone;ABSORBED_FROZEN/pNone;ABSORBED_FROZEN/pNone;ABSORBED_FROZEN/pNone;ABSORBED_FROZEN/pNone;ABSORBED_FROZEN/pNone;ABSORBED_FROZEN/pNone;ABSORBED_FROZEN/pNone,None;None;None,False,False
2,A>A.reqwrite~A|B>~.req~,ABSORBED_FROZEN/pNone,PRE_FAIL,ABSORBED_FROZEN/pNone;ABSORBED_FROZEN/pNone;ABSORBED_FROZEN/pNone;ABSORBED_FROZEN/pNone;ABSORBED_FROZEN/pNone;ABSORBED_FROZEN/pNone;ABSORBED_FROZEN/pNone;ABSORBED_FROZEN/pNone;ABSORBED_FROZEN/pNone,None;None;None,False,False
2,A>A.reqwrite~A|B>~.self,ABSORBED_FROZEN/pNone,PRE_FAIL,ABSORBED_FROZEN/pNone;ABSORBED_FROZEN/pNone;ABSORBED_FROZEN/pNone;ABSORBED_FROZEN/pNone;ABSORBED_FROZEN/pNone;ABSORBED_FROZEN/pNone;ABSORBED_FROZEN/pNone;ABSORBED_FROZEN/pNone;ABSORBED_FROZEN/pNone,None;None;None,False,False
2,A>A.reqwrite~A|B>~.writeA,ABSORBED_FROZEN/pNone,PRE_FAIL,ABSORBED_FROZEN/pNone;ABSORBED_FROZEN/pNone;ABSORBED_FROZEN/pNone;ABSORBED_FROZEN/pNone;ABSORBED_FROZEN/pNone;ABSORBED_FROZEN/pNone;ABSORBED_FROZEN/pNone;ABSORBED_FROZEN/pNone;ABSORBED_FROZEN/pNone,None;None;None,False,False
2,A>A.reqwrite~A|B>~.writeB,ABSORBED_FROZEN/pNone,PRE_FAIL,ABSORBED_FROZEN/pNone;ABSORBED_FROZEN/pNone;ABSORBED_FROZEN/pNone;ABSORBED_FROZEN/pNone;ABSORBED_FROZEN/pNone;ABSORBED_FROZEN/pNone;ABSORBED_FROZEN/pNone;ABSORBED_FROZEN/pNone;ABSORBED_FROZEN/pNone,None;None;None,False,False
2,A>A.reqwrite~A|B>~.write~,ABSORBED_FROZEN/pNone,PRE_FAIL,ABSORBED_FROZEN/pNone;ABSORBED_FROZEN/pNone;ABSORBED_FROZEN/pNone;ABSORBED_FROZEN/pNone;ABSORBED_FROZEN/pNone;ABSORBED_FROZEN/pNone;ABSORBED_FROZEN/pNone;ABSORBED_FROZEN/pNone;ABSORBED_FROZEN/pNone,None;None;None,False,False
2,A>A.reqwrite~B|A>A.reqwrite~~,ABSORBED_FROZEN/pNone,PRE_FAIL,ABSORBED_FROZEN/pNone;ABSORBED_FROZEN/pNone;ABSORBED_EMPTY/pNone;ABSORBED_FROZEN/pNone;ABSORBED_EMPTY/pNone;ABSORBED_FROZEN/pNone;ABSORBED_EMPTY/pNone,None;None;None,False,False
2,A>A.reqwrite~B|A>A.self,FIXED/p1,DIED,FIXED/p1;FIXED/p1;ABSORBED_FROZEN/pNone;FIXED/p1;ABSORBED_FROZEN/pNone;ABSORBED_EMPTY/pNone;ABSORBED_FROZEN/pNone;ABSORBED_EMPTY/pNone,False;False;None,False,False
2,A>A.reqwrite~B|A>A.writeA,FIXED/p1,REPAIR,FIXED/p1;FIXED/p1;FIXED/p1;FIXED/p1;FIXED/p1;FIXED/p1;FIXED/p1;FIXED/p1;FIXED/p1,True;True;True,True,False
2,A>A.reqwrite~B|A>A.writeB,FIXED/p1,DIED,FIXED/p1;FIXED/p1;ABSORBED_FROZEN/pNone;FIXED/p1;ABSORBED_FROZEN/pNone;ABSORBED_EMPTY/pNone;ABSORBED_FROZEN/pNone;ABSORBED_EMPTY/pNone,False;False;None,False,False
2,A>A.reqwrite~B|A>A.write~,"MIXED:FIXED/p1x1,POP_OSC/p2x2",DIED,ABSORBED_EMPTY/pNone;POP_OSC/p5;ABSORBED_EMPTY/pNone;ABSORBED_EMPTY/pNone,None;None;None,False,False
2,A>A.reqwrite~B|A>B.reqA,ABSORBED_FROZEN/pNone,PRE_FAIL,ABSORBED_FROZEN/pNone;ABSORBED_EMPTY/pNone;ABSORBED_FROZEN/pNone;ABSORBED_FROZEN/pNone;ABSORBED_EMPTY/pNone;ABSORBED_FROZEN/pNone;ABSORBED_EMPTY/pNone,None;None;None,False,False
2,A>A.reqwrite~B|A>B.reqB,ABSORBED_FROZEN/pNone,PRE_FAIL,ABSORBED_FROZEN/pNone;ABSORBED_EMPTY/pNone;ABSORBED_FROZEN/pNone;ABSORBED_EMPTY/pNone;ABSORBED_FROZEN/pNone;ABSORBED_EMPTY/pNone,None;None;None,False,False
2,A>A.reqwrite~B|A>B.reqwriteAA,ABSORBED_FROZEN/pNone,PRE_FAIL,ABSORBED_FROZEN/pNone;ABSORBED_EMPTY/pNone;ABSORBED_FROZEN/pNone;ABSORBED_FROZEN/pNone;ABSORBED_EMPTY/pNone;ABSORBED_FROZEN/pNone;ABSORBED_EMPTY/pNone,None;None;None,False,False
2,A>A.reqwrite~B|A>B.reqwriteAB,ABSORBED_FROZEN/pNone,PRE_FAIL,ABSORBED_FROZEN/pNone;ABSORBED_EMPTY/pNone;ABSORBED_FROZEN/pNone;ABSORBED_FROZEN/pNone;ABSORBED_EMPTY/pNone;ABSORBED_FROZEN/pNone;ABSORBED_EMPTY/pNone,None;None;None,False,False
2,A>A.reqwrite~B|A>B.reqwriteA~,ABSORBED_FROZEN/pNone,PRE_FAIL,ABSORBED_FROZEN/pNone;ABSORBED_EMPTY/pNone;ABSORBED_FROZEN/pNone;ABSORBED_FROZEN/pNone;ABSORBED_EMPTY/pNone;ABSORBED_FROZEN/pNone;ABSORBED_EMPTY/pNone,None;None;None,False,False
2,A>A.reqwrite~B|A>B.reqwriteBA,TRANSLATION/p6,"MIXED:DIEDx1,REPAIRx2",TRANSLATION/p6;TRANSLATION/p6;TRANSLATION/p6;TRANSLATION/p6;ABSORBED_FROZEN/pNone;ABSORBED_FROZEN/pNone;TRANSLATION/p6;TRANSLATION/p6;TRANSLATION/p6,None;None;None,False,False
2,A>A.reqwrite~B|A>B.reqwriteBB,ABSORBED_FROZEN/pNone,PRE_FAIL,ABSORBED_FROZEN/pNone;ABSORBED_EMPTY/pNone;ABSORBED_FROZEN/pNone;ABSORBED_EMPTY/pNone;ABSORBED_FROZEN/pNone;ABSORBED_EMPTY/pNone,None;None;None,False,False
2,A>A.reqwrite~B|A>B.reqwriteB~,ABSORBED_FROZEN/pNone,PRE_FAIL,ABSORBED_EMPTY/pNone;ABSORBED_EMPTY/pNone;ABSORBED_EMPTY/pNone,None;None;None,False,False
2,A>A.reqwrite~B|A>B.reqwrite~A,ABSORBED_FROZEN/pNone,PRE_FAIL,ABSORBED_FROZEN/pNone;ABSORBED_FROZEN/pNone;ABSORBED_FROZEN/pNone;ABSORBED_FROZEN/pNone;ABSORBED_FROZEN/pNone;ABSORBED_FROZEN/pNone;ABSORBED_FROZEN/pNone;ABSORBED_FROZEN/pNone;ABSORBED_EMPTY/pNone,None;None;None,False,False
2,A>A.reqwrite~B|A>B.reqwrite~B,ABSORBED_FROZEN/pNone,PRE_FAIL,ABSORBED_FROZEN/pNone;ABSORBED_EMPTY/pNone;ABSORBED_FROZEN/pNone;ABSORBED_EMPTY/pNone;ABSORBED_FROZEN/pNone;ABSORBED_EMPTY/pNone,None;None;None,False,False
2,A>A.reqwrite~B|A>B.reqwrite~~,ABSORBED_FROZEN/pNone,PRE_FAIL,ABSORBED_EMPTY/pNone;ABSORBED_EMPTY/pNone;ABSORBED_EMPTY/pNone,None;None;None,False,False
2,A>A.reqwrite~B|A>B.req~,ABSORBED_FROZEN/pNone,PRE_FAIL,ABSORBED_EMPTY/pNone;ABSORBED_EMPTY/pNone;ABSORBED_EMPTY/pNone,None;None;None,False,False
2,A>A.reqwrite~B|A>B.self,ABSORBED_FROZEN/pNone,PRE_FAIL,ABSORBED_EMPTY/pNone;ABSORBED_EMPTY/pNone;ABSORBED_EMPTY/pNone,None;None;None,False,False
2,A>A.reqwrite~B|A>B.writeA,TRANSLATION/p6,"MIXED:DIEDx2,REPAIRx1",TRANSLATION/p6;TRANSLATION/p6;TRANSLATION/p6;TRANSLATION/p6;TRANSLATION/p6;ABSORBED_FROZEN/pNone;TRANSLATION/p6;TRANSLATION/p6;ABSORBED_FROZEN/pNone,None;None;None,False,False
2,A>A.reqwrite~B|A>B.writeB,ABSORBED_FROZEN/pNone,PRE_FAIL,ABSORBED_FROZEN/pNone;ABSORBED_EMPTY/pNone;ABSORBED_FROZEN/pNone;ABSORBED_EMPTY/pNone;ABSORBED_FROZEN/pNone;ABSORBED_EMPTY/pNone,None;None;None,False,False
2,A>A.reqwrite~B|A>B.write~,ABSORBED_FROZEN/pNone,PRE_FAIL,ABSORBED_EMPTY/pNone;ABSORBED_EMPTY/pNone;ABSORBED_EMPTY/pNone,None;None;None,False,False
2,A>A.reqwrite~B|A>~.reqA,ABSORBED_FROZEN/pNone,PRE_FAIL,ABSORBED_FROZEN/pNone;ABSORBED_EMPTY/pNone;ABSORBED_FROZEN/pNone;ABSORBED_FROZEN/pNone;ABSORBED_EMPTY/pNone;ABSORBED_FROZEN/pNone;ABSORBED_EMPTY/pNone,None;None;None,False,False
2,A>A.reqwrite~B|A>~.reqB,ABSORBED_FROZEN/pNone,PRE_FAIL,ABSORBED_EMPTY/pNone;ABSORBED_EMPTY/pNone;ABSORBED_EMPTY/pNone,None;None;None,False,False
2,A>A.reqwrite~B|A>~.reqwriteAA,ABSORBED_FROZEN/pNone,PRE_FAIL,ABSORBED_FROZEN/pNone;ABSORBED_EMPTY/pNone;ABSORBED_FROZEN/pNone;ABSORBED_FROZEN/pNone;ABSORBED_EMPTY/pNone;ABSORBED_FROZEN/pNone;ABSORBED_EMPTY/pNone,None;None;None,False,False
2,A>A.reqwrite~B|A>~.reqwriteAB,ABSORBED_FROZEN/pNone,PRE_FAIL,ABSORBED_FROZEN/pNone;ABSORBED_EMPTY/pNone;ABSORBED_FROZEN/pNone;ABSORBED_FROZEN/pNone;ABSORBED_EMPTY/pNone;ABSORBED_FROZEN/pNone;ABSORBED_EMPTY/pNone,None;None;None,False,False
2,A>A.reqwrite~B|A>~.reqwriteA~,ABSORBED_FROZEN/pNone,PRE_FAIL,ABSORBED_FROZEN/pNone;ABSORBED_EMPTY/pNone;ABSORBED_FROZEN/pNone;ABSORBED_FROZEN/pNone;ABSORBED_EMPTY/pNone;ABSORBED_FROZEN/pNone;ABSORBED_EMPTY/pNone,None;None;None,False,False
2,A>A.reqwrite~B|A>~.reqwriteBA,POP_OSC/p12,DIED,ABSORBED_EMPTY/pNone;ABSORBED_EMPTY/pNone;ABSORBED_EMPTY/pNone,None;None;None,False,False
2,A>A.reqwrite~B|A>~.reqwriteBB,ABSORBED_FROZEN/pNone,PRE_FAIL,ABSORBED_EMPTY/pNone;ABSORBED_EMPTY/pNone;ABSORBED_EMPTY/pNone,None;None;None,False,False
2,A>A.reqwrite~B|A>~.reqwriteB~,ABSORBED_EMPTY/pNone,PRE_FAIL,,None;None;None,False,False
2,A>A.reqwrite~B|A>~.reqwrite~A,ABSORBED_FROZEN/pNone,PRE_FAIL,ABSORBED_FROZEN/pNone;ABSORBED_FROZEN/pNone;ABSORBED_EMPTY/pNone;ABSORBED_FROZEN/pNone;ABSORBED_FROZEN/pNone;ABSORBED_FROZEN/pNone;ABSORBED_FROZEN/pNone;ABSORBED_EMPTY/pNone,None;None;None,False,False
2,A>A.reqwrite~B|A>~.reqwrite~B,ABSORBED_FROZEN/pNone,PRE_FAIL,ABSORBED_EMPTY/pNone;ABSORBED_EMPTY/pNone;ABSORBED_EMPTY/pNone,None;None;None,False,False
2,A>A.reqwrite~B|A>~.reqwrite~~,ABSORBED_EMPTY/pNone,PRE_FAIL,,None;None;None,False,False
2,A>A.reqwrite~B|A>~.req~,ABSORBED_EMPTY/pNone,PRE_FAIL,,None;None;None,False,False
2,A>A.reqwrite~B|A>~.self,ABSORBED_EMPTY/pNone,PRE_FAIL,,None;None;None,False,False
2,A>A.reqwrite~B|A>~.writeA,APERIODIC/pNone,PRE_FAIL,ABSORBED_EMPTY/pNone;ABSORBED_FROZEN/pNone;ABSORBED_EMPTY/pNone;ABSORBED_EMPTY/pNone,None;None;None,False,False
2,A>A.reqwrite~B|A>~.writeB,ABSORBED_FROZEN/pNone,PRE_FAIL,ABSORBED_EMPTY/pNone;ABSORBED_EMPTY/pNone;ABSORBED_EMPTY/pNone,None;None;None,False,False
2,A>A.reqwrite~B|A>~.write~,ABSORBED_EMPTY/pNone,PRE_FAIL,,None;None;None,False,False
2,A>A.reqwrite~B|B>A.reqA,ABSORBED_FROZEN/pNone,PRE_FAIL,ABSORBED_FROZEN/pNone;ABSORBED_EMPTY/pNone;ABSORBED_FROZEN/pNone;ABSORBED_FROZEN/pNone;ABSORBED_EMPTY/pNone;ABSORBED_FROZEN/pNone;ABSORBED_EMPTY/pNone,None;None;None,False,False
2,A>A.reqwrite~B|B>A.reqB,ABSORBED_FROZEN/pNone,PRE_FAIL,ABSORBED_FROZEN/pNone;ABSORBED_EMPTY/pNone;ABSORBED_FROZEN/pNone;ABSORBED_FROZEN/pNone;ABSORBED_EMPTY/pNone;ABSORBED_FROZEN/pNone;ABSORBED_EMPTY/pNone,None;None;None,False,False
2,A>A.reqwrite~B|B>A.reqwriteAA,ABSORBED_FROZEN/pNone,PRE_FAIL,ABSORBED_FROZEN/pNone;ABSORBED_EMPTY/pNone;ABSORBED_FROZEN/pNone;ABSORBED_FROZEN/pNone;ABSORBED_EMPTY/pNone;ABSORBED_FROZEN/pNone;ABSORBED_EMPTY/pNone,None;None;None,False,False
2,A>A.reqwrite~B|B>A.reqwriteAB,ABSORBED_FROZEN/pNone,PRE_FAIL,ABSORBED_FROZEN/pNone;ABSORBED_EMPTY/pNone;ABSORBED_FROZEN/pNone;ABSORBED_FROZEN/pNone;ABSORBED_EMPTY/pNone;ABSORBED_FROZEN/pNone;ABSORBED_EMPTY/pNone,None;None;None,False,False
2,A>A.reqwrite~B|B>A.reqwriteA~,ABSORBED_FROZEN/pNone,PRE_FAIL,ABSORBED_FROZEN/pNone;ABSORBED_EMPTY/pNone;ABSORBED_FROZEN/pNone;ABSORBED_FROZEN/pNone;ABSORBED_EMPTY/pNone;ABSORBED_FROZEN/pNone;ABSORBED_EMPTY/pNone,None;None;None,False,False
2,A>A.reqwrite~B|B>A.reqwriteBA,ABSORBED_FROZEN/pNone,PRE_FAIL,ABSORBED_FROZEN/pNone;ABSORBED_EMPTY/pNone;ABSORBED_FROZEN/pNone;ABSORBED_FROZEN/pNone;ABSORBED_EMPTY/pNone;ABSORBED_FROZEN/pNone;ABSORBED_EMPTY/pNone,None;None;None,False,False
2,A>A.reqwrite~B|B>A.reqwriteBB,ABSORBED_FROZEN/pNone,PRE_FAIL,ABSORBED_FROZEN/pNone;ABSORBED_EMPTY/pNone;ABSORBED_FROZEN/pNone;ABSORBED_FROZEN/pNone;ABSORBED_EMPTY/pNone;ABSORBED_FROZEN/pNone;ABSORBED_EMPTY/pNone,None;None;None,False,False
2,A>A.reqwrite~B|B>A.reqwriteB~,ABSORBED_FROZEN/pNone,PRE_FAIL,ABSORBED_FROZEN/pNone;ABSORBED_EMPTY/pNone;ABSORBED_FROZEN/pNone;ABSORBED_FROZEN/pNone;ABSORBED_EMPTY/pNone;ABSORBED_FROZEN/pNone;ABSORBED_EMPTY/pNone,None;None;None,False,False
2,A>A.reqwrite~B|B>A.reqwrite~A,ABSORBED_FROZEN/pNone,PRE_FAIL,ABSORBED_FROZEN/pNone;ABSORBED_FROZEN/pNone;ABSORBED_FROZEN/pNone;ABSORBED_FROZEN/pNone;ABSORBED_FROZEN/pNone;ABSORBED_FROZEN/pNone;ABSORBED_FROZEN/pNone;ABSORBED_FROZEN/pNone;ABSORBED_FROZEN/pNone,None;None;None,False,False
2,A>A.reqwrite~B|B>A.reqwrite~B,ABSORBED_FROZEN/pNone,PRE_FAIL,ABSORBED_FROZEN/pNone;ABSORBED_FROZEN/pNone;ABSORBED_FROZEN/pNone;ABSORBED_FROZEN/pNone;ABSORBED_FROZEN/pNone;ABSORBED_FROZEN/pNone;ABSORBED_FROZEN/pNone;ABSORBED_FROZEN/pNone;ABSORBED_FROZEN/pNone,None;None;None,False,False
2,A>A.reqwrite~B|B>A.reqwrite~~,ABSORBED_FROZEN/pNone,PRE_FAIL,ABSORBED_FROZEN/pNone;ABSORBED_FROZEN/pNone;ABSORBED_FROZEN/pNone;ABSORBED_FROZEN/pNone;ABSORBED_FROZEN/pNone;ABSORBED_FROZEN/pNone;ABSORBED_FROZEN/pNone;ABSORBED_FROZEN/pNone;ABSORBED_FROZEN/pNone,None;None;None,False,False
2,A>A.reqwrite~B|B>A.req~,ABSORBED_FROZEN/pNone,PRE_FAIL,ABSORBED_FROZEN/pNone;ABSORBED_FROZEN/pNone;ABSORBED_FROZEN/pNone;ABSORBED_FROZEN/pNone;ABSORBED_FROZEN/pNone;ABSORBED_FROZEN/pNone;ABSORBED_FROZEN/pNone;ABSORBED_FROZEN/pNone;ABSORBED_FROZEN/pNone,None;None;None,False,False
2,A>A.reqwrite~B|B>A.self,ABSORBED_FROZEN/pNone,PRE_FAIL,ABSORBED_FROZEN/pNone;ABSORBED_FROZEN/pNone;ABSORBED_FROZEN/pNone;ABSORBED_FROZEN/pNone;ABSORBED_FROZEN/pNone;ABSORBED_FROZEN/pNone;ABSORBED_FROZEN/pNone;ABSORBED_FROZEN/pNone;ABSORBED_FROZEN/pNone,None;None;None,False,False
2,A>A.reqwrite~B|B>A.writeA,ABSORBED_FROZEN/pNone,PRE_FAIL,ABSORBED_FROZEN/pNone;ABSORBED_FROZEN/pNone;ABSORBED_FROZEN/pNone;ABSORBED_FROZEN/pNone;ABSORBED_FROZEN/pNone;ABSORBED_FROZEN/pNone;ABSORBED_FROZEN/pNone;ABSORBED_FROZEN/pNone;ABSORBED_FROZEN/pNone,None;None;None,False,False
2,A>A.reqwrite~B|B>A.writeB,TRANSLATION/p6,REPAIR,TRANSLATION/p6;TRANSLATION/p6;TRANSLATION/p6;TRANSLATION/p6;TRANSLATION/p6;TRANSLATION/p6;TRANSLATION/p6;TRANSLATION/p6;TRANSLATION/p6,None;None;None,False,True
2,A>A.reqwrite~B|B>A.write~,POP_OSC/p12,REPAIR,POP_OSC/p12;POP_OSC/p12;POP_OSC/p12;POP_OSC/p12;POP_OSC/p12;POP_OSC/p12;POP_OSC/p12;POP_OSC/p12;POP_OSC/p12,None;None;None,False,True
2,A>A.reqwrite~B|B>B.reqA,ABSORBED_FROZEN/pNone,PRE_FAIL,ABSORBED_FROZEN/pNone;ABSORBED_EMPTY/pNone;ABSORBED_FROZEN/pNone;ABSORBED_FROZEN/pNone;ABSORBED_EMPTY/pNone;ABSORBED_FROZEN/pNone;ABSORBED_EMPTY/pNone,None;None;None,False,False
2,A>A.reqwrite~B|B>B.reqB,ABSORBED_FROZEN/pNone,PRE_FAIL,ABSORBED_FROZEN/pNone;ABSORBED_EMPTY/pNone;ABSORBED_FROZEN/pNone;ABSORBED_FROZEN/pNone;ABSORBED_EMPTY/pNone;ABSORBED_FROZEN/pNone;ABSORBED_EMPTY/pNone,None;None;None,False,False
2,A>A.reqwrite~B|B>B.reqwriteAA,ABSORBED_FROZEN/pNone,PRE_FAIL,ABSORBED_FROZEN/pNone;ABSORBED_EMPTY/pNone;ABSORBED_FROZEN/pNone;ABSORBED_FROZEN/pNone;ABSORBED_EMPTY/pNone;ABSORBED_FROZEN/pNone;ABSORBED_EMPTY/pNone,None;None;None,False,False
2,A>A.reqwrite~B|B>B.reqwriteAB,ABSORBED_FROZEN/pNone,PRE_FAIL,ABSORBED_FROZEN/pNone;ABSORBED_EMPTY/pNone;ABSORBED_FROZEN/pNone;ABSORBED_FROZEN/pNone;ABSORBED_EMPTY/pNone;ABSORBED_FROZEN/pNone;ABSORBED_EMPTY/pNone,None;None;None,False,False
2,A>A.reqwrite~B|B>B.reqwriteA~,ABSORBED_FROZEN/pNone,PRE_FAIL,ABSORBED_FROZEN/pNone;ABSORBED_EMPTY/pNone;ABSORBED_FROZEN/pNone;ABSORBED_FROZEN/pNone;ABSORBED_EMPTY/pNone;ABSORBED_FROZEN/pNone;ABSORBED_EMPTY/pNone,None;None;None,False,False
2,A>A.reqwrite~B|B>B.reqwriteBA,ABSORBED_FROZEN/pNone,PRE_FAIL,ABSORBED_FROZEN/pNone;ABSORBED_EMPTY/pNone;ABSORBED_FROZEN/pNone;ABSORBED_FROZEN/pNone;ABSORBED_EMPTY/pNone;ABSORBED_FROZEN/pNone;ABSORBED_EMPTY/pNone,None;None;None,False,False
2,A>A.reqwrite~B|B>B.reqwriteBB,ABSORBED_FROZEN/pNone,PRE_FAIL,ABSORBED_FROZEN/pNone;ABSORBED_EMPTY/pNone;ABSORBED_FROZEN/pNone;ABSORBED_FROZEN/pNone;ABSORBED_EMPTY/pNone;ABSORBED_FROZEN/pNone;ABSORBED_EMPTY/pNone,None;None;None,False,False
2,A>A.reqwrite~B|B>B.reqwriteB~,ABSORBED_FROZEN/pNone,PRE_FAIL,ABSORBED_FROZEN/pNone;ABSORBED_EMPTY/pNone;ABSORBED_FROZEN/pNone;ABSORBED_FROZEN/pNone;ABSORBED_EMPTY/pNone;ABSORBED_FROZEN/pNone;ABSORBED_EMPTY/pNone,None;None;None,False,False
2,A>A.reqwrite~B|B>B.reqwrite~A,ABSORBED_FROZEN/pNone,PRE_FAIL,ABSORBED_FROZEN/pNone;ABSORBED_FROZEN/pNone;ABSORBED_FROZEN/pNone;ABSORBED_FROZEN/pNone;ABSORBED_FROZEN/pNone;ABSORBED_FROZEN/pNone;ABSORBED_FROZEN/pNone;ABSORBED_FROZEN/pNone;ABSORBED_FROZEN/pNone,None;None;None,False,False
2,A>A.reqwrite~B|B>B.reqwrite~B,ABSORBED_FROZEN/pNone,PRE_FAIL,ABSORBED_FROZEN/pNone;ABSORBED_FROZEN/pNone;ABSORBED_FROZEN/pNone;ABSORBED_FROZEN/pNone;ABSORBED_FROZEN/pNone;ABSORBED_FROZEN/pNone;ABSORBED_FROZEN/pNone;ABSORBED_FROZEN/pNone;ABSORBED_FROZEN/pNone,None;None;None,False,False
2,A>A.reqwrite~B|B>B.reqwrite~~,FIXED/p1,"MIXED:DIEDx2,REPAIRx1",FIXED/p1;FIXED/p1;FIXED/p1;FIXED/p1;FIXED/p1;ABSORBED_EMPTY/pNone;FIXED/p1;ABSORBED_EMPTY/pNone,False;False;None,False,False
2,A>A.reqwrite~B|B>B.req~,FIXED/p1,"MIXED:DIEDx2,REPAIRx1",FIXED/p1;FIXED/p1;FIXED/p1;FIXED/p1;FIXED/p1;ABSORBED_EMPTY/pNone;FIXED/p1;ABSORBED_EMPTY/pNone,False;False;None,False,False
2,A>A.reqwrite~B|B>B.self,FIXED/p1,"MIXED:DIEDx2,REPAIRx1",FIXED/p1;FIXED/p1;FIXED/p1;FIXED/p1;FIXED/p1;ABSORBED_EMPTY/pNone;FIXED/p1;ABSORBED_EMPTY/pNone,False;False;None,False,False
2,A>A.reqwrite~B|B>B.writeA,FIXED/p1,REPAIR,FIXED/p1;FIXED/p1;FIXED/p1;FIXED/p1;FIXED/p1;FIXED/p1;FIXED/p1;FIXED/p1;FIXED/p1,True;True;True,True,False
2,A>A.reqwrite~B|B>B.writeB,FIXED/p1,REPAIR,FIXED/p1;FIXED/p1;FIXED/p1;FIXED/p1;FIXED/p1;FIXED/p1;FIXED/p1;FIXED/p1;FIXED/p1,True;True;True,True,False
2,A>A.reqwrite~B|B>B.write~,FIXED/p1,"MIXED:DIEDx2,REPAIRx1",FIXED/p1;FIXED/p1;FIXED/p1;FIXED/p1;FIXED/p1;ABSORBED_EMPTY/pNone;FIXED/p1;ABSORBED_EMPTY/pNone,False;False;None,False,False
2,A>A.reqwrite~B|B>~.reqA,ABSORBED_FROZEN/pNone,PRE_FAIL,ABSORBED_FROZEN/pNone;ABSORBED_EMPTY/pNone;ABSORBED_FROZEN/pNone;ABSORBED_FROZEN/pNone;ABSORBED_EMPTY/pNone;ABSORBED_FROZEN/pNone;ABSORBED_EMPTY/pNone,None;None;None,False,False
2,A>A.reqwrite~B|B>~.reqB,ABSORBED_FROZEN/pNone,PRE_FAIL,ABSORBED_FROZEN/pNone;ABSORBED_EMPTY/pNone;ABSORBED_FROZEN/pNone;ABSORBED_FROZEN/pNone;ABSORBED_EMPTY/pNone;ABSORBED_FROZEN/pNone;ABSORBED_EMPTY/pNone,None;None;None,False,False
2,A>A.reqwrite~B|B>~.reqwriteAA,ABSORBED_FROZEN/pNone,PRE_FAIL,ABSORBED_FROZEN/pNone;ABSORBED_EMPTY/pNone;ABSORBED_FROZEN/pNone;ABSORBED_FROZEN/pNone;ABSORBED_EMPTY/pNone;ABSORBED_FROZEN/pNone;ABSORBED_EMPTY/pNone,None;None;None,False,False
2,A>A.reqwrite~B|B>~.reqwriteAB,ABSORBED_FROZEN/pNone,PRE_FAIL,ABSORBED_FROZEN/pNone;ABSORBED_EMPTY/pNone;ABSORBED_FROZEN/pNone;ABSORBED_FROZEN/pNone;ABSORBED_EMPTY/pNone;ABSORBED_FROZEN/pNone;ABSORBED_EMPTY/pNone,None;None;None,False,False
2,A>A.reqwrite~B|B>~.reqwriteA~,ABSORBED_FROZEN/pNone,PRE_FAIL,ABSORBED_FROZEN/pNone;ABSORBED_EMPTY/pNone;ABSORBED_FROZEN/pNone;ABSORBED_FROZEN/pNone;ABSORBED_EMPTY/pNone;ABSORBED_FROZEN/pNone;ABSORBED_EMPTY/pNone,None;None;None,False,False
2,A>A.reqwrite~B|B>~.reqwriteBA,ABSORBED_FROZEN/pNone,PRE_FAIL,ABSORBED_FROZEN/pNone;ABSORBED_EMPTY/pNone;ABSORBED_FROZEN/pNone;ABSORBED_FROZEN/pNone;ABSORBED_EMPTY/pNone;ABSORBED_FROZEN/pNone;ABSORBED_EMPTY/pNone,None;None;None,False,False
2,A>A.reqwrite~B|B>~.reqwriteBB,ABSORBED_FROZEN/pNone,PRE_FAIL,ABSORBED_FROZEN/pNone;ABSORBED_EMPTY/pNone;ABSORBED_FROZEN/pNone;ABSORBED_FROZEN/pNone;ABSORBED_EMPTY/pNone;ABSORBED_FROZEN/pNone;ABSORBED_EMPTY/pNone,None;None;None,False,False
2,A>A.reqwrite~B|B>~.reqwriteB~,ABSORBED_FROZEN/pNone,PRE_FAIL,ABSORBED_FROZEN/pNone;ABSORBED_EMPTY/pNone;ABSORBED_FROZEN/pNone;ABSORBED_FROZEN/pNone;ABSORBED_EMPTY/pNone;ABSORBED_FROZEN/pNone;ABSORBED_EMPTY/pNone,None;None;None,False,False
2,A>A.reqwrite~B|B>~.reqwrite~A,ABSORBED_FROZEN/pNone,PRE_FAIL,ABSORBED_FROZEN/pNone;ABSORBED_FROZEN/pNone;ABSORBED_FROZEN/pNone;ABSORBED_FROZEN/pNone;ABSORBED_FROZEN/pNone;ABSORBED_FROZEN/pNone;ABSORBED_FROZEN/pNone;ABSORBED_FROZEN/pNone;ABSORBED_FROZEN/pNone,None;None;None,False,False
2,A>A.reqwrite~B|B>~.reqwrite~B,ABSORBED_FROZEN/pNone,PRE_FAIL,ABSORBED_FROZEN/pNone;ABSORBED_FROZEN/pNone;ABSORBED_FROZEN/pNone;ABSORBED_FROZEN/pNone;TRANSLATION/p6;APERIODIC/pNone;ABSORBED_FROZEN/pNone;ABSORBED_FROZEN/pNone;ABSORBED_FROZEN/pNone,None;None;None,False,False
2,A>A.reqwrite~B|B>~.reqwrite~~,POP_OSC/p2,DIED,ABSORBED_EMPTY/pNone;ABSORBED_EMPTY/pNone;ABSORBED_EMPTY/pNone,None;None;None,False,False
2,A>A.reqwrite~B|B>~.req~,POP_OSC/p2,DIED,ABSORBED_EMPTY/pNone;ABSORBED_EMPTY/pNone;ABSORBED_EMPTY/pNone,None;None;None,False,False
2,A>A.reqwrite~B|B>~.self,POP_OSC/p2,DIED,ABSORBED_EMPTY/pNone;ABSORBED_EMPTY/pNone;ABSORBED_EMPTY/pNone,None;None;None,False,False
2,A>A.reqwrite~B|B>~.writeA,"MIXED:APERIODIC/pNonex2,POP_OSC/p2x1","MIXED:DEGRADEDx1,PRE_FAILx2",APERIODIC/pNone;APERIODIC/pNone;APERIODIC/pNone;APERIODIC/pNone;APERIODIC/pNone;APERIODIC/pNone;POP_OSC/p2;APERIODIC/pNone;APERIODIC/pNone,None;None;None,False,False
2,A>A.reqwrite~B|B>~.writeB,TRANSLATION/p6,DIED,ABSORBED_EMPTY/pNone;ABSORBED_EMPTY/pNone;ABSORBED_EMPTY/pNone,None;None;None,False,False
2,A>A.reqwrite~B|B>~.write~,POP_OSC/p2,DIED,ABSORBED_EMPTY/pNone;ABSORBED_EMPTY/pNone;ABSORBED_EMPTY/pNone,None;None;None,False,False
2,A>A.reqwrite~~|A>A.self,FIXED/p1,DIED,ABSORBED_EMPTY/pNone;ABSORBED_EMPTY/pNone;ABSORBED_EMPTY/pNone,None;None;None,False,False
2,A>A.reqwrite~~|A>A.writeA,FIXED/p1,REPAIR,FIXED/p1;FIXED/p1;FIXED/p1;FIXED/p1;FIXED/p1;FIXED/p1;FIXED/p1;FIXED/p1;FIXED/p1,True;True;True,True,False
2,A>A.reqwrite~~|A>A.writeB,FIXED/p1,DIED,FIXED/p1;FIXED/p1;ABSORBED_FROZEN/pNone;FIXED/p1;ABSORBED_FROZEN/pNone;ABSORBED_EMPTY/pNone;ABSORBED_FROZEN/pNone;ABSORBED_EMPTY/pNone,False;False;None,False,False
2,A>A.reqwrite~~|A>A.write~,FIXED/p1,DIED,ABSORBED_EMPTY/pNone;ABSORBED_EMPTY/pNone;ABSORBED_EMPTY/pNone,None;None;None,False,False
2,A>A.reqwrite~~|A>B.reqA,FIXED/p1,DIED,ABSORBED_EMPTY/pNone;ABSORBED_EMPTY/pNone;ABSORBED_EMPTY/pNone,None;None;None,False,False
2,A>A.reqwrite~~|A>B.reqB,FIXED/p1,DIED,ABSORBED_EMPTY/pNone;ABSORBED_EMPTY/pNone;ABSORBED_EMPTY/pNone,None;None;None,False,False
2,A>A.reqwrite~~|A>B.reqwriteAA,FIXED/p1,DIED,ABSORBED_EMPTY/pNone;ABSORBED_EMPTY/pNone;ABSORBED_EMPTY/pNone,None;None;None,False,False
2,A>A.reqwrite~~|A>B.reqwriteAB,FIXED/p1,DIED,ABSORBED_EMPTY/pNone;ABSORBED_EMPTY/pNone;ABSORBED_EMPTY/pNone,None;None;None,False,False
2,A>A.reqwrite~~|A>B.reqwriteA~,FIXED/p1,DIED,ABSORBED_EMPTY/pNone;ABSORBED_EMPTY/pNone;ABSORBED_EMPTY/pNone,None;None;None,False,False
2,A>A.reqwrite~~|A>B.reqwriteBA,FIXED/p1,DIED,ABSORBED_EMPTY/pNone;ABSORBED_EMPTY/pNone;ABSORBED_EMPTY/pNone,None;None;None,False,False
2,A>A.reqwrite~~|A>B.reqwriteBB,FIXED/p1,DIED,ABSORBED_EMPTY/pNone;ABSORBED_EMPTY/pNone;ABSORBED_EMPTY/pNone,None;None;None,False,False
2,A>A.reqwrite~~|A>B.reqwriteB~,FIXED/p1,DIED,ABSORBED_EMPTY/pNone;ABSORBED_EMPTY/pNone;ABSORBED_EMPTY/pNone,None;None;None,False,False
2,A>A.reqwrite~~|A>B.reqwrite~A,ABSORBED_FROZEN/pNone,PRE_FAIL,ABSORBED_FROZEN/pNone;ABSORBED_FROZEN/pNone;ABSORBED_FROZEN/pNone;ABSORBED_FROZEN/pNone;ABSORBED_FROZEN/pNone;ABSORBED_FROZEN/pNone;ABSORBED_FROZEN/pNone;ABSORBED_FROZEN/pNone;ABSORBED_FROZEN/pNone,None;None;None,False,False
2,A>A.reqwrite~~|A>B.reqwrite~B,ABSORBED_FROZEN/pNone,PRE_FAIL,ABSORBED_FROZEN/pNone;ABSORBED_EMPTY/pNone;ABSORBED_FROZEN/pNone;ABSORBED_EMPTY/pNone;ABSORBED_FROZEN/pNone;ABSORBED_EMPTY/pNone,None;None;None,False,False
2,A>A.reqwrite~~|A>B.reqwrite~~,ABSORBED_FROZEN/pNone,PRE_FAIL,ABSORBED_EMPTY/pNone;ABSORBED_EMPTY/pNone;ABSORBED_EMPTY/pNone,None;None;None,False,False
2,A>A.reqwrite~~|A>B.req~,ABSORBED_FROZEN/pNone,PRE_FAIL,ABSORBED_EMPTY/pNone;ABSORBED_EMPTY/pNone;ABSORBED_EMPTY/pNone,None;None;None,False,False
2,A>A.reqwrite~~|A>B.self,ABSORBED_FROZEN/pNone,PRE_FAIL,ABSORBED_EMPTY/pNone;ABSORBED_EMPTY/pNone;ABSORBED_EMPTY/pNone,None;None;None,False,False
2,A>A.reqwrite~~|A>B.writeA,TRANSLATION/p6,"MIXED:DIEDx1,REPAIRx2",TRANSLATION/p6;TRANSLATION/p6;TRANSLATION/p6;TRANSLATION/p6;TRANSLATION/p6;TRANSLATION/p6;TRANSLATION/p6;TRANSLATION/p6;ABSORBED_FROZEN/pNone,None;None;None,False,False
2,A>A.reqwrite~~|A>B.writeB,ABSORBED_FROZEN/pNone,PRE_FAIL,ABSORBED_FROZEN/pNone;ABSORBED_EMPTY/pNone;ABSORBED_FROZEN/pNone;ABSORBED_EMPTY/pNone;ABSORBED_FROZEN/pNone;ABSORBED_EMPTY/pNone,None;None;None,False,False
2,A>A.reqwrite~~|A>B.write~,ABSORBED_FROZEN/pNone,PRE_FAIL,ABSORBED_EMPTY/pNone;ABSORBED_EMPTY/pNone;ABSORBED_EMPTY/pNone,None;None;None,False,False
2,A>A.reqwrite~~|A>~.reqA,FIXED/p1,DIED,ABSORBED_EMPTY/pNone;ABSORBED_EMPTY/pNone;ABSORBED_EMPTY/pNone,None;None;None,False,False
2,A>A.reqwrite~~|A>~.reqB,FIXED/p1,DIED,ABSORBED_EMPTY/pNone;ABSORBED_EMPTY/pNone;ABSORBED_EMPTY/pNone,None;None;None,False,False
2,A>A.reqwrite~~|A>~.reqwriteAA,FIXED/p1,DIED,ABSORBED_EMPTY/pNone;ABSORBED_EMPTY/pNone;ABSORBED_EMPTY/pNone,None;None;None,False,False
2,A>A.reqwrite~~|A>~.reqwriteAB,FIXED/p1,DIED,ABSORBED_EMPTY/pNone;ABSORBED_EMPTY/pNone;ABSORBED_EMPTY/pNone,None;None;None,False,False
2,A>A.reqwrite~~|A>~.reqwriteA~,FIXED/p1,DIED,ABSORBED_EMPTY/pNone;ABSORBED_EMPTY/pNone;ABSORBED_EMPTY/pNone,None;None;None,False,False
2,A>A.reqwrite~~|A>~.reqwriteBA,FIXED/p1,DIED,ABSORBED_EMPTY/pNone;ABSORBED_EMPTY/pNone;ABSORBED_EMPTY/pNone,None;None;None,False,False
2,A>A.reqwrite~~|A>~.reqwriteBB,FIXED/p1,DIED,ABSORBED_EMPTY/pNone;ABSORBED_EMPTY/pNone;ABSORBED_EMPTY/pNone,None;None;None,False,False
2,A>A.reqwrite~~|A>~.reqwriteB~,FIXED/p1,DIED,ABSORBED_EMPTY/pNone;ABSORBED_EMPTY/pNone;ABSORBED_EMPTY/pNone,None;None;None,False,False
2,A>A.reqwrite~~|A>~.reqwrite~A,"MIXED:APERIODIC/pNonex1,FIXED/p1x2","MIXED:DIEDx2,PRE_FAILx1",ABSORBED_EMPTY/pNone;ABSORBED_EMPTY/pNone;ABSORBED_EMPTY/pNone,None;None;None,False,False
2,A>A.reqwrite~~|A>~.reqwrite~B,ABSORBED_FROZEN/pNone,PRE_FAIL,ABSORBED_EMPTY/pNone;ABSORBED_EMPTY/pNone;ABSORBED_EMPTY/pNone,None;None;None,False,False
2,A>A.reqwrite~~|A>~.reqwrite~~,ABSORBED_EMPTY/pNone,PRE_FAIL,,None;None;None,False,False
2,A>A.reqwrite~~|A>~.req~,ABSORBED_EMPTY/pNone,PRE_FAIL,,None;None;None,False,False
2,A>A.reqwrite~~|A>~.self,ABSORBED_EMPTY/pNone,PRE_FAIL,,None;None;None,False,False
2,A>A.reqwrite~~|A>~.writeA,"MIXED:APERIODIC/pNonex1,FIXED/p1x2","MIXED:DIEDx2,PRE_FAILx1",ABSORBED_EMPTY/pNone;ABSORBED_EMPTY/pNone;ABSORBED_EMPTY/pNone,None;None;None,False,False
2,A>A.reqwrite~~|A>~.writeB,ABSORBED_FROZEN/pNone,PRE_FAIL,ABSORBED_EMPTY/pNone;ABSORBED_EMPTY/pNone;ABSORBED_EMPTY/pNone,None;None;None,False,False
2,A>A.reqwrite~~|A>~.write~,ABSORBED_EMPTY/pNone,PRE_FAIL,,None;None;None,False,False
2,A>A.reqwrite~~|B>A.reqA,FIXED/p1,DIED,ABSORBED_EMPTY/pNone;ABSORBED_EMPTY/pNone;ABSORBED_EMPTY/pNone,None;None;None,False,False
2,A>A.reqwrite~~|B>A.reqB,FIXED/p1,DIED,ABSORBED_EMPTY/pNone;ABSORBED_EMPTY/pNone;ABSORBED_EMPTY/pNone,None;None;None,False,False
2,A>A.reqwrite~~|B>A.reqwriteAA,FIXED/p1,DIED,ABSORBED_EMPTY/pNone;ABSORBED_EMPTY/pNone;ABSORBED_EMPTY/pNone,None;None;None,False,False
2,A>A.reqwrite~~|B>A.reqwriteAB,FIXED/p1,DIED,ABSORBED_EMPTY/pNone;ABSORBED_EMPTY/pNone;ABSORBED_EMPTY/pNone,None;None;None,False,False
2,A>A.reqwrite~~|B>A.reqwriteA~,FIXED/p1,DIED,ABSORBED_EMPTY/pNone;ABSORBED_EMPTY/pNone;ABSORBED_EMPTY/pNone,None;None;None,False,False
2,A>A.reqwrite~~|B>A.reqwriteBA,FIXED/p1,DIED,ABSORBED_EMPTY/pNone;ABSORBED_EMPTY/pNone;ABSORBED_EMPTY/pNone,None;None;None,False,False
2,A>A.reqwrite~~|B>A.reqwriteBB,FIXED/p1,DIED,ABSORBED_EMPTY/pNone;ABSORBED_EMPTY/pNone;ABSORBED_EMPTY/pNone,None;None;None,False,False
2,A>A.reqwrite~~|B>A.reqwriteB~,FIXED/p1,DIED,ABSORBED_EMPTY/pNone;ABSORBED_EMPTY/pNone;ABSORBED_EMPTY/pNone,None;None;None,False,False
2,A>A.reqwrite~~|B>A.reqwrite~A,FIXED/p1,DIED,ABSORBED_EMPTY/pNone;ABSORBED_EMPTY/pNone;ABSORBED_EMPTY/pNone,None;None;None,False,False
2,A>A.reqwrite~~|B>A.reqwrite~B,FIXED/p1,DIED,ABSORBED_EMPTY/pNone;ABSORBED_EMPTY/pNone;ABSORBED_EMPTY/pNone,None;None;None,False,False
2,A>A.reqwrite~~|B>A.reqwrite~~,FIXED/p1,DIED,ABSORBED_EMPTY/pNone;ABSORBED_EMPTY/pNone;ABSORBED_EMPTY/pNone,None;None;None,False,False
2,A>A.reqwrite~~|B>A.req~,FIXED/p1,DIED,ABSORBED_EMPTY/pNone;ABSORBED_EMPTY/pNone;ABSORBED_EMPTY/pNone,None;None;None,False,False
2,A>A.reqwrite~~|B>A.self,FIXED/p1,DIED,ABSORBED_EMPTY/pNone;ABSORBED_EMPTY/pNone;ABSORBED_EMPTY/pNone,None;None;None,False,False
2,A>A.reqwrite~~|B>A.writeA,FIXED/p1,DIED,ABSORBED_EMPTY/pNone;ABSORBED_EMPTY/pNone;ABSORBED_EMPTY/pNone,None;None;None,False,False
2,A>A.reqwrite~~|B>A.writeB,FIXED/p1,DIED,ABSORBED_EMPTY/pNone;ABSORBED_EMPTY/pNone;ABSORBED_EMPTY/pNone,None;None;None,False,False
2,A>A.reqwrite~~|B>A.write~,FIXED/p1,DIED,ABSORBED_EMPTY/pNone;ABSORBED_EMPTY/pNone;ABSORBED_EMPTY/pNone,None;None;None,False,False
2,A>A.reqwrite~~|B>B.reqA,FIXED/p1,DIED,ABSORBED_EMPTY/pNone;ABSORBED_EMPTY/pNone;ABSORBED_EMPTY/pNone,None;None;None,False,False
2,A>A.reqwrite~~|B>B.reqB,FIXED/p1,DIED,ABSORBED_EMPTY/pNone;ABSORBED_EMPTY/pNone;ABSORBED_EMPTY/pNone,None;None;None,False,False
2,A>A.reqwrite~~|B>B.reqwriteAA,FIXED/p1,DIED,ABSORBED_EMPTY/pNone;ABSORBED_EMPTY/pNone;ABSORBED_EMPTY/pNone,None;None;None,False,False
2,A>A.reqwrite~~|B>B.reqwriteAB,FIXED/p1,DIED,ABSORBED_EMPTY/pNone;ABSORBED_EMPTY/pNone;ABSORBED_EMPTY/pNone,None;None;None,False,False
2,A>A.reqwrite~~|B>B.reqwriteA~,FIXED/p1,DIED,ABSORBED_EMPTY/pNone;ABSORBED_EMPTY/pNone;ABSORBED_EMPTY/pNone,None;None;None,False,False
2,A>A.reqwrite~~|B>B.reqwriteBA,FIXED/p1,DIED,ABSORBED_EMPTY/pNone;ABSORBED_EMPTY/pNone;ABSORBED_EMPTY/pNone,None;None;None,False,False
2,A>A.reqwrite~~|B>B.reqwriteBB,FIXED/p1,DIED,ABSORBED_EMPTY/pNone;ABSORBED_EMPTY/pNone;ABSORBED_EMPTY/pNone,None;None;None,False,False
2,A>A.reqwrite~~|B>B.reqwriteB~,FIXED/p1,DIED,ABSORBED_EMPTY/pNone;ABSORBED_EMPTY/pNone;ABSORBED_EMPTY/pNone,None;None;None,False,False
2,A>A.reqwrite~~|B>B.reqwrite~A,FIXED/p1,DIED,ABSORBED_EMPTY/pNone;ABSORBED_EMPTY/pNone;ABSORBED_EMPTY/pNone,None;None;None,False,False
2,A>A.reqwrite~~|B>B.reqwrite~B,FIXED/p1,DIED,ABSORBED_EMPTY/pNone;ABSORBED_EMPTY/pNone;ABSORBED_EMPTY/pNone,None;None;None,False,False
2,A>A.reqwrite~~|B>B.reqwrite~~,FIXED/p1,DIED,ABSORBED_EMPTY/pNone;ABSORBED_EMPTY/pNone;ABSORBED_EMPTY/pNone,None;None;None,False,False
2,A>A.reqwrite~~|B>B.req~,FIXED/p1,DIED,ABSORBED_EMPTY/pNone;ABSORBED_EMPTY/pNone;ABSORBED_EMPTY/pNone,None;None;None,False,False
2,A>A.reqwrite~~|B>B.self,FIXED/p1,DIED,ABSORBED_EMPTY/pNone;ABSORBED_EMPTY/pNone;ABSORBED_EMPTY/pNone,None;None;None,False,False
2,A>A.reqwrite~~|B>B.writeA,FIXED/p1,DIED,ABSORBED_EMPTY/pNone;ABSORBED_EMPTY/pNone;ABSORBED_EMPTY/pNone,None;None;None,False,False
2,A>A.reqwrite~~|B>B.writeB,FIXED/p1,DIED,ABSORBED_EMPTY/pNone;ABSORBED_EMPTY/pNone;ABSORBED_EMPTY/pNone,None;None;None,False,False
2,A>A.reqwrite~~|B>B.write~,FIXED/p1,DIED,ABSORBED_EMPTY/pNone;ABSORBED_EMPTY/pNone;ABSORBED_EMPTY/pNone,None;None;None,False,False
2,A>A.reqwrite~~|B>~.reqA,FIXED/p1,DIED,ABSORBED_EMPTY/pNone;ABSORBED_EMPTY/pNone;ABSORBED_EMPTY/pNone,None;None;None,False,False
2,A>A.reqwrite~~|B>~.reqB,FIXED/p1,DIED,ABSORBED_EMPTY/pNone;ABSORBED_EMPTY/pNone;ABSORBED_EMPTY/pNone,None;None;None,False,False
2,A>A.reqwrite~~|B>~.reqwriteAA,FIXED/p1,DIED,ABSORBED_EMPTY/pNone;ABSORBED_EMPTY/pNone;ABSORBED_EMPTY/pNone,None;None;None,False,False
2,A>A.reqwrite~~|B>~.reqwriteAB,FIXED/p1,DIED,ABSORBED_EMPTY/pNone;ABSORBED_EMPTY/pNone;ABSORBED_EMPTY/pNone,None;None;None,False,False
2,A>A.reqwrite~~|B>~.reqwriteA~,FIXED/p1,DIED,ABSORBED_EMPTY/pNone;ABSORBED_EMPTY/pNone;ABSORBED_EMPTY/pNone,None;None;None,False,False
2,A>A.reqwrite~~|B>~.reqwriteBA,FIXED/p1,DIED,ABSORBED_EMPTY/pNone;ABSORBED_EMPTY/pNone;ABSORBED_EMPTY/pNone,None;None;None,False,False
2,A>A.reqwrite~~|B>~.reqwriteBB,FIXED/p1,DIED,ABSORBED_EMPTY/pNone;ABSORBED_EMPTY/pNone;ABSORBED_EMPTY/pNone,None;None;None,False,False
2,A>A.reqwrite~~|B>~.reqwriteB~,FIXED/p1,DIED,ABSORBED_EMPTY/pNone;ABSORBED_EMPTY/pNone;ABSORBED_EMPTY/pNone,None;None;None,False,False
2,A>A.reqwrite~~|B>~.reqwrite~A,FIXED/p1,DIED,ABSORBED_EMPTY/pNone;ABSORBED_EMPTY/pNone;ABSORBED_EMPTY/pNone,None;None;None,False,False
2,A>A.reqwrite~~|B>~.reqwrite~B,FIXED/p1,DIED,ABSORBED_EMPTY/pNone;ABSORBED_EMPTY/pNone;ABSORBED_EMPTY/pNone,None;None;None,False,False
2,A>A.reqwrite~~|B>~.reqwrite~~,FIXED/p1,DIED,ABSORBED_EMPTY/pNone;ABSORBED_EMPTY/pNone;ABSORBED_EMPTY/pNone,None;None;None,False,False
2,A>A.reqwrite~~|B>~.req~,FIXED/p1,DIED,ABSORBED_EMPTY/pNone;ABSORBED_EMPTY/pNone;ABSORBED_EMPTY/pNone,None;None;None,False,False
2,A>A.reqwrite~~|B>~.self,FIXED/p1,DIED,ABSORBED_EMPTY/pNone;ABSORBED_EMPTY/pNone;ABSORBED_EMPTY/pNone,None;None;None,False,False
2,A>A.reqwrite~~|B>~.writeA,FIXED/p1,DIED,ABSORBED_EMPTY/pNone;ABSORBED_EMPTY/pNone;ABSORBED_EMPTY/pNone,None;None;None,False,False
2,A>A.reqwrite~~|B>~.writeB,FIXED/p1,DIED,ABSORBED_EMPTY/pNone;ABSORBED_EMPTY/pNone;ABSORBED_EMPTY/pNone,None;None;None,False,False
2,A>A.reqwrite~~|B>~.write~,FIXED/p1,DIED,ABSORBED_EMPTY/pNone;ABSORBED_EMPTY/pNone;ABSORBED_EMPTY/pNone,None;None;None,False,False
2,A>A.req~|A>A.reqwriteAA,FIXED/p1,DIED,ABSORBED_EMPTY/pNone;ABSORBED_EMPTY/pNone;ABSORBED_EMPTY/pNone,None;None;None,False,False
2,A>A.req~|A>A.reqwriteAB,FIXED/p1,DIED,ABSORBED_EMPTY/pNone;ABSORBED_EMPTY/pNone;ABSORBED_EMPTY/pNone,None;None;None,False,False
2,A>A.req~|A>A.reqwriteA~,FIXED/p1,DIED,ABSORBED_EMPTY/pNone;ABSORBED_EMPTY/pNone;ABSORBED_EMPTY/pNone,None;None;None,False,False
2,A>A.req~|A>A.reqwriteBA,FIXED/p1,DIED,ABSORBED_EMPTY/pNone;ABSORBED_EMPTY/pNone;ABSORBED_EMPTY/pNone,None;None;None,False,False
2,A>A.req~|A>A.reqwriteBB,FIXED/p1,DIED,ABSORBED_EMPTY/pNone;ABSORBED_EMPTY/pNone;ABSORBED_EMPTY/pNone,None;None;None,False,False
2,A>A.req~|A>A.reqwriteB~,FIXED/p1,DIED,ABSORBED_EMPTY/pNone;ABSORBED_EMPTY/pNone;ABSORBED_EMPTY/pNone,None;None;None,False,False
2,A>A.req~|A>A.reqwrite~A,ABSORBED_FROZEN/pNone,PRE_FAIL,ABSORBED_FROZEN/pNone;ABSORBED_FROZEN/pNone;ABSORBED_FROZEN/pNone;ABSORBED_FROZEN/pNone;ABSORBED_FROZEN/pNone;ABSORBED_FROZEN/pNone;ABSORBED_FROZEN/pNone;ABSORBED_FROZEN/pNone;ABSORBED_FROZEN/pNone,None;None;None,False,False
2,A>A.req~|A>A.reqwrite~B,ABSORBED_FROZEN/pNone,PRE_FAIL,ABSORBED_FROZEN/pNone;ABSORBED_EMPTY/pNone;ABSORBED_FROZEN/pNone;ABSORBED_FROZEN/pNone;ABSORBED_EMPTY/pNone;ABSORBED_FROZEN/pNone;ABSORBED_EMPTY/pNone,None;None;None,False,False
2,A>A.req~|A>A.reqwrite~~,FIXED/p1,DIED,ABSORBED_EMPTY/pNone;ABSORBED_EMPTY/pNone;ABSORBED_EMPTY/pNone,None;None;None,False,False
2,A>A.req~|A>A.self,FIXED/p1,DIED,ABSORBED_EMPTY/pNone;ABSORBED_EMPTY/pNone;ABSORBED_EMPTY/pNone,None;None;None,False,False
2,A>A.req~|A>A.writeA,FIXED/p1,REPAIR,FIXED/p1;FIXED/p1;FIXED/p1;FIXED/p1;FIXED/p1;FIXED/p1;FIXED/p1;FIXED/p1;FIXED/p1,True;True;True,True,False
2,A>A.req~|A>A.writeB,FIXED/p1,DIED,FIXED/p1;FIXED/p1;ABSORBED_FROZEN/pNone;FIXED/p1;ABSORBED_FROZEN/pNone;ABSORBED_EMPTY/pNone;ABSORBED_FROZEN/pNone;ABSORBED_EMPTY/pNone,False;False;None,False,False
2,A>A.req~|A>A.write~,FIXED/p1,DIED,ABSORBED_EMPTY/pNone;ABSORBED_EMPTY/pNone;ABSORBED_EMPTY/pNone,None;None;None,False,False
2,A>A.req~|A>B.reqA,FIXED/p1,DIED,ABSORBED_EMPTY/pNone;ABSORBED_EMPTY/pNone;ABSORBED_EMPTY/pNone,None;None;None,False,False
2,A>A.req~|A>B.reqB,FIXED/p1,DIED,ABSORBED_EMPTY/pNone;ABSORBED_EMPTY/pNone;ABSORBED_EMPTY/pNone,None;None;None,False,False
2,A>A.req~|A>B.reqwriteAA,FIXED/p1,DIED,ABSORBED_EMPTY/pNone;ABSORBED_EMPTY/pNone;ABSORBED_EMPTY/pNone,None;None;None,False,False
2,A>A.req~|A>B.reqwriteAB,FIXED/p1,DIED,ABSORBED_EMPTY/pNone;ABSORBED_EMPTY/pNone;ABSORBED_EMPTY/pNone,None;None;None,False,False
2,A>A.req~|A>B.reqwriteA~,FIXED/p1,DIED,ABSORBED_EMPTY/pNone;ABSORBED_EMPTY/pNone;ABSORBED_EMPTY/pNone,None;None;None,False,False
2,A>A.req~|A>B.reqwriteBA,FIXED/p1,DIED,ABSORBED_EMPTY/pNone;ABSORBED_EMPTY/pNone;ABSORBED_EMPTY/pNone,None;None;None,False,False
2,A>A.req~|A>B.reqwriteBB,FIXED/p1,DIED,ABSORBED_EMPTY/pNone;ABSORBED_EMPTY/pNone;ABSORBED_EMPTY/pNone,None;None;None,False,False
2,A>A.req~|A>B.reqwriteB~,FIXED/p1,DIED,ABSORBED_EMPTY/pNone;ABSORBED_EMPTY/pNone;ABSORBED_EMPTY/pNone,None;None;None,False,False
2,A>A.req~|A>B.reqwrite~A,ABSORBED_FROZEN/pNone,PRE_FAIL,ABSORBED_FROZEN/pNone;ABSORBED_FROZEN/pNone;ABSORBED_FROZEN/pNone;ABSORBED_FROZEN/pNone;ABSORBED_FROZEN/pNone;ABSORBED_FROZEN/pNone;ABSORBED_FROZEN/pNone;ABSORBED_FROZEN/pNone;ABSORBED_FROZEN/pNone,None;None;None,False,False
2,A>A.req~|A>B.reqwrite~B,ABSORBED_FROZEN/pNone,PRE_FAIL,ABSORBED_FROZEN/pNone;ABSORBED_EMPTY/pNone;ABSORBED_FROZEN/pNone;ABSORBED_EMPTY/pNone;ABSORBED_FROZEN/pNone;ABSORBED_EMPTY/pNone,None;None;None,False,False
2,A>A.req~|A>B.reqwrite~~,ABSORBED_FROZEN/pNone,PRE_FAIL,ABSORBED_EMPTY/pNone;ABSORBED_EMPTY/pNone;ABSORBED_EMPTY/pNone,None;None;None,False,False
2,A>A.req~|A>B.req~,ABSORBED_FROZEN/pNone,PRE_FAIL,ABSORBED_EMPTY/pNone;ABSORBED_EMPTY/pNone;ABSORBED_EMPTY/pNone,None;None;None,False,False
2,A>A.req~|A>B.self,ABSORBED_FROZEN/pNone,PRE_FAIL,ABSORBED_EMPTY/pNone;ABSORBED_EMPTY/pNone;ABSORBED_EMPTY/pNone,None;None;None,False,False
2,A>A.req~|A>B.writeA,TRANSLATION/p6,"MIXED:DIEDx1,REPAIRx2",TRANSLATION/p6;TRANSLATION/p6;TRANSLATION/p6;TRANSLATION/p6;TRANSLATION/p6;TRANSLATION/p6;TRANSLATION/p6;TRANSLATION/p6;ABSORBED_FROZEN/pNone,None;None;None,False,False
2,A>A.req~|A>B.writeB,ABSORBED_FROZEN/pNone,PRE_FAIL,ABSORBED_FROZEN/pNone;ABSORBED_EMPTY/pNone;ABSORBED_FROZEN/pNone;ABSORBED_EMPTY/pNone;ABSORBED_FROZEN/pNone;ABSORBED_EMPTY/pNone,None;None;None,False,False
2,A>A.req~|A>B.write~,ABSORBED_FROZEN/pNone,PRE_FAIL,ABSORBED_EMPTY/pNone;ABSORBED_EMPTY/pNone;ABSORBED_EMPTY/pNone,None;None;None,False,False
2,A>A.req~|A>~.reqA,FIXED/p1,DIED,ABSORBED_EMPTY/pNone;ABSORBED_EMPTY/pNone;ABSORBED_EMPTY/pNone,None;None;None,False,False
2,A>A.req~|A>~.reqB,FIXED/p1,DIED,ABSORBED_EMPTY/pNone;ABSORBED_EMPTY/pNone;ABSORBED_EMPTY/pNone,None;None;None,False,False
2,A>A.req~|A>~.reqwriteAA,FIXED/p1,DIED,ABSORBED_EMPTY/pNone;ABSORBED_EMPTY/pNone;ABSORBED_EMPTY/pNone,None;None;None,False,False
2,A>A.req~|A>~.reqwriteAB,FIXED/p1,DIED,ABSORBED_EMPTY/pNone;ABSORBED_EMPTY/pNone;ABSORBED_EMPTY/pNone,None;None;None,False,False
2,A>A.req~|A>~.reqwriteA~,FIXED/p1,DIED,ABSORBED_EMPTY/pNone;ABSORBED_EMPTY/pNone;ABSORBED_EMPTY/pNone,None;None;None,False,False
2,A>A.req~|A>~.reqwriteBA,FIXED/p1,DIED,ABSORBED_EMPTY/pNone;ABSORBED_EMPTY/pNone;ABSORBED_EMPTY/pNone,None;None;None,False,False
2,A>A.req~|A>~.reqwriteBB,FIXED/p1,DIED,ABSORBED_EMPTY/pNone;ABSORBED_EMPTY/pNone;ABSORBED_EMPTY/pNone,None;None;None,False,False
2,A>A.req~|A>~.reqwriteB~,FIXED/p1,DIED,ABSORBED_EMPTY/pNone;ABSORBED_EMPTY/pNone;ABSORBED_EMPTY/pNone,None;None;None,False,False
2,A>A.req~|A>~.reqwrite~A,"MIXED:APERIODIC/pNonex1,FIXED/p1x2","MIXED:DIEDx2,PRE_FAILx1",ABSORBED_EMPTY/pNone;ABSORBED_EMPTY/pNone;ABSORBED_EMPTY/pNone,None;None;None,False,False
2,A>A.req~|A>~.reqwrite~B,ABSORBED_FROZEN/pNone,PRE_FAIL,ABSORBED_EMPTY/pNone;ABSORBED_EMPTY/pNone;ABSORBED_EMPTY/pNone,None;None;None,False,False
2,A>A.req~|A>~.reqwrite~~,ABSORBED_EMPTY/pNone,PRE_FAIL,,None;None;None,False,False
2,A>A.req~|A>~.req~,ABSORBED_EMPTY/pNone,PRE_FAIL,,None;None;None,False,False
2,A>A.req~|A>~.self,ABSORBED_EMPTY/pNone,PRE_FAIL,,None;None;None,False,False
2,A>A.req~|A>~.writeA,"MIXED:APERIODIC/pNonex1,FIXED/p1x2","MIXED:DIEDx2,PRE_FAILx1",ABSORBED_EMPTY/pNone;ABSORBED_EMPTY/pNone;ABSORBED_EMPTY/pNone,None;None;None,False,False
2,A>A.req~|A>~.writeB,ABSORBED_FROZEN/pNone,PRE_FAIL,ABSORBED_EMPTY/pNone;ABSORBED_EMPTY/pNone;ABSORBED_EMPTY/pNone,None;None;None,False,False
2,A>A.req~|A>~.write~,ABSORBED_EMPTY/pNone,PRE_FAIL,,None;None;None,False,False
2,A>A.req~|B>A.reqA,FIXED/p1,DIED,ABSORBED_EMPTY/pNone;ABSORBED_EMPTY/pNone;ABSORBED_EMPTY/pNone,None;None;None,False,False
2,A>A.req~|B>A.reqB,FIXED/p1,DIED,ABSORBED_EMPTY/pNone;ABSORBED_EMPTY/pNone;ABSORBED_EMPTY/pNone,None;None;None,False,False
2,A>A.req~|B>A.reqwriteAA,FIXED/p1,DIED,ABSORBED_EMPTY/pNone;ABSORBED_EMPTY/pNone;ABSORBED_EMPTY/pNone,None;None;None,False,False
2,A>A.req~|B>A.reqwriteAB,FIXED/p1,DIED,ABSORBED_EMPTY/pNone;ABSORBED_EMPTY/pNone;ABSORBED_EMPTY/pNone,None;None;None,False,False
2,A>A.req~|B>A.reqwriteA~,FIXED/p1,DIED,ABSORBED_EMPTY/pNone;ABSORBED_EMPTY/pNone;ABSORBED_EMPTY/pNone,None;None;None,False,False
2,A>A.req~|B>A.reqwriteBA,FIXED/p1,DIED,ABSORBED_EMPTY/pNone;ABSORBED_EMPTY/pNone;ABSORBED_EMPTY/pNone,None;None;None,False,False
2,A>A.req~|B>A.reqwriteBB,FIXED/p1,DIED,ABSORBED_EMPTY/pNone;ABSORBED_EMPTY/pNone;ABSORBED_EMPTY/pNone,None;None;None,False,False
2,A>A.req~|B>A.reqwriteB~,FIXED/p1,DIED,ABSORBED_EMPTY/pNone;ABSORBED_EMPTY/pNone;ABSORBED_EMPTY/pNone,None;None;None,False,False
2,A>A.req~|B>A.reqwrite~A,FIXED/p1,DIED,ABSORBED_EMPTY/pNone;ABSORBED_EMPTY/pNone;ABSORBED_EMPTY/pNone,None;None;None,False,False
2,A>A.req~|B>A.reqwrite~B,FIXED/p1,DIED,ABSORBED_EMPTY/pNone;ABSORBED_EMPTY/pNone;ABSORBED_EMPTY/pNone,None;None;None,False,False
2,A>A.req~|B>A.reqwrite~~,FIXED/p1,DIED,ABSORBED_EMPTY/pNone;ABSORBED_EMPTY/pNone;ABSORBED_EMPTY/pNone,None;None;None,False,False
2,A>A.req~|B>A.req~,FIXED/p1,DIED,ABSORBED_EMPTY/pNone;ABSORBED_EMPTY/pNone;ABSORBED_EMPTY/pNone,None;None;None,False,False
2,A>A.req~|B>A.self,FIXED/p1,DIED,ABSORBED_EMPTY/pNone;ABSORBED_EMPTY/pNone;ABSORBED_EMPTY/pNone,None;None;None,False,False
2,A>A.req~|B>A.writeA,FIXED/p1,DIED,ABSORBED_EMPTY/pNone;ABSORBED_EMPTY/pNone;ABSORBED_EMPTY/pNone,None;None;None,False,False
2,A>A.req~|B>A.writeB,FIXED/p1,DIED,ABSORBED_EMPTY/pNone;ABSORBED_EMPTY/pNone;ABSORBED_EMPTY/pNone,None;None;None,False,False
2,A>A.req~|B>A.write~,FIXED/p1,DIED,ABSORBED_EMPTY/pNone;ABSORBED_EMPTY/pNone;ABSORBED_EMPTY/pNone,None;None;None,False,False
2,A>A.req~|B>B.reqA,FIXED/p1,DIED,ABSORBED_EMPTY/pNone;ABSORBED_EMPTY/pNone;ABSORBED_EMPTY/pNone,None;None;None,False,False
2,A>A.req~|B>B.reqB,FIXED/p1,DIED,ABSORBED_EMPTY/pNone;ABSORBED_EMPTY/pNone;ABSORBED_EMPTY/pNone,None;None;None,False,False
2,A>A.req~|B>B.reqwriteAA,FIXED/p1,DIED,ABSORBED_EMPTY/pNone;ABSORBED_EMPTY/pNone;ABSORBED_EMPTY/pNone,None;None;None,False,False
2,A>A.req~|B>B.reqwriteAB,FIXED/p1,DIED,ABSORBED_EMPTY/pNone;ABSORBED_EMPTY/pNone;ABSORBED_EMPTY/pNone,None;None;None,False,False
2,A>A.req~|B>B.reqwriteA~,FIXED/p1,DIED,ABSORBED_EMPTY/pNone;ABSORBED_EMPTY/pNone;ABSORBED_EMPTY/pNone,None;None;None,False,False
2,A>A.req~|B>B.reqwriteBA,FIXED/p1,DIED,ABSORBED_EMPTY/pNone;ABSORBED_EMPTY/pNone;ABSORBED_EMPTY/pNone,None;None;None,False,False
2,A>A.req~|B>B.reqwriteBB,FIXED/p1,DIED,ABSORBED_EMPTY/pNone;ABSORBED_EMPTY/pNone;ABSORBED_EMPTY/pNone,None;None;None,False,False
2,A>A.req~|B>B.reqwriteB~,FIXED/p1,DIED,ABSORBED_EMPTY/pNone;ABSORBED_EMPTY/pNone;ABSORBED_EMPTY/pNone,None;None;None,False,False
2,A>A.req~|B>B.reqwrite~A,FIXED/p1,DIED,ABSORBED_EMPTY/pNone;ABSORBED_EMPTY/pNone;ABSORBED_EMPTY/pNone,None;None;None,False,False
2,A>A.req~|B>B.reqwrite~B,FIXED/p1,DIED,ABSORBED_EMPTY/pNone;ABSORBED_EMPTY/pNone;ABSORBED_EMPTY/pNone,None;None;None,False,False
2,A>A.req~|B>B.reqwrite~~,FIXED/p1,DIED,ABSORBED_EMPTY/pNone;ABSORBED_EMPTY/pNone;ABSORBED_EMPTY/pNone,None;None;None,False,False
2,A>A.req~|B>B.req~,FIXED/p1,DIED,ABSORBED_EMPTY/pNone;ABSORBED_EMPTY/pNone;ABSORBED_EMPTY/pNone,None;None;None,False,False
2,A>A.req~|B>B.self,FIXED/p1,DIED,ABSORBED_EMPTY/pNone;ABSORBED_EMPTY/pNone;ABSORBED_EMPTY/pNone,None;None;None,False,False
2,A>A.req~|B>B.writeA,FIXED/p1,DIED,ABSORBED_EMPTY/pNone;ABSORBED_EMPTY/pNone;ABSORBED_EMPTY/pNone,None;None;None,False,False
2,A>A.req~|B>B.writeB,FIXED/p1,DIED,ABSORBED_EMPTY/pNone;ABSORBED_EMPTY/pNone;ABSORBED_EMPTY/pNone,None;None;None,False,False
2,A>A.req~|B>B.write~,FIXED/p1,DIED,ABSORBED_EMPTY/pNone;ABSORBED_EMPTY/pNone;ABSORBED_EMPTY/pNone,None;None;None,False,False
2,A>A.req~|B>~.reqA,FIXED/p1,DIED,ABSORBED_EMPTY/pNone;ABSORBED_EMPTY/pNone;ABSORBED_EMPTY/pNone,None;None;None,False,False
2,A>A.req~|B>~.reqB,FIXED/p1,DIED,ABSORBED_EMPTY/pNone;ABSORBED_EMPTY/pNone;ABSORBED_EMPTY/pNone,None;None;None,False,False
2,A>A.req~|B>~.reqwriteAA,FIXED/p1,DIED,ABSORBED_EMPTY/pNone;ABSORBED_EMPTY/pNone;ABSORBED_EMPTY/pNone,None;None;None,False,False
2,A>A.req~|B>~.reqwriteAB,FIXED/p1,DIED,ABSORBED_EMPTY/pNone;ABSORBED_EMPTY/pNone;ABSORBED_EMPTY/pNone,None;None;None,False,False
2,A>A.req~|B>~.reqwriteA~,FIXED/p1,DIED,ABSORBED_EMPTY/pNone;ABSORBED_EMPTY/pNone;ABSORBED_EMPTY/pNone,None;None;None,False,False
2,A>A.req~|B>~.reqwriteBA,FIXED/p1,DIED,ABSORBED_EMPTY/pNone;ABSORBED_EMPTY/pNone;ABSORBED_EMPTY/pNone,None;None;None,False,False
2,A>A.req~|B>~.reqwriteBB,FIXED/p1,DIED,ABSORBED_EMPTY/pNone;ABSORBED_EMPTY/pNone;ABSORBED_EMPTY/pNone,None;None;None,False,False
2,A>A.req~|B>~.reqwriteB~,FIXED/p1,DIED,ABSORBED_EMPTY/pNone;ABSORBED_EMPTY/pNone;ABSORBED_EMPTY/pNone,None;None;None,False,False
2,A>A.req~|B>~.reqwrite~A,FIXED/p1,DIED,ABSORBED_EMPTY/pNone;ABSORBED_EMPTY/pNone;ABSORBED_EMPTY/pNone,None;None;None,False,False
2,A>A.req~|B>~.reqwrite~B,FIXED/p1,DIED,ABSORBED_EMPTY/pNone;ABSORBED_EMPTY/pNone;ABSORBED_EMPTY/pNone,None;None;None,False,False
2,A>A.req~|B>~.reqwrite~~,FIXED/p1,DIED,ABSORBED_EMPTY/pNone;ABSORBED_EMPTY/pNone;ABSORBED_EMPTY/pNone,None;None;None,False,False
2,A>A.req~|B>~.req~,FIXED/p1,DIED,ABSORBED_EMPTY/pNone;ABSORBED_EMPTY/pNone;ABSORBED_EMPTY/pNone,None;None;None,False,False
2,A>A.req~|B>~.self,FIXED/p1,DIED,ABSORBED_EMPTY/pNone;ABSORBED_EMPTY/pNone;ABSORBED_EMPTY/pNone,None;None;None,False,False
2,A>A.req~|B>~.writeA,FIXED/p1,DIED,ABSORBED_EMPTY/pNone;ABSORBED_EMPTY/pNone;ABSORBED_EMPTY/pNone,None;None;None,False,False
2,A>A.req~|B>~.writeB,FIXED/p1,DIED,ABSORBED_EMPTY/pNone;ABSORBED_EMPTY/pNone;ABSORBED_EMPTY/pNone,None;None;None,False,False
2,A>A.req~|B>~.write~,FIXED/p1,DIED,ABSORBED_EMPTY/pNone;ABSORBED_EMPTY/pNone;ABSORBED_EMPTY/pNone,None;None;None,False,False
2,A>A.self|A>A.writeA,FIXED/p1,REPAIR,FIXED/p1;FIXED/p1;FIXED/p1;FIXED/p1;FIXED/p1;FIXED/p1;FIXED/p1;FIXED/p1;FIXED/p1,True;True;True,True,False
2,A>A.self|A>A.writeB,FIXED/p1,DIED,FIXED/p1;FIXED/p1;ABSORBED_FROZEN/pNone;FIXED/p1;ABSORBED_FROZEN/pNone;ABSORBED_EMPTY/pNone;ABSORBED_FROZEN/pNone;ABSORBED_EMPTY/pNone,False;False;None,False,False
2,A>A.self|A>A.write~,FIXED/p1,DIED,ABSORBED_EMPTY/pNone;ABSORBED_EMPTY/pNone;ABSORBED_EMPTY/pNone,None;None;None,False,False
2,A>A.self|A>B.reqA,FIXED/p1,DIED,ABSORBED_EMPTY/pNone;ABSORBED_EMPTY/pNone;ABSORBED_EMPTY/pNone,None;None;None,False,False
2,A>A.self|A>B.reqB,FIXED/p1,DIED,ABSORBED_EMPTY/pNone;ABSORBED_EMPTY/pNone;ABSORBED_EMPTY/pNone,None;None;None,False,False
2,A>A.self|A>B.reqwriteAA,FIXED/p1,DIED,ABSORBED_EMPTY/pNone;ABSORBED_EMPTY/pNone;ABSORBED_EMPTY/pNone,None;None;None,False,False
2,A>A.self|A>B.reqwriteAB,FIXED/p1,DIED,ABSORBED_EMPTY/pNone;ABSORBED_EMPTY/pNone;ABSORBED_EMPTY/pNone,None;None;None,False,False
2,A>A.self|A>B.reqwriteA~,FIXED/p1,DIED,ABSORBED_EMPTY/pNone;ABSORBED_EMPTY/pNone;ABSORBED_EMPTY/pNone,None;None;None,False,False
2,A>A.self|A>B.reqwriteBA,FIXED/p1,DIED,ABSORBED_EMPTY/pNone;ABSORBED_EMPTY/pNone;ABSORBED_EMPTY/pNone,None;None;None,False,False
2,A>A.self|A>B.reqwriteBB,FIXED/p1,DIED,ABSORBED_EMPTY/pNone;ABSORBED_EMPTY/pNone;ABSORBED_EMPTY/pNone,None;None;None,False,False
2,A>A.self|A>B.reqwriteB~,FIXED/p1,DIED,ABSORBED_EMPTY/pNone;ABSORBED_EMPTY/pNone;ABSORBED_EMPTY/pNone,None;None;None,False,False
2,A>A.self|A>B.reqwrite~A,FIXED/p1,"MIXED:DIEDx1,REPAIRx2",FIXED/p1;ABSORBED_FROZEN/pNone;ABSORBED_FROZEN/pNone;FIXED/p1;FIXED/p1;FIXED/p1;FIXED/p1;FIXED/p1;FIXED/p1,False;False;False,False,False
2,A>A.self|A>B.reqwrite~B,ABSORBED_FROZEN/pNone,PRE_FAIL,ABSORBED_FROZEN/pNone;ABSORBED_EMPTY/pNone;ABSORBED_FROZEN/pNone;ABSORBED_EMPTY/pNone;ABSORBED_FROZEN/pNone;ABSORBED_EMPTY/pNone,None;None;None,False,False
2,A>A.self|A>B.reqwrite~~,ABSORBED_FROZEN/pNone,PRE_FAIL,ABSORBED_EMPTY/pNone;ABSORBED_EMPTY/pNone;ABSORBED_EMPTY/pNone,None;None;None,False,False
2,A>A.self|A>B.req~,ABSORBED_FROZEN/pNone,PRE_FAIL,ABSORBED_EMPTY/pNone;ABSORBED_EMPTY/pNone;ABSORBED_EMPTY/pNone,None;None;None,False,False
2,A>A.self|A>B.self,ABSORBED_FROZEN/pNone,PRE_FAIL,ABSORBED_EMPTY/pNone;ABSORBED_EMPTY/pNone;ABSORBED_EMPTY/pNone,None;None;None,False,False
2,A>A.self|A>B.writeA,"MIXED:APERIODIC/pNonex1,FIXED/p1x2","MIXED:DEGRADEDx2,PRE_FAILx1",FIXED/p1;APERIODIC/pNone;APERIODIC/pNone;APERIODIC/pNone;FIXED/p1;FIXED/p1;APERIODIC/pNone;FIXED/p1;FIXED/p1,None;False;False,False,False
2,A>A.self|A>B.writeB,ABSORBED_FROZEN/pNone,PRE_FAIL,ABSORBED_FROZEN/pNone;ABSORBED_EMPTY/pNone;ABSORBED_FROZEN/pNone;ABSORBED_EMPTY/pNone;ABSORBED_FROZEN/pNone;ABSORBED_EMPTY/pNone,None;None;None,False,False
2,A>A.self|A>B.write~,ABSORBED_FROZEN/pNone,PRE_FAIL,ABSORBED_EMPTY/pNone;ABSORBED_EMPTY/pNone;ABSORBED_EMPTY/pNone,None;None;None,False,False
2,A>A.self|A>~.reqA,FIXED/p1,DIED,ABSORBED_EMPTY/pNone;ABSORBED_EMPTY/pNone;ABSORBED_EMPTY/pNone,None;None;None,False,False
2,A>A.self|A>~.reqB,FIXED/p1,DIED,ABSORBED_EMPTY/pNone;ABSORBED_EMPTY/pNone;ABSORBED_EMPTY/pNone,None;None;None,False,False
2,A>A.self|A>~.reqwriteAA,FIXED/p1,DIED,ABSORBED_EMPTY/pNone;ABSORBED_EMPTY/pNone;ABSORBED_EMPTY/pNone,None;None;None,False,False
2,A>A.self|A>~.reqwriteAB,FIXED/p1,DIED,ABSORBED_EMPTY/pNone;ABSORBED_EMPTY/pNone;ABSORBED_EMPTY/pNone,None;None;None,False,False
2,A>A.self|A>~.reqwriteA~,FIXED/p1,DIED,ABSORBED_EMPTY/pNone;ABSORBED_EMPTY/pNone;ABSORBED_EMPTY/pNone,None;None;None,False,False
2,A>A.self|A>~.reqwriteBA,FIXED/p1,DIED,ABSORBED_EMPTY/pNone;ABSORBED_EMPTY/pNone;ABSORBED_EMPTY/pNone,None;None;None,False,False
2,A>A.self|A>~.reqwriteBB,FIXED/p1,DIED,ABSORBED_EMPTY/pNone;ABSORBED_EMPTY/pNone;ABSORBED_EMPTY/pNone,None;None;None,False,False
2,A>A.self|A>~.reqwriteB~,FIXED/p1,DIED,ABSORBED_EMPTY/pNone;ABSORBED_EMPTY/pNone;ABSORBED_EMPTY/pNone,None;None;None,False,False
2,A>A.self|A>~.reqwrite~A,"MIXED:APERIODIC/pNonex1,FIXED/p1x2","MIXED:DIEDx2,PRE_FAILx1",ABSORBED_EMPTY/pNone;ABSORBED_EMPTY/pNone;ABSORBED_EMPTY/pNone,None;None;None,False,False
2,A>A.self|A>~.reqwrite~B,ABSORBED_FROZEN/pNone,PRE_FAIL,ABSORBED_EMPTY/pNone;ABSORBED_EMPTY/pNone;ABSORBED_EMPTY/pNone,None;None;None,False,False
2,A>A.self|A>~.reqwrite~~,ABSORBED_EMPTY/pNone,PRE_FAIL,,None;None;None,False,False
2,A>A.self|A>~.req~,ABSORBED_EMPTY/pNone,PRE_FAIL,,None;None;None,False,False
2,A>A.self|A>~.self,ABSORBED_EMPTY/pNone,PRE_FAIL,,None;None;None,False,False
2,A>A.self|A>~.writeA,"MIXED:APERIODIC/pNonex1,FIXED/p1x2","MIXED:DIEDx2,PRE_FAILx1",ABSORBED_EMPTY/pNone;ABSORBED_EMPTY/pNone;ABSORBED_EMPTY/pNone,None;None;None,False,False
2,A>A.self|A>~.writeB,ABSORBED_FROZEN/pNone,PRE_FAIL,ABSORBED_EMPTY/pNone;ABSORBED_EMPTY/pNone;ABSORBED_EMPTY/pNone,None;None;None,False,False
2,A>A.self|A>~.write~,ABSORBED_EMPTY/pNone,PRE_FAIL,,None;None;None,False,False
2,A>A.self|B>A.reqA,FIXED/p1,DIED,ABSORBED_EMPTY/pNone;ABSORBED_EMPTY/pNone;ABSORBED_EMPTY/pNone,None;None;None,False,False
2,A>A.self|B>A.reqB,FIXED/p1,DIED,ABSORBED_EMPTY/pNone;ABSORBED_EMPTY/pNone;ABSORBED_EMPTY/pNone,None;None;None,False,False
2,A>A.self|B>A.reqwriteAA,FIXED/p1,DIED,ABSORBED_EMPTY/pNone;ABSORBED_EMPTY/pNone;ABSORBED_EMPTY/pNone,None;None;None,False,False
2,A>A.self|B>A.reqwriteAB,FIXED/p1,DIED,ABSORBED_EMPTY/pNone;ABSORBED_EMPTY/pNone;ABSORBED_EMPTY/pNone,None;None;None,False,False
2,A>A.self|B>A.reqwriteA~,FIXED/p1,DIED,ABSORBED_EMPTY/pNone;ABSORBED_EMPTY/pNone;ABSORBED_EMPTY/pNone,None;None;None,False,False
2,A>A.self|B>A.reqwriteBA,FIXED/p1,DIED,ABSORBED_EMPTY/pNone;ABSORBED_EMPTY/pNone;ABSORBED_EMPTY/pNone,None;None;None,False,False
2,A>A.self|B>A.reqwriteBB,FIXED/p1,DIED,ABSORBED_EMPTY/pNone;ABSORBED_EMPTY/pNone;ABSORBED_EMPTY/pNone,None;None;None,False,False
2,A>A.self|B>A.reqwriteB~,FIXED/p1,DIED,ABSORBED_EMPTY/pNone;ABSORBED_EMPTY/pNone;ABSORBED_EMPTY/pNone,None;None;None,False,False
2,A>A.self|B>A.reqwrite~A,FIXED/p1,DIED,ABSORBED_EMPTY/pNone;ABSORBED_EMPTY/pNone;ABSORBED_EMPTY/pNone,None;None;None,False,False
2,A>A.self|B>A.reqwrite~B,FIXED/p1,DIED,ABSORBED_EMPTY/pNone;ABSORBED_EMPTY/pNone;ABSORBED_EMPTY/pNone,None;None;None,False,False
2,A>A.self|B>A.reqwrite~~,FIXED/p1,DIED,ABSORBED_EMPTY/pNone;ABSORBED_EMPTY/pNone;ABSORBED_EMPTY/pNone,None;None;None,False,False
2,A>A.self|B>A.req~,FIXED/p1,DIED,ABSORBED_EMPTY/pNone;ABSORBED_EMPTY/pNone;ABSORBED_EMPTY/pNone,None;None;None,False,False
2,A>A.self|B>A.self,FIXED/p1,DIED,ABSORBED_EMPTY/pNone;ABSORBED_EMPTY/pNone;ABSORBED_EMPTY/pNone,None;None;None,False,False
2,A>A.self|B>A.writeA,FIXED/p1,DIED,ABSORBED_EMPTY/pNone;ABSORBED_EMPTY/pNone;ABSORBED_EMPTY/pNone,None;None;None,False,False
2,A>A.self|B>A.writeB,FIXED/p1,DIED,ABSORBED_EMPTY/pNone;ABSORBED_EMPTY/pNone;ABSORBED_EMPTY/pNone,None;None;None,False,False
2,A>A.self|B>A.write~,FIXED/p1,DIED,ABSORBED_EMPTY/pNone;ABSORBED_EMPTY/pNone;ABSORBED_EMPTY/pNone,None;None;None,False,False
2,A>A.self|B>B.reqA,FIXED/p1,DIED,ABSORBED_EMPTY/pNone;ABSORBED_EMPTY/pNone;ABSORBED_EMPTY/pNone,None;None;None,False,False
2,A>A.self|B>B.reqB,FIXED/p1,DIED,ABSORBED_EMPTY/pNone;ABSORBED_EMPTY/pNone;ABSORBED_EMPTY/pNone,None;None;None,False,False
2,A>A.self|B>B.reqwriteAA,FIXED/p1,DIED,ABSORBED_EMPTY/pNone;ABSORBED_EMPTY/pNone;ABSORBED_EMPTY/pNone,None;None;None,False,False
2,A>A.self|B>B.reqwriteAB,FIXED/p1,DIED,ABSORBED_EMPTY/pNone;ABSORBED_EMPTY/pNone;ABSORBED_EMPTY/pNone,None;None;None,False,False
2,A>A.self|B>B.reqwriteA~,FIXED/p1,DIED,ABSORBED_EMPTY/pNone;ABSORBED_EMPTY/pNone;ABSORBED_EMPTY/pNone,None;None;None,False,False
2,A>A.self|B>B.reqwriteBA,FIXED/p1,DIED,ABSORBED_EMPTY/pNone;ABSORBED_EMPTY/pNone;ABSORBED_EMPTY/pNone,None;None;None,False,False
2,A>A.self|B>B.reqwriteBB,FIXED/p1,DIED,ABSORBED_EMPTY/pNone;ABSORBED_EMPTY/pNone;ABSORBED_EMPTY/pNone,None;None;None,False,False
2,A>A.self|B>B.reqwriteB~,FIXED/p1,DIED,ABSORBED_EMPTY/pNone;ABSORBED_EMPTY/pNone;ABSORBED_EMPTY/pNone,None;None;None,False,False
2,A>A.self|B>B.reqwrite~A,FIXED/p1,DIED,ABSORBED_EMPTY/pNone;ABSORBED_EMPTY/pNone;ABSORBED_EMPTY/pNone,None;None;None,False,False
2,A>A.self|B>B.reqwrite~B,FIXED/p1,DIED,ABSORBED_EMPTY/pNone;ABSORBED_EMPTY/pNone;ABSORBED_EMPTY/pNone,None;None;None,False,False
2,A>A.self|B>B.reqwrite~~,FIXED/p1,DIED,ABSORBED_EMPTY/pNone;ABSORBED_EMPTY/pNone;ABSORBED_EMPTY/pNone,None;None;None,False,False
2,A>A.self|B>B.req~,FIXED/p1,DIED,ABSORBED_EMPTY/pNone;ABSORBED_EMPTY/pNone;ABSORBED_EMPTY/pNone,None;None;None,False,False
2,A>A.self|B>B.self,FIXED/p1,DIED,ABSORBED_EMPTY/pNone;ABSORBED_EMPTY/pNone;ABSORBED_EMPTY/pNone,None;None;None,False,False
2,A>A.self|B>B.writeA,FIXED/p1,DIED,ABSORBED_EMPTY/pNone;ABSORBED_EMPTY/pNone;ABSORBED_EMPTY/pNone,None;None;None,False,False
2,A>A.self|B>B.writeB,FIXED/p1,DIED,ABSORBED_EMPTY/pNone;ABSORBED_EMPTY/pNone;ABSORBED_EMPTY/pNone,None;None;None,False,False
2,A>A.self|B>B.write~,FIXED/p1,DIED,ABSORBED_EMPTY/pNone;ABSORBED_EMPTY/pNone;ABSORBED_EMPTY/pNone,None;None;None,False,False
2,A>A.self|B>~.reqA,FIXED/p1,DIED,ABSORBED_EMPTY/pNone;ABSORBED_EMPTY/pNone;ABSORBED_EMPTY/pNone,None;None;None,False,False
2,A>A.self|B>~.reqB,FIXED/p1,DIED,ABSORBED_EMPTY/pNone;ABSORBED_EMPTY/pNone;ABSORBED_EMPTY/pNone,None;None;None,False,False
2,A>A.self|B>~.reqwriteAA,FIXED/p1,DIED,ABSORBED_EMPTY/pNone;ABSORBED_EMPTY/pNone;ABSORBED_EMPTY/pNone,None;None;None,False,False
2,A>A.self|B>~.reqwriteAB,FIXED/p1,DIED,ABSORBED_EMPTY/pNone;ABSORBED_EMPTY/pNone;ABSORBED_EMPTY/pNone,None;None;None,False,False
2,A>A.self|B>~.reqwriteA~,FIXED/p1,DIED,ABSORBED_EMPTY/pNone;ABSORBED_EMPTY/pNone;ABSORBED_EMPTY/pNone,None;None;None,False,False
2,A>A.self|B>~.reqwriteBA,FIXED/p1,DIED,ABSORBED_EMPTY/pNone;ABSORBED_EMPTY/pNone;ABSORBED_EMPTY/pNone,None;None;None,False,False
2,A>A.self|B>~.reqwriteBB,FIXED/p1,DIED,ABSORBED_EMPTY/pNone;ABSORBED_EMPTY/pNone;ABSORBED_EMPTY/pNone,None;None;None,False,False
2,A>A.self|B>~.reqwriteB~,FIXED/p1,DIED,ABSORBED_EMPTY/pNone;ABSORBED_EMPTY/pNone;ABSORBED_EMPTY/pNone,None;None;None,False,False
2,A>A.self|B>~.reqwrite~A,FIXED/p1,DIED,ABSORBED_EMPTY/pNone;ABSORBED_EMPTY/pNone;ABSORBED_EMPTY/pNone,None;None;None,False,False
2,A>A.self|B>~.reqwrite~B,FIXED/p1,DIED,ABSORBED_EMPTY/pNone;ABSORBED_EMPTY/pNone;ABSORBED_EMPTY/pNone,None;None;None,False,False
2,A>A.self|B>~.reqwrite~~,FIXED/p1,DIED,ABSORBED_EMPTY/pNone;ABSORBED_EMPTY/pNone;ABSORBED_EMPTY/pNone,None;None;None,False,False
2,A>A.self|B>~.req~,FIXED/p1,DIED,ABSORBED_EMPTY/pNone;ABSORBED_EMPTY/pNone;ABSORBED_EMPTY/pNone,None;None;None,False,False
2,A>A.self|B>~.self,FIXED/p1,DIED,ABSORBED_EMPTY/pNone;ABSORBED_EMPTY/pNone;ABSORBED_EMPTY/pNone,None;None;None,False,False
2,A>A.self|B>~.writeA,FIXED/p1,DIED,ABSORBED_EMPTY/pNone;ABSORBED_EMPTY/pNone;ABSORBED_EMPTY/pNone,None;None;None,False,False
2,A>A.self|B>~.writeB,FIXED/p1,DIED,ABSORBED_EMPTY/pNone;ABSORBED_EMPTY/pNone;ABSORBED_EMPTY/pNone,None;None;None,False,False
2,A>A.self|B>~.write~,FIXED/p1,DIED,ABSORBED_EMPTY/pNone;ABSORBED_EMPTY/pNone;ABSORBED_EMPTY/pNone,None;None;None,False,False
2,A>A.writeA|A>A.writeB,"MIXED:APERIODIC/pNonex2,FIXED/p1x1","MIXED:DIEDx1,PRE_FAILx2",ABSORBED_FROZEN/pNone;ABSORBED_FROZEN/pNone;ABSORBED_FROZEN/pNone;APERIODIC/pNone;FIXED/p1;APERIODIC/pNone;FIXED/p1;ABSORBED_FROZEN/pNone;ABSORBED_FROZEN/pNone,False;None;None,False,False
2,A>A.writeA|A>A.write~,"MIXED:APERIODIC/pNonex2,FIXED/p1x1","MIXED:DIEDx1,PRE_FAILx2",ABSORBED_EMPTY/pNone;APERIODIC/pNone;FIXED/p1;APERIODIC/pNone;FIXED/p1;ABSORBED_EMPTY/pNone,None;None;None,False,False
2,A>A.writeA|A>B.reqA,"MIXED:APERIODIC/pNonex2,FIXED/p1x1","MIXED:DEGRADEDx1,PRE_FAILx2",APERIODIC/pNone;APERIODIC/pNone;APERIODIC/pNone;FIXED/p1;FIXED/p1;APERIODIC/pNone;APERIODIC/pNone;FIXED/p1;FIXED/p1,False;None;None,False,False
2,A>A.writeA|A>B.reqB,FIXED/p1,REPAIR,FIXED/p1;FIXED/p1;FIXED/p1;FIXED/p1;FIXED/p1;FIXED/p1;FIXED/p1;FIXED/p1;FIXED/p1,True;True;True,True,False
2,A>A.writeA|A>B.reqwriteAA,"MIXED:APERIODIC/pNonex2,FIXED/p1x1","MIXED:DEGRADEDx1,PRE_FAILx2",APERIODIC/pNone;APERIODIC/pNone;APERIODIC/pNone;FIXED/p1;FIXED/p1;APERIODIC/pNone;APERIODIC/pNone;FIXED/p1;FIXED/p1,False;None;None,False,False
2,A>A.writeA|A>B.reqwriteAB,ABSORBED_FROZEN/pNone,PRE_FAIL,ABSORBED_FROZEN/pNone;ABSORBED_EMPTY/pNone;ABSORBED_FROZEN/pNone;ABSORBED_FROZEN/pNone;ABSORBED_FROZEN/pNone;ABSORBED_FROZEN/pNone;ABSORBED_EMPTY/pNone,None;None;None,False,False
2,A>A.writeA|A>B.reqwriteA~,ABSORBED_FROZEN/pNone,PRE_FAIL,ABSORBED_EMPTY/pNone;ABSORBED_FROZEN/pNone;ABSORBED_EMPTY/pNone;ABSORBED_EMPTY/pNone,None;None;None,False,False
2,A>A.writeA|A>B.reqwriteBA,FIXED/p1,REPAIR,FIXED/p1;FIXED/p1;FIXED/p1;FIXED/p1;FIXED/p1;FIXED/p1;FIXED/p1;FIXED/p1;FIXED/p1,True;True;True,True,False
2,A>A.writeA|A>B.reqwriteBB,FIXED/p1,REPAIR,FIXED/p1;FIXED/p1;FIXED/p1;FIXED/p1;FIXED/p1;FIXED/p1;FIXED/p1;FIXED/p1;FIXED/p1,True;True;True,True,False
2,A>A.writeA|A>B.reqwriteB~,FIXED/p1,REPAIR,FIXED/p1;FIXED/p1;FIXED/p1;FIXED/p1;FIXED/p1;FIXED/p1;FIXED/p1;FIXED/p1;FIXED/p1,True;True;True,True,False
2,A>A.writeA|A>B.reqwrite~A,FIXED/p1,REPAIR,FIXED/p1;FIXED/p1;FIXED/p1;FIXED/p1;FIXED/p1;FIXED/p1;FIXED/p1;FIXED/p1;FIXED/p1,True;True;True,True,False
2,A>A.writeA|A>B.reqwrite~B,ABSORBED_FROZEN/pNone,PRE_FAIL,ABSORBED_FROZEN/pNone;ABSORBED_EMPTY/pNone;ABSORBED_FROZEN/pNone;ABSORBED_EMPTY/pNone;ABSORBED_FROZEN/pNone;ABSORBED_EMPTY/pNone,None;None;None,False,False
2,A>A.writeA|A>B.reqwrite~~,ABSORBED_FROZEN/pNone,PRE_FAIL,ABSORBED_EMPTY/pNone;ABSORBED_EMPTY/pNone;ABSORBED_EMPTY/pNone,None;None;None,False,False
2,A>A.writeA|A>B.req~,ABSORBED_FROZEN/pNone,PRE_FAIL,ABSORBED_EMPTY/pNone;ABSORBED_EMPTY/pNone;ABSORBED_EMPTY/pNone,None;None;None,False,False
2,A>A.writeA|A>B.self,ABSORBED_FROZEN/pNone,PRE_FAIL,ABSORBED_EMPTY/pNone;ABSORBED_EMPTY/pNone;ABSORBED_EMPTY/pNone,None;None;None,False,False
2,A>A.writeA|A>B.writeA,APERIODIC/pNone,PRE_FAIL,APERIODIC/pNone;APERIODIC/pNone;APERIODIC/pNone;APERIODIC/pNone;APERIODIC/pNone;FIXED/p1;APERIODIC/pNone;FIXED/p1;FIXED/p1,None;None;None,False,False
2,A>A.writeA|A>B.writeB,ABSORBED_FROZEN/pNone,PRE_FAIL,ABSORBED_FROZEN/pNone;ABSORBED_EMPTY/pNone;ABSORBED_FROZEN/pNone;ABSORBED_EMPTY/pNone;ABSORBED_FROZEN/pNone;ABSORBED_EMPTY/pNone,None;None;None,False,False
2,A>A.writeA|A>B.write~,ABSORBED_FROZEN/pNone,PRE_FAIL,ABSORBED_EMPTY/pNone;ABSORBED_EMPTY/pNone;ABSORBED_EMPTY/pNone,None;None;None,False,False
2,A>A.writeA|A>~.reqA,"MIXED:APERIODIC/pNonex2,FIXED/p1x1","MIXED:DEGRADEDx1,PRE_FAILx2",APERIODIC/pNone;APERIODIC/pNone;APERIODIC/pNone;FIXED/p1;FIXED/p1;APERIODIC/pNone;APERIODIC/pNone;FIXED/p1;FIXED/p1,False;None;None,False,False
2,A>A.writeA|A>~.reqB,FIXED/p1,REPAIR,FIXED/p1;FIXED/p1;FIXED/p1;FIXED/p1;FIXED/p1;FIXED/p1;FIXED/p1;FIXED/p1;FIXED/p1,True;True;True,True,False
2,A>A.writeA|A>~.reqwriteAA,"MIXED:APERIODIC/pNonex2,FIXED/p1x1","MIXED:DEGRADEDx1,PRE_FAILx2",APERIODIC/pNone;APERIODIC/pNone;APERIODIC/pNone;FIXED/p1;FIXED/p1;APERIODIC/pNone;APERIODIC/pNone;FIXED/p1;FIXED/p1,False;None;None,False,False
2,A>A.writeA|A>~.reqwriteAB,ABSORBED_FROZEN/pNone,PRE_FAIL,ABSORBED_EMPTY/pNone;ABSORBED_FROZEN/pNone;ABSORBED_EMPTY/pNone;ABSORBED_EMPTY/pNone,None;None;None,False,False
2,A>A.writeA|A>~.reqwriteA~,ABSORBED_EMPTY/pNone,PRE_FAIL,,None;None;None,False,False
2,A>A.writeA|A>~.reqwriteBA,FIXED/p1,REPAIR,FIXED/p1;FIXED/p1;FIXED/p1;FIXED/p1;FIXED/p1;FIXED/p1;FIXED/p1;FIXED/p1;FIXED/p1,True;True;True,True,False
2,A>A.writeA|A>~.reqwriteBB,FIXED/p1,REPAIR,FIXED/p1;FIXED/p1;FIXED/p1;FIXED/p1;FIXED/p1;FIXED/p1;FIXED/p1;FIXED/p1;FIXED/p1,True;True;True,True,False
2,A>A.writeA|A>~.reqwriteB~,FIXED/p1,REPAIR,FIXED/p1;FIXED/p1;FIXED/p1;FIXED/p1;FIXED/p1;FIXED/p1;FIXED/p1;FIXED/p1;FIXED/p1,True;True;True,True,False
2,A>A.writeA|A>~.reqwrite~A,FIXED/p1,REPAIR,FIXED/p1;FIXED/p1;FIXED/p1;FIXED/p1;FIXED/p1;FIXED/p1;FIXED/p1;FIXED/p1;FIXED/p1,True;True;True,True,False
2,A>A.writeA|A>~.reqwrite~B,ABSORBED_FROZEN/pNone,PRE_FAIL,ABSORBED_EMPTY/pNone;ABSORBED_EMPTY/pNone;ABSORBED_EMPTY/pNone,None;None;None,False,False
2,A>A.writeA|A>~.reqwrite~~,ABSORBED_EMPTY/pNone,PRE_FAIL,,None;None;None,False,False
2,A>A.writeA|A>~.req~,ABSORBED_EMPTY/pNone,PRE_FAIL,,None;None;None,False,False
2,A>A.writeA|A>~.self,ABSORBED_EMPTY/pNone,PRE_FAIL,,None;None;None,False,False
2,A>A.writeA|A>~.writeA,APERIODIC/pNone,PRE_FAIL,APERIODIC/pNone;APERIODIC/pNone;APERIODIC/pNone;APERIODIC/pNone;APERIODIC/pNone;FIXED/p1;APERIODIC/pNone;FIXED/p1;FIXED/p1,None;None;None,False,False
2,A>A.writeA|A>~.writeB,ABSORBED_FROZEN/pNone,PRE_FAIL,ABSORBED_EMPTY/pNone;ABSORBED_EMPTY/pNone;ABSORBED_EMPTY/pNone,None;None;None,False,False
2,A>A.writeA|A>~.write~,ABSORBED_EMPTY/pNone,PRE_FAIL,,None;None;None,False,False
2,A>A.writeA|B>A.reqA,FIXED/p1,REPAIR,FIXED/p1;FIXED/p1;FIXED/p1;FIXED/p1;FIXED/p1;FIXED/p1;FIXED/p1;FIXED/p1;FIXED/p1,True;True;True,True,False
2,A>A.writeA|B>A.reqB,FIXED/p1,REPAIR,FIXED/p1;FIXED/p1;FIXED/p1;FIXED/p1;FIXED/p1;FIXED/p1;FIXED/p1;FIXED/p1;FIXED/p1,True;True;True,True,False
2,A>A.writeA|B>A.reqwriteAA,FIXED/p1,REPAIR,FIXED/p1;FIXED/p1;FIXED/p1;FIXED/p1;FIXED/p1;FIXED/p1;FIXED/p1;FIXED/p1;FIXED/p1,True;True;True,True,False
2,A>A.writeA|B>A.reqwriteAB,FIXED/p1,REPAIR,FIXED/p1;FIXED/p1;FIXED/p1;FIXED/p1;FIXED/p1;FIXED/p1;FIXED/p1;FIXED/p1;FIXED/p1,True;True;True,True,False
2,A>A.writeA|B>A.reqwriteA~,FIXED/p1,REPAIR,FIXED/p1;FIXED/p1;FIXED/p1;FIXED/p1;FIXED/p1;FIXED/p1;FIXED/p1;FIXED/p1;FIXED/p1,True;True;True,True,False
2,A>A.writeA|B>A.reqwriteBA,FIXED/p1,REPAIR,FIXED/p1;FIXED/p1;FIXED/p1;FIXED/p1;FIXED/p1;FIXED/p1;FIXED/p1;FIXED/p1;FIXED/p1,True;True;True,True,False
2,A>A.writeA|B>A.reqwriteBB,FIXED/p1,REPAIR,FIXED/p1;FIXED/p1;FIXED/p1;FIXED/p1;FIXED/p1;FIXED/p1;FIXED/p1;FIXED/p1;FIXED/p1,True;True;True,True,False
2,A>A.writeA|B>A.reqwriteB~,FIXED/p1,REPAIR,FIXED/p1;FIXED/p1;FIXED/p1;FIXED/p1;FIXED/p1;FIXED/p1;FIXED/p1;FIXED/p1;FIXED/p1,True;True;True,True,False
2,A>A.writeA|B>A.reqwrite~A,FIXED/p1,REPAIR,FIXED/p1;FIXED/p1;FIXED/p1;FIXED/p1;FIXED/p1;FIXED/p1;FIXED/p1;FIXED/p1;FIXED/p1,True;True;True,True,False
2,A>A.writeA|B>A.reqwrite~B,FIXED/p1,REPAIR,FIXED/p1;FIXED/p1;FIXED/p1;FIXED/p1;FIXED/p1;FIXED/p1;FIXED/p1;FIXED/p1;FIXED/p1,True;True;True,True,False
2,A>A.writeA|B>A.reqwrite~~,FIXED/p1,REPAIR,FIXED/p1;FIXED/p1;FIXED/p1;FIXED/p1;FIXED/p1;FIXED/p1;FIXED/p1;FIXED/p1;FIXED/p1,True;True;True,True,False
2,A>A.writeA|B>A.req~,FIXED/p1,REPAIR,FIXED/p1;FIXED/p1;FIXED/p1;FIXED/p1;FIXED/p1;FIXED/p1;FIXED/p1;FIXED/p1;FIXED/p1,True;True;True,True,False
2,A>A.writeA|B>A.self,FIXED/p1,REPAIR,FIXED/p1;FIXED/p1;FIXED/p1;FIXED/p1;FIXED/p1;FIXED/p1;FIXED/p1;FIXED/p1;FIXED/p1,True;True;True,True,False
2,A>A.writeA|B>A.writeA,FIXED/p1,REPAIR,FIXED/p1;FIXED/p1;FIXED/p1;FIXED/p1;FIXED/p1;FIXED/p1;FIXED/p1;FIXED/p1;FIXED/p1,True;True;True,True,False
2,A>A.writeA|B>A.writeB,FIXED/p1,REPAIR,FIXED/p1;FIXED/p1;FIXED/p1;FIXED/p1;FIXED/p1;FIXED/p1;FIXED/p1;FIXED/p1;FIXED/p1,True;True;True,True,False
2,A>A.writeA|B>A.write~,FIXED/p1,REPAIR,FIXED/p1;FIXED/p1;FIXED/p1;FIXED/p1;FIXED/p1;FIXED/p1;FIXED/p1;FIXED/p1;FIXED/p1,True;True;True,True,False
2,A>A.writeA|B>B.reqA,FIXED/p1,REPAIR,FIXED/p1;FIXED/p1;FIXED/p1;FIXED/p1;FIXED/p1;FIXED/p1;FIXED/p1;FIXED/p1;FIXED/p1,True;True;True,True,False
2,A>A.writeA|B>B.reqB,FIXED/p1,REPAIR,FIXED/p1;FIXED/p1;FIXED/p1;FIXED/p1;FIXED/p1;FIXED/p1;FIXED/p1;FIXED/p1;FIXED/p1,True;True;True,True,False
2,A>A.writeA|B>B.reqwriteAA,FIXED/p1,REPAIR,FIXED/p1;FIXED/p1;FIXED/p1;FIXED/p1;FIXED/p1;FIXED/p1;FIXED/p1;FIXED/p1;FIXED/p1,True;True;True,True,False
2,A>A.writeA|B>B.reqwriteAB,FIXED/p1,REPAIR,FIXED/p1;FIXED/p1;FIXED/p1;FIXED/p1;FIXED/p1;FIXED/p1;FIXED/p1;FIXED/p1;FIXED/p1,True;True;True,True,False
2,A>A.writeA|B>B.reqwriteA~,FIXED/p1,REPAIR,FIXED/p1;FIXED/p1;FIXED/p1;FIXED/p1;FIXED/p1;FIXED/p1;FIXED/p1;FIXED/p1;FIXED/p1,True;True;True,True,False
2,A>A.writeA|B>B.reqwriteBA,FIXED/p1,REPAIR,FIXED/p1;FIXED/p1;FIXED/p1;FIXED/p1;FIXED/p1;FIXED/p1;FIXED/p1;FIXED/p1;FIXED/p1,True;True;True,True,False
2,A>A.writeA|B>B.reqwriteBB,FIXED/p1,REPAIR,FIXED/p1;FIXED/p1;FIXED/p1;FIXED/p1;FIXED/p1;FIXED/p1;FIXED/p1;FIXED/p1;FIXED/p1,True;True;True,True,False
2,A>A.writeA|B>B.reqwriteB~,FIXED/p1,REPAIR,FIXED/p1;FIXED/p1;FIXED/p1;FIXED/p1;FIXED/p1;FIXED/p1;FIXED/p1;FIXED/p1;FIXED/p1,True;True;True,True,False
2,A>A.writeA|B>B.reqwrite~A,FIXED/p1,REPAIR,FIXED/p1;FIXED/p1;FIXED/p1;FIXED/p1;FIXED/p1;FIXED/p1;FIXED/p1;FIXED/p1;FIXED/p1,True;True;True,True,False
2,A>A.writeA|B>B.reqwrite~B,FIXED/p1,REPAIR,FIXED/p1;FIXED/p1;FIXED/p1;FIXED/p1;FIXED/p1;FIXED/p1;FIXED/p1;FIXED/p1;FIXED/p1,True;True;True,True,False
2,A>A.writeA|B>B.reqwrite~~,FIXED/p1,REPAIR,FIXED/p1;FIXED/p1;FIXED/p1;FIXED/p1;FIXED/p1;FIXED/p1;FIXED/p1;FIXED/p1;FIXED/p1,True;True;True,True,False
2,A>A.writeA|B>B.req~,FIXED/p1,REPAIR,FIXED/p1;FIXED/p1;FIXED/p1;FIXED/p1;FIXED/p1;FIXED/p1;FIXED/p1;FIXED/p1;FIXED/p1,True;True;True,True,False
2,A>A.writeA|B>B.self,FIXED/p1,REPAIR,FIXED/p1;FIXED/p1;FIXED/p1;FIXED/p1;FIXED/p1;FIXED/p1;FIXED/p1;FIXED/p1;FIXED/p1,True;True;True,True,False
2,A>A.writeA|B>B.writeA,FIXED/p1,REPAIR,FIXED/p1;FIXED/p1;FIXED/p1;FIXED/p1;FIXED/p1;FIXED/p1;FIXED/p1;FIXED/p1;FIXED/p1,True;True;True,True,False
2,A>A.writeA|B>B.writeB,FIXED/p1,REPAIR,FIXED/p1;FIXED/p1;FIXED/p1;FIXED/p1;FIXED/p1;FIXED/p1;FIXED/p1;FIXED/p1;FIXED/p1,True;True;True,True,False
2,A>A.writeA|B>B.write~,FIXED/p1,REPAIR,FIXED/p1;FIXED/p1;FIXED/p1;FIXED/p1;FIXED/p1;FIXED/p1;FIXED/p1;FIXED/p1;FIXED/p1,True;True;True,True,False
2,A>A.writeA|B>~.reqA,FIXED/p1,REPAIR,FIXED/p1;FIXED/p1;FIXED/p1;FIXED/p1;FIXED/p1;FIXED/p1;FIXED/p1;FIXED/p1;FIXED/p1,True;True;True,True,False
2,A>A.writeA|B>~.reqB,FIXED/p1,REPAIR,FIXED/p1;FIXED/p1;FIXED/p1;FIXED/p1;FIXED/p1;FIXED/p1;FIXED/p1;FIXED/p1;FIXED/p1,True;True;True,True,False
2,A>A.writeA|B>~.reqwriteAA,FIXED/p1,REPAIR,FIXED/p1;FIXED/p1;FIXED/p1;FIXED/p1;FIXED/p1;FIXED/p1;FIXED/p1;FIXED/p1;FIXED/p1,True;True;True,True,False
2,A>A.writeA|B>~.reqwriteAB,FIXED/p1,REPAIR,FIXED/p1;FIXED/p1;FIXED/p1;FIXED/p1;FIXED/p1;FIXED/p1;FIXED/p1;FIXED/p1;FIXED/p1,True;True;True,True,False
2,A>A.writeA|B>~.reqwriteA~,FIXED/p1,REPAIR,FIXED/p1;FIXED/p1;FIXED/p1;FIXED/p1;FIXED/p1;FIXED/p1;FIXED/p1;FIXED/p1;FIXED/p1,True;True;True,True,False
2,A>A.writeA|B>~.reqwriteBA,FIXED/p1,REPAIR,FIXED/p1;FIXED/p1;FIXED/p1;FIXED/p1;FIXED/p1;FIXED/p1;FIXED/p1;FIXED/p1;FIXED/p1,True;True;True,True,False
2,A>A.writeA|B>~.reqwriteBB,FIXED/p1,REPAIR,FIXED/p1;FIXED/p1;FIXED/p1;FIXED/p1;FIXED/p1;FIXED/p1;FIXED/p1;FIXED/p1;FIXED/p1,True;True;True,True,False
2,A>A.writeA|B>~.reqwriteB~,FIXED/p1,REPAIR,FIXED/p1;FIXED/p1;FIXED/p1;FIXED/p1;FIXED/p1;FIXED/p1;FIXED/p1;FIXED/p1;FIXED/p1,True;True;True,True,False
2,A>A.writeA|B>~.reqwrite~A,FIXED/p1,REPAIR,FIXED/p1;FIXED/p1;FIXED/p1;FIXED/p1;FIXED/p1;FIXED/p1;FIXED/p1;FIXED/p1;FIXED/p1,True;True;True,True,False
2,A>A.writeA|B>~.reqwrite~B,FIXED/p1,REPAIR,FIXED/p1;FIXED/p1;FIXED/p1;FIXED/p1;FIXED/p1;FIXED/p1;FIXED/p1;FIXED/p1;FIXED/p1,True;True;True,True,False
2,A>A.writeA|B>~.reqwrite~~,FIXED/p1,REPAIR,FIXED/p1;FIXED/p1;FIXED/p1;FIXED/p1;FIXED/p1;FIXED/p1;FIXED/p1;FIXED/p1;FIXED/p1,True;True;True,True,False
2,A>A.writeA|B>~.req~,FIXED/p1,REPAIR,FIXED/p1;FIXED/p1;FIXED/p1;FIXED/p1;FIXED/p1;FIXED/p1;FIXED/p1;FIXED/p1;FIXED/p1,True;True;True,True,False
2,A>A.writeA|B>~.self,FIXED/p1,REPAIR,FIXED/p1;FIXED/p1;FIXED/p1;FIXED/p1;FIXED/p1;FIXED/p1;FIXED/p1;FIXED/p1;FIXED/p1,True;True;True,True,False
2,A>A.writeA|B>~.writeA,FIXED/p1,REPAIR,FIXED/p1;FIXED/p1;FIXED/p1;FIXED/p1;FIXED/p1;FIXED/p1;FIXED/p1;FIXED/p1;FIXED/p1,True;True;True,True,False
2,A>A.writeA|B>~.writeB,FIXED/p1,REPAIR,FIXED/p1;FIXED/p1;FIXED/p1;FIXED/p1;FIXED/p1;FIXED/p1;FIXED/p1;FIXED/p1;FIXED/p1,True;True;True,True,False
2,A>A.writeA|B>~.write~,FIXED/p1,REPAIR,FIXED/p1;FIXED/p1;FIXED/p1;FIXED/p1;FIXED/p1;FIXED/p1;FIXED/p1;FIXED/p1;FIXED/p1,True;True;True,True,False
2,A>A.writeB|A>A.write~,"MIXED:FIXED/p1x2,POP_OSC/p4x1",DIED,ABSORBED_EMPTY/pNone;APERIODIC/pNone;ABSORBED_EMPTY/pNone;ABSORBED_FROZEN/pNone;ABSORBED_EMPTY/pNone,None;None;None,False,False
2,A>A.writeB|A>B.reqA,FIXED/p1,DIED,FIXED/p1;FIXED/p1;ABSORBED_FROZEN/pNone;FIXED/p1;ABSORBED_FROZEN/pNone;ABSORBED_EMPTY/pNone;ABSORBED_FROZEN/pNone;ABSORBED_EMPTY/pNone,False;False;None,False,False
2,A>A.writeB|A>B.reqB,ABSORBED_FROZEN/pNone,PRE_FAIL,ABSORBED_FROZEN/pNone;ABSORBED_EMPTY/pNone;ABSORBED_FROZEN/pNone;ABSORBED_EMPTY/pNone;ABSORBED_FROZEN/pNone;ABSORBED_EMPTY/pNone,None;None;None,False,False
2,A>A.writeB|A>B.reqwriteAA,FIXED/p1,DIED,FIXED/p1;FIXED/p1;ABSORBED_FROZEN/pNone;FIXED/p1;ABSORBED_FROZEN/pNone;ABSORBED_EMPTY/pNone;ABSORBED_FROZEN/pNone;ABSORBED_EMPTY/pNone,False;False;None,False,False
2,A>A.writeB|A>B.reqwriteAB,FIXED/p1,DIED,FIXED/p1;FIXED/p1;ABSORBED_FROZEN/pNone;FIXED/p1;ABSORBED_FROZEN/pNone;ABSORBED_EMPTY/pNone;ABSORBED_FROZEN/pNone;ABSORBED_EMPTY/pNone,False;False;None,False,False
2,A>A.writeB|A>B.reqwriteA~,FIXED/p1,DIED,FIXED/p1;FIXED/p1;ABSORBED_FROZEN/pNone;FIXED/p1;ABSORBED_FROZEN/pNone;ABSORBED_EMPTY/pNone;ABSORBED_FROZEN/pNone;ABSORBED_EMPTY/pNone,False;False;None,False,False
2,A>A.writeB|A>B.reqwriteBA,"MIXED:APERIODIC/pNonex1,FIXED/p1x2","MIXED:DEGRADEDx1,DIEDx1,PRE_FAILx1",FIXED/p1;APERIODIC/pNone;APERIODIC/pNone;APERIODIC/pNone;FIXED/p1;FIXED/p1;APERIODIC/pNone;ABSORBED_FROZEN/pNone;ABSORBED_FROZEN/pNone,None;False;False,False,False
2,A>A.writeB|A>B.reqwriteBB,ABSORBED_FROZEN/pNone,PRE_FAIL,ABSORBED_FROZEN/pNone;ABSORBED_EMPTY/pNone;ABSORBED_FROZEN/pNone;ABSORBED_EMPTY/pNone;ABSORBED_FROZEN/pNone;ABSORBED_EMPTY/pNone,None;None;None,False,False
2,A>A.writeB|A>B.reqwriteB~,ABSORBED_FROZEN/pNone,PRE_FAIL,ABSORBED_EMPTY/pNone;ABSORBED_EMPTY/pNone;ABSORBED_EMPTY/pNone,None;None;None,False,False
2,A>A.writeB|A>B.reqwrite~A,FIXED/p1,"MIXED:DIEDx1,REPAIRx2",FIXED/p1;FIXED/p1;FIXED/p1;ABSORBED_FROZEN/pNone;ABSORBED_FROZEN/pNone;ABSORBED_FROZEN/pNone;FIXED/p1;FIXED/p1;FIXED/p1,False;False;False,False,False
2,A>A.writeB|A>B.reqwrite~B,ABSORBED_FROZEN/pNone,PRE_FAIL,ABSORBED_FROZEN/pNone;ABSORBED_EMPTY/pNone;ABSORBED_FROZEN/pNone;ABSORBED_EMPTY/pNone;ABSORBED_FROZEN/pNone;ABSORBED_EMPTY/pNone,None;None;None,False,False
2,A>A.writeB|A>B.reqwrite~~,ABSORBED_FROZEN/pNone,PRE_FAIL,ABSORBED_EMPTY/pNone;ABSORBED_EMPTY/pNone;ABSORBED_EMPTY/pNone,None;None;None,False,False
2,A>A.writeB|A>B.req~,ABSORBED_FROZEN/pNone,PRE_FAIL,ABSORBED_EMPTY/pNone;ABSORBED_EMPTY/pNone;ABSORBED_EMPTY/pNone,None;None;None,False,False
2,A>A.writeB|A>B.self,ABSORBED_FROZEN/pNone,PRE_FAIL,ABSORBED_EMPTY/pNone;ABSORBED_EMPTY/pNone;ABSORBED_EMPTY/pNone,None;None;None,False,False
2,A>A.writeB|A>B.writeA,"MIXED:APERIODIC/pNonex1,FIXED/p1x2","MIXED:DEGRADEDx2,PRE_FAILx1",FIXED/p1;APERIODIC/pNone;APERIODIC/pNone;APERIODIC/pNone;FIXED/p1;FIXED/p1;APERIODIC/pNone;FIXED/p1;FIXED/p1,None;False;False,False,False
2,A>A.writeB|A>B.writeB,ABSORBED_FROZEN/pNone,PRE_FAIL,ABSORBED_FROZEN/pNone;ABSORBED_EMPTY/pNone;ABSORBED_FROZEN/pNone;ABSORBED_EMPTY/pNone;ABSORBED_FROZEN/pNone;ABSORBED_EMPTY/pNone,None;None;None,False,False
2,A>A.writeB|A>B.write~,ABSORBED_FROZEN/pNone,PRE_FAIL,ABSORBED_EMPTY/pNone;ABSORBED_EMPTY/pNone;ABSORBED_EMPTY/pNone,None;None;None,False,False
2,A>A.writeB|A>~.reqA,FIXED/p1,DIED,FIXED/p1;FIXED/p1;ABSORBED_FROZEN/pNone;FIXED/p1;ABSORBED_FROZEN/pNone;ABSORBED_EMPTY/pNone;ABSORBED_FROZEN/pNone;ABSORBED_EMPTY/pNone,False;False;None,False,False
2,A>A.writeB|A>~.reqB,ABSORBED_FROZEN/pNone,PRE_FAIL,ABSORBED_EMPTY/pNone;ABSORBED_EMPTY/pNone;ABSORBED_EMPTY/pNone,None;None;None,False,False
2,A>A.writeB|A>~.reqwriteAA,FIXED/p1,DIED,FIXED/p1;FIXED/p1;ABSORBED_FROZEN/pNone;FIXED/p1;ABSORBED_FROZEN/pNone;ABSORBED_EMPTY/pNone;ABSORBED_FROZEN/pNone;ABSORBED_EMPTY/pNone,False;False;None,False,False
2,A>A.writeB|A>~.reqwriteAB,FIXED/p1,DIED,FIXED/p1;FIXED/p1;ABSORBED_FROZEN/pNone;FIXED/p1;ABSORBED_FROZEN/pNone;ABSORBED_EMPTY/pNone;ABSORBED_FROZEN/pNone;ABSORBED_EMPTY/pNone,False;False;None,False,False
2,A>A.writeB|A>~.reqwriteA~,FIXED/p1,DIED,FIXED/p1;FIXED/p1;ABSORBED_FROZEN/pNone;FIXED/p1;ABSORBED_FROZEN/pNone;ABSORBED_EMPTY/pNone;ABSORBED_FROZEN/pNone;ABSORBED_EMPTY/pNone,False;False;None,False,False
2,A>A.writeB|A>~.reqwriteBA,"MIXED:APERIODIC/pNonex2,FIXED/p1x1","MIXED:DIEDx1,PRE_FAILx2",ABSORBED_EMPTY/pNone;APERIODIC/pNone;ABSORBED_EMPTY/pNone;ABSORBED_FROZEN/pNone;ABSORBED_EMPTY/pNone,None;None;None,False,False
2,A>A.writeB|A>~.reqwriteBB,ABSORBED_FROZEN/pNone,PRE_FAIL,ABSORBED_EMPTY/pNone;ABSORBED_EMPTY/pNone;ABSORBED_EMPTY/pNone,None;None;None,False,False
2,A>A.writeB|A>~.reqwriteB~,ABSORBED_EMPTY/pNone,PRE_FAIL,,None;None;None,False,False
2,A>A.writeB|A>~.reqwrite~A,FIXED/p1,"MIXED:DIEDx2,REPAIRx1",FIXED/p1;FIXED/p1;FIXED/p1;ABSORBED_FROZEN/pNone;ABSORBED_EMPTY/pNone;ABSORBED_FROZEN/pNone;ABSORBED_EMPTY/pNone,False;None;None,False,False
2,A>A.writeB|A>~.reqwrite~B,ABSORBED_FROZEN/pNone,PRE_FAIL,ABSORBED_EMPTY/pNone;ABSORBED_EMPTY/pNone;ABSORBED_EMPTY/pNone,None;None;None,False,False
2,A>A.writeB|A>~.reqwrite~~,ABSORBED_EMPTY/pNone,PRE_FAIL,,None;None;None,False,False
2,A>A.writeB|A>~.req~,ABSORBED_EMPTY/pNone,PRE_FAIL,,None;None;None,False,False
2,A>A.writeB|A>~.self,ABSORBED_EMPTY/pNone,PRE_FAIL,,None;None;None,False,False
2,A>A.writeB|A>~.writeA,"MIXED:APERIODIC/pNonex2,FIXED/p1x1","MIXED:DIEDx1,PRE_FAILx2",ABSORBED_EMPTY/pNone;APERIODIC/pNone;ABSORBED_EMPTY/pNone;ABSORBED_FROZEN/pNone;ABSORBED_EMPTY/pNone,None;None;None,False,False
2,A>A.writeB|A>~.writeB,ABSORBED_FROZEN/pNone,PRE_FAIL,ABSORBED_EMPTY/pNone;ABSORBED_EMPTY/pNone;ABSORBED_EMPTY/pNone,None;None;None,False,False
2,A>A.writeB|A>~.write~,ABSORBED_EMPTY/pNone,PRE_FAIL,,None;None;None,False,False
2,A>A.writeB|B>A.reqA,FIXED/p1,DIED,FIXED/p1;FIXED/p1;ABSORBED_FROZEN/pNone;FIXED/p1;ABSORBED_FROZEN/pNone;ABSORBED_EMPTY/pNone;ABSORBED_FROZEN/pNone;ABSORBED_EMPTY/pNone,False;False;None,False,False
2,A>A.writeB|B>A.reqB,FIXED/p1,DIED,FIXED/p1;FIXED/p1;ABSORBED_FROZEN/pNone;FIXED/p1;ABSORBED_FROZEN/pNone;ABSORBED_EMPTY/pNone;ABSORBED_FROZEN/pNone;ABSORBED_EMPTY/pNone,False;False;None,False,False
2,A>A.writeB|B>A.reqwriteAA,FIXED/p1,DIED,FIXED/p1;FIXED/p1;ABSORBED_FROZEN/pNone;FIXED/p1;ABSORBED_FROZEN/pNone;ABSORBED_EMPTY/pNone;ABSORBED_FROZEN/pNone;ABSORBED_EMPTY/pNone,False;False;None,False,False
2,A>A.writeB|B>A.reqwriteAB,FIXED/p1,DIED,FIXED/p1;FIXED/p1;ABSORBED_FROZEN/pNone;FIXED/p1;ABSORBED_FROZEN/pNone;ABSORBED_EMPTY/pNone;ABSORBED_FROZEN/pNone;ABSORBED_EMPTY/pNone,False;False;None,False,False
2,A>A.writeB|B>A.reqwriteA~,FIXED/p1,DIED,FIXED/p1;FIXED/p1;ABSORBED_FROZEN/pNone;FIXED/p1;ABSORBED_FROZEN/pNone;ABSORBED_EMPTY/pNone;ABSORBED_FROZEN/pNone;ABSORBED_EMPTY/pNone,False;False;None,False,False
2,A>A.writeB|B>A.reqwriteBA,FIXED/p1,DIED,FIXED/p1;FIXED/p1;ABSORBED_FROZEN/pNone;FIXED/p1;ABSORBED_FROZEN/pNone;ABSORBED_EMPTY/pNone;ABSORBED_FROZEN/pNone;ABSORBED_EMPTY/pNone,False;False;None,False,False
2,A>A.writeB|B>A.reqwriteBB,FIXED/p1,DIED,FIXED/p1;FIXED/p1;ABSORBED_FROZEN/pNone;FIXED/p1;ABSORBED_FROZEN/pNone;ABSORBED_EMPTY/pNone;ABSORBED_FROZEN/pNone;ABSORBED_EMPTY/pNone,False;False;None,False,False
2,A>A.writeB|B>A.reqwriteB~,FIXED/p1,DIED,FIXED/p1;FIXED/p1;ABSORBED_FROZEN/pNone;FIXED/p1;ABSORBED_FROZEN/pNone;ABSORBED_EMPTY/pNone;ABSORBED_FROZEN/pNone;ABSORBED_EMPTY/pNone,False;False;None,False,False
2,A>A.writeB|B>A.reqwrite~A,FIXED/p1,REPAIR,FIXED/p1;FIXED/p1;FIXED/p1;FIXED/p1;FIXED/p1;FIXED/p1;FIXED/p1;FIXED/p1;FIXED/p1,False;False;False,True,False
2,A>A.writeB|B>A.reqwrite~B,FIXED/p1,REPAIR,FIXED/p1;FIXED/p1;FIXED/p1;FIXED/p1;FIXED/p1;FIXED/p1;FIXED/p1;FIXED/p1;FIXED/p1,False;False;False,True,False
2,A>A.writeB|B>A.reqwrite~~,FIXED/p1,REPAIR,FIXED/p1;FIXED/p1;FIXED/p1;FIXED/p1;FIXED/p1;FIXED/p1;FIXED/p1;FIXED/p1;FIXED/p1,False;False;False,True,False
2,A>A.writeB|B>A.req~,FIXED/p1,REPAIR,FIXED/p1;FIXED/p1;FIXED/p1;FIXED/p1;FIXED/p1;FIXED/p1;FIXED/p1;FIXED/p1;FIXED/p1,False;False;False,True,False
2,A>A.writeB|B>A.self,APERIODIC/pNone,PRE_FAIL,FIXED/p1;APERIODIC/pNone;APERIODIC/pNone;APERIODIC/pNone;APERIODIC/pNone;APERIODIC/pNone;POP_OSC/p2;FIXED/p1;FIXED/p1,None;None;None,False,False
2,A>A.writeB|B>A.writeA,APERIODIC/pNone,PRE_FAIL,FIXED/p1;APERIODIC/pNone;APERIODIC/pNone;APERIODIC/pNone;APERIODIC/pNone;APERIODIC/pNone;APERIODIC/pNone;FIXED/p1;FIXED/p1,None;None;None,False,False
2,A>A.writeB|B>A.writeB,"MIXED:APERIODIC/pNonex2,FIXED/p1x1","MIXED:DEGRADEDx1,PRE_FAILx2",FIXED/p1;APERIODIC/pNone;APERIODIC/pNone;APERIODIC/pNone;APERIODIC/pNone;APERIODIC/pNone;POP_OSC/p2;FIXED/p1;FIXED/p1,None;False;None,False,False
2,A>A.writeB|B>A.write~,"MIXED:APERIODIC/pNonex2,FIXED/p1x1","MIXED:DEGRADEDx1,PRE_FAILx2",APERIODIC/pNone;APERIODIC/pNone;FIXED/p1;APERIODIC/pNone;FIXED/p1;POP_OSC/p2;FIXED/p1;FIXED/p1;FIXED/p1,False;None;None,False,False
2,A>A.writeB|B>B.reqA,FIXED/p1,DIED,FIXED/p1;FIXED/p1;ABSORBED_FROZEN/pNone;FIXED/p1;ABSORBED_FROZEN/pNone;ABSORBED_EMPTY/pNone;ABSORBED_FROZEN/pNone;ABSORBED_EMPTY/pNone,False;False;None,False,False
2,A>A.writeB|B>B.reqB,FIXED/p1,DIED,FIXED/p1;FIXED/p1;ABSORBED_FROZEN/pNone;FIXED/p1;ABSORBED_FROZEN/pNone;ABSORBED_EMPTY/pNone;ABSORBED_FROZEN/pNone;ABSORBED_EMPTY/pNone,False;False;None,False,False
2,A>A.writeB|B>B.reqwriteAA,FIXED/p1,DIED,FIXED/p1;FIXED/p1;ABSORBED_FROZEN/pNone;FIXED/p1;ABSORBED_FROZEN/pNone;ABSORBED_EMPTY/pNone;ABSORBED_FROZEN/pNone;ABSORBED_EMPTY/pNone,False;False;None,False,False
2,A>A.writeB|B>B.reqwriteAB,FIXED/p1,DIED,FIXED/p1;FIXED/p1;ABSORBED_FROZEN/pNone;FIXED/p1;ABSORBED_FROZEN/pNone;ABSORBED_EMPTY/pNone;ABSORBED_FROZEN/pNone;ABSORBED_EMPTY/pNone,False;False;None,False,False
2,A>A.writeB|B>B.reqwriteA~,FIXED/p1,DIED,FIXED/p1;FIXED/p1;ABSORBED_FROZEN/pNone;FIXED/p1;ABSORBED_FROZEN/pNone;ABSORBED_EMPTY/pNone;ABSORBED_FROZEN/pNone;ABSORBED_EMPTY/pNone,False;False;None,False,False
2,A>A.writeB|B>B.reqwriteBA,FIXED/p1,DIED,FIXED/p1;FIXED/p1;ABSORBED_FROZEN/pNone;FIXED/p1;ABSORBED_FROZEN/pNone;ABSORBED_EMPTY/pNone;ABSORBED_FROZEN/pNone;ABSORBED_EMPTY/pNone,False;False;None,False,False
2,A>A.writeB|B>B.reqwriteBB,FIXED/p1,DIED,FIXED/p1;FIXED/p1;ABSORBED_FROZEN/pNone;FIXED/p1;ABSORBED_FROZEN/pNone;ABSORBED_EMPTY/pNone;ABSORBED_FROZEN/pNone;ABSORBED_EMPTY/pNone,False;False;None,False,False
2,A>A.writeB|B>B.reqwriteB~,FIXED/p1,DIED,FIXED/p1;FIXED/p1;ABSORBED_FROZEN/pNone;FIXED/p1;ABSORBED_FROZEN/pNone;ABSORBED_EMPTY/pNone;ABSORBED_FROZEN/pNone;ABSORBED_EMPTY/pNone,False;False;None,False,False
2,A>A.writeB|B>B.reqwrite~A,FIXED/p1,REPAIR,FIXED/p1;FIXED/p1;FIXED/p1;FIXED/p1;FIXED/p1;FIXED/p1;FIXED/p1;FIXED/p1;FIXED/p1,True;True;True,True,False
2,A>A.writeB|B>B.reqwrite~B,FIXED/p1,"MIXED:DIEDx1,REPAIRx2",FIXED/p1;ABSORBED_FROZEN/pNone;ABSORBED_FROZEN/pNone;FIXED/p1;FIXED/p1;FIXED/p1;FIXED/p1;FIXED/p1;FIXED/p1,False;True;True,False,False
2,A>A.writeB|B>B.reqwrite~~,FIXED/p1,"MIXED:DIEDx2,REPAIRx1",FIXED/p1;FIXED/p1;FIXED/p1;FIXED/p1;FIXED/p1;ABSORBED_EMPTY/pNone;FIXED/p1;ABSORBED_EMPTY/pNone,False;False;None,False,False
2,A>A.writeB|B>B.req~,FIXED/p1,"MIXED:DIEDx2,REPAIRx1",FIXED/p1;FIXED/p1;FIXED/p1;FIXED/p1;FIXED/p1;ABSORBED_EMPTY/pNone;FIXED/p1;ABSORBED_EMPTY/pNone,False;False;None,False,False
2,A>A.writeB|B>B.self,FIXED/p1,"MIXED:DIEDx2,REPAIRx1",FIXED/p1;FIXED/p1;FIXED/p1;FIXED/p1;FIXED/p1;ABSORBED_EMPTY/pNone;FIXED/p1;ABSORBED_EMPTY/pNone,False;False;None,False,False
2,A>A.writeB|B>B.writeA,FIXED/p1,REPAIR,FIXED/p1;FIXED/p1;FIXED/p1;FIXED/p1;FIXED/p1;FIXED/p1;FIXED/p1;FIXED/p1;FIXED/p1,True;True;True,True,False
2,A>A.writeB|B>B.writeB,FIXED/p1,REPAIR,FIXED/p1;FIXED/p1;FIXED/p1;FIXED/p1;FIXED/p1;FIXED/p1;FIXED/p1;FIXED/p1;FIXED/p1,True;True;True,True,False
2,A>A.writeB|B>B.write~,FIXED/p1,"MIXED:DIEDx2,REPAIRx1",FIXED/p1;FIXED/p1;FIXED/p1;FIXED/p1;FIXED/p1;ABSORBED_EMPTY/pNone;FIXED/p1;ABSORBED_EMPTY/pNone,False;False;None,False,False
2,A>A.writeB|B>~.reqA,FIXED/p1,DIED,FIXED/p1;FIXED/p1;ABSORBED_FROZEN/pNone;FIXED/p1;ABSORBED_FROZEN/pNone;ABSORBED_EMPTY/pNone;ABSORBED_FROZEN/pNone;ABSORBED_EMPTY/pNone,False;False;None,False,False
2,A>A.writeB|B>~.reqB,FIXED/p1,DIED,FIXED/p1;FIXED/p1;ABSORBED_FROZEN/pNone;FIXED/p1;ABSORBED_FROZEN/pNone;ABSORBED_EMPTY/pNone;ABSORBED_FROZEN/pNone;ABSORBED_EMPTY/pNone,False;False;None,False,False
2,A>A.writeB|B>~.reqwriteAA,FIXED/p1,DIED,FIXED/p1;FIXED/p1;ABSORBED_FROZEN/pNone;FIXED/p1;ABSORBED_FROZEN/pNone;ABSORBED_EMPTY/pNone;ABSORBED_FROZEN/pNone;ABSORBED_EMPTY/pNone,False;False;None,False,False
2,A>A.writeB|B>~.reqwriteAB,FIXED/p1,DIED,FIXED/p1;FIXED/p1;ABSORBED_FROZEN/pNone;FIXED/p1;ABSORBED_FROZEN/pNone;ABSORBED_EMPTY/pNone;ABSORBED_FROZEN/pNone;ABSORBED_EMPTY/pNone,False;False;None,False,False
2,A>A.writeB|B>~.reqwriteA~,FIXED/p1,DIED,FIXED/p1;FIXED/p1;ABSORBED_FROZEN/pNone;FIXED/p1;ABSORBED_FROZEN/pNone;ABSORBED_EMPTY/pNone;ABSORBED_FROZEN/pNone;ABSORBED_EMPTY/pNone,False;False;None,False,False
2,A>A.writeB|B>~.reqwriteBA,FIXED/p1,DIED,FIXED/p1;FIXED/p1;ABSORBED_FROZEN/pNone;FIXED/p1;ABSORBED_FROZEN/pNone;ABSORBED_EMPTY/pNone;ABSORBED_FROZEN/pNone;ABSORBED_EMPTY/pNone,False;False;None,False,False
2,A>A.writeB|B>~.reqwriteBB,FIXED/p1,DIED,FIXED/p1;FIXED/p1;ABSORBED_FROZEN/pNone;FIXED/p1;ABSORBED_FROZEN/pNone;ABSORBED_EMPTY/pNone;ABSORBED_FROZEN/pNone;ABSORBED_EMPTY/pNone,False;False;None,False,False
2,A>A.writeB|B>~.reqwriteB~,FIXED/p1,DIED,FIXED/p1;FIXED/p1;ABSORBED_FROZEN/pNone;FIXED/p1;ABSORBED_FROZEN/pNone;ABSORBED_EMPTY/pNone;ABSORBED_FROZEN/pNone;ABSORBED_EMPTY/pNone,False;False;None,False,False
2,A>A.writeB|B>~.reqwrite~A,FIXED/p1,REPAIR,FIXED/p1;FIXED/p1;FIXED/p1;FIXED/p1;FIXED/p1;FIXED/p1;FIXED/p1;FIXED/p1;FIXED/p1,True;True;True,True,False
2,A>A.writeB|B>~.reqwrite~B,FIXED/p1,"MIXED:DEGRADEDx1,REPAIRx2",FIXED/p1;TRANSLATION/p6;APERIODIC/pNone;FIXED/p1;FIXED/p1;FIXED/p1;FIXED/p1;FIXED/p1;FIXED/p1,False;True;True,False,False
2,A>A.writeB|B>~.reqwrite~~,"MIXED:FIXED/p1x1,POP_OSC/p2x1,POP_OSC/p4x1",DIED,ABSORBED_EMPTY/pNone;POP_OSC/p2;ABSORBED_EMPTY/pNone;ABSORBED_EMPTY/pNone,None;None;None,False,False
2,A>A.writeB|B>~.req~,"MIXED:FIXED/p1x1,POP_OSC/p2x1,POP_OSC/p4x1",DIED,ABSORBED_EMPTY/pNone;POP_OSC/p2;ABSORBED_EMPTY/pNone;ABSORBED_EMPTY/pNone,None;None;None,False,False
2,A>A.writeB|B>~.self,"MIXED:FIXED/p1x1,POP_OSC/p2x1,POP_OSC/p4x1",DIED,ABSORBED_EMPTY/pNone;POP_OSC/p2;ABSORBED_EMPTY/pNone;ABSORBED_EMPTY/pNone,None;None;None,False,False
2,A>A.writeB|B>~.writeA,"MIXED:APERIODIC/pNonex2,FIXED/p1x1","MIXED:DEGRADEDx1,PRE_FAILx2",FIXED/p1;FIXED/p1;APERIODIC/pNone;APERIODIC/pNone;FIXED/p1;APERIODIC/pNone;FIXED/p1;FIXED/p1;FIXED/p1,False;None;None,False,False
2,A>A.writeB|B>~.writeB,TRANSLATION/p6,DIED,ABSORBED_EMPTY/pNone;ABSORBED_EMPTY/pNone;ABSORBED_EMPTY/pNone,None;None;None,False,False
2,A>A.writeB|B>~.write~,"MIXED:FIXED/p1x1,POP_OSC/p2x1,POP_OSC/p4x1",DIED,ABSORBED_EMPTY/pNone;POP_OSC/p2;ABSORBED_EMPTY/pNone;ABSORBED_EMPTY/pNone,None;None;None,False,False
2,A>A.write~|A>B.reqA,FIXED/p1,DIED,ABSORBED_EMPTY/pNone;ABSORBED_EMPTY/pNone;ABSORBED_EMPTY/pNone,None;None;None,False,False
2,A>A.write~|A>B.reqB,FIXED/p1,DIED,ABSORBED_EMPTY/pNone;ABSORBED_EMPTY/pNone;ABSORBED_EMPTY/pNone,None;None;None,False,False
2,A>A.write~|A>B.reqwriteAA,FIXED/p1,DIED,ABSORBED_EMPTY/pNone;ABSORBED_EMPTY/pNone;ABSORBED_EMPTY/pNone,None;None;None,False,False
2,A>A.write~|A>B.reqwriteAB,FIXED/p1,DIED,ABSORBED_EMPTY/pNone;ABSORBED_EMPTY/pNone;ABSORBED_EMPTY/pNone,None;None;None,False,False
2,A>A.write~|A>B.reqwriteA~,FIXED/p1,DIED,ABSORBED_EMPTY/pNone;ABSORBED_EMPTY/pNone;ABSORBED_EMPTY/pNone,None;None;None,False,False
2,A>A.write~|A>B.reqwriteBA,FIXED/p1,DIED,ABSORBED_EMPTY/pNone;ABSORBED_EMPTY/pNone;ABSORBED_EMPTY/pNone,None;None;None,False,False
2,A>A.write~|A>B.reqwriteBB,FIXED/p1,DIED,ABSORBED_EMPTY/pNone;ABSORBED_EMPTY/pNone;ABSORBED_EMPTY/pNone,None;None;None,False,False
2,A>A.write~|A>B.reqwriteB~,FIXED/p1,DIED,ABSORBED_EMPTY/pNone;ABSORBED_EMPTY/pNone;ABSORBED_EMPTY/pNone,None;None;None,False,False
2,A>A.write~|A>B.reqwrite~A,"MIXED:APERIODIC/pNonex2,FIXED/p1x1","MIXED:DEGRADEDx1,PRE_FAILx2",FIXED/p1;APERIODIC/pNone;APERIODIC/pNone;APERIODIC/pNone;FIXED/p1;ABSORBED_FROZEN/pNone;APERIODIC/pNone;FIXED/p1;FIXED/p1,None;None;False,False,False
2,A>A.write~|A>B.reqwrite~B,ABSORBED_FROZEN/pNone,PRE_FAIL,ABSORBED_FROZEN/pNone;ABSORBED_EMPTY/pNone;ABSORBED_FROZEN/pNone;ABSORBED_EMPTY/pNone;ABSORBED_FROZEN/pNone;ABSORBED_EMPTY/pNone,None;None;None,False,False
2,A>A.write~|A>B.reqwrite~~,ABSORBED_FROZEN/pNone,PRE_FAIL,ABSORBED_EMPTY/pNone;ABSORBED_EMPTY/pNone;ABSORBED_EMPTY/pNone,None;None;None,False,False
2,A>A.write~|A>B.req~,ABSORBED_FROZEN/pNone,PRE_FAIL,ABSORBED_EMPTY/pNone;ABSORBED_EMPTY/pNone;ABSORBED_EMPTY/pNone,None;None;None,False,False
2,A>A.write~|A>B.self,ABSORBED_FROZEN/pNone,PRE_FAIL,ABSORBED_EMPTY/pNone;ABSORBED_EMPTY/pNone;ABSORBED_EMPTY/pNone,None;None;None,False,False
2,A>A.write~|A>B.writeA,"MIXED:APERIODIC/pNonex2,FIXED/p1x1","MIXED:DEGRADEDx1,PRE_FAILx2",FIXED/p1;APERIODIC/pNone;APERIODIC/pNone;APERIODIC/pNone;FIXED/p1;APERIODIC/pNone;APERIODIC/pNone;FIXED/p1;FIXED/p1,None;None;False,False,False
2,A>A.write~|A>B.writeB,ABSORBED_FROZEN/pNone,PRE_FAIL,ABSORBED_FROZEN/pNone;ABSORBED_EMPTY/pNone;ABSORBED_FROZEN/pNone;ABSORBED_EMPTY/pNone;ABSORBED_FROZEN/pNone;ABSORBED_EMPTY/pNone,None;None;None,False,False
2,A>A.write~|A>B.write~,ABSORBED_FROZEN/pNone,PRE_FAIL,ABSORBED_EMPTY/pNone;ABSORBED_EMPTY/pNone;ABSORBED_EMPTY/pNone,None;None;None,False,False
2,A>A.write~|A>~.reqA,FIXED/p1,DIED,ABSORBED_EMPTY/pNone;ABSORBED_EMPTY/pNone;ABSORBED_EMPTY/pNone,None;None;None,False,False
2,A>A.write~|A>~.reqB,FIXED/p1,DIED,ABSORBED_EMPTY/pNone;ABSORBED_EMPTY/pNone;ABSORBED_EMPTY/pNone,None;None;None,False,False
2,A>A.write~|A>~.reqwriteAA,FIXED/p1,DIED,ABSORBED_EMPTY/pNone;ABSORBED_EMPTY/pNone;ABSORBED_EMPTY/pNone,None;None;None,False,False
2,A>A.write~|A>~.reqwriteAB,FIXED/p1,DIED,ABSORBED_EMPTY/pNone;ABSORBED_EMPTY/pNone;ABSORBED_EMPTY/pNone,None;None;None,False,False
2,A>A.write~|A>~.reqwriteA~,FIXED/p1,DIED,ABSORBED_EMPTY/pNone;ABSORBED_EMPTY/pNone;ABSORBED_EMPTY/pNone,None;None;None,False,False
2,A>A.write~|A>~.reqwriteBA,FIXED/p1,DIED,ABSORBED_EMPTY/pNone;ABSORBED_EMPTY/pNone;ABSORBED_EMPTY/pNone,None;None;None,False,False
2,A>A.write~|A>~.reqwriteBB,FIXED/p1,DIED,ABSORBED_EMPTY/pNone;ABSORBED_EMPTY/pNone;ABSORBED_EMPTY/pNone,None;None;None,False,False
2,A>A.write~|A>~.reqwriteB~,FIXED/p1,DIED,ABSORBED_EMPTY/pNone;ABSORBED_EMPTY/pNone;ABSORBED_EMPTY/pNone,None;None;None,False,False
2,A>A.write~|A>~.reqwrite~A,"MIXED:APERIODIC/pNonex1,FIXED/p1x2","MIXED:DIEDx2,PRE_FAILx1",ABSORBED_EMPTY/pNone;ABSORBED_EMPTY/pNone;ABSORBED_EMPTY/pNone,None;None;None,False,False
2,A>A.write~|A>~.reqwrite~B,ABSORBED_FROZEN/pNone,PRE_FAIL,ABSORBED_EMPTY/pNone;ABSORBED_EMPTY/pNone;ABSORBED_EMPTY/pNone,None;None;None,False,False
2,A>A.write~|A>~.reqwrite~~,ABSORBED_EMPTY/pNone,PRE_FAIL,,None;None;None,False,False
2,A>A.write~|A>~.req~,ABSORBED_EMPTY/pNone,PRE_FAIL,,None;None;None,False,False
2,A>A.write~|A>~.self,ABSORBED_EMPTY/pNone,PRE_FAIL,,None;None;None,False,False
2,A>A.write~|A>~.writeA,"MIXED:APERIODIC/pNonex1,FIXED/p1x2","MIXED:DIEDx2,PRE_FAILx1",ABSORBED_EMPTY/pNone;ABSORBED_EMPTY/pNone;ABSORBED_EMPTY/pNone,None;None;None,False,False
2,A>A.write~|A>~.writeB,ABSORBED_FROZEN/pNone,PRE_FAIL,ABSORBED_EMPTY/pNone;ABSORBED_EMPTY/pNone;ABSORBED_EMPTY/pNone,None;None;None,False,False
2,A>A.write~|A>~.write~,ABSORBED_EMPTY/pNone,PRE_FAIL,,None;None;None,False,False
2,A>A.write~|B>A.reqA,FIXED/p1,DIED,ABSORBED_EMPTY/pNone;ABSORBED_EMPTY/pNone;ABSORBED_EMPTY/pNone,None;None;None,False,False
2,A>A.write~|B>A.reqB,FIXED/p1,DIED,ABSORBED_EMPTY/pNone;ABSORBED_EMPTY/pNone;ABSORBED_EMPTY/pNone,None;None;None,False,False
2,A>A.write~|B>A.reqwriteAA,FIXED/p1,DIED,ABSORBED_EMPTY/pNone;ABSORBED_EMPTY/pNone;ABSORBED_EMPTY/pNone,None;None;None,False,False
2,A>A.write~|B>A.reqwriteAB,FIXED/p1,DIED,ABSORBED_EMPTY/pNone;ABSORBED_EMPTY/pNone;ABSORBED_EMPTY/pNone,None;None;None,False,False
2,A>A.write~|B>A.reqwriteA~,FIXED/p1,DIED,ABSORBED_EMPTY/pNone;ABSORBED_EMPTY/pNone;ABSORBED_EMPTY/pNone,None;None;None,False,False
2,A>A.write~|B>A.reqwriteBA,FIXED/p1,DIED,ABSORBED_EMPTY/pNone;ABSORBED_EMPTY/pNone;ABSORBED_EMPTY/pNone,None;None;None,False,False
2,A>A.write~|B>A.reqwriteBB,FIXED/p1,DIED,ABSORBED_EMPTY/pNone;ABSORBED_EMPTY/pNone;ABSORBED_EMPTY/pNone,None;None;None,False,False
2,A>A.write~|B>A.reqwriteB~,FIXED/p1,DIED,ABSORBED_EMPTY/pNone;ABSORBED_EMPTY/pNone;ABSORBED_EMPTY/pNone,None;None;None,False,False
2,A>A.write~|B>A.reqwrite~A,FIXED/p1,DIED,ABSORBED_EMPTY/pNone;ABSORBED_EMPTY/pNone;ABSORBED_EMPTY/pNone,None;None;None,False,False
2,A>A.write~|B>A.reqwrite~B,FIXED/p1,DIED,ABSORBED_EMPTY/pNone;ABSORBED_EMPTY/pNone;ABSORBED_EMPTY/pNone,None;None;None,False,False
2,A>A.write~|B>A.reqwrite~~,FIXED/p1,DIED,ABSORBED_EMPTY/pNone;ABSORBED_EMPTY/pNone;ABSORBED_EMPTY/pNone,None;None;None,False,False
2,A>A.write~|B>A.req~,FIXED/p1,DIED,ABSORBED_EMPTY/pNone;ABSORBED_EMPTY/pNone;ABSORBED_EMPTY/pNone,None;None;None,False,False
2,A>A.write~|B>A.self,FIXED/p1,DIED,ABSORBED_EMPTY/pNone;ABSORBED_EMPTY/pNone;ABSORBED_EMPTY/pNone,None;None;None,False,False
2,A>A.write~|B>A.writeA,FIXED/p1,DIED,ABSORBED_EMPTY/pNone;ABSORBED_EMPTY/pNone;ABSORBED_EMPTY/pNone,None;None;None,False,False
2,A>A.write~|B>A.writeB,FIXED/p1,DIED,ABSORBED_EMPTY/pNone;ABSORBED_EMPTY/pNone;ABSORBED_EMPTY/pNone,None;None;None,False,False
2,A>A.write~|B>A.write~,FIXED/p1,DIED,ABSORBED_EMPTY/pNone;ABSORBED_EMPTY/pNone;ABSORBED_EMPTY/pNone,None;None;None,False,False
2,A>A.write~|B>B.reqA,FIXED/p1,DIED,ABSORBED_EMPTY/pNone;ABSORBED_EMPTY/pNone;ABSORBED_EMPTY/pNone,None;None;None,False,False
2,A>A.write~|B>B.reqB,FIXED/p1,DIED,ABSORBED_EMPTY/pNone;ABSORBED_EMPTY/pNone;ABSORBED_EMPTY/pNone,None;None;None,False,False
2,A>A.write~|B>B.reqwriteAA,FIXED/p1,DIED,ABSORBED_EMPTY/pNone;ABSORBED_EMPTY/pNone;ABSORBED_EMPTY/pNone,None;None;None,False,False
2,A>A.write~|B>B.reqwriteAB,FIXED/p1,DIED,ABSORBED_EMPTY/pNone;ABSORBED_EMPTY/pNone;ABSORBED_EMPTY/pNone,None;None;None,False,False
2,A>A.write~|B>B.reqwriteA~,FIXED/p1,DIED,ABSORBED_EMPTY/pNone;ABSORBED_EMPTY/pNone;ABSORBED_EMPTY/pNone,None;None;None,False,False
2,A>A.write~|B>B.reqwriteBA,FIXED/p1,DIED,ABSORBED_EMPTY/pNone;ABSORBED_EMPTY/pNone;ABSORBED_EMPTY/pNone,None;None;None,False,False
2,A>A.write~|B>B.reqwriteBB,FIXED/p1,DIED,ABSORBED_EMPTY/pNone;ABSORBED_EMPTY/pNone;ABSORBED_EMPTY/pNone,None;None;None,False,False
2,A>A.write~|B>B.reqwriteB~,FIXED/p1,DIED,ABSORBED_EMPTY/pNone;ABSORBED_EMPTY/pNone;ABSORBED_EMPTY/pNone,None;None;None,False,False
2,A>A.write~|B>B.reqwrite~A,FIXED/p1,DIED,ABSORBED_EMPTY/pNone;ABSORBED_EMPTY/pNone;ABSORBED_EMPTY/pNone,None;None;None,False,False
2,A>A.write~|B>B.reqwrite~B,FIXED/p1,DIED,ABSORBED_EMPTY/pNone;ABSORBED_EMPTY/pNone;ABSORBED_EMPTY/pNone,None;None;None,False,False
2,A>A.write~|B>B.reqwrite~~,FIXED/p1,DIED,ABSORBED_EMPTY/pNone;ABSORBED_EMPTY/pNone;ABSORBED_EMPTY/pNone,None;None;None,False,False
2,A>A.write~|B>B.req~,FIXED/p1,DIED,ABSORBED_EMPTY/pNone;ABSORBED_EMPTY/pNone;ABSORBED_EMPTY/pNone,None;None;None,False,False
2,A>A.write~|B>B.self,FIXED/p1,DIED,ABSORBED_EMPTY/pNone;ABSORBED_EMPTY/pNone;ABSORBED_EMPTY/pNone,None;None;None,False,False
2,A>A.write~|B>B.writeA,FIXED/p1,DIED,ABSORBED_EMPTY/pNone;ABSORBED_EMPTY/pNone;ABSORBED_EMPTY/pNone,None;None;None,False,False
2,A>A.write~|B>B.writeB,FIXED/p1,DIED,ABSORBED_EMPTY/pNone;ABSORBED_EMPTY/pNone;ABSORBED_EMPTY/pNone,None;None;None,False,False
2,A>A.write~|B>B.write~,FIXED/p1,DIED,ABSORBED_EMPTY/pNone;ABSORBED_EMPTY/pNone;ABSORBED_EMPTY/pNone,None;None;None,False,False
2,A>A.write~|B>~.reqA,FIXED/p1,DIED,ABSORBED_EMPTY/pNone;ABSORBED_EMPTY/pNone;ABSORBED_EMPTY/pNone,None;None;None,False,False
2,A>A.write~|B>~.reqB,FIXED/p1,DIED,ABSORBED_EMPTY/pNone;ABSORBED_EMPTY/pNone;ABSORBED_EMPTY/pNone,None;None;None,False,False
2,A>A.write~|B>~.reqwriteAA,FIXED/p1,DIED,ABSORBED_EMPTY/pNone;ABSORBED_EMPTY/pNone;ABSORBED_EMPTY/pNone,None;None;None,False,False
2,A>A.write~|B>~.reqwriteAB,FIXED/p1,DIED,ABSORBED_EMPTY/pNone;ABSORBED_EMPTY/pNone;ABSORBED_EMPTY/pNone,None;None;None,False,False
2,A>A.write~|B>~.reqwriteA~,FIXED/p1,DIED,ABSORBED_EMPTY/pNone;ABSORBED_EMPTY/pNone;ABSORBED_EMPTY/pNone,None;None;None,False,False
2,A>A.write~|B>~.reqwriteBA,FIXED/p1,DIED,ABSORBED_EMPTY/pNone;ABSORBED_EMPTY/pNone;ABSORBED_EMPTY/pNone,None;None;None,False,False
2,A>A.write~|B>~.reqwriteBB,FIXED/p1,DIED,ABSORBED_EMPTY/pNone;ABSORBED_EMPTY/pNone;ABSORBED_EMPTY/pNone,None;None;None,False,False
2,A>A.write~|B>~.reqwriteB~,FIXED/p1,DIED,ABSORBED_EMPTY/pNone;ABSORBED_EMPTY/pNone;ABSORBED_EMPTY/pNone,None;None;None,False,False
2,A>A.write~|B>~.reqwrite~A,FIXED/p1,DIED,ABSORBED_EMPTY/pNone;ABSORBED_EMPTY/pNone;ABSORBED_EMPTY/pNone,None;None;None,False,False
2,A>A.write~|B>~.reqwrite~B,FIXED/p1,DIED,ABSORBED_EMPTY/pNone;ABSORBED_EMPTY/pNone;ABSORBED_EMPTY/pNone,None;None;None,False,False
2,A>A.write~|B>~.reqwrite~~,FIXED/p1,DIED,ABSORBED_EMPTY/pNone;ABSORBED_EMPTY/pNone;ABSORBED_EMPTY/pNone,None;None;None,False,False
2,A>A.write~|B>~.req~,FIXED/p1,DIED,ABSORBED_EMPTY/pNone;ABSORBED_EMPTY/pNone;ABSORBED_EMPTY/pNone,None;None;None,False,False
2,A>A.write~|B>~.self,FIXED/p1,DIED,ABSORBED_EMPTY/pNone;ABSORBED_EMPTY/pNone;ABSORBED_EMPTY/pNone,None;None;None,False,False
2,A>A.write~|B>~.writeA,FIXED/p1,DIED,ABSORBED_EMPTY/pNone;ABSORBED_EMPTY/pNone;ABSORBED_EMPTY/pNone,None;None;None,False,False
2,A>A.write~|B>~.writeB,FIXED/p1,DIED,ABSORBED_EMPTY/pNone;ABSORBED_EMPTY/pNone;ABSORBED_EMPTY/pNone,None;None;None,False,False
2,A>A.write~|B>~.write~,FIXED/p1,DIED,ABSORBED_EMPTY/pNone;ABSORBED_EMPTY/pNone;ABSORBED_EMPTY/pNone,None;None;None,False,False
2,A>B.reqA|A>B.reqB,ABSORBED_FROZEN/pNone,PRE_FAIL,ABSORBED_EMPTY/pNone;ABSORBED_EMPTY/pNone;ABSORBED_EMPTY/pNone,None;None;None,False,False
2,A>B.reqA|A>B.reqwriteAA,ABSORBED_FROZEN/pNone,PRE_FAIL,ABSORBED_EMPTY/pNone;ABSORBED_EMPTY/pNone;ABSORBED_EMPTY/pNone,None;None;None,False,False
2,A>B.reqA|A>B.reqwriteAB,ABSORBED_FROZEN/pNone,PRE_FAIL,ABSORBED_EMPTY/pNone;ABSORBED_EMPTY/pNone;ABSORBED_EMPTY/pNone,None;None;None,False,False
2,A>B.reqA|A>B.reqwriteA~,ABSORBED_FROZEN/pNone,PRE_FAIL,ABSORBED_EMPTY/pNone;ABSORBED_EMPTY/pNone;ABSORBED_EMPTY/pNone,None;None;None,False,False
2,A>B.reqA|A>B.reqwriteBA,ABSORBED_FROZEN/pNone,PRE_FAIL,ABSORBED_EMPTY/pNone;ABSORBED_EMPTY/pNone;ABSORBED_EMPTY/pNone,None;None;None,False,False
2,A>B.reqA|A>B.reqwriteBB,ABSORBED_FROZEN/pNone,PRE_FAIL,ABSORBED_EMPTY/pNone;ABSORBED_EMPTY/pNone;ABSORBED_EMPTY/pNone,None;None;None,False,False
2,A>B.reqA|A>B.reqwriteB~,ABSORBED_FROZEN/pNone,PRE_FAIL,ABSORBED_EMPTY/pNone;ABSORBED_EMPTY/pNone;ABSORBED_EMPTY/pNone,None;None;None,False,False
2,A>B.reqA|A>B.reqwrite~A,ABSORBED_FROZEN/pNone,PRE_FAIL,ABSORBED_FROZEN/pNone;ABSORBED_FROZEN/pNone;ABSORBED_FROZEN/pNone;ABSORBED_FROZEN/pNone;ABSORBED_FROZEN/pNone;ABSORBED_FROZEN/pNone;ABSORBED_FROZEN/pNone;ABSORBED_FROZEN/pNone;ABSORBED_FROZEN/pNone,None;None;None,False,False
2,A>B.reqA|A>B.reqwrite~B,ABSORBED_FROZEN/pNone,PRE_FAIL,ABSORBED_FROZEN/pNone;ABSORBED_EMPTY/pNone;ABSORBED_FROZEN/pNone;ABSORBED_EMPTY/pNone;ABSORBED_FROZEN/pNone;ABSORBED_EMPTY/pNone,None;None;None,False,False
2,A>B.reqA|A>B.reqwrite~~,ABSORBED_FROZEN/pNone,PRE_FAIL,ABSORBED_EMPTY/pNone;ABSORBED_EMPTY/pNone;ABSORBED_EMPTY/pNone,None;None;None,False,False
2,A>B.reqA|A>B.req~,ABSORBED_FROZEN/pNone,PRE_FAIL,ABSORBED_EMPTY/pNone;ABSORBED_EMPTY/pNone;ABSORBED_EMPTY/pNone,None;None;None,False,False
2,A>B.reqA|A>B.self,ABSORBED_FROZEN/pNone,PRE_FAIL,ABSORBED_EMPTY/pNone;ABSORBED_EMPTY/pNone;ABSORBED_EMPTY/pNone,None;None;None,False,False
2,A>B.reqA|A>B.writeA,TRANSLATION/p6,"MIXED:DIEDx2,REPAIRx1",ABSORBED_FROZEN/pNone;ABSORBED_FROZEN/pNone;ABSORBED_FROZEN/pNone;TRANSLATION/p6;ABSORBED_FROZEN/pNone;ABSORBED_FROZEN/pNone;TRANSLATION/p6;TRANSLATION/p6;TRANSLATION/p6,None;None;None,False,False
2,A>B.reqA|A>B.writeB,ABSORBED_FROZEN/pNone,PRE_FAIL,ABSORBED_FROZEN/pNone;ABSORBED_EMPTY/pNone;ABSORBED_FROZEN/pNone;ABSORBED_EMPTY/pNone;ABSORBED_FROZEN/pNone;ABSORBED_EMPTY/pNone,None;None;None,False,False
2,A>B.reqA|A>B.write~,ABSORBED_FROZEN/pNone,PRE_FAIL,ABSORBED_EMPTY/pNone;ABSORBED_EMPTY/pNone;ABSORBED_EMPTY/pNone,None;None;None,False,False
2,A>B.reqA|A>~.reqA,ABSORBED_FROZEN/pNone,PRE_FAIL,ABSORBED_EMPTY/pNone;ABSORBED_EMPTY/pNone;ABSORBED_EMPTY/pNone,None;None;None,False,False
2,A>B.reqA|A>~.reqB,ABSORBED_FROZEN/pNone,PRE_FAIL,ABSORBED_EMPTY/pNone;ABSORBED_EMPTY/pNone;ABSORBED_EMPTY/pNone,None;None;None,False,False
2,A>B.reqA|A>~.reqwriteAA,ABSORBED_FROZEN/pNone,PRE_FAIL,ABSORBED_EMPTY/pNone;ABSORBED_EMPTY/pNone;ABSORBED_EMPTY/pNone,None;None;None,False,False
2,A>B.reqA|A>~.reqwriteAB,ABSORBED_FROZEN/pNone,PRE_FAIL,ABSORBED_EMPTY/pNone;ABSORBED_EMPTY/pNone;ABSORBED_EMPTY/pNone,None;None;None,False,False
2,A>B.reqA|A>~.reqwriteA~,ABSORBED_FROZEN/pNone,PRE_FAIL,ABSORBED_EMPTY/pNone;ABSORBED_EMPTY/pNone;ABSORBED_EMPTY/pNone,None;None;None,False,False
2,A>B.reqA|A>~.reqwriteBA,ABSORBED_FROZEN/pNone,PRE_FAIL,ABSORBED_EMPTY/pNone;ABSORBED_EMPTY/pNone;ABSORBED_EMPTY/pNone,None;None;None,False,False
2,A>B.reqA|A>~.reqwriteBB,ABSORBED_FROZEN/pNone,PRE_FAIL,ABSORBED_EMPTY/pNone;ABSORBED_EMPTY/pNone;ABSORBED_EMPTY/pNone,None;None;None,False,False
2,A>B.reqA|A>~.reqwriteB~,ABSORBED_FROZEN/pNone,PRE_FAIL,ABSORBED_EMPTY/pNone;ABSORBED_EMPTY/pNone;ABSORBED_EMPTY/pNone,None;None;None,False,False
2,A>B.reqA|A>~.reqwrite~A,TRANSLATION/p6,DIED,ABSORBED_EMPTY/pNone;ABSORBED_EMPTY/pNone;ABSORBED_EMPTY/pNone,None;None;None,False,False
2,A>B.reqA|A>~.reqwrite~B,ABSORBED_FROZEN/pNone,PRE_FAIL,ABSORBED_EMPTY/pNone;ABSORBED_EMPTY/pNone;ABSORBED_EMPTY/pNone,None;None;None,False,False
2,A>B.reqA|A>~.reqwrite~~,ABSORBED_EMPTY/pNone,PRE_FAIL,,None;None;None,False,False
2,A>B.reqA|A>~.req~,ABSORBED_EMPTY/pNone,PRE_FAIL,,None;None;None,False,False
2,A>B.reqA|A>~.self,ABSORBED_EMPTY/pNone,PRE_FAIL,,None;None;None,False,False
2,A>B.reqA|A>~.writeA,TRANSLATION/p6,DIED,ABSORBED_EMPTY/pNone;ABSORBED_EMPTY/pNone;ABSORBED_EMPTY/pNone,None;None;None,False,False
2,A>B.reqA|A>~.writeB,ABSORBED_FROZEN/pNone,PRE_FAIL,ABSORBED_EMPTY/pNone;ABSORBED_EMPTY/pNone;ABSORBED_EMPTY/pNone,None;None;None,False,False
2,A>B.reqA|A>~.write~,ABSORBED_EMPTY/pNone,PRE_FAIL,,None;None;None,False,False
2,A>B.reqA|B>A.reqA,ABSORBED_FROZEN/pNone,PRE_FAIL,ABSORBED_EMPTY/pNone;ABSORBED_EMPTY/pNone;ABSORBED_EMPTY/pNone,None;None;None,False,False
2,A>B.reqA|B>A.reqB,ABSORBED_FROZEN/pNone,PRE_FAIL,ABSORBED_EMPTY/pNone;ABSORBED_EMPTY/pNone;ABSORBED_EMPTY/pNone,None;None;None,False,False
2,A>B.reqA|B>A.reqwriteAA,ABSORBED_FROZEN/pNone,PRE_FAIL,ABSORBED_EMPTY/pNone;ABSORBED_EMPTY/pNone;ABSORBED_EMPTY/pNone,None;None;None,False,False
2,A>B.reqA|B>A.reqwriteAB,ABSORBED_FROZEN/pNone,PRE_FAIL,ABSORBED_EMPTY/pNone;ABSORBED_EMPTY/pNone;ABSORBED_EMPTY/pNone,None;None;None,False,False
2,A>B.reqA|B>A.reqwriteA~,ABSORBED_FROZEN/pNone,PRE_FAIL,ABSORBED_EMPTY/pNone;ABSORBED_EMPTY/pNone;ABSORBED_EMPTY/pNone,None;None;None,False,False
2,A>B.reqA|B>A.reqwriteBA,ABSORBED_FROZEN/pNone,PRE_FAIL,ABSORBED_EMPTY/pNone;ABSORBED_EMPTY/pNone;ABSORBED_EMPTY/pNone,None;None;None,False,False
2,A>B.reqA|B>A.reqwriteBB,ABSORBED_FROZEN/pNone,PRE_FAIL,ABSORBED_EMPTY/pNone;ABSORBED_EMPTY/pNone;ABSORBED_EMPTY/pNone,None;None;None,False,False
2,A>B.reqA|B>A.reqwriteB~,ABSORBED_FROZEN/pNone,PRE_FAIL,ABSORBED_EMPTY/pNone;ABSORBED_EMPTY/pNone;ABSORBED_EMPTY/pNone,None;None;None,False,False
2,A>B.reqA|B>A.reqwrite~A,ABSORBED_FROZEN/pNone,PRE_FAIL,ABSORBED_EMPTY/pNone;ABSORBED_EMPTY/pNone;ABSORBED_EMPTY/pNone,None;None;None,False,False
2,A>B.reqA|B>A.reqwrite~B,ABSORBED_FROZEN/pNone,PRE_FAIL,ABSORBED_EMPTY/pNone;ABSORBED_EMPTY/pNone;ABSORBED_EMPTY/pNone,None;None;None,False,False
2,A>B.reqA|B>A.reqwrite~~,ABSORBED_FROZEN/pNone,PRE_FAIL,ABSORBED_EMPTY/pNone;ABSORBED_EMPTY/pNone;ABSORBED_EMPTY/pNone,None;None;None,False,False
2,A>B.reqA|B>A.req~,ABSORBED_FROZEN/pNone,PRE_FAIL,ABSORBED_EMPTY/pNone;ABSORBED_EMPTY/pNone;ABSORBED_EMPTY/pNone,None;None;None,False,False
2,A>B.reqA|B>A.self,ABSORBED_FROZEN/pNone,PRE_FAIL,ABSORBED_EMPTY/pNone;ABSORBED_EMPTY/pNone;ABSORBED_EMPTY/pNone,None;None;None,False,False
2,A>B.reqA|B>A.writeA,ABSORBED_FROZEN/pNone,PRE_FAIL,ABSORBED_EMPTY/pNone;ABSORBED_EMPTY/pNone;ABSORBED_EMPTY/pNone,None;None;None,False,False
2,A>B.reqA|B>A.writeB,ABSORBED_FROZEN/pNone,PRE_FAIL,ABSORBED_EMPTY/pNone;ABSORBED_EMPTY/pNone;ABSORBED_EMPTY/pNone,None;None;None,False,False
2,A>B.reqA|B>A.write~,ABSORBED_FROZEN/pNone,PRE_FAIL,ABSORBED_EMPTY/pNone;ABSORBED_EMPTY/pNone;ABSORBED_EMPTY/pNone,None;None;None,False,False
2,A>B.reqA|B>B.reqA,ABSORBED_FROZEN/pNone,PRE_FAIL,ABSORBED_EMPTY/pNone;ABSORBED_EMPTY/pNone;ABSORBED_EMPTY/pNone,None;None;None,False,False
2,A>B.reqA|B>B.reqB,ABSORBED_FROZEN/pNone,PRE_FAIL,ABSORBED_EMPTY/pNone;ABSORBED_EMPTY/pNone;ABSORBED_EMPTY/pNone,None;None;None,False,False
2,A>B.reqA|B>B.reqwriteAA,ABSORBED_FROZEN/pNone,PRE_FAIL,ABSORBED_EMPTY/pNone;ABSORBED_EMPTY/pNone;ABSORBED_EMPTY/pNone,None;None;None,False,False
2,A>B.reqA|B>B.reqwriteAB,ABSORBED_FROZEN/pNone,PRE_FAIL,ABSORBED_EMPTY/pNone;ABSORBED_EMPTY/pNone;ABSORBED_EMPTY/pNone,None;None;None,False,False
2,A>B.reqA|B>B.reqwriteA~,ABSORBED_FROZEN/pNone,PRE_FAIL,ABSORBED_EMPTY/pNone;ABSORBED_EMPTY/pNone;ABSORBED_EMPTY/pNone,None;None;None,False,False
2,A>B.reqA|B>B.reqwriteBA,ABSORBED_FROZEN/pNone,PRE_FAIL,ABSORBED_EMPTY/pNone;ABSORBED_EMPTY/pNone;ABSORBED_EMPTY/pNone,None;None;None,False,False
2,A>B.reqA|B>B.reqwriteBB,ABSORBED_FROZEN/pNone,PRE_FAIL,ABSORBED_EMPTY/pNone;ABSORBED_EMPTY/pNone;ABSORBED_EMPTY/pNone,None;None;None,False,False
2,A>B.reqA|B>B.reqwriteB~,ABSORBED_FROZEN/pNone,PRE_FAIL,ABSORBED_EMPTY/pNone;ABSORBED_EMPTY/pNone;ABSORBED_EMPTY/pNone,None;None;None,False,False
2,A>B.reqA|B>B.reqwrite~A,ABSORBED_FROZEN/pNone,PRE_FAIL,ABSORBED_EMPTY/pNone;ABSORBED_EMPTY/pNone;ABSORBED_EMPTY/pNone,None;None;None,False,False
2,A>B.reqA|B>B.reqwrite~B,ABSORBED_FROZEN/pNone,PRE_FAIL,ABSORBED_EMPTY/pNone;ABSORBED_EMPTY/pNone;ABSORBED_EMPTY/pNone,None;None;None,False,False
2,A>B.reqA|B>B.reqwrite~~,ABSORBED_FROZEN/pNone,PRE_FAIL,ABSORBED_EMPTY/pNone;ABSORBED_EMPTY/pNone;ABSORBED_EMPTY/pNone,None;None;None,False,False
2,A>B.reqA|B>B.req~,ABSORBED_FROZEN/pNone,PRE_FAIL,ABSORBED_EMPTY/pNone;ABSORBED_EMPTY/pNone;ABSORBED_EMPTY/pNone,None;None;None,False,False
2,A>B.reqA|B>B.self,ABSORBED_FROZEN/pNone,PRE_FAIL,ABSORBED_EMPTY/pNone;ABSORBED_EMPTY/pNone;ABSORBED_EMPTY/pNone,None;None;None,False,False
2,A>B.reqA|B>B.writeA,ABSORBED_FROZEN/pNone,PRE_FAIL,ABSORBED_EMPTY/pNone;ABSORBED_EMPTY/pNone;ABSORBED_EMPTY/pNone,None;None;None,False,False
2,A>B.reqA|B>B.writeB,ABSORBED_FROZEN/pNone,PRE_FAIL,ABSORBED_EMPTY/pNone;ABSORBED_EMPTY/pNone;ABSORBED_EMPTY/pNone,None;None;None,False,False
2,A>B.reqA|B>B.write~,ABSORBED_FROZEN/pNone,PRE_FAIL,ABSORBED_EMPTY/pNone;ABSORBED_EMPTY/pNone;ABSORBED_EMPTY/pNone,None;None;None,False,False
2,A>B.reqA|B>~.reqA,ABSORBED_FROZEN/pNone,PRE_FAIL,ABSORBED_EMPTY/pNone;ABSORBED_EMPTY/pNone;ABSORBED_EMPTY/pNone,None;None;None,False,False
2,A>B.reqA|B>~.reqB,ABSORBED_FROZEN/pNone,PRE_FAIL,ABSORBED_EMPTY/pNone;ABSORBED_EMPTY/pNone;ABSORBED_EMPTY/pNone,None;None;None,False,False
2,A>B.reqA|B>~.reqwriteAA,ABSORBED_FROZEN/pNone,PRE_FAIL,ABSORBED_EMPTY/pNone;ABSORBED_EMPTY/pNone;ABSORBED_EMPTY/pNone,None;None;None,False,False
2,A>B.reqA|B>~.reqwriteAB,ABSORBED_FROZEN/pNone,PRE_FAIL,ABSORBED_EMPTY/pNone;ABSORBED_EMPTY/pNone;ABSORBED_EMPTY/pNone,None;None;None,False,False
2,A>B.reqA|B>~.reqwriteA~,ABSORBED_FROZEN/pNone,PRE_FAIL,ABSORBED_EMPTY/pNone;ABSORBED_EMPTY/pNone;ABSORBED_EMPTY/pNone,None;None;None,False,False
2,A>B.reqA|B>~.reqwriteBA,ABSORBED_FROZEN/pNone,PRE_FAIL,ABSORBED_EMPTY/pNone;ABSORBED_EMPTY/pNone;ABSORBED_EMPTY/pNone,None;None;None,False,False
2,A>B.reqA|B>~.reqwriteBB,ABSORBED_FROZEN/pNone,PRE_FAIL,ABSORBED_EMPTY/pNone;ABSORBED_EMPTY/pNone;ABSORBED_EMPTY/pNone,None;None;None,False,False
2,A>B.reqA|B>~.reqwriteB~,ABSORBED_FROZEN/pNone,PRE_FAIL,ABSORBED_EMPTY/pNone;ABSORBED_EMPTY/pNone;ABSORBED_EMPTY/pNone,None;None;None,False,False
2,A>B.reqA|B>~.reqwrite~A,ABSORBED_FROZEN/pNone,PRE_FAIL,ABSORBED_EMPTY/pNone;ABSORBED_EMPTY/pNone;ABSORBED_EMPTY/pNone,None;None;None,False,False
2,A>B.reqA|B>~.reqwrite~B,ABSORBED_FROZEN/pNone,PRE_FAIL,ABSORBED_EMPTY/pNone;ABSORBED_EMPTY/pNone;ABSORBED_EMPTY/pNone,None;None;None,False,False
2,A>B.reqA|B>~.reqwrite~~,ABSORBED_FROZEN/pNone,PRE_FAIL,ABSORBED_EMPTY/pNone;ABSORBED_EMPTY/pNone;ABSORBED_EMPTY/pNone,None;None;None,False,False
2,A>B.reqA|B>~.req~,ABSORBED_FROZEN/pNone,PRE_FAIL,ABSORBED_EMPTY/pNone;ABSORBED_EMPTY/pNone;ABSORBED_EMPTY/pNone,None;None;None,False,False
2,A>B.reqA|B>~.self,ABSORBED_FROZEN/pNone,PRE_FAIL,ABSORBED_EMPTY/pNone;ABSORBED_EMPTY/pNone;ABSORBED_EMPTY/pNone,None;None;None,False,False
2,A>B.reqA|B>~.writeA,ABSORBED_FROZEN/pNone,PRE_FAIL,ABSORBED_EMPTY/pNone;ABSORBED_EMPTY/pNone;ABSORBED_EMPTY/pNone,None;None;None,False,False
2,A>B.reqA|B>~.writeB,ABSORBED_FROZEN/pNone,PRE_FAIL,ABSORBED_EMPTY/pNone;ABSORBED_EMPTY/pNone;ABSORBED_EMPTY/pNone,None;None;None,False,False
2,A>B.reqA|B>~.write~,ABSORBED_FROZEN/pNone,PRE_FAIL,ABSORBED_EMPTY/pNone;ABSORBED_EMPTY/pNone;ABSORBED_EMPTY/pNone,None;None;None,False,False
2,A>B.reqB|A>B.reqwriteAA,ABSORBED_FROZEN/pNone,PRE_FAIL,ABSORBED_EMPTY/pNone;ABSORBED_EMPTY/pNone;ABSORBED_EMPTY/pNone,None;None;None,False,False
2,A>B.reqB|A>B.reqwriteAB,ABSORBED_FROZEN/pNone,PRE_FAIL,ABSORBED_EMPTY/pNone;ABSORBED_EMPTY/pNone;ABSORBED_EMPTY/pNone,None;None;None,False,False
2,A>B.reqB|A>B.reqwriteA~,ABSORBED_FROZEN/pNone,PRE_FAIL,ABSORBED_EMPTY/pNone;ABSORBED_EMPTY/pNone;ABSORBED_EMPTY/pNone,None;None;None,False,False
2,A>B.reqB|A>B.reqwriteBA,ABSORBED_FROZEN/pNone,PRE_FAIL,ABSORBED_EMPTY/pNone;ABSORBED_EMPTY/pNone;ABSORBED_EMPTY/pNone,None;None;None,False,False
2,A>B.reqB|A>B.reqwriteBB,ABSORBED_FROZEN/pNone,PRE_FAIL,ABSORBED_EMPTY/pNone;ABSORBED_EMPTY/pNone;ABSORBED_EMPTY/pNone,None;None;None,False,False
2,A>B.reqB|A>B.reqwriteB~,ABSORBED_FROZEN/pNone,PRE_FAIL,ABSORBED_EMPTY/pNone;ABSORBED_EMPTY/pNone;ABSORBED_EMPTY/pNone,None;None;None,False,False
2,A>B.reqB|A>B.reqwrite~A,ABSORBED_FROZEN/pNone,PRE_FAIL,ABSORBED_FROZEN/pNone;ABSORBED_FROZEN/pNone;ABSORBED_FROZEN/pNone;ABSORBED_FROZEN/pNone;ABSORBED_FROZEN/pNone;ABSORBED_FROZEN/pNone;ABSORBED_FROZEN/pNone;ABSORBED_FROZEN/pNone;ABSORBED_FROZEN/pNone,None;None;None,False,False
2,A>B.reqB|A>B.reqwrite~B,ABSORBED_FROZEN/pNone,PRE_FAIL,ABSORBED_FROZEN/pNone;ABSORBED_EMPTY/pNone;ABSORBED_FROZEN/pNone;ABSORBED_EMPTY/pNone;ABSORBED_FROZEN/pNone;ABSORBED_EMPTY/pNone,None;None;None,False,False
2,A>B.reqB|A>B.reqwrite~~,ABSORBED_FROZEN/pNone,PRE_FAIL,ABSORBED_EMPTY/pNone;ABSORBED_EMPTY/pNone;ABSORBED_EMPTY/pNone,None;None;None,False,False
2,A>B.reqB|A>B.req~,ABSORBED_FROZEN/pNone,PRE_FAIL,ABSORBED_EMPTY/pNone;ABSORBED_EMPTY/pNone;ABSORBED_EMPTY/pNone,None;None;None,False,False
2,A>B.reqB|A>B.self,ABSORBED_FROZEN/pNone,PRE_FAIL,ABSORBED_EMPTY/pNone;ABSORBED_EMPTY/pNone;ABSORBED_EMPTY/pNone,None;None;None,False,False
2,A>B.reqB|A>B.writeA,ABSORBED_FROZEN/pNone,PRE_FAIL,ABSORBED_FROZEN/pNone;ABSORBED_FROZEN/pNone;ABSORBED_FROZEN/pNone;ABSORBED_FROZEN/pNone;ABSORBED_FROZEN/pNone;ABSORBED_FROZEN/pNone;ABSORBED_FROZEN/pNone;ABSORBED_FROZEN/pNone;ABSORBED_FROZEN/pNone,None;None;None,False,False
2,A>B.reqB|A>B.writeB,ABSORBED_FROZEN/pNone,PRE_FAIL,ABSORBED_FROZEN/pNone;ABSORBED_EMPTY/pNone;ABSORBED_FROZEN/pNone;ABSORBED_EMPTY/pNone;ABSORBED_FROZEN/pNone;ABSORBED_EMPTY/pNone,None;None;None,False,False
2,A>B.reqB|A>B.write~,ABSORBED_FROZEN/pNone,PRE_FAIL,ABSORBED_EMPTY/pNone;ABSORBED_EMPTY/pNone;ABSORBED_EMPTY/pNone,None;None;None,False,False
2,A>B.reqB|A>~.reqA,ABSORBED_FROZEN/pNone,PRE_FAIL,ABSORBED_EMPTY/pNone;ABSORBED_EMPTY/pNone;ABSORBED_EMPTY/pNone,None;None;None,False,False
2,A>B.reqB|A>~.reqB,ABSORBED_FROZEN/pNone,PRE_FAIL,ABSORBED_EMPTY/pNone;ABSORBED_EMPTY/pNone;ABSORBED_EMPTY/pNone,None;None;None,False,False
2,A>B.reqB|A>~.reqwriteAA,ABSORBED_FROZEN/pNone,PRE_FAIL,ABSORBED_EMPTY/pNone;ABSORBED_EMPTY/pNone;ABSORBED_EMPTY/pNone,None;None;None,False,False
2,A>B.reqB|A>~.reqwriteAB,ABSORBED_FROZEN/pNone,PRE_FAIL,ABSORBED_EMPTY/pNone;ABSORBED_EMPTY/pNone;ABSORBED_EMPTY/pNone,None;None;None,False,False
2,A>B.reqB|A>~.reqwriteA~,ABSORBED_FROZEN/pNone,PRE_FAIL,ABSORBED_EMPTY/pNone;ABSORBED_EMPTY/pNone;ABSORBED_EMPTY/pNone,None;None;None,False,False
2,A>B.reqB|A>~.reqwriteBA,ABSORBED_FROZEN/pNone,PRE_FAIL,ABSORBED_EMPTY/pNone;ABSORBED_EMPTY/pNone;ABSORBED_EMPTY/pNone,None;None;None,False,False
2,A>B.reqB|A>~.reqwriteBB,ABSORBED_FROZEN/pNone,PRE_FAIL,ABSORBED_EMPTY/pNone;ABSORBED_EMPTY/pNone;ABSORBED_EMPTY/pNone,None;None;None,False,False
2,A>B.reqB|A>~.reqwriteB~,ABSORBED_FROZEN/pNone,PRE_FAIL,ABSORBED_EMPTY/pNone;ABSORBED_EMPTY/pNone;ABSORBED_EMPTY/pNone,None;None;None,False,False
2,A>B.reqB|A>~.reqwrite~A,TRANSLATION/p6,DIED,ABSORBED_EMPTY/pNone;ABSORBED_EMPTY/pNone;ABSORBED_EMPTY/pNone,None;None;None,False,False
2,A>B.reqB|A>~.reqwrite~B,ABSORBED_FROZEN/pNone,PRE_FAIL,ABSORBED_EMPTY/pNone;ABSORBED_EMPTY/pNone;ABSORBED_EMPTY/pNone,None;None;None,False,False
2,A>B.reqB|A>~.reqwrite~~,ABSORBED_EMPTY/pNone,PRE_FAIL,,None;None;None,False,False
2,A>B.reqB|A>~.req~,ABSORBED_EMPTY/pNone,PRE_FAIL,,None;None;None,False,False
2,A>B.reqB|A>~.self,ABSORBED_EMPTY/pNone,PRE_FAIL,,None;None;None,False,False
2,A>B.reqB|A>~.writeA,TRANSLATION/p6,DIED,ABSORBED_EMPTY/pNone;ABSORBED_EMPTY/pNone;ABSORBED_EMPTY/pNone,None;None;None,False,False
2,A>B.reqB|A>~.writeB,ABSORBED_FROZEN/pNone,PRE_FAIL,ABSORBED_EMPTY/pNone;ABSORBED_EMPTY/pNone;ABSORBED_EMPTY/pNone,None;None;None,False,False
2,A>B.reqB|A>~.write~,ABSORBED_EMPTY/pNone,PRE_FAIL,,None;None;None,False,False
2,A>B.reqB|B>A.reqA,ABSORBED_FROZEN/pNone,PRE_FAIL,ABSORBED_EMPTY/pNone;ABSORBED_EMPTY/pNone;ABSORBED_EMPTY/pNone,None;None;None,False,False
2,A>B.reqB|B>A.reqB,ABSORBED_FROZEN/pNone,PRE_FAIL,ABSORBED_EMPTY/pNone;ABSORBED_EMPTY/pNone;ABSORBED_EMPTY/pNone,None;None;None,False,False
2,A>B.reqB|B>A.reqwriteAA,ABSORBED_FROZEN/pNone,PRE_FAIL,ABSORBED_EMPTY/pNone;ABSORBED_EMPTY/pNone;ABSORBED_EMPTY/pNone,None;None;None,False,False
2,A>B.reqB|B>A.reqwriteAB,ABSORBED_FROZEN/pNone,PRE_FAIL,ABSORBED_EMPTY/pNone;ABSORBED_EMPTY/pNone;ABSORBED_EMPTY/pNone,None;None;None,False,False
2,A>B.reqB|B>A.reqwriteA~,ABSORBED_FROZEN/pNone,PRE_FAIL,ABSORBED_EMPTY/pNone;ABSORBED_EMPTY/pNone;ABSORBED_EMPTY/pNone,None;None;None,False,False
2,A>B.reqB|B>A.reqwriteBA,ABSORBED_FROZEN/pNone,PRE_FAIL,ABSORBED_EMPTY/pNone;ABSORBED_EMPTY/pNone;ABSORBED_EMPTY/pNone,None;None;None,False,False
2,A>B.reqB|B>A.reqwriteBB,ABSORBED_FROZEN/pNone,PRE_FAIL,ABSORBED_EMPTY/pNone;ABSORBED_EMPTY/pNone;ABSORBED_EMPTY/pNone,None;None;None,False,False
2,A>B.reqB|B>A.reqwriteB~,ABSORBED_FROZEN/pNone,PRE_FAIL,ABSORBED_EMPTY/pNone;ABSORBED_EMPTY/pNone;ABSORBED_EMPTY/pNone,None;None;None,False,False
2,A>B.reqB|B>A.reqwrite~A,ABSORBED_FROZEN/pNone,PRE_FAIL,ABSORBED_EMPTY/pNone;ABSORBED_EMPTY/pNone;ABSORBED_EMPTY/pNone,None;None;None,False,False
2,A>B.reqB|B>A.reqwrite~B,ABSORBED_FROZEN/pNone,PRE_FAIL,ABSORBED_EMPTY/pNone;ABSORBED_EMPTY/pNone;ABSORBED_EMPTY/pNone,None;None;None,False,False
2,A>B.reqB|B>A.reqwrite~~,ABSORBED_FROZEN/pNone,PRE_FAIL,ABSORBED_EMPTY/pNone;ABSORBED_EMPTY/pNone;ABSORBED_EMPTY/pNone,None;None;None,False,False
2,A>B.reqB|B>A.req~,ABSORBED_FROZEN/pNone,PRE_FAIL,ABSORBED_EMPTY/pNone;ABSORBED_EMPTY/pNone;ABSORBED_EMPTY/pNone,None;None;None,False,False
2,A>B.reqB|B>A.self,ABSORBED_FROZEN/pNone,PRE_FAIL,ABSORBED_EMPTY/pNone;ABSORBED_EMPTY/pNone;ABSORBED_EMPTY/pNone,None;None;None,False,False
2,A>B.reqB|B>A.writeA,ABSORBED_FROZEN/pNone,PRE_FAIL,ABSORBED_EMPTY/pNone;ABSORBED_EMPTY/pNone;ABSORBED_EMPTY/pNone,None;None;None,False,False
2,A>B.reqB|B>A.writeB,ABSORBED_FROZEN/pNone,PRE_FAIL,ABSORBED_EMPTY/pNone;ABSORBED_EMPTY/pNone;ABSORBED_EMPTY/pNone,None;None;None,False,False
2,A>B.reqB|B>A.write~,ABSORBED_FROZEN/pNone,PRE_FAIL,ABSORBED_EMPTY/pNone;ABSORBED_EMPTY/pNone;ABSORBED_EMPTY/pNone,None;None;None,False,False
2,A>B.reqB|B>B.reqA,ABSORBED_FROZEN/pNone,PRE_FAIL,ABSORBED_EMPTY/pNone;ABSORBED_EMPTY/pNone;ABSORBED_EMPTY/pNone,None;None;None,False,False
2,A>B.reqB|B>B.reqB,ABSORBED_FROZEN/pNone,PRE_FAIL,ABSORBED_EMPTY/pNone;ABSORBED_EMPTY/pNone;ABSORBED_EMPTY/pNone,None;None;None,False,False
2,A>B.reqB|B>B.reqwriteAA,ABSORBED_FROZEN/pNone,PRE_FAIL,ABSORBED_EMPTY/pNone;ABSORBED_EMPTY/pNone;ABSORBED_EMPTY/pNone,None;None;None,False,False
2,A>B.reqB|B>B.reqwriteAB,ABSORBED_FROZEN/pNone,PRE_FAIL,ABSORBED_EMPTY/pNone;ABSORBED_EMPTY/pNone;ABSORBED_EMPTY/pNone,None;None;None,False,False
2,A>B.reqB|B>B.reqwriteA~,ABSORBED_FROZEN/pNone,PRE_FAIL,ABSORBED_EMPTY/pNone;ABSORBED_EMPTY/pNone;ABSORBED_EMPTY/pNone,None;None;None,False,False
2,A>B.reqB|B>B.reqwriteBA,ABSORBED_FROZEN/pNone,PRE_FAIL,ABSORBED_EMPTY/pNone;ABSORBED_EMPTY/pNone;ABSORBED_EMPTY/pNone,None;None;None,False,False
2,A>B.reqB|B>B.reqwriteBB,ABSORBED_FROZEN/pNone,PRE_FAIL,ABSORBED_EMPTY/pNone;ABSORBED_EMPTY/pNone;ABSORBED_EMPTY/pNone,None;None;None,False,False
2,A>B.reqB|B>B.reqwriteB~,ABSORBED_FROZEN/pNone,PRE_FAIL,ABSORBED_EMPTY/pNone;ABSORBED_EMPTY/pNone;ABSORBED_EMPTY/pNone,None;None;None,False,False
2,A>B.reqB|B>B.reqwrite~A,ABSORBED_FROZEN/pNone,PRE_FAIL,ABSORBED_EMPTY/pNone;ABSORBED_EMPTY/pNone;ABSORBED_EMPTY/pNone,None;None;None,False,False
2,A>B.reqB|B>B.reqwrite~B,ABSORBED_FROZEN/pNone,PRE_FAIL,ABSORBED_EMPTY/pNone;ABSORBED_EMPTY/pNone;ABSORBED_EMPTY/pNone,None;None;None,False,False
2,A>B.reqB|B>B.reqwrite~~,ABSORBED_FROZEN/pNone,PRE_FAIL,ABSORBED_EMPTY/pNone;ABSORBED_EMPTY/pNone;ABSORBED_EMPTY/pNone,None;None;None,False,False
2,A>B.reqB|B>B.req~,ABSORBED_FROZEN/pNone,PRE_FAIL,ABSORBED_EMPTY/pNone;ABSORBED_EMPTY/pNone;ABSORBED_EMPTY/pNone,None;None;None,False,False
2,A>B.reqB|B>B.self,ABSORBED_FROZEN/pNone,PRE_FAIL,ABSORBED_EMPTY/pNone;ABSORBED_EMPTY/pNone;ABSORBED_EMPTY/pNone,None;None;None,False,False
2,A>B.reqB|B>B.writeA,ABSORBED_FROZEN/pNone,PRE_FAIL,ABSORBED_EMPTY/pNone;ABSORBED_EMPTY/pNone;ABSORBED_EMPTY/pNone,None;None;None,False,False
2,A>B.reqB|B>B.writeB,ABSORBED_FROZEN/pNone,PRE_FAIL,ABSORBED_EMPTY/pNone;ABSORBED_EMPTY/pNone;ABSORBED_EMPTY/pNone,None;None;None,False,False
2,A>B.reqB|B>B.write~,ABSORBED_FROZEN/pNone,PRE_FAIL,ABSORBED_EMPTY/pNone;ABSORBED_EMPTY/pNone;ABSORBED_EMPTY/pNone,None;None;None,False,False
2,A>B.reqB|B>~.reqA,ABSORBED_FROZEN/pNone,PRE_FAIL,ABSORBED_EMPTY/pNone;ABSORBED_EMPTY/pNone;ABSORBED_EMPTY/pNone,None;None;None,False,False
2,A>B.reqB|B>~.reqB,ABSORBED_FROZEN/pNone,PRE_FAIL,ABSORBED_EMPTY/pNone;ABSORBED_EMPTY/pNone;ABSORBED_EMPTY/pNone,None;None;None,False,False
2,A>B.reqB|B>~.reqwriteAA,ABSORBED_FROZEN/pNone,PRE_FAIL,ABSORBED_EMPTY/pNone;ABSORBED_EMPTY/pNone;ABSORBED_EMPTY/pNone,None;None;None,False,False
2,A>B.reqB|B>~.reqwriteAB,ABSORBED_FROZEN/pNone,PRE_FAIL,ABSORBED_EMPTY/pNone;ABSORBED_EMPTY/pNone;ABSORBED_EMPTY/pNone,None;None;None,False,False
2,A>B.reqB|B>~.reqwriteA~,ABSORBED_FROZEN/pNone,PRE_FAIL,ABSORBED_EMPTY/pNone;ABSORBED_EMPTY/pNone;ABSORBED_EMPTY/pNone,None;None;None,False,False
2,A>B.reqB|B>~.reqwriteBA,ABSORBED_FROZEN/pNone,PRE_FAIL,ABSORBED_EMPTY/pNone;ABSORBED_EMPTY/pNone;ABSORBED_EMPTY/pNone,None;None;None,False,False
2,A>B.reqB|B>~.reqwriteBB,ABSORBED_FROZEN/pNone,PRE_FAIL,ABSORBED_EMPTY/pNone;ABSORBED_EMPTY/pNone;ABSORBED_EMPTY/pNone,None;None;None,False,False
2,A>B.reqB|B>~.reqwriteB~,ABSORBED_FROZEN/pNone,PRE_FAIL,ABSORBED_EMPTY/pNone;ABSORBED_EMPTY/pNone;ABSORBED_EMPTY/pNone,None;None;None,False,False
2,A>B.reqB|B>~.reqwrite~A,ABSORBED_FROZEN/pNone,PRE_FAIL,ABSORBED_EMPTY/pNone;ABSORBED_EMPTY/pNone;ABSORBED_EMPTY/pNone,None;None;None,False,False
2,A>B.reqB|B>~.reqwrite~B,ABSORBED_FROZEN/pNone,PRE_FAIL,ABSORBED_EMPTY/pNone;ABSORBED_EMPTY/pNone;ABSORBED_EMPTY/pNone,None;None;None,False,False
2,A>B.reqB|B>~.reqwrite~~,ABSORBED_FROZEN/pNone,PRE_FAIL,ABSORBED_EMPTY/pNone;ABSORBED_EMPTY/pNone;ABSORBED_EMPTY/pNone,None;None;None,False,False
2,A>B.reqB|B>~.req~,ABSORBED_FROZEN/pNone,PRE_FAIL,ABSORBED_EMPTY/pNone;ABSORBED_EMPTY/pNone;ABSORBED_EMPTY/pNone,None;None;None,False,False
2,A>B.reqB|B>~.self,ABSORBED_FROZEN/pNone,PRE_FAIL,ABSORBED_EMPTY/pNone;ABSORBED_EMPTY/pNone;ABSORBED_EMPTY/pNone,None;None;None,False,False
2,A>B.reqB|B>~.writeA,ABSORBED_FROZEN/pNone,PRE_FAIL,ABSORBED_EMPTY/pNone;ABSORBED_EMPTY/pNone;ABSORBED_EMPTY/pNone,None;None;None,False,False
2,A>B.reqB|B>~.writeB,ABSORBED_FROZEN/pNone,PRE_FAIL,ABSORBED_EMPTY/pNone;ABSORBED_EMPTY/pNone;ABSORBED_EMPTY/pNone,None;None;None,False,False
2,A>B.reqB|B>~.write~,ABSORBED_FROZEN/pNone,PRE_FAIL,ABSORBED_EMPTY/pNone;ABSORBED_EMPTY/pNone;ABSORBED_EMPTY/pNone,None;None;None,False,False
2,A>B.reqwriteAA|A>B.reqwriteAB,ABSORBED_FROZEN/pNone,PRE_FAIL,ABSORBED_EMPTY/pNone;ABSORBED_EMPTY/pNone;ABSORBED_EMPTY/pNone,None;None;None,False,False
2,A>B.reqwriteAA|A>B.reqwriteA~,ABSORBED_FROZEN/pNone,PRE_FAIL,ABSORBED_EMPTY/pNone;ABSORBED_EMPTY/pNone;ABSORBED_EMPTY/pNone,None;None;None,False,False
2,A>B.reqwriteAA|A>B.reqwriteBA,ABSORBED_FROZEN/pNone,PRE_FAIL,ABSORBED_EMPTY/pNone;ABSORBED_EMPTY/pNone;ABSORBED_EMPTY/pNone,None;None;None,False,False
2,A>B.reqwriteAA|A>B.reqwriteBB,ABSORBED_FROZEN/pNone,PRE_FAIL,ABSORBED_EMPTY/pNone;ABSORBED_EMPTY/pNone;ABSORBED_EMPTY/pNone,None;None;None,False,False
2,A>B.reqwriteAA|A>B.reqwriteB~,ABSORBED_FROZEN/pNone,PRE_FAIL,ABSORBED_EMPTY/pNone;ABSORBED_EMPTY/pNone;ABSORBED_EMPTY/pNone,None;None;None,False,False
2,A>B.reqwriteAA|A>B.reqwrite~A,ABSORBED_FROZEN/pNone,PRE_FAIL,ABSORBED_FROZEN/pNone;ABSORBED_FROZEN/pNone;ABSORBED_FROZEN/pNone;ABSORBED_FROZEN/pNone;ABSORBED_FROZEN/pNone;ABSORBED_FROZEN/pNone;ABSORBED_FROZEN/pNone;ABSORBED_FROZEN/pNone;ABSORBED_FROZEN/pNone,None;None;None,False,False
2,A>B.reqwriteAA|A>B.reqwrite~B,ABSORBED_FROZEN/pNone,PRE_FAIL,ABSORBED_FROZEN/pNone;ABSORBED_EMPTY/pNone;ABSORBED_FROZEN/pNone;ABSORBED_EMPTY/pNone;ABSORBED_FROZEN/pNone;ABSORBED_EMPTY/pNone,None;None;None,False,False
2,A>B.reqwriteAA|A>B.reqwrite~~,ABSORBED_FROZEN/pNone,PRE_FAIL,ABSORBED_EMPTY/pNone;ABSORBED_EMPTY/pNone;ABSORBED_EMPTY/pNone,None;None;None,False,False
2,A>B.reqwriteAA|A>B.self,ABSORBED_FROZEN/pNone,PRE_FAIL,ABSORBED_EMPTY/pNone;ABSORBED_EMPTY/pNone;ABSORBED_EMPTY/pNone,None;None;None,False,False
2,A>B.reqwriteAA|A>B.writeA,TRANSLATION/p6,"MIXED:DIEDx2,REPAIRx1",ABSORBED_FROZEN/pNone;ABSORBED_FROZEN/pNone;ABSORBED_FROZEN/pNone;TRANSLATION/p6;ABSORBED_FROZEN/pNone;ABSORBED_FROZEN/pNone;TRANSLATION/p6;TRANSLATION/p6;TRANSLATION/p6,None;None;None,False,False
2,A>B.reqwriteAA|A>B.writeB,ABSORBED_FROZEN/pNone,PRE_FAIL,ABSORBED_FROZEN/pNone;ABSORBED_EMPTY/pNone;ABSORBED_FROZEN/pNone;ABSORBED_EMPTY/pNone;ABSORBED_FROZEN/pNone;ABSORBED_EMPTY/pNone,None;None;None,False,False
2,A>B.reqwriteAA|A>B.write~,ABSORBED_FROZEN/pNone,PRE_FAIL,ABSORBED_EMPTY/pNone;ABSORBED_EMPTY/pNone;ABSORBED_EMPTY/pNone,None;None;None,False,False
2,A>B.reqwriteAA|A>~.reqA,ABSORBED_FROZEN/pNone,PRE_FAIL,ABSORBED_EMPTY/pNone;ABSORBED_EMPTY/pNone;ABSORBED_EMPTY/pNone,None;None;None,False,False
2,A>B.reqwriteAA|A>~.reqB,ABSORBED_FROZEN/pNone,PRE_FAIL,ABSORBED_EMPTY/pNone;ABSORBED_EMPTY/pNone;ABSORBED_EMPTY/pNone,None;None;None,False,False
2,A>B.reqwriteAA|A>~.reqwriteAA,ABSORBED_FROZEN/pNone,PRE_FAIL,ABSORBED_EMPTY/pNone;ABSORBED_EMPTY/pNone;ABSORBED_EMPTY/pNone,None;None;None,False,False
2,A>B.reqwriteAA|A>~.reqwriteAB,ABSORBED_FROZEN/pNone,PRE_FAIL,ABSORBED_EMPTY/pNone;ABSORBED_EMPTY/pNone;ABSORBED_EMPTY/pNone,None;None;None,False,False
2,A>B.reqwriteAA|A>~.reqwriteA~,ABSORBED_FROZEN/pNone,PRE_FAIL,ABSORBED_EMPTY/pNone;ABSORBED_EMPTY/pNone;ABSORBED_EMPTY/pNone,None;None;None,False,False
2,A>B.reqwriteAA|A>~.reqwriteBA,ABSORBED_FROZEN/pNone,PRE_FAIL,ABSORBED_EMPTY/pNone;ABSORBED_EMPTY/pNone;ABSORBED_EMPTY/pNone,None;None;None,False,False
2,A>B.reqwriteAA|A>~.reqwriteBB,ABSORBED_FROZEN/pNone,PRE_FAIL,ABSORBED_EMPTY/pNone;ABSORBED_EMPTY/pNone;ABSORBED_EMPTY/pNone,None;None;None,False,False
2,A>B.reqwriteAA|A>~.reqwriteB~,ABSORBED_FROZEN/pNone,PRE_FAIL,ABSORBED_EMPTY/pNone;ABSORBED_EMPTY/pNone;ABSORBED_EMPTY/pNone,None;None;None,False,False
2,A>B.reqwriteAA|A>~.reqwrite~A,TRANSLATION/p6,DIED,ABSORBED_EMPTY/pNone;ABSORBED_EMPTY/pNone;ABSORBED_EMPTY/pNone,None;None;None,False,False
2,A>B.reqwriteAA|A>~.reqwrite~B,ABSORBED_FROZEN/pNone,PRE_FAIL,ABSORBED_EMPTY/pNone;ABSORBED_EMPTY/pNone;ABSORBED_EMPTY/pNone,None;None;None,False,False
2,A>B.reqwriteAA|A>~.reqwrite~~,ABSORBED_EMPTY/pNone,PRE_FAIL,,None;None;None,False,False
2,A>B.reqwriteAA|A>~.req~,ABSORBED_EMPTY/pNone,PRE_FAIL,,None;None;None,False,False
2,A>B.reqwriteAA|A>~.self,ABSORBED_EMPTY/pNone,PRE_FAIL,,None;None;None,False,False
2,A>B.reqwriteAA|A>~.writeA,TRANSLATION/p6,DIED,ABSORBED_EMPTY/pNone;ABSORBED_EMPTY/pNone;ABSORBED_EMPTY/pNone,None;None;None,False,False
2,A>B.reqwriteAA|A>~.writeB,ABSORBED_FROZEN/pNone,PRE_FAIL,ABSORBED_EMPTY/pNone;ABSORBED_EMPTY/pNone;ABSORBED_EMPTY/pNone,None;None;None,False,False
2,A>B.reqwriteAA|A>~.write~,ABSORBED_EMPTY/pNone,PRE_FAIL,,None;None;None,False,False
2,A>B.reqwriteAA|B>A.reqA,ABSORBED_FROZEN/pNone,PRE_FAIL,ABSORBED_EMPTY/pNone;ABSORBED_EMPTY/pNone;ABSORBED_EMPTY/pNone,None;None;None,False,False
2,A>B.reqwriteAA|B>A.reqB,ABSORBED_FROZEN/pNone,PRE_FAIL,ABSORBED_EMPTY/pNone;ABSORBED_EMPTY/pNone;ABSORBED_EMPTY/pNone,None;None;None,False,False
2,A>B.reqwriteAA|B>A.reqwriteAA,ABSORBED_FROZEN/pNone,PRE_FAIL,ABSORBED_EMPTY/pNone;ABSORBED_EMPTY/pNone;ABSORBED_EMPTY/pNone,None;None;None,False,False
2,A>B.reqwriteAA|B>A.reqwriteAB,ABSORBED_FROZEN/pNone,PRE_FAIL,ABSORBED_EMPTY/pNone;ABSORBED_EMPTY/pNone;ABSORBED_EMPTY/pNone,None;None;None,False,False
2,A>B.reqwriteAA|B>A.reqwriteA~,ABSORBED_FROZEN/pNone,PRE_FAIL,ABSORBED_EMPTY/pNone;ABSORBED_EMPTY/pNone;ABSORBED_EMPTY/pNone,None;None;None,False,False
2,A>B.reqwriteAA|B>A.reqwriteBA,ABSORBED_FROZEN/pNone,PRE_FAIL,ABSORBED_EMPTY/pNone;ABSORBED_EMPTY/pNone;ABSORBED_EMPTY/pNone,None;None;None,False,False
2,A>B.reqwriteAA|B>A.reqwriteBB,ABSORBED_FROZEN/pNone,PRE_FAIL,ABSORBED_EMPTY/pNone;ABSORBED_EMPTY/pNone;ABSORBED_EMPTY/pNone,None;None;None,False,False
2,A>B.reqwriteAA|B>A.reqwriteB~,ABSORBED_FROZEN/pNone,PRE_FAIL,ABSORBED_EMPTY/pNone;ABSORBED_EMPTY/pNone;ABSORBED_EMPTY/pNone,None;None;None,False,False
2,A>B.reqwriteAA|B>A.reqwrite~A,ABSORBED_FROZEN/pNone,PRE_FAIL,ABSORBED_EMPTY/pNone;ABSORBED_EMPTY/pNone;ABSORBED_EMPTY/pNone,None;None;None,False,False
2,A>B.reqwriteAA|B>A.reqwrite~B,ABSORBED_FROZEN/pNone,PRE_FAIL,ABSORBED_EMPTY/pNone;ABSORBED_EMPTY/pNone;ABSORBED_EMPTY/pNone,None;None;None,False,False
2,A>B.reqwriteAA|B>A.reqwrite~~,ABSORBED_FROZEN/pNone,PRE_FAIL,ABSORBED_EMPTY/pNone;ABSORBED_EMPTY/pNone;ABSORBED_EMPTY/pNone,None;None;None,False,False
2,A>B.reqwriteAA|B>A.req~,ABSORBED_FROZEN/pNone,PRE_FAIL,ABSORBED_EMPTY/pNone;ABSORBED_EMPTY/pNone;ABSORBED_EMPTY/pNone,None;None;None,False,False
2,A>B.reqwriteAA|B>A.self,ABSORBED_FROZEN/pNone,PRE_FAIL,ABSORBED_EMPTY/pNone;ABSORBED_EMPTY/pNone;ABSORBED_EMPTY/pNone,None;None;None,False,False
2,A>B.reqwriteAA|B>A.writeA,ABSORBED_FROZEN/pNone,PRE_FAIL,ABSORBED_EMPTY/pNone;ABSORBED_EMPTY/pNone;ABSORBED_EMPTY/pNone,None;None;None,False,False
2,A>B.reqwriteAA|B>A.writeB,ABSORBED_FROZEN/pNone,PRE_FAIL,ABSORBED_EMPTY/pNone;ABSORBED_EMPTY/pNone;ABSORBED_EMPTY/pNone,None;None;None,False,False
2,A>B.reqwriteAA|B>A.write~,ABSORBED_FROZEN/pNone,PRE_FAIL,ABSORBED_EMPTY/pNone;ABSORBED_EMPTY/pNone;ABSORBED_EMPTY/pNone,None;None;None,False,False
2,A>B.reqwriteAA|B>B.reqA,ABSORBED_FROZEN/pNone,PRE_FAIL,ABSORBED_EMPTY/pNone;ABSORBED_EMPTY/pNone;ABSORBED_EMPTY/pNone,None;None;None,False,False
2,A>B.reqwriteAA|B>B.reqB,ABSORBED_FROZEN/pNone,PRE_FAIL,ABSORBED_EMPTY/pNone;ABSORBED_EMPTY/pNone;ABSORBED_EMPTY/pNone,None;None;None,False,False
2,A>B.reqwriteAA|B>B.reqwriteAA,ABSORBED_FROZEN/pNone,PRE_FAIL,ABSORBED_EMPTY/pNone;ABSORBED_EMPTY/pNone;ABSORBED_EMPTY/pNone,None;None;None,False,False
2,A>B.reqwriteAA|B>B.reqwriteAB,ABSORBED_FROZEN/pNone,PRE_FAIL,ABSORBED_EMPTY/pNone;ABSORBED_EMPTY/pNone;ABSORBED_EMPTY/pNone,None;None;None,False,False
2,A>B.reqwriteAA|B>B.reqwriteA~,ABSORBED_FROZEN/pNone,PRE_FAIL,ABSORBED_EMPTY/pNone;ABSORBED_EMPTY/pNone;ABSORBED_EMPTY/pNone,None;None;None,False,False
2,A>B.reqwriteAA|B>B.reqwriteBA,ABSORBED_FROZEN/pNone,PRE_FAIL,ABSORBED_EMPTY/pNone;ABSORBED_EMPTY/pNone;ABSORBED_EMPTY/pNone,None;None;None,False,False
2,A>B.reqwriteAA|B>B.reqwriteBB,ABSORBED_FROZEN/pNone,PRE_FAIL,ABSORBED_EMPTY/pNone;ABSORBED_EMPTY/pNone;ABSORBED_EMPTY/pNone,None;None;None,False,False
2,A>B.reqwriteAA|B>B.reqwriteB~,ABSORBED_FROZEN/pNone,PRE_FAIL,ABSORBED_EMPTY/pNone;ABSORBED_EMPTY/pNone;ABSORBED_EMPTY/pNone,None;None;None,False,False
2,A>B.reqwriteAA|B>B.reqwrite~A,ABSORBED_FROZEN/pNone,PRE_FAIL,ABSORBED_EMPTY/pNone;ABSORBED_EMPTY/pNone;ABSORBED_EMPTY/pNone,None;None;None,False,False
2,A>B.reqwriteAA|B>B.reqwrite~B,ABSORBED_FROZEN/pNone,PRE_FAIL,ABSORBED_EMPTY/pNone;ABSORBED_EMPTY/pNone;ABSORBED_EMPTY/pNone,None;None;None,False,False
2,A>B.reqwriteAA|B>B.reqwrite~~,ABSORBED_FROZEN/pNone,PRE_FAIL,ABSORBED_EMPTY/pNone;ABSORBED_EMPTY/pNone;ABSORBED_EMPTY/pNone,None;None;None,False,False
2,A>B.reqwriteAA|B>B.req~,ABSORBED_FROZEN/pNone,PRE_FAIL,ABSORBED_EMPTY/pNone;ABSORBED_EMPTY/pNone;ABSORBED_EMPTY/pNone,None;None;None,False,False
2,A>B.reqwriteAA|B>B.self,ABSORBED_FROZEN/pNone,PRE_FAIL,ABSORBED_EMPTY/pNone;ABSORBED_EMPTY/pNone;ABSORBED_EMPTY/pNone,None;None;None,False,False
2,A>B.reqwriteAA|B>B.writeA,ABSORBED_FROZEN/pNone,PRE_FAIL,ABSORBED_EMPTY/pNone;ABSORBED_EMPTY/pNone;ABSORBED_EMPTY/pNone,None;None;None,False,False
2,A>B.reqwriteAA|B>B.writeB,ABSORBED_FROZEN/pNone,PRE_FAIL,ABSORBED_EMPTY/pNone;ABSORBED_EMPTY/pNone;ABSORBED_EMPTY/pNone,None;None;None,False,False
2,A>B.reqwriteAA|B>B.write~,ABSORBED_FROZEN/pNone,PRE_FAIL,ABSORBED_EMPTY/pNone;ABSORBED_EMPTY/pNone;ABSORBED_EMPTY/pNone,None;None;None,False,False
2,A>B.reqwriteAA|B>~.reqA,ABSORBED_FROZEN/pNone,PRE_FAIL,ABSORBED_EMPTY/pNone;ABSORBED_EMPTY/pNone;ABSORBED_EMPTY/pNone,None;None;None,False,False
2,A>B.reqwriteAA|B>~.reqB,ABSORBED_FROZEN/pNone,PRE_FAIL,ABSORBED_EMPTY/pNone;ABSORBED_EMPTY/pNone;ABSORBED_EMPTY/pNone,None;None;None,False,False
2,A>B.reqwriteAA|B>~.reqwriteAA,ABSORBED_FROZEN/pNone,PRE_FAIL,ABSORBED_EMPTY/pNone;ABSORBED_EMPTY/pNone;ABSORBED_EMPTY/pNone,None;None;None,False,False
2,A>B.reqwriteAA|B>~.reqwriteAB,ABSORBED_FROZEN/pNone,PRE_FAIL,ABSORBED_EMPTY/pNone;ABSORBED_EMPTY/pNone;ABSORBED_EMPTY/pNone,None;None;None,False,False
2,A>B.reqwriteAA|B>~.reqwriteA~,ABSORBED_FROZEN/pNone,PRE_FAIL,ABSORBED_EMPTY/pNone;ABSORBED_EMPTY/pNone;ABSORBED_EMPTY/pNone,None;None;None,False,False
2,A>B.reqwriteAA|B>~.reqwriteBA,ABSORBED_FROZEN/pNone,PRE_FAIL,ABSORBED_EMPTY/pNone;ABSORBED_EMPTY/pNone;ABSORBED_EMPTY/pNone,None;None;None,False,False
2,A>B.reqwriteAA|B>~.reqwriteBB,ABSORBED_FROZEN/pNone,PRE_FAIL,ABSORBED_EMPTY/pNone;ABSORBED_EMPTY/pNone;ABSORBED_EMPTY/pNone,None;None;None,False,False
2,A>B.reqwriteAA|B>~.reqwriteB~,ABSORBED_FROZEN/pNone,PRE_FAIL,ABSORBED_EMPTY/pNone;ABSORBED_EMPTY/pNone;ABSORBED_EMPTY/pNone,None;None;None,False,False
2,A>B.reqwriteAA|B>~.reqwrite~A,ABSORBED_FROZEN/pNone,PRE_FAIL,ABSORBED_EMPTY/pNone;ABSORBED_EMPTY/pNone;ABSORBED_EMPTY/pNone,None;None;None,False,False
2,A>B.reqwriteAA|B>~.reqwrite~B,ABSORBED_FROZEN/pNone,PRE_FAIL,ABSORBED_EMPTY/pNone;ABSORBED_EMPTY/pNone;ABSORBED_EMPTY/pNone,None;None;None,False,False
2,A>B.reqwriteAA|B>~.reqwrite~~,ABSORBED_FROZEN/pNone,PRE_FAIL,ABSORBED_EMPTY/pNone;ABSORBED_EMPTY/pNone;ABSORBED_EMPTY/pNone,None;None;None,False,False
2,A>B.reqwriteAA|B>~.req~,ABSORBED_FROZEN/pNone,PRE_FAIL,ABSORBED_EMPTY/pNone;ABSORBED_EMPTY/pNone;ABSORBED_EMPTY/pNone,None;None;None,False,False
2,A>B.reqwriteAA|B>~.self,ABSORBED_FROZEN/pNone,PRE_FAIL,ABSORBED_EMPTY/pNone;ABSORBED_EMPTY/pNone;ABSORBED_EMPTY/pNone,None;None;None,False,False
2,A>B.reqwriteAA|B>~.writeA,ABSORBED_FROZEN/pNone,PRE_FAIL,ABSORBED_EMPTY/pNone;ABSORBED_EMPTY/pNone;ABSORBED_EMPTY/pNone,None;None;None,False,False
2,A>B.reqwriteAA|B>~.writeB,ABSORBED_FROZEN/pNone,PRE_FAIL,ABSORBED_EMPTY/pNone;ABSORBED_EMPTY/pNone;ABSORBED_EMPTY/pNone,None;None;None,False,False
2,A>B.reqwriteAA|B>~.write~,ABSORBED_FROZEN/pNone,PRE_FAIL,ABSORBED_EMPTY/pNone;ABSORBED_EMPTY/pNone;ABSORBED_EMPTY/pNone,None;None;None,False,False
2,A>B.reqwriteAB|A>B.reqwriteA~,ABSORBED_FROZEN/pNone,PRE_FAIL,ABSORBED_EMPTY/pNone;ABSORBED_EMPTY/pNone;ABSORBED_EMPTY/pNone,None;None;None,False,False
2,A>B.reqwriteAB|A>B.reqwriteBA,ABSORBED_FROZEN/pNone,PRE_FAIL,ABSORBED_EMPTY/pNone;ABSORBED_EMPTY/pNone;ABSORBED_EMPTY/pNone,None;None;None,False,False
2,A>B.reqwriteAB|A>B.reqwriteBB,ABSORBED_FROZEN/pNone,PRE_FAIL,ABSORBED_EMPTY/pNone;ABSORBED_EMPTY/pNone;ABSORBED_EMPTY/pNone,None;None;None,False,False
2,A>B.reqwriteAB|A>B.reqwriteB~,ABSORBED_FROZEN/pNone,PRE_FAIL,ABSORBED_EMPTY/pNone;ABSORBED_EMPTY/pNone;ABSORBED_EMPTY/pNone,None;None;None,False,False
2,A>B.reqwriteAB|A>B.reqwrite~A,ABSORBED_FROZEN/pNone,PRE_FAIL,ABSORBED_FROZEN/pNone;ABSORBED_FROZEN/pNone;ABSORBED_FROZEN/pNone;ABSORBED_FROZEN/pNone;ABSORBED_FROZEN/pNone;ABSORBED_FROZEN/pNone;ABSORBED_FROZEN/pNone;ABSORBED_FROZEN/pNone;ABSORBED_FROZEN/pNone,None;None;None,False,False
2,A>B.reqwriteAB|A>B.reqwrite~B,ABSORBED_FROZEN/pNone,PRE_FAIL,ABSORBED_FROZEN/pNone;ABSORBED_EMPTY/pNone;ABSORBED_FROZEN/pNone;ABSORBED_EMPTY/pNone;ABSORBED_FROZEN/pNone;ABSORBED_EMPTY/pNone,None;None;None,False,False
2,A>B.reqwriteAB|A>B.reqwrite~~,ABSORBED_FROZEN/pNone,PRE_FAIL,ABSORBED_EMPTY/pNone;ABSORBED_EMPTY/pNone;ABSORBED_EMPTY/pNone,None;None;None,False,False
2,A>B.reqwriteAB|A>B.self,ABSORBED_FROZEN/pNone,PRE_FAIL,ABSORBED_EMPTY/pNone;ABSORBED_EMPTY/pNone;ABSORBED_EMPTY/pNone,None;None;None,False,False
2,A>B.reqwriteAB|A>B.writeA,TRANSLATION/p6,"MIXED:DIEDx2,REPAIRx1",ABSORBED_FROZEN/pNone;ABSORBED_FROZEN/pNone;ABSORBED_FROZEN/pNone;TRANSLATION/p6;ABSORBED_FROZEN/pNone;ABSORBED_FROZEN/pNone;TRANSLATION/p6;TRANSLATION/p6;TRANSLATION/p6,None;None;None,False,False
2,A>B.reqwriteAB|A>B.writeB,ABSORBED_FROZEN/pNone,PRE_FAIL,ABSORBED_FROZEN/pNone;ABSORBED_EMPTY/pNone;ABSORBED_FROZEN/pNone;ABSORBED_EMPTY/pNone;ABSORBED_FROZEN/pNone;ABSORBED_EMPTY/pNone,None;None;None,False,False
2,A>B.reqwriteAB|A>B.write~,ABSORBED_FROZEN/pNone,PRE_FAIL,ABSORBED_EMPTY/pNone;ABSORBED_EMPTY/pNone;ABSORBED_EMPTY/pNone,None;None;None,False,False
2,A>B.reqwriteAB|A>~.reqA,ABSORBED_FROZEN/pNone,PRE_FAIL,ABSORBED_EMPTY/pNone;ABSORBED_EMPTY/pNone;ABSORBED_EMPTY/pNone,None;None;None,False,False
2,A>B.reqwriteAB|A>~.reqB,ABSORBED_FROZEN/pNone,PRE_FAIL,ABSORBED_EMPTY/pNone;ABSORBED_EMPTY/pNone;ABSORBED_EMPTY/pNone,None;None;None,False,False
2,A>B.reqwriteAB|A>~.reqwriteAA,ABSORBED_FROZEN/pNone,PRE_FAIL,ABSORBED_EMPTY/pNone;ABSORBED_EMPTY/pNone;ABSORBED_EMPTY/pNone,None;None;None,False,False
2,A>B.reqwriteAB|A>~.reqwriteAB,ABSORBED_FROZEN/pNone,PRE_FAIL,ABSORBED_EMPTY/pNone;ABSORBED_EMPTY/pNone;ABSORBED_EMPTY/pNone,None;None;None,False,False
2,A>B.reqwriteAB|A>~.reqwriteA~,ABSORBED_FROZEN/pNone,PRE_FAIL,ABSORBED_EMPTY/pNone;ABSORBED_EMPTY/pNone;ABSORBED_EMPTY/pNone,None;None;None,False,False
2,A>B.reqwriteAB|A>~.reqwriteBA,ABSORBED_FROZEN/pNone,PRE_FAIL,ABSORBED_EMPTY/pNone;ABSORBED_EMPTY/pNone;ABSORBED_EMPTY/pNone,None;None;None,False,False
2,A>B.reqwriteAB|A>~.reqwriteBB,ABSORBED_FROZEN/pNone,PRE_FAIL,ABSORBED_EMPTY/pNone;ABSORBED_EMPTY/pNone;ABSORBED_EMPTY/pNone,None;None;None,False,False
2,A>B.reqwriteAB|A>~.reqwriteB~,ABSORBED_FROZEN/pNone,PRE_FAIL,ABSORBED_EMPTY/pNone;ABSORBED_EMPTY/pNone;ABSORBED_EMPTY/pNone,None;None;None,False,False
2,A>B.reqwriteAB|A>~.reqwrite~A,TRANSLATION/p6,DIED,ABSORBED_EMPTY/pNone;ABSORBED_EMPTY/pNone;ABSORBED_EMPTY/pNone,None;None;None,False,False
2,A>B.reqwriteAB|A>~.reqwrite~B,ABSORBED_FROZEN/pNone,PRE_FAIL,ABSORBED_EMPTY/pNone;ABSORBED_EMPTY/pNone;ABSORBED_EMPTY/pNone,None;None;None,False,False
2,A>B.reqwriteAB|A>~.reqwrite~~,ABSORBED_EMPTY/pNone,PRE_FAIL,,None;None;None,False,False
2,A>B.reqwriteAB|A>~.req~,ABSORBED_EMPTY/pNone,PRE_FAIL,,None;None;None,False,False
2,A>B.reqwriteAB|A>~.self,ABSORBED_EMPTY/pNone,PRE_FAIL,,None;None;None,False,False
2,A>B.reqwriteAB|A>~.writeA,TRANSLATION/p6,DIED,ABSORBED_EMPTY/pNone;ABSORBED_EMPTY/pNone;ABSORBED_EMPTY/pNone,None;None;None,False,False
2,A>B.reqwriteAB|A>~.writeB,ABSORBED_FROZEN/pNone,PRE_FAIL,ABSORBED_EMPTY/pNone;ABSORBED_EMPTY/pNone;ABSORBED_EMPTY/pNone,None;None;None,False,False
2,A>B.reqwriteAB|A>~.write~,ABSORBED_EMPTY/pNone,PRE_FAIL,,None;None;None,False,False
2,A>B.reqwriteAB|B>A.reqA,ABSORBED_FROZEN/pNone,PRE_FAIL,ABSORBED_EMPTY/pNone;ABSORBED_EMPTY/pNone;ABSORBED_EMPTY/pNone,None;None;None,False,False
2,A>B.reqwriteAB|B>A.reqB,ABSORBED_FROZEN/pNone,PRE_FAIL,ABSORBED_EMPTY/pNone;ABSORBED_EMPTY/pNone;ABSORBED_EMPTY/pNone,None;None;None,False,False
2,A>B.reqwriteAB|B>A.reqwriteAA,ABSORBED_FROZEN/pNone,PRE_FAIL,ABSORBED_EMPTY/pNone;ABSORBED_EMPTY/pNone;ABSORBED_EMPTY/pNone,None;None;None,False,False
2,A>B.reqwriteAB|B>A.reqwriteAB,ABSORBED_FROZEN/pNone,PRE_FAIL,ABSORBED_EMPTY/pNone;ABSORBED_EMPTY/pNone;ABSORBED_EMPTY/pNone,None;None;None,False,False
2,A>B.reqwriteAB|B>A.reqwriteA~,ABSORBED_FROZEN/pNone,PRE_FAIL,ABSORBED_EMPTY/pNone;ABSORBED_EMPTY/pNone;ABSORBED_EMPTY/pNone,None;None;None,False,False
2,A>B.reqwriteAB|B>A.reqwriteBA,ABSORBED_FROZEN/pNone,PRE_FAIL,ABSORBED_EMPTY/pNone;ABSORBED_EMPTY/pNone;ABSORBED_EMPTY/pNone,None;None;None,False,False
2,A>B.reqwriteAB|B>A.reqwriteBB,ABSORBED_FROZEN/pNone,PRE_FAIL,ABSORBED_EMPTY/pNone;ABSORBED_EMPTY/pNone;ABSORBED_EMPTY/pNone,None;None;None,False,False
2,A>B.reqwriteAB|B>A.reqwriteB~,ABSORBED_FROZEN/pNone,PRE_FAIL,ABSORBED_EMPTY/pNone;ABSORBED_EMPTY/pNone;ABSORBED_EMPTY/pNone,None;None;None,False,False
2,A>B.reqwriteAB|B>A.reqwrite~A,ABSORBED_FROZEN/pNone,PRE_FAIL,ABSORBED_EMPTY/pNone;ABSORBED_EMPTY/pNone;ABSORBED_EMPTY/pNone,None;None;None,False,False
2,A>B.reqwriteAB|B>A.reqwrite~B,ABSORBED_FROZEN/pNone,PRE_FAIL,ABSORBED_EMPTY/pNone;ABSORBED_EMPTY/pNone;ABSORBED_EMPTY/pNone,None;None;None,False,False
2,A>B.reqwriteAB|B>A.reqwrite~~,ABSORBED_FROZEN/pNone,PRE_FAIL,ABSORBED_EMPTY/pNone;ABSORBED_EMPTY/pNone;ABSORBED_EMPTY/pNone,None;None;None,False,False
2,A>B.reqwriteAB|B>A.req~,ABSORBED_FROZEN/pNone,PRE_FAIL,ABSORBED_EMPTY/pNone;ABSORBED_EMPTY/pNone;ABSORBED_EMPTY/pNone,None;None;None,False,False
2,A>B.reqwriteAB|B>A.self,ABSORBED_FROZEN/pNone,PRE_FAIL,ABSORBED_EMPTY/pNone;ABSORBED_EMPTY/pNone;ABSORBED_EMPTY/pNone,None;None;None,False,False
2,A>B.reqwriteAB|B>A.writeA,ABSORBED_FROZEN/pNone,PRE_FAIL,ABSORBED_EMPTY/pNone;ABSORBED_EMPTY/pNone;ABSORBED_EMPTY/pNone,None;None;None,False,False
2,A>B.reqwriteAB|B>A.writeB,ABSORBED_FROZEN/pNone,PRE_FAIL,ABSORBED_EMPTY/pNone;ABSORBED_EMPTY/pNone;ABSORBED_EMPTY/pNone,None;None;None,False,False
2,A>B.reqwriteAB|B>A.write~,ABSORBED_FROZEN/pNone,PRE_FAIL,ABSORBED_EMPTY/pNone;ABSORBED_EMPTY/pNone;ABSORBED_EMPTY/pNone,None;None;None,False,False
2,A>B.reqwriteAB|B>B.reqA,ABSORBED_FROZEN/pNone,PRE_FAIL,ABSORBED_EMPTY/pNone;ABSORBED_EMPTY/pNone;ABSORBED_EMPTY/pNone,None;None;None,False,False
2,A>B.reqwriteAB|B>B.reqB,ABSORBED_FROZEN/pNone,PRE_FAIL,ABSORBED_EMPTY/pNone;ABSORBED_EMPTY/pNone;ABSORBED_EMPTY/pNone,None;None;None,False,False
2,A>B.reqwriteAB|B>B.reqwriteAA,ABSORBED_FROZEN/pNone,PRE_FAIL,ABSORBED_EMPTY/pNone;ABSORBED_EMPTY/pNone;ABSORBED_EMPTY/pNone,None;None;None,False,False
2,A>B.reqwriteAB|B>B.reqwriteAB,ABSORBED_FROZEN/pNone,PRE_FAIL,ABSORBED_EMPTY/pNone;ABSORBED_EMPTY/pNone;ABSORBED_EMPTY/pNone,None;None;None,False,False
2,A>B.reqwriteAB|B>B.reqwriteA~,ABSORBED_FROZEN/pNone,PRE_FAIL,ABSORBED_EMPTY/pNone;ABSORBED_EMPTY/pNone;ABSORBED_EMPTY/pNone,None;None;None,False,False
2,A>B.reqwriteAB|B>B.reqwriteBA,ABSORBED_FROZEN/pNone,PRE_FAIL,ABSORBED_EMPTY/pNone;ABSORBED_EMPTY/pNone;ABSORBED_EMPTY/pNone,None;None;None,False,False
2,A>B.reqwriteAB|B>B.reqwriteBB,ABSORBED_FROZEN/pNone,PRE_FAIL,ABSORBED_EMPTY/pNone;ABSORBED_EMPTY/pNone;ABSORBED_EMPTY/pNone,None;None;None,False,False
2,A>B.reqwriteAB|B>B.reqwriteB~,ABSORBED_FROZEN/pNone,PRE_FAIL,ABSORBED_EMPTY/pNone;ABSORBED_EMPTY/pNone;ABSORBED_EMPTY/pNone,None;None;None,False,False
2,A>B.reqwriteAB|B>B.reqwrite~A,ABSORBED_FROZEN/pNone,PRE_FAIL,ABSORBED_EMPTY/pNone;ABSORBED_EMPTY/pNone;ABSORBED_EMPTY/pNone,None;None;None,False,False
2,A>B.reqwriteAB|B>B.reqwrite~B,ABSORBED_FROZEN/pNone,PRE_FAIL,ABSORBED_EMPTY/pNone;ABSORBED_EMPTY/pNone;ABSORBED_EMPTY/pNone,None;None;None,False,False
2,A>B.reqwriteAB|B>B.reqwrite~~,ABSORBED_FROZEN/pNone,PRE_FAIL,ABSORBED_EMPTY/pNone;ABSORBED_EMPTY/pNone;ABSORBED_EMPTY/pNone,None;None;None,False,False
2,A>B.reqwriteAB|B>B.req~,ABSORBED_FROZEN/pNone,PRE_FAIL,ABSORBED_EMPTY/pNone;ABSORBED_EMPTY/pNone;ABSORBED_EMPTY/pNone,None;None;None,False,False
2,A>B.reqwriteAB|B>B.self,ABSORBED_FROZEN/pNone,PRE_FAIL,ABSORBED_EMPTY/pNone;ABSORBED_EMPTY/pNone;ABSORBED_EMPTY/pNone,None;None;None,False,False
2,A>B.reqwriteAB|B>B.writeA,ABSORBED_FROZEN/pNone,PRE_FAIL,ABSORBED_EMPTY/pNone;ABSORBED_EMPTY/pNone;ABSORBED_EMPTY/pNone,None;None;None,False,False
2,A>B.reqwriteAB|B>B.writeB,ABSORBED_FROZEN/pNone,PRE_FAIL,ABSORBED_EMPTY/pNone;ABSORBED_EMPTY/pNone;ABSORBED_EMPTY/pNone,None;None;None,False,False
2,A>B.reqwriteAB|B>B.write~,ABSORBED_FROZEN/pNone,PRE_FAIL,ABSORBED_EMPTY/pNone;ABSORBED_EMPTY/pNone;ABSORBED_EMPTY/pNone,None;None;None,False,False
2,A>B.reqwriteAB|B>~.reqA,ABSORBED_FROZEN/pNone,PRE_FAIL,ABSORBED_EMPTY/pNone;ABSORBED_EMPTY/pNone;ABSORBED_EMPTY/pNone,None;None;None,False,False
2,A>B.reqwriteAB|B>~.reqB,ABSORBED_FROZEN/pNone,PRE_FAIL,ABSORBED_EMPTY/pNone;ABSORBED_EMPTY/pNone;ABSORBED_EMPTY/pNone,None;None;None,False,False
2,A>B.reqwriteAB|B>~.reqwriteAA,ABSORBED_FROZEN/pNone,PRE_FAIL,ABSORBED_EMPTY/pNone;ABSORBED_EMPTY/pNone;ABSORBED_EMPTY/pNone,None;None;None,False,False
2,A>B.reqwriteAB|B>~.reqwriteAB,ABSORBED_FROZEN/pNone,PRE_FAIL,ABSORBED_EMPTY/pNone;ABSORBED_EMPTY/pNone;ABSORBED_EMPTY/pNone,None;None;None,False,False
2,A>B.reqwriteAB|B>~.reqwriteA~,ABSORBED_FROZEN/pNone,PRE_FAIL,ABSORBED_EMPTY/pNone;ABSORBED_EMPTY/pNone;ABSORBED_EMPTY/pNone,None;None;None,False,False
2,A>B.reqwriteAB|B>~.reqwriteBA,ABSORBED_FROZEN/pNone,PRE_FAIL,ABSORBED_EMPTY/pNone;ABSORBED_EMPTY/pNone;ABSORBED_EMPTY/pNone,None;None;None,False,False
2,A>B.reqwriteAB|B>~.reqwriteBB,ABSORBED_FROZEN/pNone,PRE_FAIL,ABSORBED_EMPTY/pNone;ABSORBED_EMPTY/pNone;ABSORBED_EMPTY/pNone,None;None;None,False,False
2,A>B.reqwriteAB|B>~.reqwriteB~,ABSORBED_FROZEN/pNone,PRE_FAIL,ABSORBED_EMPTY/pNone;ABSORBED_EMPTY/pNone;ABSORBED_EMPTY/pNone,None;None;None,False,False
2,A>B.reqwriteAB|B>~.reqwrite~A,ABSORBED_FROZEN/pNone,PRE_FAIL,ABSORBED_EMPTY/pNone;ABSORBED_EMPTY/pNone;ABSORBED_EMPTY/pNone,None;None;None,False,False
2,A>B.reqwriteAB|B>~.reqwrite~B,ABSORBED_FROZEN/pNone,PRE_FAIL,ABSORBED_EMPTY/pNone;ABSORBED_EMPTY/pNone;ABSORBED_EMPTY/pNone,None;None;None,False,False
2,A>B.reqwriteAB|B>~.reqwrite~~,ABSORBED_FROZEN/pNone,PRE_FAIL,ABSORBED_EMPTY/pNone;ABSORBED_EMPTY/pNone;ABSORBED_EMPTY/pNone,None;None;None,False,False
2,A>B.reqwriteAB|B>~.req~,ABSORBED_FROZEN/pNone,PRE_FAIL,ABSORBED_EMPTY/pNone;ABSORBED_EMPTY/pNone;ABSORBED_EMPTY/pNone,None;None;None,False,False
2,A>B.reqwriteAB|B>~.self,ABSORBED_FROZEN/pNone,PRE_FAIL,ABSORBED_EMPTY/pNone;ABSORBED_EMPTY/pNone;ABSORBED_EMPTY/pNone,None;None;None,False,False
2,A>B.reqwriteAB|B>~.writeA,ABSORBED_FROZEN/pNone,PRE_FAIL,ABSORBED_EMPTY/pNone;ABSORBED_EMPTY/pNone;ABSORBED_EMPTY/pNone,None;None;None,False,False
2,A>B.reqwriteAB|B>~.writeB,ABSORBED_FROZEN/pNone,PRE_FAIL,ABSORBED_EMPTY/pNone;ABSORBED_EMPTY/pNone;ABSORBED_EMPTY/pNone,None;None;None,False,False
2,A>B.reqwriteAB|B>~.write~,ABSORBED_FROZEN/pNone,PRE_FAIL,ABSORBED_EMPTY/pNone;ABSORBED_EMPTY/pNone;ABSORBED_EMPTY/pNone,None;None;None,False,False
2,A>B.reqwriteA~|A>B.reqwriteBA,ABSORBED_FROZEN/pNone,PRE_FAIL,ABSORBED_EMPTY/pNone;ABSORBED_EMPTY/pNone;ABSORBED_EMPTY/pNone,None;None;None,False,False
2,A>B.reqwriteA~|A>B.reqwriteBB,ABSORBED_FROZEN/pNone,PRE_FAIL,ABSORBED_EMPTY/pNone;ABSORBED_EMPTY/pNone;ABSORBED_EMPTY/pNone,None;None;None,False,False
2,A>B.reqwriteA~|A>B.reqwriteB~,ABSORBED_FROZEN/pNone,PRE_FAIL,ABSORBED_EMPTY/pNone;ABSORBED_EMPTY/pNone;ABSORBED_EMPTY/pNone,None;None;None,False,False
2,A>B.reqwriteA~|A>B.reqwrite~A,ABSORBED_FROZEN/pNone,PRE_FAIL,ABSORBED_FROZEN/pNone;ABSORBED_FROZEN/pNone;ABSORBED_FROZEN/pNone;ABSORBED_FROZEN/pNone;ABSORBED_FROZEN/pNone;ABSORBED_FROZEN/pNone;ABSORBED_FROZEN/pNone;ABSORBED_FROZEN/pNone;ABSORBED_FROZEN/pNone,None;None;None,False,False
2,A>B.reqwriteA~|A>B.reqwrite~B,ABSORBED_FROZEN/pNone,PRE_FAIL,ABSORBED_FROZEN/pNone;ABSORBED_EMPTY/pNone;ABSORBED_FROZEN/pNone;ABSORBED_EMPTY/pNone;ABSORBED_FROZEN/pNone;ABSORBED_EMPTY/pNone,None;None;None,False,False
2,A>B.reqwriteA~|A>B.reqwrite~~,ABSORBED_FROZEN/pNone,PRE_FAIL,ABSORBED_EMPTY/pNone;ABSORBED_EMPTY/pNone;ABSORBED_EMPTY/pNone,None;None;None,False,False
2,A>B.reqwriteA~|A>B.self,ABSORBED_FROZEN/pNone,PRE_FAIL,ABSORBED_EMPTY/pNone;ABSORBED_EMPTY/pNone;ABSORBED_EMPTY/pNone,None;None;None,False,False
2,A>B.reqwriteA~|A>B.writeA,TRANSLATION/p6,"MIXED:DIEDx2,REPAIRx1",ABSORBED_FROZEN/pNone;ABSORBED_FROZEN/pNone;ABSORBED_FROZEN/pNone;TRANSLATION/p6;ABSORBED_FROZEN/pNone;ABSORBED_FROZEN/pNone;TRANSLATION/p6;TRANSLATION/p6;TRANSLATION/p6,None;None;None,False,False
2,A>B.reqwriteA~|A>B.writeB,ABSORBED_FROZEN/pNone,PRE_FAIL,ABSORBED_FROZEN/pNone;ABSORBED_EMPTY/pNone;ABSORBED_FROZEN/pNone;ABSORBED_EMPTY/pNone;ABSORBED_FROZEN/pNone;ABSORBED_EMPTY/pNone,None;None;None,False,False
2,A>B.reqwriteA~|A>B.write~,ABSORBED_FROZEN/pNone,PRE_FAIL,ABSORBED_EMPTY/pNone;ABSORBED_EMPTY/pNone;ABSORBED_EMPTY/pNone,None;None;None,False,False
2,A>B.reqwriteA~|A>~.reqA,ABSORBED_FROZEN/pNone,PRE_FAIL,ABSORBED_EMPTY/pNone;ABSORBED_EMPTY/pNone;ABSORBED_EMPTY/pNone,None;None;None,False,False
2,A>B.reqwriteA~|A>~.reqB,ABSORBED_FROZEN/pNone,PRE_FAIL,ABSORBED_EMPTY/pNone;ABSORBED_EMPTY/pNone;ABSORBED_EMPTY/pNone,None;None;None,False,False
2,A>B.reqwriteA~|A>~.reqwriteAA,ABSORBED_FROZEN/pNone,PRE_FAIL,ABSORBED_EMPTY/pNone;ABSORBED_EMPTY/pNone;ABSORBED_EMPTY/pNone,None;None;None,False,False
2,A>B.reqwriteA~|A>~.reqwriteAB,ABSORBED_FROZEN/pNone,PRE_FAIL,ABSORBED_EMPTY/pNone;ABSORBED_EMPTY/pNone;ABSORBED_EMPTY/pNone,None;None;None,False,False
2,A>B.reqwriteA~|A>~.reqwriteA~,ABSORBED_FROZEN/pNone,PRE_FAIL,ABSORBED_EMPTY/pNone;ABSORBED_EMPTY/pNone;ABSORBED_EMPTY/pNone,None;None;None,False,False
2,A>B.reqwriteA~|A>~.reqwriteBA,ABSORBED_FROZEN/pNone,PRE_FAIL,ABSORBED_EMPTY/pNone;ABSORBED_EMPTY/pNone;ABSORBED_EMPTY/pNone,None;None;None,False,False
2,A>B.reqwriteA~|A>~.reqwriteBB,ABSORBED_FROZEN/pNone,PRE_FAIL,ABSORBED_EMPTY/pNone;ABSORBED_EMPTY/pNone;ABSORBED_EMPTY/pNone,None;None;None,False,False
2,A>B.reqwriteA~|A>~.reqwriteB~,ABSORBED_FROZEN/pNone,PRE_FAIL,ABSORBED_EMPTY/pNone;ABSORBED_EMPTY/pNone;ABSORBED_EMPTY/pNone,None;None;None,False,False
2,A>B.reqwriteA~|A>~.reqwrite~A,TRANSLATION/p6,DIED,ABSORBED_EMPTY/pNone;ABSORBED_EMPTY/pNone;ABSORBED_EMPTY/pNone,None;None;None,False,False
2,A>B.reqwriteA~|A>~.reqwrite~B,ABSORBED_FROZEN/pNone,PRE_FAIL,ABSORBED_EMPTY/pNone;ABSORBED_EMPTY/pNone;ABSORBED_EMPTY/pNone,None;None;None,False,False
2,A>B.reqwriteA~|A>~.reqwrite~~,ABSORBED_EMPTY/pNone,PRE_FAIL,,None;None;None,False,False
2,A>B.reqwriteA~|A>~.req~,ABSORBED_EMPTY/pNone,PRE_FAIL,,None;None;None,False,False
2,A>B.reqwriteA~|A>~.self,ABSORBED_EMPTY/pNone,PRE_FAIL,,None;None;None,False,False
2,A>B.reqwriteA~|A>~.writeA,TRANSLATION/p6,DIED,ABSORBED_EMPTY/pNone;ABSORBED_EMPTY/pNone;ABSORBED_EMPTY/pNone,None;None;None,False,False
2,A>B.reqwriteA~|A>~.writeB,ABSORBED_FROZEN/pNone,PRE_FAIL,ABSORBED_EMPTY/pNone;ABSORBED_EMPTY/pNone;ABSORBED_EMPTY/pNone,None;None;None,False,False
2,A>B.reqwriteA~|A>~.write~,ABSORBED_EMPTY/pNone,PRE_FAIL,,None;None;None,False,False
2,A>B.reqwriteA~|B>A.reqA,ABSORBED_FROZEN/pNone,PRE_FAIL,ABSORBED_EMPTY/pNone;ABSORBED_EMPTY/pNone;ABSORBED_EMPTY/pNone,None;None;None,False,False
2,A>B.reqwriteA~|B>A.reqB,ABSORBED_FROZEN/pNone,PRE_FAIL,ABSORBED_EMPTY/pNone;ABSORBED_EMPTY/pNone;ABSORBED_EMPTY/pNone,None;None;None,False,False
2,A>B.reqwriteA~|B>A.reqwriteAA,ABSORBED_FROZEN/pNone,PRE_FAIL,ABSORBED_EMPTY/pNone;ABSORBED_EMPTY/pNone;ABSORBED_EMPTY/pNone,None;None;None,False,False
2,A>B.reqwriteA~|B>A.reqwriteAB,ABSORBED_FROZEN/pNone,PRE_FAIL,ABSORBED_EMPTY/pNone;ABSORBED_EMPTY/pNone;ABSORBED_EMPTY/pNone,None;None;None,False,False
2,A>B.reqwriteA~|B>A.reqwriteA~,ABSORBED_FROZEN/pNone,PRE_FAIL,ABSORBED_EMPTY/pNone;ABSORBED_EMPTY/pNone;ABSORBED_EMPTY/pNone,None;None;None,False,False
2,A>B.reqwriteA~|B>A.reqwriteBA,ABSORBED_FROZEN/pNone,PRE_FAIL,ABSORBED_EMPTY/pNone;ABSORBED_EMPTY/pNone;ABSORBED_EMPTY/pNone,None;None;None,False,False
2,A>B.reqwriteA~|B>A.reqwriteBB,ABSORBED_FROZEN/pNone,PRE_FAIL,ABSORBED_EMPTY/pNone;ABSORBED_EMPTY/pNone;ABSORBED_EMPTY/pNone,None;None;None,False,False
2,A>B.reqwriteA~|B>A.reqwriteB~,ABSORBED_FROZEN/pNone,PRE_FAIL,ABSORBED_EMPTY/pNone;ABSORBED_EMPTY/pNone;ABSORBED_EMPTY/pNone,None;None;None,False,False
2,A>B.reqwriteA~|B>A.reqwrite~A,ABSORBED_FROZEN/pNone,PRE_FAIL,ABSORBED_EMPTY/pNone;ABSORBED_EMPTY/pNone;ABSORBED_EMPTY/pNone,None;None;None,False,False
2,A>B.reqwriteA~|B>A.reqwrite~B,ABSORBED_FROZEN/pNone,PRE_FAIL,ABSORBED_EMPTY/pNone;ABSORBED_EMPTY/pNone;ABSORBED_EMPTY/pNone,None;None;None,False,False
2,A>B.reqwriteA~|B>A.reqwrite~~,ABSORBED_FROZEN/pNone,PRE_FAIL,ABSORBED_EMPTY/pNone;ABSORBED_EMPTY/pNone;ABSORBED_EMPTY/pNone,None;None;None,False,False
2,A>B.reqwriteA~|B>A.req~,ABSORBED_FROZEN/pNone,PRE_FAIL,ABSORBED_EMPTY/pNone;ABSORBED_EMPTY/pNone;ABSORBED_EMPTY/pNone,None;None;None,False,False
2,A>B.reqwriteA~|B>A.self,ABSORBED_FROZEN/pNone,PRE_FAIL,ABSORBED_EMPTY/pNone;ABSORBED_EMPTY/pNone;ABSORBED_EMPTY/pNone,None;None;None,False,False
2,A>B.reqwriteA~|B>A.writeA,ABSORBED_FROZEN/pNone,PRE_FAIL,ABSORBED_EMPTY/pNone;ABSORBED_EMPTY/pNone;ABSORBED_EMPTY/pNone,None;None;None,False,False
2,A>B.reqwriteA~|B>A.writeB,ABSORBED_FROZEN/pNone,PRE_FAIL,ABSORBED_EMPTY/pNone;ABSORBED_EMPTY/pNone;ABSORBED_EMPTY/pNone,None;None;None,False,False
2,A>B.reqwriteA~|B>A.write~,ABSORBED_FROZEN/pNone,PRE_FAIL,ABSORBED_EMPTY/pNone;ABSORBED_EMPTY/pNone;ABSORBED_EMPTY/pNone,None;None;None,False,False
2,A>B.reqwriteA~|B>B.reqA,ABSORBED_FROZEN/pNone,PRE_FAIL,ABSORBED_EMPTY/pNone;ABSORBED_EMPTY/pNone;ABSORBED_EMPTY/pNone,None;None;None,False,False
2,A>B.reqwriteA~|B>B.reqB,ABSORBED_FROZEN/pNone,PRE_FAIL,ABSORBED_EMPTY/pNone;ABSORBED_EMPTY/pNone;ABSORBED_EMPTY/pNone,None;None;None,False,False
2,A>B.reqwriteA~|B>B.reqwriteAA,ABSORBED_FROZEN/pNone,PRE_FAIL,ABSORBED_EMPTY/pNone;ABSORBED_EMPTY/pNone;ABSORBED_EMPTY/pNone,None;None;None,False,False
2,A>B.reqwriteA~|B>B.reqwriteAB,ABSORBED_FROZEN/pNone,PRE_FAIL,ABSORBED_EMPTY/pNone;ABSORBED_EMPTY/pNone;ABSORBED_EMPTY/pNone,None;None;None,False,False
2,A>B.reqwriteA~|B>B.reqwriteA~,ABSORBED_FROZEN/pNone,PRE_FAIL,ABSORBED_EMPTY/pNone;ABSORBED_EMPTY/pNone;ABSORBED_EMPTY/pNone,None;None;None,False,False
2,A>B.reqwriteA~|B>B.reqwriteBA,ABSORBED_FROZEN/pNone,PRE_FAIL,ABSORBED_EMPTY/pNone;ABSORBED_EMPTY/pNone;ABSORBED_EMPTY/pNone,None;None;None,False,False
2,A>B.reqwriteA~|B>B.reqwriteBB,ABSORBED_FROZEN/pNone,PRE_FAIL,ABSORBED_EMPTY/pNone;ABSORBED_EMPTY/pNone;ABSORBED_EMPTY/pNone,None;None;None,False,False
2,A>B.reqwriteA~|B>B.reqwriteB~,ABSORBED_FROZEN/pNone,PRE_FAIL,ABSORBED_EMPTY/pNone;ABSORBED_EMPTY/pNone;ABSORBED_EMPTY/pNone,None;None;None,False,False
2,A>B.reqwriteA~|B>B.reqwrite~A,ABSORBED_FROZEN/pNone,PRE_FAIL,ABSORBED_EMPTY/pNone;ABSORBED_EMPTY/pNone;ABSORBED_EMPTY/pNone,None;None;None,False,False
2,A>B.reqwriteA~|B>B.reqwrite~B,ABSORBED_FROZEN/pNone,PRE_FAIL,ABSORBED_EMPTY/pNone;ABSORBED_EMPTY/pNone;ABSORBED_EMPTY/pNone,None;None;None,False,False
2,A>B.reqwriteA~|B>B.reqwrite~~,ABSORBED_FROZEN/pNone,PRE_FAIL,ABSORBED_EMPTY/pNone;ABSORBED_EMPTY/pNone;ABSORBED_EMPTY/pNone,None;None;None,False,False
2,A>B.reqwriteA~|B>B.req~,ABSORBED_FROZEN/pNone,PRE_FAIL,ABSORBED_EMPTY/pNone;ABSORBED_EMPTY/pNone;ABSORBED_EMPTY/pNone,None;None;None,False,False
2,A>B.reqwriteA~|B>B.self,ABSORBED_FROZEN/pNone,PRE_FAIL,ABSORBED_EMPTY/pNone;ABSORBED_EMPTY/pNone;ABSORBED_EMPTY/pNone,None;None;None,False,False
2,A>B.reqwriteA~|B>B.writeA,ABSORBED_FROZEN/pNone,PRE_FAIL,ABSORBED_EMPTY/pNone;ABSORBED_EMPTY/pNone;ABSORBED_EMPTY/pNone,None;None;None,False,False
2,A>B.reqwriteA~|B>B.writeB,ABSORBED_FROZEN/pNone,PRE_FAIL,ABSORBED_EMPTY/pNone;ABSORBED_EMPTY/pNone;ABSORBED_EMPTY/pNone,None;None;None,False,False
2,A>B.reqwriteA~|B>B.write~,ABSORBED_FROZEN/pNone,PRE_FAIL,ABSORBED_EMPTY/pNone;ABSORBED_EMPTY/pNone;ABSORBED_EMPTY/pNone,None;None;None,False,False
2,A>B.reqwriteA~|B>~.reqA,ABSORBED_FROZEN/pNone,PRE_FAIL,ABSORBED_EMPTY/pNone;ABSORBED_EMPTY/pNone;ABSORBED_EMPTY/pNone,None;None;None,False,False
2,A>B.reqwriteA~|B>~.reqB,ABSORBED_FROZEN/pNone,PRE_FAIL,ABSORBED_EMPTY/pNone;ABSORBED_EMPTY/pNone;ABSORBED_EMPTY/pNone,None;None;None,False,False
2,A>B.reqwriteA~|B>~.reqwriteAA,ABSORBED_FROZEN/pNone,PRE_FAIL,ABSORBED_EMPTY/pNone;ABSORBED_EMPTY/pNone;ABSORBED_EMPTY/pNone,None;None;None,False,False
2,A>B.reqwriteA~|B>~.reqwriteAB,ABSORBED_FROZEN/pNone,PRE_FAIL,ABSORBED_EMPTY/pNone;ABSORBED_EMPTY/pNone;ABSORBED_EMPTY/pNone,None;None;None,False,False
2,A>B.reqwriteA~|B>~.reqwriteA~,ABSORBED_FROZEN/pNone,PRE_FAIL,ABSORBED_EMPTY/pNone;ABSORBED_EMPTY/pNone;ABSORBED_EMPTY/pNone,None;None;None,False,False
2,A>B.reqwriteA~|B>~.reqwriteBA,ABSORBED_FROZEN/pNone,PRE_FAIL,ABSORBED_EMPTY/pNone;ABSORBED_EMPTY/pNone;ABSORBED_EMPTY/pNone,None;None;None,False,False
2,A>B.reqwriteA~|B>~.reqwriteBB,ABSORBED_FROZEN/pNone,PRE_FAIL,ABSORBED_EMPTY/pNone;ABSORBED_EMPTY/pNone;ABSORBED_EMPTY/pNone,None;None;None,False,False
2,A>B.reqwriteA~|B>~.reqwriteB~,ABSORBED_FROZEN/pNone,PRE_FAIL,ABSORBED_EMPTY/pNone;ABSORBED_EMPTY/pNone;ABSORBED_EMPTY/pNone,None;None;None,False,False
2,A>B.reqwriteA~|B>~.reqwrite~A,ABSORBED_FROZEN/pNone,PRE_FAIL,ABSORBED_EMPTY/pNone;ABSORBED_EMPTY/pNone;ABSORBED_EMPTY/pNone,None;None;None,False,False
2,A>B.reqwriteA~|B>~.reqwrite~B,ABSORBED_FROZEN/pNone,PRE_FAIL,ABSORBED_EMPTY/pNone;ABSORBED_EMPTY/pNone;ABSORBED_EMPTY/pNone,None;None;None,False,False
2,A>B.reqwriteA~|B>~.reqwrite~~,ABSORBED_FROZEN/pNone,PRE_FAIL,ABSORBED_EMPTY/pNone;ABSORBED_EMPTY/pNone;ABSORBED_EMPTY/pNone,None;None;None,False,False
2,A>B.reqwriteA~|B>~.req~,ABSORBED_FROZEN/pNone,PRE_FAIL,ABSORBED_EMPTY/pNone;ABSORBED_EMPTY/pNone;ABSORBED_EMPTY/pNone,None;None;None,False,False
2,A>B.reqwriteA~|B>~.self,ABSORBED_FROZEN/pNone,PRE_FAIL,ABSORBED_EMPTY/pNone;ABSORBED_EMPTY/pNone;ABSORBED_EMPTY/pNone,None;None;None,False,False
2,A>B.reqwriteA~|B>~.writeA,ABSORBED_FROZEN/pNone,PRE_FAIL,ABSORBED_EMPTY/pNone;ABSORBED_EMPTY/pNone;ABSORBED_EMPTY/pNone,None;None;None,False,False
2,A>B.reqwriteA~|B>~.writeB,ABSORBED_FROZEN/pNone,PRE_FAIL,ABSORBED_EMPTY/pNone;ABSORBED_EMPTY/pNone;ABSORBED_EMPTY/pNone,None;None;None,False,False
2,A>B.reqwriteA~|B>~.write~,ABSORBED_FROZEN/pNone,PRE_FAIL,ABSORBED_EMPTY/pNone;ABSORBED_EMPTY/pNone;ABSORBED_EMPTY/pNone,None;None;None,False,False
2,A>B.reqwriteBA|A>B.reqwriteBB,ABSORBED_FROZEN/pNone,PRE_FAIL,ABSORBED_EMPTY/pNone;ABSORBED_EMPTY/pNone;ABSORBED_EMPTY/pNone,None;None;None,False,False
2,A>B.reqwriteBA|A>B.reqwriteB~,ABSORBED_FROZEN/pNone,PRE_FAIL,ABSORBED_EMPTY/pNone;ABSORBED_EMPTY/pNone;ABSORBED_EMPTY/pNone,None;None;None,False,False
2,A>B.reqwriteBA|A>B.reqwrite~A,TRANSLATION/p6,"MIXED:DIEDx2,REPAIRx1",ABSORBED_FROZEN/pNone;ABSORBED_FROZEN/pNone;ABSORBED_FROZEN/pNone;TRANSLATION/p6;ABSORBED_FROZEN/pNone;ABSORBED_FROZEN/pNone;TRANSLATION/p6;TRANSLATION/p6;TRANSLATION/p6,None;None;None,False,False
2,A>B.reqwriteBA|A>B.reqwrite~B,ABSORBED_FROZEN/pNone,PRE_FAIL,ABSORBED_FROZEN/pNone;ABSORBED_EMPTY/pNone;ABSORBED_FROZEN/pNone;ABSORBED_EMPTY/pNone;ABSORBED_FROZEN/pNone;ABSORBED_EMPTY/pNone,None;None;None,False,False
2,A>B.reqwriteBA|A>B.reqwrite~~,ABSORBED_FROZEN/pNone,PRE_FAIL,ABSORBED_EMPTY/pNone;ABSORBED_EMPTY/pNone;ABSORBED_EMPTY/pNone,None;None;None,False,False
2,A>B.reqwriteBA|A>B.self,ABSORBED_FROZEN/pNone,PRE_FAIL,ABSORBED_EMPTY/pNone;ABSORBED_EMPTY/pNone;ABSORBED_EMPTY/pNone,None;None;None,False,False
2,A>B.reqwriteBA|A>B.writeA,TRANSLATION/p6,"MIXED:DIEDx2,REPAIRx1",ABSORBED_FROZEN/pNone;ABSORBED_FROZEN/pNone;ABSORBED_FROZEN/pNone;TRANSLATION/p6;ABSORBED_FROZEN/pNone;ABSORBED_FROZEN/pNone;TRANSLATION/p6;TRANSLATION/p6;TRANSLATION/p6,None;None;None,False,False
2,A>B.reqwriteBA|A>B.writeB,ABSORBED_FROZEN/pNone,PRE_FAIL,ABSORBED_FROZEN/pNone;ABSORBED_EMPTY/pNone;ABSORBED_FROZEN/pNone;ABSORBED_EMPTY/pNone;ABSORBED_FROZEN/pNone;ABSORBED_EMPTY/pNone,None;None;None,False,False
2,A>B.reqwriteBA|A>B.write~,ABSORBED_FROZEN/pNone,PRE_FAIL,ABSORBED_EMPTY/pNone;ABSORBED_EMPTY/pNone;ABSORBED_EMPTY/pNone,None;None;None,False,False
2,A>B.reqwriteBA|A>~.reqA,ABSORBED_FROZEN/pNone,PRE_FAIL,ABSORBED_EMPTY/pNone;ABSORBED_EMPTY/pNone;ABSORBED_EMPTY/pNone,None;None;None,False,False
2,A>B.reqwriteBA|A>~.reqB,ABSORBED_FROZEN/pNone,PRE_FAIL,ABSORBED_EMPTY/pNone;ABSORBED_EMPTY/pNone;ABSORBED_EMPTY/pNone,None;None;None,False,False
2,A>B.reqwriteBA|A>~.reqwriteAA,ABSORBED_FROZEN/pNone,PRE_FAIL,ABSORBED_EMPTY/pNone;ABSORBED_EMPTY/pNone;ABSORBED_EMPTY/pNone,None;None;None,False,False
2,A>B.reqwriteBA|A>~.reqwriteAB,ABSORBED_FROZEN/pNone,PRE_FAIL,ABSORBED_EMPTY/pNone;ABSORBED_EMPTY/pNone;ABSORBED_EMPTY/pNone,None;None;None,False,False
2,A>B.reqwriteBA|A>~.reqwriteA~,ABSORBED_FROZEN/pNone,PRE_FAIL,ABSORBED_EMPTY/pNone;ABSORBED_EMPTY/pNone;ABSORBED_EMPTY/pNone,None;None;None,False,False
2,A>B.reqwriteBA|A>~.reqwriteBA,ABSORBED_FROZEN/pNone,PRE_FAIL,ABSORBED_EMPTY/pNone;ABSORBED_EMPTY/pNone;ABSORBED_EMPTY/pNone,None;None;None,False,False
2,A>B.reqwriteBA|A>~.reqwriteBB,ABSORBED_FROZEN/pNone,PRE_FAIL,ABSORBED_EMPTY/pNone;ABSORBED_EMPTY/pNone;ABSORBED_EMPTY/pNone,None;None;None,False,False
2,A>B.reqwriteBA|A>~.reqwriteB~,ABSORBED_FROZEN/pNone,PRE_FAIL,ABSORBED_EMPTY/pNone;ABSORBED_EMPTY/pNone;ABSORBED_EMPTY/pNone,None;None;None,False,False
2,A>B.reqwriteBA|A>~.reqwrite~A,TRANSLATION/p6,DIED,ABSORBED_EMPTY/pNone;ABSORBED_EMPTY/pNone;ABSORBED_EMPTY/pNone,None;None;None,False,False
2,A>B.reqwriteBA|A>~.reqwrite~B,ABSORBED_FROZEN/pNone,PRE_FAIL,ABSORBED_EMPTY/pNone;ABSORBED_EMPTY/pNone;ABSORBED_EMPTY/pNone,None;None;None,False,False
2,A>B.reqwriteBA|A>~.reqwrite~~,ABSORBED_EMPTY/pNone,PRE_FAIL,,None;None;None,False,False
2,A>B.reqwriteBA|A>~.req~,ABSORBED_EMPTY/pNone,PRE_FAIL,,None;None;None,False,False
2,A>B.reqwriteBA|A>~.self,ABSORBED_EMPTY/pNone,PRE_FAIL,,None;None;None,False,False
2,A>B.reqwriteBA|A>~.writeA,TRANSLATION/p6,DIED,ABSORBED_EMPTY/pNone;ABSORBED_EMPTY/pNone;ABSORBED_EMPTY/pNone,None;None;None,False,False
2,A>B.reqwriteBA|A>~.writeB,ABSORBED_FROZEN/pNone,PRE_FAIL,ABSORBED_EMPTY/pNone;ABSORBED_EMPTY/pNone;ABSORBED_EMPTY/pNone,None;None;None,False,False
2,A>B.reqwriteBA|A>~.write~,ABSORBED_EMPTY/pNone,PRE_FAIL,,None;None;None,False,False
2,A>B.reqwriteBA|B>A.reqA,ABSORBED_FROZEN/pNone,PRE_FAIL,ABSORBED_EMPTY/pNone;ABSORBED_EMPTY/pNone;ABSORBED_EMPTY/pNone,None;None;None,False,False
2,A>B.reqwriteBA|B>A.reqB,ABSORBED_FROZEN/pNone,PRE_FAIL,ABSORBED_EMPTY/pNone;ABSORBED_EMPTY/pNone;ABSORBED_EMPTY/pNone,None;None;None,False,False
2,A>B.reqwriteBA|B>A.reqwriteAA,ABSORBED_FROZEN/pNone,PRE_FAIL,ABSORBED_EMPTY/pNone;ABSORBED_EMPTY/pNone;ABSORBED_EMPTY/pNone,None;None;None,False,False
2,A>B.reqwriteBA|B>A.reqwriteAB,ABSORBED_FROZEN/pNone,PRE_FAIL,ABSORBED_EMPTY/pNone;ABSORBED_EMPTY/pNone;ABSORBED_EMPTY/pNone,None;None;None,False,False
2,A>B.reqwriteBA|B>A.reqwriteA~,ABSORBED_FROZEN/pNone,PRE_FAIL,ABSORBED_EMPTY/pNone;ABSORBED_EMPTY/pNone;ABSORBED_EMPTY/pNone,None;None;None,False,False
2,A>B.reqwriteBA|B>A.reqwriteBA,ABSORBED_FROZEN/pNone,PRE_FAIL,ABSORBED_EMPTY/pNone;ABSORBED_EMPTY/pNone;ABSORBED_EMPTY/pNone,None;None;None,False,False
2,A>B.reqwriteBA|B>A.reqwriteBB,ABSORBED_FROZEN/pNone,PRE_FAIL,ABSORBED_EMPTY/pNone;ABSORBED_EMPTY/pNone;ABSORBED_EMPTY/pNone,None;None;None,False,False
2,A>B.reqwriteBA|B>A.reqwriteB~,ABSORBED_FROZEN/pNone,PRE_FAIL,ABSORBED_EMPTY/pNone;ABSORBED_EMPTY/pNone;ABSORBED_EMPTY/pNone,None;None;None,False,False
2,A>B.reqwriteBA|B>A.reqwrite~A,ABSORBED_FROZEN/pNone,PRE_FAIL,ABSORBED_EMPTY/pNone;ABSORBED_EMPTY/pNone;ABSORBED_EMPTY/pNone,None;None;None,False,False
2,A>B.reqwriteBA|B>A.reqwrite~B,ABSORBED_FROZEN/pNone,PRE_FAIL,ABSORBED_EMPTY/pNone;ABSORBED_EMPTY/pNone;ABSORBED_EMPTY/pNone,None;None;None,False,False
2,A>B.reqwriteBA|B>A.reqwrite~~,ABSORBED_FROZEN/pNone,PRE_FAIL,ABSORBED_EMPTY/pNone;ABSORBED_EMPTY/pNone;ABSORBED_EMPTY/pNone,None;None;None,False,False
2,A>B.reqwriteBA|B>A.req~,ABSORBED_FROZEN/pNone,PRE_FAIL,ABSORBED_EMPTY/pNone;ABSORBED_EMPTY/pNone;ABSORBED_EMPTY/pNone,None;None;None,False,False
2,A>B.reqwriteBA|B>A.self,ABSORBED_FROZEN/pNone,PRE_FAIL,ABSORBED_EMPTY/pNone;ABSORBED_EMPTY/pNone;ABSORBED_EMPTY/pNone,None;None;None,False,False
2,A>B.reqwriteBA|B>A.writeA,ABSORBED_FROZEN/pNone,PRE_FAIL,ABSORBED_EMPTY/pNone;ABSORBED_EMPTY/pNone;ABSORBED_EMPTY/pNone,None;None;None,False,False
2,A>B.reqwriteBA|B>A.writeB,ABSORBED_FROZEN/pNone,PRE_FAIL,ABSORBED_EMPTY/pNone;ABSORBED_EMPTY/pNone;ABSORBED_EMPTY/pNone,None;None;None,False,False
2,A>B.reqwriteBA|B>A.write~,ABSORBED_FROZEN/pNone,PRE_FAIL,ABSORBED_EMPTY/pNone;ABSORBED_EMPTY/pNone;ABSORBED_EMPTY/pNone,None;None;None,False,False
2,A>B.reqwriteBA|B>B.reqA,ABSORBED_FROZEN/pNone,PRE_FAIL,ABSORBED_EMPTY/pNone;ABSORBED_EMPTY/pNone;ABSORBED_EMPTY/pNone,None;None;None,False,False
2,A>B.reqwriteBA|B>B.reqB,ABSORBED_FROZEN/pNone,PRE_FAIL,ABSORBED_EMPTY/pNone;ABSORBED_EMPTY/pNone;ABSORBED_EMPTY/pNone,None;None;None,False,False
2,A>B.reqwriteBA|B>B.reqwriteAA,ABSORBED_FROZEN/pNone,PRE_FAIL,ABSORBED_EMPTY/pNone;ABSORBED_EMPTY/pNone;ABSORBED_EMPTY/pNone,None;None;None,False,False
2,A>B.reqwriteBA|B>B.reqwriteAB,ABSORBED_FROZEN/pNone,PRE_FAIL,ABSORBED_EMPTY/pNone;ABSORBED_EMPTY/pNone;ABSORBED_EMPTY/pNone,None;None;None,False,False
2,A>B.reqwriteBA|B>B.reqwriteA~,ABSORBED_FROZEN/pNone,PRE_FAIL,ABSORBED_EMPTY/pNone;ABSORBED_EMPTY/pNone;ABSORBED_EMPTY/pNone,None;None;None,False,False
2,A>B.reqwriteBA|B>B.reqwriteBA,ABSORBED_FROZEN/pNone,PRE_FAIL,ABSORBED_EMPTY/pNone;ABSORBED_EMPTY/pNone;ABSORBED_EMPTY/pNone,None;None;None,False,False
2,A>B.reqwriteBA|B>B.reqwriteBB,ABSORBED_FROZEN/pNone,PRE_FAIL,ABSORBED_EMPTY/pNone;ABSORBED_EMPTY/pNone;ABSORBED_EMPTY/pNone,None;None;None,False,False
2,A>B.reqwriteBA|B>B.reqwriteB~,ABSORBED_FROZEN/pNone,PRE_FAIL,ABSORBED_EMPTY/pNone;ABSORBED_EMPTY/pNone;ABSORBED_EMPTY/pNone,None;None;None,False,False
2,A>B.reqwriteBA|B>B.reqwrite~A,ABSORBED_FROZEN/pNone,PRE_FAIL,ABSORBED_EMPTY/pNone;ABSORBED_EMPTY/pNone;ABSORBED_EMPTY/pNone,None;None;None,False,False
2,A>B.reqwriteBA|B>B.reqwrite~B,ABSORBED_FROZEN/pNone,PRE_FAIL,ABSORBED_EMPTY/pNone;ABSORBED_EMPTY/pNone;ABSORBED_EMPTY/pNone,None;None;None,False,False
2,A>B.reqwriteBA|B>B.reqwrite~~,ABSORBED_FROZEN/pNone,PRE_FAIL,ABSORBED_EMPTY/pNone;ABSORBED_EMPTY/pNone;ABSORBED_EMPTY/pNone,None;None;None,False,False
2,A>B.reqwriteBA|B>B.req~,ABSORBED_FROZEN/pNone,PRE_FAIL,ABSORBED_EMPTY/pNone;ABSORBED_EMPTY/pNone;ABSORBED_EMPTY/pNone,None;None;None,False,False
2,A>B.reqwriteBA|B>B.self,ABSORBED_FROZEN/pNone,PRE_FAIL,ABSORBED_EMPTY/pNone;ABSORBED_EMPTY/pNone;ABSORBED_EMPTY/pNone,None;None;None,False,False
2,A>B.reqwriteBA|B>B.writeA,ABSORBED_FROZEN/pNone,PRE_FAIL,ABSORBED_EMPTY/pNone;ABSORBED_EMPTY/pNone;ABSORBED_EMPTY/pNone,None;None;None,False,False
2,A>B.reqwriteBA|B>B.writeB,ABSORBED_FROZEN/pNone,PRE_FAIL,ABSORBED_EMPTY/pNone;ABSORBED_EMPTY/pNone;ABSORBED_EMPTY/pNone,None;None;None,False,False
2,A>B.reqwriteBA|B>B.write~,ABSORBED_FROZEN/pNone,PRE_FAIL,ABSORBED_EMPTY/pNone;ABSORBED_EMPTY/pNone;ABSORBED_EMPTY/pNone,None;None;None,False,False
2,A>B.reqwriteBA|B>~.reqA,ABSORBED_FROZEN/pNone,PRE_FAIL,ABSORBED_EMPTY/pNone;ABSORBED_EMPTY/pNone;ABSORBED_EMPTY/pNone,None;None;None,False,False
2,A>B.reqwriteBA|B>~.reqB,ABSORBED_FROZEN/pNone,PRE_FAIL,ABSORBED_EMPTY/pNone;ABSORBED_EMPTY/pNone;ABSORBED_EMPTY/pNone,None;None;None,False,False
2,A>B.reqwriteBA|B>~.reqwriteAA,ABSORBED_FROZEN/pNone,PRE_FAIL,ABSORBED_EMPTY/pNone;ABSORBED_EMPTY/pNone;ABSORBED_EMPTY/pNone,None;None;None,False,False
2,A>B.reqwriteBA|B>~.reqwriteAB,ABSORBED_FROZEN/pNone,PRE_FAIL,ABSORBED_EMPTY/pNone;ABSORBED_EMPTY/pNone;ABSORBED_EMPTY/pNone,None;None;None,False,False
2,A>B.reqwriteBA|B>~.reqwriteA~,ABSORBED_FROZEN/pNone,PRE_FAIL,ABSORBED_EMPTY/pNone;ABSORBED_EMPTY/pNone;ABSORBED_EMPTY/pNone,None;None;None,False,False
2,A>B.reqwriteBA|B>~.reqwriteBA,ABSORBED_FROZEN/pNone,PRE_FAIL,ABSORBED_EMPTY/pNone;ABSORBED_EMPTY/pNone;ABSORBED_EMPTY/pNone,None;None;None,False,False
2,A>B.reqwriteBA|B>~.reqwriteBB,ABSORBED_FROZEN/pNone,PRE_FAIL,ABSORBED_EMPTY/pNone;ABSORBED_EMPTY/pNone;ABSORBED_EMPTY/pNone,None;None;None,False,False
2,A>B.reqwriteBA|B>~.reqwriteB~,ABSORBED_FROZEN/pNone,PRE_FAIL,ABSORBED_EMPTY/pNone;ABSORBED_EMPTY/pNone;ABSORBED_EMPTY/pNone,None;None;None,False,False
2,A>B.reqwriteBA|B>~.reqwrite~A,ABSORBED_FROZEN/pNone,PRE_FAIL,ABSORBED_EMPTY/pNone;ABSORBED_EMPTY/pNone;ABSORBED_EMPTY/pNone,None;None;None,False,False
2,A>B.reqwriteBA|B>~.reqwrite~B,ABSORBED_FROZEN/pNone,PRE_FAIL,ABSORBED_EMPTY/pNone;ABSORBED_EMPTY/pNone;ABSORBED_EMPTY/pNone,None;None;None,False,False
2,A>B.reqwriteBA|B>~.reqwrite~~,ABSORBED_FROZEN/pNone,PRE_FAIL,ABSORBED_EMPTY/pNone;ABSORBED_EMPTY/pNone;ABSORBED_EMPTY/pNone,None;None;None,False,False
2,A>B.reqwriteBA|B>~.req~,ABSORBED_FROZEN/pNone,PRE_FAIL,ABSORBED_EMPTY/pNone;ABSORBED_EMPTY/pNone;ABSORBED_EMPTY/pNone,None;None;None,False,False
2,A>B.reqwriteBA|B>~.self,ABSORBED_FROZEN/pNone,PRE_FAIL,ABSORBED_EMPTY/pNone;ABSORBED_EMPTY/pNone;ABSORBED_EMPTY/pNone,None;None;None,False,False
2,A>B.reqwriteBA|B>~.writeA,ABSORBED_FROZEN/pNone,PRE_FAIL,ABSORBED_EMPTY/pNone;ABSORBED_EMPTY/pNone;ABSORBED_EMPTY/pNone,None;None;None,False,False
2,A>B.reqwriteBA|B>~.writeB,ABSORBED_FROZEN/pNone,PRE_FAIL,ABSORBED_EMPTY/pNone;ABSORBED_EMPTY/pNone;ABSORBED_EMPTY/pNone,None;None;None,False,False
2,A>B.reqwriteBA|B>~.write~,ABSORBED_FROZEN/pNone,PRE_FAIL,ABSORBED_EMPTY/pNone;ABSORBED_EMPTY/pNone;ABSORBED_EMPTY/pNone,None;None;None,False,False
2,A>B.reqwriteBB|A>B.reqwriteB~,ABSORBED_FROZEN/pNone,PRE_FAIL,ABSORBED_EMPTY/pNone;ABSORBED_EMPTY/pNone;ABSORBED_EMPTY/pNone,None;None;None,False,False
2,A>B.reqwriteBB|A>B.reqwrite~A,ABSORBED_FROZEN/pNone,PRE_FAIL,ABSORBED_FROZEN/pNone;ABSORBED_FROZEN/pNone;ABSORBED_FROZEN/pNone;ABSORBED_FROZEN/pNone;ABSORBED_FROZEN/pNone;ABSORBED_FROZEN/pNone;ABSORBED_FROZEN/pNone;ABSORBED_FROZEN/pNone;ABSORBED_FROZEN/pNone,None;None;None,False,False
2,A>B.reqwriteBB|A>B.reqwrite~B,ABSORBED_FROZEN/pNone,PRE_FAIL,ABSORBED_FROZEN/pNone;ABSORBED_EMPTY/pNone;ABSORBED_FROZEN/pNone;ABSORBED_EMPTY/pNone;ABSORBED_FROZEN/pNone;ABSORBED_EMPTY/pNone,None;None;None,False,False
2,A>B.reqwriteBB|A>B.reqwrite~~,ABSORBED_FROZEN/pNone,PRE_FAIL,ABSORBED_EMPTY/pNone;ABSORBED_EMPTY/pNone;ABSORBED_EMPTY/pNone,None;None;None,False,False
2,A>B.reqwriteBB|A>B.self,ABSORBED_FROZEN/pNone,PRE_FAIL,ABSORBED_EMPTY/pNone;ABSORBED_EMPTY/pNone;ABSORBED_EMPTY/pNone,None;None;None,False,False
2,A>B.reqwriteBB|A>B.writeA,ABSORBED_FROZEN/pNone,PRE_FAIL,ABSORBED_FROZEN/pNone;ABSORBED_FROZEN/pNone;ABSORBED_FROZEN/pNone;ABSORBED_FROZEN/pNone;ABSORBED_FROZEN/pNone;ABSORBED_FROZEN/pNone;ABSORBED_FROZEN/pNone;ABSORBED_FROZEN/pNone;ABSORBED_FROZEN/pNone,None;None;None,False,False
2,A>B.reqwriteBB|A>B.writeB,ABSORBED_FROZEN/pNone,PRE_FAIL,ABSORBED_FROZEN/pNone;ABSORBED_EMPTY/pNone;ABSORBED_FROZEN/pNone;ABSORBED_EMPTY/pNone;ABSORBED_FROZEN/pNone;ABSORBED_EMPTY/pNone,None;None;None,False,False
2,A>B.reqwriteBB|A>B.write~,ABSORBED_FROZEN/pNone,PRE_FAIL,ABSORBED_EMPTY/pNone;ABSORBED_EMPTY/pNone;ABSORBED_EMPTY/pNone,None;None;None,False,False
2,A>B.reqwriteBB|A>~.reqA,ABSORBED_FROZEN/pNone,PRE_FAIL,ABSORBED_EMPTY/pNone;ABSORBED_EMPTY/pNone;ABSORBED_EMPTY/pNone,None;None;None,False,False
2,A>B.reqwriteBB|A>~.reqB,ABSORBED_FROZEN/pNone,PRE_FAIL,ABSORBED_EMPTY/pNone;ABSORBED_EMPTY/pNone;ABSORBED_EMPTY/pNone,None;None;None,False,False
2,A>B.reqwriteBB|A>~.reqwriteAA,ABSORBED_FROZEN/pNone,PRE_FAIL,ABSORBED_EMPTY/pNone;ABSORBED_EMPTY/pNone;ABSORBED_EMPTY/pNone,None;None;None,False,False
2,A>B.reqwriteBB|A>~.reqwriteAB,ABSORBED_FROZEN/pNone,PRE_FAIL,ABSORBED_EMPTY/pNone;ABSORBED_EMPTY/pNone;ABSORBED_EMPTY/pNone,None;None;None,False,False
2,A>B.reqwriteBB|A>~.reqwriteA~,ABSORBED_FROZEN/pNone,PRE_FAIL,ABSORBED_EMPTY/pNone;ABSORBED_EMPTY/pNone;ABSORBED_EMPTY/pNone,None;None;None,False,False
2,A>B.reqwriteBB|A>~.reqwriteBA,ABSORBED_FROZEN/pNone,PRE_FAIL,ABSORBED_EMPTY/pNone;ABSORBED_EMPTY/pNone;ABSORBED_EMPTY/pNone,None;None;None,False,False
2,A>B.reqwriteBB|A>~.reqwriteBB,ABSORBED_FROZEN/pNone,PRE_FAIL,ABSORBED_EMPTY/pNone;ABSORBED_EMPTY/pNone;ABSORBED_EMPTY/pNone,None;None;None,False,False
2,A>B.reqwriteBB|A>~.reqwriteB~,ABSORBED_FROZEN/pNone,PRE_FAIL,ABSORBED_EMPTY/pNone;ABSORBED_EMPTY/pNone;ABSORBED_EMPTY/pNone,None;None;None,False,False
2,A>B.reqwriteBB|A>~.reqwrite~A,TRANSLATION/p6,DIED,ABSORBED_EMPTY/pNone;ABSORBED_EMPTY/pNone;ABSORBED_EMPTY/pNone,None;None;None,False,False
2,A>B.reqwriteBB|A>~.reqwrite~B,ABSORBED_FROZEN/pNone,PRE_FAIL,ABSORBED_EMPTY/pNone;ABSORBED_EMPTY/pNone;ABSORBED_EMPTY/pNone,None;None;None,False,False
2,A>B.reqwriteBB|A>~.reqwrite~~,ABSORBED_EMPTY/pNone,PRE_FAIL,,None;None;None,False,False
2,A>B.reqwriteBB|A>~.req~,ABSORBED_EMPTY/pNone,PRE_FAIL,,None;None;None,False,False
2,A>B.reqwriteBB|A>~.self,ABSORBED_EMPTY/pNone,PRE_FAIL,,None;None;None,False,False
2,A>B.reqwriteBB|A>~.writeA,TRANSLATION/p6,DIED,ABSORBED_EMPTY/pNone;ABSORBED_EMPTY/pNone;ABSORBED_EMPTY/pNone,None;None;None,False,False
2,A>B.reqwriteBB|A>~.writeB,ABSORBED_FROZEN/pNone,PRE_FAIL,ABSORBED_EMPTY/pNone;ABSORBED_EMPTY/pNone;ABSORBED_EMPTY/pNone,None;None;None,False,False
2,A>B.reqwriteBB|A>~.write~,ABSORBED_EMPTY/pNone,PRE_FAIL,,None;None;None,False,False
2,A>B.reqwriteBB|B>A.reqA,ABSORBED_FROZEN/pNone,PRE_FAIL,ABSORBED_EMPTY/pNone;ABSORBED_EMPTY/pNone;ABSORBED_EMPTY/pNone,None;None;None,False,False
2,A>B.reqwriteBB|B>A.reqB,ABSORBED_FROZEN/pNone,PRE_FAIL,ABSORBED_EMPTY/pNone;ABSORBED_EMPTY/pNone;ABSORBED_EMPTY/pNone,None;None;None,False,False
2,A>B.reqwriteBB|B>A.reqwriteAA,ABSORBED_FROZEN/pNone,PRE_FAIL,ABSORBED_EMPTY/pNone;ABSORBED_EMPTY/pNone;ABSORBED_EMPTY/pNone,None;None;None,False,False
2,A>B.reqwriteBB|B>A.reqwriteAB,ABSORBED_FROZEN/pNone,PRE_FAIL,ABSORBED_EMPTY/pNone;ABSORBED_EMPTY/pNone;ABSORBED_EMPTY/pNone,None;None;None,False,False
2,A>B.reqwriteBB|B>A.reqwriteA~,ABSORBED_FROZEN/pNone,PRE_FAIL,ABSORBED_EMPTY/pNone;ABSORBED_EMPTY/pNone;ABSORBED_EMPTY/pNone,None;None;None,False,False
2,A>B.reqwriteBB|B>A.reqwriteBA,ABSORBED_FROZEN/pNone,PRE_FAIL,ABSORBED_EMPTY/pNone;ABSORBED_EMPTY/pNone;ABSORBED_EMPTY/pNone,None;None;None,False,False
2,A>B.reqwriteBB|B>A.reqwriteBB,ABSORBED_FROZEN/pNone,PRE_FAIL,ABSORBED_EMPTY/pNone;ABSORBED_EMPTY/pNone;ABSORBED_EMPTY/pNone,None;None;None,False,False
2,A>B.reqwriteBB|B>A.reqwriteB~,ABSORBED_FROZEN/pNone,PRE_FAIL,ABSORBED_EMPTY/pNone;ABSORBED_EMPTY/pNone;ABSORBED_EMPTY/pNone,None;None;None,False,False
2,A>B.reqwriteBB|B>A.reqwrite~A,ABSORBED_FROZEN/pNone,PRE_FAIL,ABSORBED_EMPTY/pNone;ABSORBED_EMPTY/pNone;ABSORBED_EMPTY/pNone,None;None;None,False,False
2,A>B.reqwriteBB|B>A.reqwrite~B,ABSORBED_FROZEN/pNone,PRE_FAIL,ABSORBED_EMPTY/pNone;ABSORBED_EMPTY/pNone;ABSORBED_EMPTY/pNone,None;None;None,False,False
2,A>B.reqwriteBB|B>A.reqwrite~~,ABSORBED_FROZEN/pNone,PRE_FAIL,ABSORBED_EMPTY/pNone;ABSORBED_EMPTY/pNone;ABSORBED_EMPTY/pNone,None;None;None,False,False
2,A>B.reqwriteBB|B>A.req~,ABSORBED_FROZEN/pNone,PRE_FAIL,ABSORBED_EMPTY/pNone;ABSORBED_EMPTY/pNone;ABSORBED_EMPTY/pNone,None;None;None,False,False
2,A>B.reqwriteBB|B>A.self,ABSORBED_FROZEN/pNone,PRE_FAIL,ABSORBED_EMPTY/pNone;ABSORBED_EMPTY/pNone;ABSORBED_EMPTY/pNone,None;None;None,False,False
2,A>B.reqwriteBB|B>A.writeA,ABSORBED_FROZEN/pNone,PRE_FAIL,ABSORBED_EMPTY/pNone;ABSORBED_EMPTY/pNone;ABSORBED_EMPTY/pNone,None;None;None,False,False
2,A>B.reqwriteBB|B>A.writeB,ABSORBED_FROZEN/pNone,PRE_FAIL,ABSORBED_EMPTY/pNone;ABSORBED_EMPTY/pNone;ABSORBED_EMPTY/pNone,None;None;None,False,False
2,A>B.reqwriteBB|B>A.write~,ABSORBED_FROZEN/pNone,PRE_FAIL,ABSORBED_EMPTY/pNone;ABSORBED_EMPTY/pNone;ABSORBED_EMPTY/pNone,None;None;None,False,False
2,A>B.reqwriteBB|B>B.reqA,ABSORBED_FROZEN/pNone,PRE_FAIL,ABSORBED_EMPTY/pNone;ABSORBED_EMPTY/pNone;ABSORBED_EMPTY/pNone,None;None;None,False,False
2,A>B.reqwriteBB|B>B.reqB,ABSORBED_FROZEN/pNone,PRE_FAIL,ABSORBED_EMPTY/pNone;ABSORBED_EMPTY/pNone;ABSORBED_EMPTY/pNone,None;None;None,False,False
2,A>B.reqwriteBB|B>B.reqwriteAA,ABSORBED_FROZEN/pNone,PRE_FAIL,ABSORBED_EMPTY/pNone;ABSORBED_EMPTY/pNone;ABSORBED_EMPTY/pNone,None;None;None,False,False
2,A>B.reqwriteBB|B>B.reqwriteAB,ABSORBED_FROZEN/pNone,PRE_FAIL,ABSORBED_EMPTY/pNone;ABSORBED_EMPTY/pNone;ABSORBED_EMPTY/pNone,None;None;None,False,False
2,A>B.reqwriteBB|B>B.reqwriteA~,ABSORBED_FROZEN/pNone,PRE_FAIL,ABSORBED_EMPTY/pNone;ABSORBED_EMPTY/pNone;ABSORBED_EMPTY/pNone,None;None;None,False,False
2,A>B.reqwriteBB|B>B.reqwriteBA,ABSORBED_FROZEN/pNone,PRE_FAIL,ABSORBED_EMPTY/pNone;ABSORBED_EMPTY/pNone;ABSORBED_EMPTY/pNone,None;None;None,False,False
2,A>B.reqwriteBB|B>B.reqwriteBB,ABSORBED_FROZEN/pNone,PRE_FAIL,ABSORBED_EMPTY/pNone;ABSORBED_EMPTY/pNone;ABSORBED_EMPTY/pNone,None;None;None,False,False
2,A>B.reqwriteBB|B>B.reqwriteB~,ABSORBED_FROZEN/pNone,PRE_FAIL,ABSORBED_EMPTY/pNone;ABSORBED_EMPTY/pNone;ABSORBED_EMPTY/pNone,None;None;None,False,False
2,A>B.reqwriteBB|B>B.reqwrite~A,ABSORBED_FROZEN/pNone,PRE_FAIL,ABSORBED_EMPTY/pNone;ABSORBED_EMPTY/pNone;ABSORBED_EMPTY/pNone,None;None;None,False,False
2,A>B.reqwriteBB|B>B.reqwrite~B,ABSORBED_FROZEN/pNone,PRE_FAIL,ABSORBED_EMPTY/pNone;ABSORBED_EMPTY/pNone;ABSORBED_EMPTY/pNone,None;None;None,False,False
2,A>B.reqwriteBB|B>B.reqwrite~~,ABSORBED_FROZEN/pNone,PRE_FAIL,ABSORBED_EMPTY/pNone;ABSORBED_EMPTY/pNone;ABSORBED_EMPTY/pNone,None;None;None,False,False
2,A>B.reqwriteBB|B>B.req~,ABSORBED_FROZEN/pNone,PRE_FAIL,ABSORBED_EMPTY/pNone;ABSORBED_EMPTY/pNone;ABSORBED_EMPTY/pNone,None;None;None,False,False
2,A>B.reqwriteBB|B>B.self,ABSORBED_FROZEN/pNone,PRE_FAIL,ABSORBED_EMPTY/pNone;ABSORBED_EMPTY/pNone;ABSORBED_EMPTY/pNone,None;None;None,False,False
2,A>B.reqwriteBB|B>B.writeA,ABSORBED_FROZEN/pNone,PRE_FAIL,ABSORBED_EMPTY/pNone;ABSORBED_EMPTY/pNone;ABSORBED_EMPTY/pNone,None;None;None,False,False
2,A>B.reqwriteBB|B>B.writeB,ABSORBED_FROZEN/pNone,PRE_FAIL,ABSORBED_EMPTY/pNone;ABSORBED_EMPTY/pNone;ABSORBED_EMPTY/pNone,None;None;None,False,False
2,A>B.reqwriteBB|B>B.write~,ABSORBED_FROZEN/pNone,PRE_FAIL,ABSORBED_EMPTY/pNone;ABSORBED_EMPTY/pNone;ABSORBED_EMPTY/pNone,None;None;None,False,False
2,A>B.reqwriteBB|B>~.reqA,ABSORBED_FROZEN/pNone,PRE_FAIL,ABSORBED_EMPTY/pNone;ABSORBED_EMPTY/pNone;ABSORBED_EMPTY/pNone,None;None;None,False,False
2,A>B.reqwriteBB|B>~.reqB,ABSORBED_FROZEN/pNone,PRE_FAIL,ABSORBED_EMPTY/pNone;ABSORBED_EMPTY/pNone;ABSORBED_EMPTY/pNone,None;None;None,False,False
2,A>B.reqwriteBB|B>~.reqwriteAA,ABSORBED_FROZEN/pNone,PRE_FAIL,ABSORBED_EMPTY/pNone;ABSORBED_EMPTY/pNone;ABSORBED_EMPTY/pNone,None;None;None,False,False
2,A>B.reqwriteBB|B>~.reqwriteAB,ABSORBED_FROZEN/pNone,PRE_FAIL,ABSORBED_EMPTY/pNone;ABSORBED_EMPTY/pNone;ABSORBED_EMPTY/pNone,None;None;None,False,False
2,A>B.reqwriteBB|B>~.reqwriteA~,ABSORBED_FROZEN/pNone,PRE_FAIL,ABSORBED_EMPTY/pNone;ABSORBED_EMPTY/pNone;ABSORBED_EMPTY/pNone,None;None;None,False,False
2,A>B.reqwriteBB|B>~.reqwriteBA,ABSORBED_FROZEN/pNone,PRE_FAIL,ABSORBED_EMPTY/pNone;ABSORBED_EMPTY/pNone;ABSORBED_EMPTY/pNone,None;None;None,False,False
2,A>B.reqwriteBB|B>~.reqwriteBB,ABSORBED_FROZEN/pNone,PRE_FAIL,ABSORBED_EMPTY/pNone;ABSORBED_EMPTY/pNone;ABSORBED_EMPTY/pNone,None;None;None,False,False
2,A>B.reqwriteBB|B>~.reqwriteB~,ABSORBED_FROZEN/pNone,PRE_FAIL,ABSORBED_EMPTY/pNone;ABSORBED_EMPTY/pNone;ABSORBED_EMPTY/pNone,None;None;None,False,False
2,A>B.reqwriteBB|B>~.reqwrite~A,ABSORBED_FROZEN/pNone,PRE_FAIL,ABSORBED_EMPTY/pNone;ABSORBED_EMPTY/pNone;ABSORBED_EMPTY/pNone,None;None;None,False,False
2,A>B.reqwriteBB|B>~.reqwrite~B,ABSORBED_FROZEN/pNone,PRE_FAIL,ABSORBED_EMPTY/pNone;ABSORBED_EMPTY/pNone;ABSORBED_EMPTY/pNone,None;None;None,False,False
2,A>B.reqwriteBB|B>~.reqwrite~~,ABSORBED_FROZEN/pNone,PRE_FAIL,ABSORBED_EMPTY/pNone;ABSORBED_EMPTY/pNone;ABSORBED_EMPTY/pNone,None;None;None,False,False
2,A>B.reqwriteBB|B>~.req~,ABSORBED_FROZEN/pNone,PRE_FAIL,ABSORBED_EMPTY/pNone;ABSORBED_EMPTY/pNone;ABSORBED_EMPTY/pNone,None;None;None,False,False
2,A>B.reqwriteBB|B>~.self,ABSORBED_FROZEN/pNone,PRE_FAIL,ABSORBED_EMPTY/pNone;ABSORBED_EMPTY/pNone;ABSORBED_EMPTY/pNone,None;None;None,False,False
2,A>B.reqwriteBB|B>~.writeA,ABSORBED_FROZEN/pNone,PRE_FAIL,ABSORBED_EMPTY/pNone;ABSORBED_EMPTY/pNone;ABSORBED_EMPTY/pNone,None;None;None,False,False
2,A>B.reqwriteBB|B>~.writeB,ABSORBED_FROZEN/pNone,PRE_FAIL,ABSORBED_EMPTY/pNone;ABSORBED_EMPTY/pNone;ABSORBED_EMPTY/pNone,None;None;None,False,False
2,A>B.reqwriteBB|B>~.write~,ABSORBED_FROZEN/pNone,PRE_FAIL,ABSORBED_EMPTY/pNone;ABSORBED_EMPTY/pNone;ABSORBED_EMPTY/pNone,None;None;None,False,False
2,A>B.reqwriteB~|A>B.reqwrite~A,ABSORBED_FROZEN/pNone,PRE_FAIL,ABSORBED_FROZEN/pNone;ABSORBED_FROZEN/pNone;ABSORBED_FROZEN/pNone;ABSORBED_FROZEN/pNone;ABSORBED_FROZEN/pNone;ABSORBED_FROZEN/pNone;ABSORBED_FROZEN/pNone;ABSORBED_FROZEN/pNone;ABSORBED_FROZEN/pNone,None;None;None,False,False
2,A>B.reqwriteB~|A>B.reqwrite~B,ABSORBED_FROZEN/pNone,PRE_FAIL,ABSORBED_FROZEN/pNone;ABSORBED_EMPTY/pNone;ABSORBED_FROZEN/pNone;ABSORBED_EMPTY/pNone;ABSORBED_FROZEN/pNone;ABSORBED_EMPTY/pNone,None;None;None,False,False
2,A>B.reqwriteB~|A>B.reqwrite~~,ABSORBED_FROZEN/pNone,PRE_FAIL,ABSORBED_EMPTY/pNone;ABSORBED_EMPTY/pNone;ABSORBED_EMPTY/pNone,None;None;None,False,False
2,A>B.reqwriteB~|A>B.self,ABSORBED_FROZEN/pNone,PRE_FAIL,ABSORBED_EMPTY/pNone;ABSORBED_EMPTY/pNone;ABSORBED_EMPTY/pNone,None;None;None,False,False
2,A>B.reqwriteB~|A>B.writeA,ABSORBED_FROZEN/pNone,PRE_FAIL,ABSORBED_FROZEN/pNone;ABSORBED_FROZEN/pNone;ABSORBED_FROZEN/pNone;ABSORBED_FROZEN/pNone;ABSORBED_FROZEN/pNone;ABSORBED_FROZEN/pNone;ABSORBED_FROZEN/pNone;ABSORBED_FROZEN/pNone;ABSORBED_FROZEN/pNone,None;None;None,False,False
2,A>B.reqwriteB~|A>B.writeB,ABSORBED_FROZEN/pNone,PRE_FAIL,ABSORBED_FROZEN/pNone;ABSORBED_EMPTY/pNone;ABSORBED_FROZEN/pNone;ABSORBED_EMPTY/pNone;ABSORBED_FROZEN/pNone;ABSORBED_EMPTY/pNone,None;None;None,False,False
2,A>B.reqwriteB~|A>B.write~,ABSORBED_FROZEN/pNone,PRE_FAIL,ABSORBED_EMPTY/pNone;ABSORBED_EMPTY/pNone;ABSORBED_EMPTY/pNone,None;None;None,False,False
2,A>B.reqwriteB~|A>~.reqA,ABSORBED_FROZEN/pNone,PRE_FAIL,ABSORBED_EMPTY/pNone;ABSORBED_EMPTY/pNone;ABSORBED_EMPTY/pNone,None;None;None,False,False
2,A>B.reqwriteB~|A>~.reqB,ABSORBED_FROZEN/pNone,PRE_FAIL,ABSORBED_EMPTY/pNone;ABSORBED_EMPTY/pNone;ABSORBED_EMPTY/pNone,None;None;None,False,False
2,A>B.reqwriteB~|A>~.reqwriteAA,ABSORBED_FROZEN/pNone,PRE_FAIL,ABSORBED_EMPTY/pNone;ABSORBED_EMPTY/pNone;ABSORBED_EMPTY/pNone,None;None;None,False,False
2,A>B.reqwriteB~|A>~.reqwriteAB,ABSORBED_FROZEN/pNone,PRE_FAIL,ABSORBED_EMPTY/pNone;ABSORBED_EMPTY/pNone;ABSORBED_EMPTY/pNone,None;None;None,False,False
2,A>B.reqwriteB~|A>~.reqwriteA~,ABSORBED_FROZEN/pNone,PRE_FAIL,ABSORBED_EMPTY/pNone;ABSORBED_EMPTY/pNone;ABSORBED_EMPTY/pNone,None;None;None,False,False
2,A>B.reqwriteB~|A>~.reqwriteBA,ABSORBED_FROZEN/pNone,PRE_FAIL,ABSORBED_EMPTY/pNone;ABSORBED_EMPTY/pNone;ABSORBED_EMPTY/pNone,None;None;None,False,False
2,A>B.reqwriteB~|A>~.reqwriteBB,ABSORBED_FROZEN/pNone,PRE_FAIL,ABSORBED_EMPTY/pNone;ABSORBED_EMPTY/pNone;ABSORBED_EMPTY/pNone,None;None;None,False,False
2,A>B.reqwriteB~|A>~.reqwriteB~,ABSORBED_FROZEN/pNone,PRE_FAIL,ABSORBED_EMPTY/pNone;ABSORBED_EMPTY/pNone;ABSORBED_EMPTY/pNone,None;None;None,False,False
2,A>B.reqwriteB~|A>~.reqwrite~A,TRANSLATION/p6,DIED,ABSORBED_EMPTY/pNone;ABSORBED_EMPTY/pNone;ABSORBED_EMPTY/pNone,None;None;None,False,False
2,A>B.reqwriteB~|A>~.reqwrite~B,ABSORBED_FROZEN/pNone,PRE_FAIL,ABSORBED_EMPTY/pNone;ABSORBED_EMPTY/pNone;ABSORBED_EMPTY/pNone,None;None;None,False,False
2,A>B.reqwriteB~|A>~.reqwrite~~,ABSORBED_EMPTY/pNone,PRE_FAIL,,None;None;None,False,False
2,A>B.reqwriteB~|A>~.req~,ABSORBED_EMPTY/pNone,PRE_FAIL,,None;None;None,False,False
2,A>B.reqwriteB~|A>~.self,ABSORBED_EMPTY/pNone,PRE_FAIL,,None;None;None,False,False
2,A>B.reqwriteB~|A>~.writeA,TRANSLATION/p6,DIED,ABSORBED_EMPTY/pNone;ABSORBED_EMPTY/pNone;ABSORBED_EMPTY/pNone,None;None;None,False,False
2,A>B.reqwriteB~|A>~.writeB,ABSORBED_FROZEN/pNone,PRE_FAIL,ABSORBED_EMPTY/pNone;ABSORBED_EMPTY/pNone;ABSORBED_EMPTY/pNone,None;None;None,False,False
2,A>B.reqwriteB~|A>~.write~,ABSORBED_EMPTY/pNone,PRE_FAIL,,None;None;None,False,False
2,A>B.reqwriteB~|B>A.reqA,ABSORBED_FROZEN/pNone,PRE_FAIL,ABSORBED_EMPTY/pNone;ABSORBED_EMPTY/pNone;ABSORBED_EMPTY/pNone,None;None;None,False,False
2,A>B.reqwriteB~|B>A.reqB,ABSORBED_FROZEN/pNone,PRE_FAIL,ABSORBED_EMPTY/pNone;ABSORBED_EMPTY/pNone;ABSORBED_EMPTY/pNone,None;None;None,False,False
2,A>B.reqwriteB~|B>A.reqwriteAA,ABSORBED_FROZEN/pNone,PRE_FAIL,ABSORBED_EMPTY/pNone;ABSORBED_EMPTY/pNone;ABSORBED_EMPTY/pNone,None;None;None,False,False
2,A>B.reqwriteB~|B>A.reqwriteAB,ABSORBED_FROZEN/pNone,PRE_FAIL,ABSORBED_EMPTY/pNone;ABSORBED_EMPTY/pNone;ABSORBED_EMPTY/pNone,None;None;None,False,False
2,A>B.reqwriteB~|B>A.reqwriteA~,ABSORBED_FROZEN/pNone,PRE_FAIL,ABSORBED_EMPTY/pNone;ABSORBED_EMPTY/pNone;ABSORBED_EMPTY/pNone,None;None;None,False,False
2,A>B.reqwriteB~|B>A.reqwriteBA,ABSORBED_FROZEN/pNone,PRE_FAIL,ABSORBED_EMPTY/pNone;ABSORBED_EMPTY/pNone;ABSORBED_EMPTY/pNone,None;None;None,False,False
2,A>B.reqwriteB~|B>A.reqwriteBB,ABSORBED_FROZEN/pNone,PRE_FAIL,ABSORBED_EMPTY/pNone;ABSORBED_EMPTY/pNone;ABSORBED_EMPTY/pNone,None;None;None,False,False
2,A>B.reqwriteB~|B>A.reqwriteB~,ABSORBED_FROZEN/pNone,PRE_FAIL,ABSORBED_EMPTY/pNone;ABSORBED_EMPTY/pNone;ABSORBED_EMPTY/pNone,None;None;None,False,False
2,A>B.reqwriteB~|B>A.reqwrite~A,ABSORBED_FROZEN/pNone,PRE_FAIL,ABSORBED_EMPTY/pNone;ABSORBED_EMPTY/pNone;ABSORBED_EMPTY/pNone,None;None;None,False,False
2,A>B.reqwriteB~|B>A.reqwrite~B,ABSORBED_FROZEN/pNone,PRE_FAIL,ABSORBED_EMPTY/pNone;ABSORBED_EMPTY/pNone;ABSORBED_EMPTY/pNone,None;None;None,False,False
2,A>B.reqwriteB~|B>A.reqwrite~~,ABSORBED_FROZEN/pNone,PRE_FAIL,ABSORBED_EMPTY/pNone;ABSORBED_EMPTY/pNone;ABSORBED_EMPTY/pNone,None;None;None,False,False
2,A>B.reqwriteB~|B>A.req~,ABSORBED_FROZEN/pNone,PRE_FAIL,ABSORBED_EMPTY/pNone;ABSORBED_EMPTY/pNone;ABSORBED_EMPTY/pNone,None;None;None,False,False
2,A>B.reqwriteB~|B>A.self,ABSORBED_FROZEN/pNone,PRE_FAIL,ABSORBED_EMPTY/pNone;ABSORBED_EMPTY/pNone;ABSORBED_EMPTY/pNone,None;None;None,False,False
2,A>B.reqwriteB~|B>A.writeA,ABSORBED_FROZEN/pNone,PRE_FAIL,ABSORBED_EMPTY/pNone;ABSORBED_EMPTY/pNone;ABSORBED_EMPTY/pNone,None;None;None,False,False
2,A>B.reqwriteB~|B>A.writeB,ABSORBED_FROZEN/pNone,PRE_FAIL,ABSORBED_EMPTY/pNone;ABSORBED_EMPTY/pNone;ABSORBED_EMPTY/pNone,None;None;None,False,False
2,A>B.reqwriteB~|B>A.write~,ABSORBED_FROZEN/pNone,PRE_FAIL,ABSORBED_EMPTY/pNone;ABSORBED_EMPTY/pNone;ABSORBED_EMPTY/pNone,None;None;None,False,False
2,A>B.reqwriteB~|B>B.reqA,ABSORBED_FROZEN/pNone,PRE_FAIL,ABSORBED_EMPTY/pNone;ABSORBED_EMPTY/pNone;ABSORBED_EMPTY/pNone,None;None;None,False,False
2,A>B.reqwriteB~|B>B.reqB,ABSORBED_FROZEN/pNone,PRE_FAIL,ABSORBED_EMPTY/pNone;ABSORBED_EMPTY/pNone;ABSORBED_EMPTY/pNone,None;None;None,False,False
2,A>B.reqwriteB~|B>B.reqwriteAA,ABSORBED_FROZEN/pNone,PRE_FAIL,ABSORBED_EMPTY/pNone;ABSORBED_EMPTY/pNone;ABSORBED_EMPTY/pNone,None;None;None,False,False
2,A>B.reqwriteB~|B>B.reqwriteAB,ABSORBED_FROZEN/pNone,PRE_FAIL,ABSORBED_EMPTY/pNone;ABSORBED_EMPTY/pNone;ABSORBED_EMPTY/pNone,None;None;None,False,False
2,A>B.reqwriteB~|B>B.reqwriteA~,ABSORBED_FROZEN/pNone,PRE_FAIL,ABSORBED_EMPTY/pNone;ABSORBED_EMPTY/pNone;ABSORBED_EMPTY/pNone,None;None;None,False,False
2,A>B.reqwriteB~|B>B.reqwriteBA,ABSORBED_FROZEN/pNone,PRE_FAIL,ABSORBED_EMPTY/pNone;ABSORBED_EMPTY/pNone;ABSORBED_EMPTY/pNone,None;None;None,False,False
2,A>B.reqwriteB~|B>B.reqwriteBB,ABSORBED_FROZEN/pNone,PRE_FAIL,ABSORBED_EMPTY/pNone;ABSORBED_EMPTY/pNone;ABSORBED_EMPTY/pNone,None;None;None,False,False
2,A>B.reqwriteB~|B>B.reqwriteB~,ABSORBED_FROZEN/pNone,PRE_FAIL,ABSORBED_EMPTY/pNone;ABSORBED_EMPTY/pNone;ABSORBED_EMPTY/pNone,None;None;None,False,False
2,A>B.reqwriteB~|B>B.reqwrite~A,ABSORBED_FROZEN/pNone,PRE_FAIL,ABSORBED_EMPTY/pNone;ABSORBED_EMPTY/pNone;ABSORBED_EMPTY/pNone,None;None;None,False,False
2,A>B.reqwriteB~|B>B.reqwrite~B,ABSORBED_FROZEN/pNone,PRE_FAIL,ABSORBED_EMPTY/pNone;ABSORBED_EMPTY/pNone;ABSORBED_EMPTY/pNone,None;None;None,False,False
2,A>B.reqwriteB~|B>B.reqwrite~~,ABSORBED_FROZEN/pNone,PRE_FAIL,ABSORBED_EMPTY/pNone;ABSORBED_EMPTY/pNone;ABSORBED_EMPTY/pNone,None;None;None,False,False
2,A>B.reqwriteB~|B>B.req~,ABSORBED_FROZEN/pNone,PRE_FAIL,ABSORBED_EMPTY/pNone;ABSORBED_EMPTY/pNone;ABSORBED_EMPTY/pNone,None;None;None,False,False
2,A>B.reqwriteB~|B>B.self,ABSORBED_FROZEN/pNone,PRE_FAIL,ABSORBED_EMPTY/pNone;ABSORBED_EMPTY/pNone;ABSORBED_EMPTY/pNone,None;None;None,False,False
2,A>B.reqwriteB~|B>B.writeA,ABSORBED_FROZEN/pNone,PRE_FAIL,ABSORBED_EMPTY/pNone;ABSORBED_EMPTY/pNone;ABSORBED_EMPTY/pNone,None;None;None,False,False
2,A>B.reqwriteB~|B>B.writeB,ABSORBED_FROZEN/pNone,PRE_FAIL,ABSORBED_EMPTY/pNone;ABSORBED_EMPTY/pNone;ABSORBED_EMPTY/pNone,None;None;None,False,False
2,A>B.reqwriteB~|B>B.write~,ABSORBED_FROZEN/pNone,PRE_FAIL,ABSORBED_EMPTY/pNone;ABSORBED_EMPTY/pNone;ABSORBED_EMPTY/pNone,None;None;None,False,False
2,A>B.reqwriteB~|B>~.reqA,ABSORBED_FROZEN/pNone,PRE_FAIL,ABSORBED_EMPTY/pNone;ABSORBED_EMPTY/pNone;ABSORBED_EMPTY/pNone,None;None;None,False,False
2,A>B.reqwriteB~|B>~.reqB,ABSORBED_FROZEN/pNone,PRE_FAIL,ABSORBED_EMPTY/pNone;ABSORBED_EMPTY/pNone;ABSORBED_EMPTY/pNone,None;None;None,False,False
2,A>B.reqwriteB~|B>~.reqwriteAA,ABSORBED_FROZEN/pNone,PRE_FAIL,ABSORBED_EMPTY/pNone;ABSORBED_EMPTY/pNone;ABSORBED_EMPTY/pNone,None;None;None,False,False
2,A>B.reqwriteB~|B>~.reqwriteAB,ABSORBED_FROZEN/pNone,PRE_FAIL,ABSORBED_EMPTY/pNone;ABSORBED_EMPTY/pNone;ABSORBED_EMPTY/pNone,None;None;None,False,False
2,A>B.reqwriteB~|B>~.reqwriteA~,ABSORBED_FROZEN/pNone,PRE_FAIL,ABSORBED_EMPTY/pNone;ABSORBED_EMPTY/pNone;ABSORBED_EMPTY/pNone,None;None;None,False,False
2,A>B.reqwriteB~|B>~.reqwriteBA,ABSORBED_FROZEN/pNone,PRE_FAIL,ABSORBED_EMPTY/pNone;ABSORBED_EMPTY/pNone;ABSORBED_EMPTY/pNone,None;None;None,False,False
2,A>B.reqwriteB~|B>~.reqwriteBB,ABSORBED_FROZEN/pNone,PRE_FAIL,ABSORBED_EMPTY/pNone;ABSORBED_EMPTY/pNone;ABSORBED_EMPTY/pNone,None;None;None,False,False
2,A>B.reqwriteB~|B>~.reqwriteB~,ABSORBED_FROZEN/pNone,PRE_FAIL,ABSORBED_EMPTY/pNone;ABSORBED_EMPTY/pNone;ABSORBED_EMPTY/pNone,None;None;None,False,False
2,A>B.reqwriteB~|B>~.reqwrite~A,ABSORBED_FROZEN/pNone,PRE_FAIL,ABSORBED_EMPTY/pNone;ABSORBED_EMPTY/pNone;ABSORBED_EMPTY/pNone,None;None;None,False,False
2,A>B.reqwriteB~|B>~.reqwrite~B,ABSORBED_FROZEN/pNone,PRE_FAIL,ABSORBED_EMPTY/pNone;ABSORBED_EMPTY/pNone;ABSORBED_EMPTY/pNone,None;None;None,False,False
2,A>B.reqwriteB~|B>~.reqwrite~~,ABSORBED_FROZEN/pNone,PRE_FAIL,ABSORBED_EMPTY/pNone;ABSORBED_EMPTY/pNone;ABSORBED_EMPTY/pNone,None;None;None,False,False
2,A>B.reqwriteB~|B>~.req~,ABSORBED_FROZEN/pNone,PRE_FAIL,ABSORBED_EMPTY/pNone;ABSORBED_EMPTY/pNone;ABSORBED_EMPTY/pNone,None;None;None,False,False
2,A>B.reqwriteB~|B>~.self,ABSORBED_FROZEN/pNone,PRE_FAIL,ABSORBED_EMPTY/pNone;ABSORBED_EMPTY/pNone;ABSORBED_EMPTY/pNone,None;None;None,False,False
2,A>B.reqwriteB~|B>~.writeA,ABSORBED_FROZEN/pNone,PRE_FAIL,ABSORBED_EMPTY/pNone;ABSORBED_EMPTY/pNone;ABSORBED_EMPTY/pNone,None;None;None,False,False
2,A>B.reqwriteB~|B>~.writeB,ABSORBED_FROZEN/pNone,PRE_FAIL,ABSORBED_EMPTY/pNone;ABSORBED_EMPTY/pNone;ABSORBED_EMPTY/pNone,None;None;None,False,False
2,A>B.reqwriteB~|B>~.write~,ABSORBED_FROZEN/pNone,PRE_FAIL,ABSORBED_EMPTY/pNone;ABSORBED_EMPTY/pNone;ABSORBED_EMPTY/pNone,None;None;None,False,False
2,A>B.reqwrite~A|A>B.reqwrite~B,ABSORBED_FROZEN/pNone,PRE_FAIL,ABSORBED_FROZEN/pNone;ABSORBED_EMPTY/pNone;ABSORBED_FROZEN/pNone;ABSORBED_EMPTY/pNone;ABSORBED_FROZEN/pNone;ABSORBED_EMPTY/pNone,None;None;None,False,False
2,A>B.reqwrite~A|A>B.reqwrite~~,ABSORBED_FROZEN/pNone,PRE_FAIL,ABSORBED_EMPTY/pNone;ABSORBED_EMPTY/pNone;ABSORBED_EMPTY/pNone,None;None;None,False,False
2,A>B.reqwrite~A|A>B.self,ABSORBED_FROZEN/pNone,PRE_FAIL,ABSORBED_EMPTY/pNone;ABSORBED_EMPTY/pNone;ABSORBED_EMPTY/pNone,None;None;None,False,False
2,A>B.reqwrite~A|A>B.writeA,TRANSLATION/p6,"MIXED:DIEDx2,REPAIRx1",ABSORBED_FROZEN/pNone;ABSORBED_FROZEN/pNone;ABSORBED_FROZEN/pNone;TRANSLATION/p6;ABSORBED_FROZEN/pNone;ABSORBED_FROZEN/pNone;TRANSLATION/p6;TRANSLATION/p6;TRANSLATION/p6,None;None;None,False,False
2,A>B.reqwrite~A|A>B.writeB,ABSORBED_FROZEN/pNone,PRE_FAIL,ABSORBED_FROZEN/pNone;ABSORBED_EMPTY/pNone;ABSORBED_FROZEN/pNone;ABSORBED_EMPTY/pNone;ABSORBED_FROZEN/pNone;ABSORBED_EMPTY/pNone,None;None;None,False,False
2,A>B.reqwrite~A|A>B.write~,ABSORBED_FROZEN/pNone,PRE_FAIL,ABSORBED_EMPTY/pNone;ABSORBED_EMPTY/pNone;ABSORBED_EMPTY/pNone,None;None;None,False,False
2,A>B.reqwrite~A|A>~.reqA,ABSORBED_FROZEN/pNone,PRE_FAIL,ABSORBED_FROZEN/pNone;ABSORBED_FROZEN/pNone;ABSORBED_FROZEN/pNone;ABSORBED_FROZEN/pNone;ABSORBED_FROZEN/pNone;ABSORBED_FROZEN/pNone;ABSORBED_FROZEN/pNone;ABSORBED_FROZEN/pNone;ABSORBED_FROZEN/pNone,None;None;None,False,False
2,A>B.reqwrite~A|A>~.reqB,ABSORBED_FROZEN/pNone,PRE_FAIL,ABSORBED_FROZEN/pNone;ABSORBED_FROZEN/pNone;ABSORBED_FROZEN/pNone;ABSORBED_FROZEN/pNone;ABSORBED_FROZEN/pNone;ABSORBED_FROZEN/pNone;ABSORBED_FROZEN/pNone;ABSORBED_FROZEN/pNone;ABSORBED_FROZEN/pNone,None;None;None,False,False
2,A>B.reqwrite~A|A>~.reqwriteAA,ABSORBED_FROZEN/pNone,PRE_FAIL,ABSORBED_FROZEN/pNone;ABSORBED_FROZEN/pNone;ABSORBED_FROZEN/pNone;ABSORBED_FROZEN/pNone;ABSORBED_FROZEN/pNone;ABSORBED_FROZEN/pNone;ABSORBED_FROZEN/pNone;ABSORBED_FROZEN/pNone;ABSORBED_FROZEN/pNone,None;None;None,False,False
2,A>B.reqwrite~A|A>~.reqwriteAB,ABSORBED_FROZEN/pNone,PRE_FAIL,ABSORBED_FROZEN/pNone;ABSORBED_FROZEN/pNone;ABSORBED_FROZEN/pNone;ABSORBED_FROZEN/pNone;ABSORBED_FROZEN/pNone;ABSORBED_FROZEN/pNone;ABSORBED_FROZEN/pNone;ABSORBED_FROZEN/pNone;ABSORBED_FROZEN/pNone,None;None;None,False,False
2,A>B.reqwrite~A|A>~.reqwriteA~,ABSORBED_FROZEN/pNone,PRE_FAIL,ABSORBED_FROZEN/pNone;ABSORBED_FROZEN/pNone;ABSORBED_FROZEN/pNone;ABSORBED_FROZEN/pNone;ABSORBED_FROZEN/pNone;ABSORBED_FROZEN/pNone;ABSORBED_FROZEN/pNone;ABSORBED_FROZEN/pNone;ABSORBED_FROZEN/pNone,None;None;None,False,False
2,A>B.reqwrite~A|A>~.reqwriteBA,POP_OSC/p30,DIED,ABSORBED_EMPTY/pNone;ABSORBED_EMPTY/pNone;ABSORBED_EMPTY/pNone,None;None;None,False,False
2,A>B.reqwrite~A|A>~.reqwriteBB,ABSORBED_FROZEN/pNone,PRE_FAIL,ABSORBED_FROZEN/pNone;ABSORBED_FROZEN/pNone;ABSORBED_FROZEN/pNone;ABSORBED_FROZEN/pNone;ABSORBED_FROZEN/pNone;ABSORBED_FROZEN/pNone;ABSORBED_FROZEN/pNone;ABSORBED_FROZEN/pNone;ABSORBED_FROZEN/pNone,None;None;None,False,False
2,A>B.reqwrite~A|A>~.reqwriteB~,ABSORBED_FROZEN/pNone,PRE_FAIL,ABSORBED_FROZEN/pNone;ABSORBED_FROZEN/pNone;ABSORBED_FROZEN/pNone;ABSORBED_FROZEN/pNone;ABSORBED_FROZEN/pNone;ABSORBED_FROZEN/pNone;ABSORBED_FROZEN/pNone;ABSORBED_FROZEN/pNone;ABSORBED_FROZEN/pNone,None;None;None,False,False
2,A>B.reqwrite~A|A>~.reqwrite~A,ABSORBED_FROZEN/pNone,PRE_FAIL,ABSORBED_FROZEN/pNone;ABSORBED_FROZEN/pNone;ABSORBED_EMPTY/pNone;ABSORBED_FROZEN/pNone;ABSORBED_FROZEN/pNone;ABSORBED_FROZEN/pNone;ABSORBED_FROZEN/pNone;ABSORBED_FROZEN/pNone;ABSORBED_FROZEN/pNone,None;None;None,False,False
2,A>B.reqwrite~A|A>~.reqwrite~B,ABSORBED_FROZEN/pNone,PRE_FAIL,ABSORBED_EMPTY/pNone;ABSORBED_EMPTY/pNone;ABSORBED_EMPTY/pNone,None;None;None,False,False
2,A>B.reqwrite~A|A>~.reqwrite~~,ABSORBED_EMPTY/pNone,PRE_FAIL,,None;None;None,False,False
2,A>B.reqwrite~A|A>~.req~,ABSORBED_EMPTY/pNone,PRE_FAIL,,None;None;None,False,False
2,A>B.reqwrite~A|A>~.self,ABSORBED_EMPTY/pNone,PRE_FAIL,,None;None;None,False,False
2,A>B.reqwrite~A|A>~.writeA,APERIODIC/pNone,PRE_FAIL,ABSORBED_EMPTY/pNone;ABSORBED_FROZEN/pNone;ABSORBED_FROZEN/pNone;ABSORBED_FROZEN/pNone;APERIODIC/pNone;ABSORBED_EMPTY/pNone,None;None;None,False,False
2,A>B.reqwrite~A|A>~.writeB,ABSORBED_FROZEN/pNone,PRE_FAIL,ABSORBED_EMPTY/pNone;ABSORBED_EMPTY/pNone;ABSORBED_EMPTY/pNone,None;None;None,False,False
2,A>B.reqwrite~A|A>~.write~,ABSORBED_EMPTY/pNone,PRE_FAIL,,None;None;None,False,False
2,A>B.reqwrite~A|B>A.reqA,ABSORBED_FROZEN/pNone,PRE_FAIL,ABSORBED_FROZEN/pNone;ABSORBED_FROZEN/pNone;ABSORBED_FROZEN/pNone;ABSORBED_FROZEN/pNone;ABSORBED_FROZEN/pNone;ABSORBED_FROZEN/pNone;ABSORBED_FROZEN/pNone;ABSORBED_FROZEN/pNone;ABSORBED_FROZEN/pNone,None;None;None,False,False
2,A>B.reqwrite~A|B>A.reqB,ABSORBED_FROZEN/pNone,PRE_FAIL,ABSORBED_FROZEN/pNone;ABSORBED_FROZEN/pNone;ABSORBED_FROZEN/pNone;ABSORBED_FROZEN/pNone;ABSORBED_FROZEN/pNone;ABSORBED_FROZEN/pNone;ABSORBED_FROZEN/pNone;ABSORBED_FROZEN/pNone;ABSORBED_FROZEN/pNone,None;None;None,False,False
2,A>B.reqwrite~A|B>A.reqwriteAA,ABSORBED_FROZEN/pNone,PRE_FAIL,ABSORBED_FROZEN/pNone;ABSORBED_FROZEN/pNone;ABSORBED_FROZEN/pNone;ABSORBED_FROZEN/pNone;ABSORBED_FROZEN/pNone;ABSORBED_FROZEN/pNone;ABSORBED_FROZEN/pNone;ABSORBED_FROZEN/pNone;ABSORBED_FROZEN/pNone,None;None;None,False,False
2,A>B.reqwrite~A|B>A.reqwriteAB,ABSORBED_FROZEN/pNone,PRE_FAIL,ABSORBED_FROZEN/pNone;ABSORBED_FROZEN/pNone;ABSORBED_FROZEN/pNone;ABSORBED_FROZEN/pNone;ABSORBED_FROZEN/pNone;ABSORBED_FROZEN/pNone;ABSORBED_FROZEN/pNone;ABSORBED_EMPTY/pNone,None;None;None,False,False
2,A>B.reqwrite~A|B>A.reqwriteA~,"MIXED:POP_OSC/p2x2,POP_OSC/p4x1",DIED,ABSORBED_FROZEN/pNone;ABSORBED_FROZEN/pNone;ABSORBED_EMPTY/pNone;POP_OSC/p4;ABSORBED_FROZEN/pNone;ABSORBED_FROZEN/pNone;ABSORBED_FROZEN/pNone;ABSORBED_FROZEN/pNone;ABSORBED_FROZEN/pNone,None;None;None,False,False
2,A>B.reqwrite~A|B>A.reqwriteBA,ABSORBED_FROZEN/pNone,PRE_FAIL,ABSORBED_FROZEN/pNone;ABSORBED_FROZEN/pNone;ABSORBED_FROZEN/pNone;ABSORBED_FROZEN/pNone;ABSORBED_FROZEN/pNone;ABSORBED_FROZEN/pNone;ABSORBED_FROZEN/pNone;ABSORBED_FROZEN/pNone;ABSORBED_FROZEN/pNone,None;None;None,False,False
2,A>B.reqwrite~A|B>A.reqwriteBB,ABSORBED_FROZEN/pNone,PRE_FAIL,ABSORBED_FROZEN/pNone;ABSORBED_FROZEN/pNone;ABSORBED_FROZEN/pNone;ABSORBED_FROZEN/pNone;ABSORBED_FROZEN/pNone;ABSORBED_FROZEN/pNone;ABSORBED_FROZEN/pNone;ABSORBED_FROZEN/pNone;ABSORBED_FROZEN/pNone,None;None;None,False,False
2,A>B.reqwrite~A|B>A.reqwriteB~,ABSORBED_FROZEN/pNone,PRE_FAIL,ABSORBED_FROZEN/pNone;ABSORBED_FROZEN/pNone;ABSORBED_FROZEN/pNone;ABSORBED_FROZEN/pNone;ABSORBED_FROZEN/pNone;ABSORBED_FROZEN/pNone;ABSORBED_FROZEN/pNone;ABSORBED_FROZEN/pNone;ABSORBED_FROZEN/pNone,None;None;None,False,False
2,A>B.reqwrite~A|B>A.reqwrite~A,ABSORBED_FROZEN/pNone,PRE_FAIL,ABSORBED_FROZEN/pNone;ABSORBED_FROZEN/pNone;ABSORBED_FROZEN/pNone;ABSORBED_FROZEN/pNone;ABSORBED_FROZEN/pNone;ABSORBED_FROZEN/pNone;ABSORBED_FROZEN/pNone;ABSORBED_FROZEN/pNone;ABSORBED_FROZEN/pNone,None;None;None,False,False
2,A>B.reqwrite~A|B>A.reqwrite~B,ABSORBED_FROZEN/pNone,PRE_FAIL,ABSORBED_FROZEN/pNone;ABSORBED_FROZEN/pNone;ABSORBED_FROZEN/pNone;ABSORBED_FROZEN/pNone;ABSORBED_FROZEN/pNone;ABSORBED_FROZEN/pNone;ABSORBED_FROZEN/pNone;ABSORBED_FROZEN/pNone;ABSORBED_FROZEN/pNone,None;None;None,False,False
2,A>B.reqwrite~A|B>A.reqwrite~~,ABSORBED_FROZEN/pNone,PRE_FAIL,ABSORBED_FROZEN/pNone;ABSORBED_FROZEN/pNone;ABSORBED_FROZEN/pNone;ABSORBED_FROZEN/pNone;ABSORBED_FROZEN/pNone;ABSORBED_FROZEN/pNone;ABSORBED_FROZEN/pNone;ABSORBED_FROZEN/pNone;ABSORBED_FROZEN/pNone,None;None;None,False,False
2,A>B.reqwrite~A|B>A.req~,ABSORBED_FROZEN/pNone,PRE_FAIL,ABSORBED_FROZEN/pNone;ABSORBED_FROZEN/pNone;ABSORBED_FROZEN/pNone;ABSORBED_FROZEN/pNone;ABSORBED_FROZEN/pNone;ABSORBED_FROZEN/pNone;ABSORBED_FROZEN/pNone;ABSORBED_FROZEN/pNone;ABSORBED_FROZEN/pNone,None;None;None,False,False
2,A>B.reqwrite~A|B>A.self,ABSORBED_FROZEN/pNone,PRE_FAIL,ABSORBED_FROZEN/pNone;ABSORBED_FROZEN/pNone;ABSORBED_FROZEN/pNone;ABSORBED_FROZEN/pNone;ABSORBED_FROZEN/pNone;ABSORBED_FROZEN/pNone;ABSORBED_FROZEN/pNone;ABSORBED_FROZEN/pNone;ABSORBED_FROZEN/pNone,None;None;None,False,False
2,A>B.reqwrite~A|B>A.writeA,ABSORBED_FROZEN/pNone,PRE_FAIL,ABSORBED_FROZEN/pNone;ABSORBED_FROZEN/pNone;ABSORBED_FROZEN/pNone;ABSORBED_FROZEN/pNone;ABSORBED_FROZEN/pNone;ABSORBED_FROZEN/pNone;ABSORBED_FROZEN/pNone;ABSORBED_FROZEN/pNone;ABSORBED_FROZEN/pNone,None;None;None,False,False
2,A>B.reqwrite~A|B>A.writeB,TRANSLATION/p6,REPAIR,TRANSLATION/p6;TRANSLATION/p6;TRANSLATION/p6;TRANSLATION/p6;TRANSLATION/p6;TRANSLATION/p6;TRANSLATION/p6;TRANSLATION/p6;TRANSLATION/p6,None;None;None,False,True
2,A>B.reqwrite~A|B>A.write~,"MIXED:APERIODIC/pNonex2,POP_OSC/p2x1","MIXED:DEGRADEDx1,POKE_ACTIVATEDx1,PRE_FAILx1",POP_OSC/p6;APERIODIC/pNone;APERIODIC/pNone;APERIODIC/pNone;APERIODIC/pNone;APERIODIC/pNone;POP_OSC/p2;POP_OSC/p2;POP_OSC/p2,None;None;None,False,False
2,A>B.reqwrite~A|B>B.reqA,FIXED/p1,DIED,FIXED/p1;ABSORBED_FROZEN/pNone;ABSORBED_FROZEN/pNone;FIXED/p1;ABSORBED_FROZEN/pNone;ABSORBED_FROZEN/pNone;ABSORBED_FROZEN/pNone;FIXED/p1;FIXED/p1,False;False;False,False,False
2,A>B.reqwrite~A|B>B.reqB,FIXED/p1,"MIXED:DIEDx2,REPAIRx1",FIXED/p1;FIXED/p1;FIXED/p1;FIXED/p1;FIXED/p1;ABSORBED_FROZEN/pNone;FIXED/p1;FIXED/p1;ABSORBED_FROZEN/pNone,False;False;False,False,False
2,A>B.reqwrite~A|B>B.reqwriteAA,FIXED/p1,DIED,FIXED/p1;ABSORBED_FROZEN/pNone;ABSORBED_FROZEN/pNone;FIXED/p1;ABSORBED_FROZEN/pNone;ABSORBED_FROZEN/pNone;ABSORBED_FROZEN/pNone;FIXED/p1;FIXED/p1,False;False;False,False,False
2,A>B.reqwrite~A|B>B.reqwriteAB,ABSORBED_FROZEN/pNone,PRE_FAIL,ABSORBED_FROZEN/pNone;ABSORBED_EMPTY/pNone;ABSORBED_FROZEN/pNone;ABSORBED_FROZEN/pNone;ABSORBED_EMPTY/pNone;ABSORBED_FROZEN/pNone;ABSORBED_EMPTY/pNone,None;None;None,False,False
2,A>B.reqwrite~A|B>B.reqwriteA~,ABSORBED_FROZEN/pNone,PRE_FAIL,ABSORBED_EMPTY/pNone;ABSORBED_FROZEN/pNone;ABSORBED_EMPTY/pNone;ABSORBED_EMPTY/pNone,None;None;None,False,False
2,A>B.reqwrite~A|B>B.reqwriteBA,ABSORBED_FROZEN/pNone,PRE_FAIL,ABSORBED_FROZEN/pNone;ABSORBED_FROZEN/pNone;ABSORBED_FROZEN/pNone;ABSORBED_FROZEN/pNone;ABSORBED_FROZEN/pNone;ABSORBED_FROZEN/pNone;ABSORBED_FROZEN/pNone;ABSORBED_FROZEN/pNone;ABSORBED_FROZEN/pNone,None;None;None,False,False
2,A>B.reqwrite~A|B>B.reqwriteBB,FIXED/p1,"MIXED:DIEDx2,REPAIRx1",FIXED/p1;FIXED/p1;FIXED/p1;FIXED/p1;FIXED/p1;ABSORBED_FROZEN/pNone;FIXED/p1;FIXED/p1;ABSORBED_FROZEN/pNone,False;False;False,False,False
2,A>B.reqwrite~A|B>B.reqwriteB~,ABSORBED_FROZEN/pNone,PRE_FAIL,ABSORBED_FROZEN/pNone;ABSORBED_FROZEN/pNone;ABSORBED_FROZEN/pNone;ABSORBED_FROZEN/pNone;ABSORBED_FROZEN/pNone;ABSORBED_FROZEN/pNone;ABSORBED_FROZEN/pNone;ABSORBED_FROZEN/pNone;ABSORBED_FROZEN/pNone,None;None;None,False,False
2,A>B.reqwrite~A|B>B.reqwrite~A,ABSORBED_FROZEN/pNone,PRE_FAIL,ABSORBED_FROZEN/pNone;ABSORBED_FROZEN/pNone;ABSORBED_FROZEN/pNone;ABSORBED_FROZEN/pNone;ABSORBED_FROZEN/pNone;ABSORBED_FROZEN/pNone;ABSORBED_FROZEN/pNone;ABSORBED_FROZEN/pNone;ABSORBED_FROZEN/pNone,None;None;None,False,False
2,A>B.reqwrite~A|B>B.reqwrite~B,ABSORBED_FROZEN/pNone,PRE_FAIL,ABSORBED_FROZEN/pNone;ABSORBED_FROZEN/pNone;ABSORBED_FROZEN/pNone;ABSORBED_FROZEN/pNone;ABSORBED_FROZEN/pNone;ABSORBED_FROZEN/pNone;ABSORBED_FROZEN/pNone;ABSORBED_FROZEN/pNone;ABSORBED_FROZEN/pNone,None;None;None,False,False
2,A>B.reqwrite~A|B>B.reqwrite~~,ABSORBED_FROZEN/pNone,PRE_FAIL,FIXED/p1;FIXED/p1;FIXED/p1;FIXED/p1;FIXED/p1;FIXED/p1;FIXED/p1;FIXED/p1;FIXED/p1,None;None;None,False,False
2,A>B.reqwrite~A|B>B.req~,ABSORBED_FROZEN/pNone,PRE_FAIL,FIXED/p1;FIXED/p1;FIXED/p1;FIXED/p1;FIXED/p1;FIXED/p1;FIXED/p1;FIXED/p1;FIXED/p1,None;None;None,False,False
2,A>B.reqwrite~A|B>B.self,FIXED/p1,REPAIR,FIXED/p1;FIXED/p1;FIXED/p1;FIXED/p1;FIXED/p1;FIXED/p1;FIXED/p1;FIXED/p1;FIXED/p1,False;False;False,True,False
2,A>B.reqwrite~A|B>B.writeA,FIXED/p1,REPAIR,FIXED/p1;FIXED/p1;FIXED/p1;FIXED/p1;FIXED/p1;FIXED/p1;FIXED/p1;FIXED/p1;FIXED/p1,False;False;False,True,False
2,A>B.reqwrite~A|B>B.writeB,FIXED/p1,REPAIR,FIXED/p1;FIXED/p1;FIXED/p1;FIXED/p1;FIXED/p1;FIXED/p1;FIXED/p1;FIXED/p1;FIXED/p1,True;True;True,True,False
2,A>B.reqwrite~A|B>B.write~,FIXED/p1,DIED,ABSORBED_EMPTY/pNone;FIXED/p1;FIXED/p1;ABSORBED_EMPTY/pNone;ABSORBED_EMPTY/pNone,None;False;None,False,False
2,A>B.reqwrite~A|B>~.reqA,ABSORBED_FROZEN/pNone,PRE_FAIL,ABSORBED_FROZEN/pNone;ABSORBED_FROZEN/pNone;ABSORBED_FROZEN/pNone;ABSORBED_FROZEN/pNone;ABSORBED_FROZEN/pNone;ABSORBED_FROZEN/pNone;ABSORBED_FROZEN/pNone;ABSORBED_FROZEN/pNone;ABSORBED_FROZEN/pNone,None;None;None,False,False
2,A>B.reqwrite~A|B>~.reqB,ABSORBED_FROZEN/pNone,PRE_FAIL,ABSORBED_FROZEN/pNone;ABSORBED_FROZEN/pNone;ABSORBED_FROZEN/pNone;ABSORBED_FROZEN/pNone;ABSORBED_FROZEN/pNone;ABSORBED_EMPTY/pNone;ABSORBED_FROZEN/pNone;ABSORBED_FROZEN/pNone;ABSORBED_FROZEN/pNone,None;None;None,False,False
2,A>B.reqwrite~A|B>~.reqwriteAA,ABSORBED_FROZEN/pNone,PRE_FAIL,ABSORBED_FROZEN/pNone;ABSORBED_FROZEN/pNone;ABSORBED_FROZEN/pNone;ABSORBED_FROZEN/pNone;ABSORBED_FROZEN/pNone;ABSORBED_FROZEN/pNone;ABSORBED_FROZEN/pNone;ABSORBED_FROZEN/pNone;ABSORBED_FROZEN/pNone,None;None;None,False,False
2,A>B.reqwrite~A|B>~.reqwriteAB,ABSORBED_FROZEN/pNone,PRE_FAIL,ABSORBED_EMPTY/pNone;ABSORBED_FROZEN/pNone;ABSORBED_EMPTY/pNone;ABSORBED_EMPTY/pNone,None;None;None,False,False
2,A>B.reqwrite~A|B>~.reqwriteA~,"MIXED:ABSORBED_EMPTY/pNonex2,ABSORBED_FROZEN/pNonex1",PRE_FAIL,ABSORBED_EMPTY/pNone,None;None;None,False,False
2,A>B.reqwrite~A|B>~.reqwriteBA,ABSORBED_FROZEN/pNone,PRE_FAIL,ABSORBED_FROZEN/pNone;ABSORBED_FROZEN/pNone;ABSORBED_FROZEN/pNone;ABSORBED_FROZEN/pNone;ABSORBED_FROZEN/pNone;ABSORBED_FROZEN/pNone;ABSORBED_FROZEN/pNone;ABSORBED_FROZEN/pNone;ABSORBED_FROZEN/pNone,None;None;None,False,False
2,A>B.reqwrite~A|B>~.reqwriteBB,ABSORBED_FROZEN/pNone,PRE_FAIL,ABSORBED_FROZEN/pNone;ABSORBED_FROZEN/pNone;ABSORBED_FROZEN/pNone;ABSORBED_FROZEN/pNone;ABSORBED_FROZEN/pNone;ABSORBED_EMPTY/pNone;ABSORBED_FROZEN/pNone;ABSORBED_FROZEN/pNone;ABSORBED_FROZEN/pNone,None;None;None,False,False
2,A>B.reqwrite~A|B>~.reqwriteB~,ABSORBED_FROZEN/pNone,PRE_FAIL,ABSORBED_FROZEN/pNone;ABSORBED_FROZEN/pNone;ABSORBED_EMPTY/pNone;ABSORBED_FROZEN/pNone;ABSORBED_EMPTY/pNone;ABSORBED_FROZEN/pNone;ABSORBED_FROZEN/pNone;ABSORBED_EMPTY/pNone,None;None;None,False,False
2,A>B.reqwrite~A|B>~.reqwrite~A,ABSORBED_FROZEN/pNone,PRE_FAIL,ABSORBED_FROZEN/pNone;ABSORBED_FROZEN/pNone;ABSORBED_FROZEN/pNone;ABSORBED_FROZEN/pNone;ABSORBED_FROZEN/pNone;ABSORBED_FROZEN/pNone;ABSORBED_FROZEN/pNone;ABSORBED_FROZEN/pNone;ABSORBED_FROZEN/pNone,None;None;None,False,False
2,A>B.reqwrite~A|B>~.reqwrite~B,ABSORBED_FROZEN/pNone,PRE_FAIL,ABSORBED_FROZEN/pNone;TRANSLATION/p6;APERIODIC/pNone;TRANSLATION/p6;APERIODIC/pNone;APERIODIC/pNone;ABSORBED_FROZEN/pNone;ABSORBED_FROZEN/pNone;ABSORBED_FROZEN/pNone,None;None;None,False,False
2,A>B.reqwrite~A|B>~.reqwrite~~,ABSORBED_FROZEN/pNone,PRE_FAIL,ABSORBED_FROZEN/pNone;ABSORBED_FROZEN/pNone;ABSORBED_FROZEN/pNone;ABSORBED_EMPTY/pNone;ABSORBED_FROZEN/pNone;ABSORBED_FROZEN/pNone;ABSORBED_FROZEN/pNone,None;None;None,False,False
2,A>B.reqwrite~A|B>~.req~,ABSORBED_FROZEN/pNone,PRE_FAIL,ABSORBED_FROZEN/pNone;ABSORBED_FROZEN/pNone;ABSORBED_FROZEN/pNone;ABSORBED_EMPTY/pNone;ABSORBED_FROZEN/pNone;ABSORBED_FROZEN/pNone;ABSORBED_FROZEN/pNone,None;None;None,False,False
2,A>B.reqwrite~A|B>~.self,APERIODIC/pNone,PRE_FAIL,ABSORBED_EMPTY/pNone;APERIODIC/pNone;ABSORBED_EMPTY/pNone;ABSORBED_EMPTY/pNone,None;None;None,False,False
2,A>B.reqwrite~A|B>~.writeA,POP_OSC/p12,REPAIR,POP_OSC/p12;POP_OSC/p12;POP_OSC/p12;POP_OSC/p12;POP_OSC/p12;POP_OSC/p12;POP_OSC/p12;POP_OSC/p12;POP_OSC/p12,None;None;None,False,True
2,A>B.reqwrite~A|B>~.writeB,TRANSLATION/p6,DIED,ABSORBED_EMPTY/pNone;ABSORBED_EMPTY/pNone;ABSORBED_EMPTY/pNone,None;None;None,False,False
2,A>B.reqwrite~A|B>~.write~,ABSORBED_EMPTY/pNone,PRE_FAIL,,None;None;None,False,False
2,A>B.reqwrite~B|A>B.reqwrite~~,ABSORBED_FROZEN/pNone,PRE_FAIL,ABSORBED_EMPTY/pNone;ABSORBED_EMPTY/pNone;ABSORBED_EMPTY/pNone,None;None;None,False,False
2,A>B.reqwrite~B|A>B.self,ABSORBED_FROZEN/pNone,PRE_FAIL,ABSORBED_EMPTY/pNone;ABSORBED_EMPTY/pNone;ABSORBED_EMPTY/pNone,None;None;None,False,False
2,A>B.reqwrite~B|A>B.writeA,ABSORBED_FROZEN/pNone,PRE_FAIL,ABSORBED_FROZEN/pNone;ABSORBED_FROZEN/pNone;ABSORBED_EMPTY/pNone;ABSORBED_FROZEN/pNone;ABSORBED_FROZEN/pNone;ABSORBED_FROZEN/pNone;ABSORBED_FROZEN/pNone;ABSORBED_FROZEN/pNone;ABSORBED_EMPTY/pNone,None;None;None,False,False
2,A>B.reqwrite~B|A>B.writeB,ABSORBED_FROZEN/pNone,PRE_FAIL,ABSORBED_FROZEN/pNone;ABSORBED_EMPTY/pNone;ABSORBED_FROZEN/pNone;ABSORBED_EMPTY/pNone;ABSORBED_FROZEN/pNone;ABSORBED_EMPTY/pNone,None;None;None,False,False
2,A>B.reqwrite~B|A>B.write~,ABSORBED_FROZEN/pNone,PRE_FAIL,ABSORBED_EMPTY/pNone;ABSORBED_EMPTY/pNone;ABSORBED_EMPTY/pNone,None;None;None,False,False
2,A>B.reqwrite~B|A>~.reqA,ABSORBED_FROZEN/pNone,PRE_FAIL,ABSORBED_FROZEN/pNone;ABSORBED_EMPTY/pNone;ABSORBED_FROZEN/pNone;ABSORBED_EMPTY/pNone;ABSORBED_FROZEN/pNone;ABSORBED_EMPTY/pNone,None;None;None,False,False
2,A>B.reqwrite~B|A>~.reqB,ABSORBED_FROZEN/pNone,PRE_FAIL,ABSORBED_FROZEN/pNone;ABSORBED_EMPTY/pNone;ABSORBED_FROZEN/pNone;ABSORBED_EMPTY/pNone;ABSORBED_FROZEN/pNone;ABSORBED_EMPTY/pNone,None;None;None,False,False
2,A>B.reqwrite~B|A>~.reqwriteAA,ABSORBED_FROZEN/pNone,PRE_FAIL,ABSORBED_FROZEN/pNone;ABSORBED_EMPTY/pNone;ABSORBED_FROZEN/pNone;ABSORBED_EMPTY/pNone;ABSORBED_FROZEN/pNone;ABSORBED_EMPTY/pNone,None;None;None,False,False
2,A>B.reqwrite~B|A>~.reqwriteAB,ABSORBED_FROZEN/pNone,PRE_FAIL,ABSORBED_FROZEN/pNone;ABSORBED_EMPTY/pNone;ABSORBED_FROZEN/pNone;ABSORBED_EMPTY/pNone;ABSORBED_FROZEN/pNone;ABSORBED_EMPTY/pNone,None;None;None,False,False
2,A>B.reqwrite~B|A>~.reqwriteA~,ABSORBED_FROZEN/pNone,PRE_FAIL,ABSORBED_FROZEN/pNone;ABSORBED_EMPTY/pNone;ABSORBED_FROZEN/pNone;ABSORBED_EMPTY/pNone;ABSORBED_FROZEN/pNone;ABSORBED_EMPTY/pNone,None;None;None,False,False
2,A>B.reqwrite~B|A>~.reqwriteBA,ABSORBED_FROZEN/pNone,PRE_FAIL,ABSORBED_FROZEN/pNone;ABSORBED_EMPTY/pNone;ABSORBED_FROZEN/pNone;ABSORBED_EMPTY/pNone;ABSORBED_FROZEN/pNone;ABSORBED_EMPTY/pNone,None;None;None,False,False
2,A>B.reqwrite~B|A>~.reqwriteBB,ABSORBED_FROZEN/pNone,PRE_FAIL,ABSORBED_FROZEN/pNone;ABSORBED_EMPTY/pNone;ABSORBED_FROZEN/pNone;ABSORBED_EMPTY/pNone;ABSORBED_FROZEN/pNone;ABSORBED_EMPTY/pNone,None;None;None,False,False
2,A>B.reqwrite~B|A>~.reqwriteB~,ABSORBED_FROZEN/pNone,PRE_FAIL,ABSORBED_FROZEN/pNone;ABSORBED_EMPTY/pNone;ABSORBED_FROZEN/pNone;ABSORBED_EMPTY/pNone;ABSORBED_FROZEN/pNone;ABSORBED_EMPTY/pNone,None;None;None,False,False
2,A>B.reqwrite~B|A>~.reqwrite~A,ABSORBED_FROZEN/pNone,PRE_FAIL,ABSORBED_FROZEN/pNone;ABSORBED_EMPTY/pNone;ABSORBED_FROZEN/pNone;ABSORBED_EMPTY/pNone;ABSORBED_FROZEN/pNone;ABSORBED_EMPTY/pNone,None;None;None,False,False
2,A>B.reqwrite~B|A>~.reqwrite~B,ABSORBED_FROZEN/pNone,PRE_FAIL,ABSORBED_EMPTY/pNone;ABSORBED_EMPTY/pNone;ABSORBED_EMPTY/pNone,None;None;None,False,False
2,A>B.reqwrite~B|A>~.reqwrite~~,ABSORBED_EMPTY/pNone,PRE_FAIL,,None;None;None,False,False
2,A>B.reqwrite~B|A>~.req~,ABSORBED_EMPTY/pNone,PRE_FAIL,,None;None;None,False,False
2,A>B.reqwrite~B|A>~.self,ABSORBED_EMPTY/pNone,PRE_FAIL,,None;None;None,False,False
2,A>B.reqwrite~B|A>~.writeA,ABSORBED_FROZEN/pNone,PRE_FAIL,ABSORBED_FROZEN/pNone;ABSORBED_EMPTY/pNone;ABSORBED_FROZEN/pNone;ABSORBED_EMPTY/pNone;ABSORBED_FROZEN/pNone;ABSORBED_EMPTY/pNone,None;None;None,False,False
2,A>B.reqwrite~B|A>~.writeB,ABSORBED_FROZEN/pNone,PRE_FAIL,ABSORBED_EMPTY/pNone;ABSORBED_EMPTY/pNone;ABSORBED_EMPTY/pNone,None;None;None,False,False
2,A>B.reqwrite~B|A>~.write~,ABSORBED_EMPTY/pNone,PRE_FAIL,,None;None;None,False,False
2,A>B.reqwrite~B|B>A.reqA,ABSORBED_FROZEN/pNone,PRE_FAIL,ABSORBED_FROZEN/pNone;ABSORBED_EMPTY/pNone;ABSORBED_FROZEN/pNone;ABSORBED_EMPTY/pNone;ABSORBED_FROZEN/pNone;ABSORBED_EMPTY/pNone,None;None;None,False,False
2,A>B.reqwrite~B|B>A.reqB,ABSORBED_FROZEN/pNone,PRE_FAIL,ABSORBED_FROZEN/pNone;ABSORBED_FROZEN/pNone;ABSORBED_EMPTY/pNone;ABSORBED_FROZEN/pNone;ABSORBED_EMPTY/pNone;ABSORBED_FROZEN/pNone;ABSORBED_EMPTY/pNone,None;None;None,False,False
2,A>B.reqwrite~B|B>A.reqwriteAA,ABSORBED_FROZEN/pNone,PRE_FAIL,ABSORBED_FROZEN/pNone;ABSORBED_EMPTY/pNone;ABSORBED_FROZEN/pNone;ABSORBED_EMPTY/pNone;ABSORBED_FROZEN/pNone;ABSORBED_EMPTY/pNone,None;None;None,False,False
2,A>B.reqwrite~B|B>A.reqwriteAB,ABSORBED_FROZEN/pNone,PRE_FAIL,ABSORBED_FROZEN/pNone;ABSORBED_EMPTY/pNone;ABSORBED_FROZEN/pNone;ABSORBED_EMPTY/pNone;ABSORBED_FROZEN/pNone;ABSORBED_EMPTY/pNone,None;None;None,False,False
2,A>B.reqwrite~B|B>A.reqwriteA~,ABSORBED_FROZEN/pNone,PRE_FAIL,ABSORBED_FROZEN/pNone;ABSORBED_EMPTY/pNone;ABSORBED_FROZEN/pNone;ABSORBED_EMPTY/pNone;ABSORBED_FROZEN/pNone;ABSORBED_EMPTY/pNone,None;None;None,False,False
2,A>B.reqwrite~B|B>A.reqwriteBA,ABSORBED_FROZEN/pNone,PRE_FAIL,ABSORBED_FROZEN/pNone;ABSORBED_FROZEN/pNone;ABSORBED_FROZEN/pNone;ABSORBED_FROZEN/pNone;ABSORBED_FROZEN/pNone;ABSORBED_FROZEN/pNone;ABSORBED_FROZEN/pNone;ABSORBED_FROZEN/pNone;ABSORBED_FROZEN/pNone,None;None;None,False,False
2,A>B.reqwrite~B|B>A.reqwriteBB,ABSORBED_FROZEN/pNone,PRE_FAIL,ABSORBED_FROZEN/pNone;ABSORBED_FROZEN/pNone;ABSORBED_EMPTY/pNone;ABSORBED_FROZEN/pNone;ABSORBED_EMPTY/pNone;ABSORBED_FROZEN/pNone;ABSORBED_EMPTY/pNone,None;None;None,False,False
2,A>B.reqwrite~B|B>A.reqwriteB~,POP_OSC/p2,DIED,ABSORBED_EMPTY/pNone;ABSORBED_EMPTY/pNone;ABSORBED_EMPTY/pNone,None;None;None,False,False
2,A>B.reqwrite~B|B>A.reqwrite~A,ABSORBED_FROZEN/pNone,PRE_FAIL,ABSORBED_FROZEN/pNone;ABSORBED_FROZEN/pNone;ABSORBED_FROZEN/pNone;ABSORBED_FROZEN/pNone;ABSORBED_FROZEN/pNone;ABSORBED_FROZEN/pNone;ABSORBED_FROZEN/pNone;ABSORBED_FROZEN/pNone;ABSORBED_FROZEN/pNone,None;None;None,False,False
2,A>B.reqwrite~B|B>A.reqwrite~B,ABSORBED_FROZEN/pNone,PRE_FAIL,ABSORBED_FROZEN/pNone;ABSORBED_FROZEN/pNone;ABSORBED_FROZEN/pNone;ABSORBED_FROZEN/pNone;ABSORBED_FROZEN/pNone;ABSORBED_FROZEN/pNone;ABSORBED_FROZEN/pNone;ABSORBED_FROZEN/pNone;ABSORBED_FROZEN/pNone,None;None;None,False,False
2,A>B.reqwrite~B|B>A.reqwrite~~,ABSORBED_FROZEN/pNone,PRE_FAIL,ABSORBED_FROZEN/pNone;ABSORBED_FROZEN/pNone;ABSORBED_FROZEN/pNone;ABSORBED_FROZEN/pNone;ABSORBED_FROZEN/pNone;ABSORBED_FROZEN/pNone;ABSORBED_FROZEN/pNone;ABSORBED_FROZEN/pNone;ABSORBED_FROZEN/pNone,None;None;None,False,False
2,A>B.reqwrite~B|B>A.req~,ABSORBED_FROZEN/pNone,PRE_FAIL,ABSORBED_FROZEN/pNone;ABSORBED_FROZEN/pNone;ABSORBED_FROZEN/pNone;ABSORBED_FROZEN/pNone;ABSORBED_FROZEN/pNone;ABSORBED_FROZEN/pNone;ABSORBED_FROZEN/pNone;ABSORBED_FROZEN/pNone;ABSORBED_FROZEN/pNone,None;None;None,False,False
2,A>B.reqwrite~B|B>A.self,ABSORBED_FROZEN/pNone,PRE_FAIL,ABSORBED_FROZEN/pNone;ABSORBED_FROZEN/pNone;ABSORBED_FROZEN/pNone;ABSORBED_FROZEN/pNone;ABSORBED_FROZEN/pNone;ABSORBED_FROZEN/pNone;ABSORBED_FROZEN/pNone;ABSORBED_FROZEN/pNone;ABSORBED_FROZEN/pNone,None;None;None,False,False
2,A>B.reqwrite~B|B>A.writeA,ABSORBED_FROZEN/pNone,PRE_FAIL,ABSORBED_FROZEN/pNone;ABSORBED_FROZEN/pNone;ABSORBED_FROZEN/pNone;ABSORBED_FROZEN/pNone;ABSORBED_FROZEN/pNone;ABSORBED_FROZEN/pNone;ABSORBED_FROZEN/pNone;ABSORBED_FROZEN/pNone;ABSORBED_FROZEN/pNone,None;None;None,False,False
2,A>B.reqwrite~B|B>A.writeB,TRANSLATION/p6,REPAIR,TRANSLATION/p6;TRANSLATION/p6;TRANSLATION/p6;TRANSLATION/p6;TRANSLATION/p6;TRANSLATION/p6;TRANSLATION/p6;TRANSLATION/p6;TRANSLATION/p6,None;None;None,False,True
2,A>B.reqwrite~B|B>A.write~,APERIODIC/pNone,PRE_FAIL,APERIODIC/pNone;APERIODIC/pNone;APERIODIC/pNone;APERIODIC/pNone;POP_OSC/p2;POP_OSC/p2;APERIODIC/pNone;POP_OSC/p2;ABSORBED_EMPTY/pNone,None;None;None,False,False
2,A>B.reqwrite~B|B>B.reqA,ABSORBED_FROZEN/pNone,PRE_FAIL,ABSORBED_FROZEN/pNone;ABSORBED_EMPTY/pNone;ABSORBED_FROZEN/pNone;ABSORBED_EMPTY/pNone;ABSORBED_FROZEN/pNone;ABSORBED_EMPTY/pNone,None;None;None,False,False
2,A>B.reqwrite~B|B>B.reqB,FIXED/p1,DIED,ABSORBED_FROZEN/pNone;ABSORBED_EMPTY/pNone;ABSORBED_FROZEN/pNone;ABSORBED_EMPTY/pNone;ABSORBED_FROZEN/pNone;ABSORBED_EMPTY/pNone,None;None;None,False,False
2,A>B.reqwrite~B|B>B.reqwriteAA,ABSORBED_FROZEN/pNone,PRE_FAIL,ABSORBED_FROZEN/pNone;ABSORBED_EMPTY/pNone;ABSORBED_FROZEN/pNone;ABSORBED_EMPTY/pNone;ABSORBED_FROZEN/pNone;ABSORBED_EMPTY/pNone,None;None;None,False,False
2,A>B.reqwrite~B|B>B.reqwriteAB,ABSORBED_FROZEN/pNone,PRE_FAIL,ABSORBED_FROZEN/pNone;ABSORBED_EMPTY/pNone;ABSORBED_FROZEN/pNone;ABSORBED_EMPTY/pNone;ABSORBED_FROZEN/pNone;ABSORBED_EMPTY/pNone,None;None;None,False,False
2,A>B.reqwrite~B|B>B.reqwriteA~,ABSORBED_FROZEN/pNone,PRE_FAIL,ABSORBED_FROZEN/pNone;ABSORBED_EMPTY/pNone;ABSORBED_FROZEN/pNone;ABSORBED_EMPTY/pNone;ABSORBED_FROZEN/pNone;ABSORBED_EMPTY/pNone,None;None;None,False,False
2,A>B.reqwrite~B|B>B.reqwriteBA,ABSORBED_FROZEN/pNone,PRE_FAIL,ABSORBED_FROZEN/pNone;ABSORBED_FROZEN/pNone;ABSORBED_FROZEN/pNone;ABSORBED_FROZEN/pNone;ABSORBED_FROZEN/pNone;ABSORBED_EMPTY/pNone;ABSORBED_FROZEN/pNone;ABSORBED_FROZEN/pNone;ABSORBED_EMPTY/pNone,None;None;None,False,False
2,A>B.reqwrite~B|B>B.reqwriteBB,FIXED/p1,DIED,ABSORBED_FROZEN/pNone;ABSORBED_EMPTY/pNone;ABSORBED_FROZEN/pNone;ABSORBED_EMPTY/pNone;ABSORBED_FROZEN/pNone;ABSORBED_EMPTY/pNone,None;None;None,False,False
2,A>B.reqwrite~B|B>B.reqwriteB~,ABSORBED_FROZEN/pNone,PRE_FAIL,ABSORBED_EMPTY/pNone;ABSORBED_EMPTY/pNone;ABSORBED_EMPTY/pNone,None;None;None,False,False
2,A>B.reqwrite~B|B>B.reqwrite~A,ABSORBED_FROZEN/pNone,PRE_FAIL,ABSORBED_FROZEN/pNone;ABSORBED_FROZEN/pNone;ABSORBED_FROZEN/pNone;ABSORBED_FROZEN/pNone;ABSORBED_FROZEN/pNone;ABSORBED_FROZEN/pNone;ABSORBED_FROZEN/pNone;ABSORBED_FROZEN/pNone;ABSORBED_FROZEN/pNone,None;None;None,False,False
2,A>B.reqwrite~B|B>B.reqwrite~B,ABSORBED_FROZEN/pNone,PRE_FAIL,ABSORBED_FROZEN/pNone;ABSORBED_FROZEN/pNone;ABSORBED_FROZEN/pNone;ABSORBED_FROZEN/pNone;ABSORBED_FROZEN/pNone;ABSORBED_FROZEN/pNone;ABSORBED_FROZEN/pNone;ABSORBED_FROZEN/pNone;ABSORBED_FROZEN/pNone,None;None;None,False,False
2,A>B.reqwrite~B|B>B.reqwrite~~,FIXED/p1,DIED,FIXED/p1;ABSORBED_EMPTY/pNone;FIXED/p1;ABSORBED_EMPTY/pNone;FIXED/p1;ABSORBED_EMPTY/pNone,None;None;None,False,False
2,A>B.reqwrite~B|B>B.req~,FIXED/p1,DIED,FIXED/p1;ABSORBED_EMPTY/pNone;FIXED/p1;ABSORBED_EMPTY/pNone;FIXED/p1;ABSORBED_EMPTY/pNone,None;None;None,False,False
2,A>B.reqwrite~B|B>B.self,FIXED/p1,DIED,FIXED/p1;ABSORBED_EMPTY/pNone;FIXED/p1;ABSORBED_EMPTY/pNone;FIXED/p1;ABSORBED_EMPTY/pNone,None;None;None,False,False
2,A>B.reqwrite~B|B>B.writeA,FIXED/p1,REPAIR,FIXED/p1;FIXED/p1;FIXED/p1;FIXED/p1;FIXED/p1;FIXED/p1;FIXED/p1;FIXED/p1;FIXED/p1,False;False;False,True,False
2,A>B.reqwrite~B|B>B.writeB,FIXED/p1,REPAIR,FIXED/p1;FIXED/p1;FIXED/p1;FIXED/p1;FIXED/p1;FIXED/p1;FIXED/p1;FIXED/p1;FIXED/p1,True;True;True,True,False
2,A>B.reqwrite~B|B>B.write~,FIXED/p1,DIED,ABSORBED_EMPTY/pNone;ABSORBED_EMPTY/pNone;ABSORBED_EMPTY/pNone,None;None;None,False,False
2,A>B.reqwrite~B|B>~.reqA,ABSORBED_FROZEN/pNone,PRE_FAIL,ABSORBED_FROZEN/pNone;ABSORBED_EMPTY/pNone;ABSORBED_FROZEN/pNone;ABSORBED_EMPTY/pNone;ABSORBED_FROZEN/pNone;ABSORBED_EMPTY/pNone,None;None;None,False,False
2,A>B.reqwrite~B|B>~.reqB,ABSORBED_FROZEN/pNone,PRE_FAIL,ABSORBED_EMPTY/pNone;ABSORBED_EMPTY/pNone;ABSORBED_EMPTY/pNone,None;None;None,False,False
2,A>B.reqwrite~B|B>~.reqwriteAA,ABSORBED_FROZEN/pNone,PRE_FAIL,ABSORBED_FROZEN/pNone;ABSORBED_EMPTY/pNone;ABSORBED_FROZEN/pNone;ABSORBED_EMPTY/pNone;ABSORBED_FROZEN/pNone;ABSORBED_EMPTY/pNone,None;None;None,False,False
2,A>B.reqwrite~B|B>~.reqwriteAB,ABSORBED_FROZEN/pNone,PRE_FAIL,ABSORBED_FROZEN/pNone;ABSORBED_EMPTY/pNone;ABSORBED_FROZEN/pNone;ABSORBED_EMPTY/pNone;ABSORBED_FROZEN/pNone;ABSORBED_EMPTY/pNone,None;None;None,False,False
2,A>B.reqwrite~B|B>~.reqwriteA~,ABSORBED_FROZEN/pNone,PRE_FAIL,ABSORBED_FROZEN/pNone;ABSORBED_EMPTY/pNone;ABSORBED_FROZEN/pNone;ABSORBED_EMPTY/pNone;ABSORBED_FROZEN/pNone;ABSORBED_EMPTY/pNone,None;None;None,False,False
2,A>B.reqwrite~B|B>~.reqwriteBA,POP_OSC/p12,DIED,ABSORBED_EMPTY/pNone;ABSORBED_EMPTY/pNone;ABSORBED_EMPTY/pNone,None;None;None,False,False
2,A>B.reqwrite~B|B>~.reqwriteBB,ABSORBED_FROZEN/pNone,PRE_FAIL,ABSORBED_EMPTY/pNone;ABSORBED_EMPTY/pNone;ABSORBED_EMPTY/pNone,None;None;None,False,False
2,A>B.reqwrite~B|B>~.reqwriteB~,ABSORBED_EMPTY/pNone,PRE_FAIL,,None;None;None,False,False
2,A>B.reqwrite~B|B>~.reqwrite~A,ABSORBED_FROZEN/pNone,PRE_FAIL,ABSORBED_FROZEN/pNone;ABSORBED_FROZEN/pNone;ABSORBED_FROZEN/pNone;ABSORBED_FROZEN/pNone;ABSORBED_FROZEN/pNone;ABSORBED_FROZEN/pNone;ABSORBED_FROZEN/pNone;ABSORBED_FROZEN/pNone;ABSORBED_FROZEN/pNone,None;None;None,False,False
2,A>B.reqwrite~B|B>~.reqwrite~B,"MIXED:APERIODIC/pNonex2,TRANSLATION/p6x1","MIXED:DIEDx1,PRE_FAILx2",TRANSLATION/p6;ABSORBED_EMPTY/pNone;TRANSLATION/p6;ABSORBED_EMPTY/pNone;TRANSLATION/p6;ABSORBED_EMPTY/pNone,None;None;None,False,False
2,A>B.reqwrite~B|B>~.reqwrite~~,ABSORBED_EMPTY/pNone,PRE_FAIL,,None;None;None,False,False
2,A>B.reqwrite~B|B>~.req~,ABSORBED_EMPTY/pNone,PRE_FAIL,,None;None;None,False,False
2,A>B.reqwrite~B|B>~.self,ABSORBED_EMPTY/pNone,PRE_FAIL,,None;None;None,False,False
2,A>B.reqwrite~B|B>~.writeA,APERIODIC/pNone,PRE_FAIL,APERIODIC/pNone;APERIODIC/pNone;APERIODIC/pNone;APERIODIC/pNone;APERIODIC/pNone;APERIODIC/pNone;APERIODIC/pNone;APERIODIC/pNone;APERIODIC/pNone,None;None;None,False,False
2,A>B.reqwrite~B|B>~.writeB,TRANSLATION/p6,DIED,ABSORBED_EMPTY/pNone;ABSORBED_EMPTY/pNone;ABSORBED_EMPTY/pNone,None;None;None,False,False
2,A>B.reqwrite~B|B>~.write~,ABSORBED_EMPTY/pNone,PRE_FAIL,,None;None;None,False,False
2,A>B.reqwrite~~|A>B.self,ABSORBED_FROZEN/pNone,PRE_FAIL,ABSORBED_EMPTY/pNone;ABSORBED_EMPTY/pNone;ABSORBED_EMPTY/pNone,None;None;None,False,False
2,A>B.reqwrite~~|A>B.writeA,ABSORBED_FROZEN/pNone,PRE_FAIL,ABSORBED_FROZEN/pNone;ABSORBED_EMPTY/pNone;ABSORBED_FROZEN/pNone;ABSORBED_FROZEN/pNone;ABSORBED_EMPTY/pNone;ABSORBED_FROZEN/pNone;ABSORBED_EMPTY/pNone,None;None;None,False,False
2,A>B.reqwrite~~|A>B.writeB,ABSORBED_FROZEN/pNone,PRE_FAIL,ABSORBED_FROZEN/pNone;ABSORBED_EMPTY/pNone;ABSORBED_FROZEN/pNone;ABSORBED_EMPTY/pNone;ABSORBED_FROZEN/pNone;ABSORBED_EMPTY/pNone,None;None;None,False,False
2,A>B.reqwrite~~|A>B.write~,ABSORBED_FROZEN/pNone,PRE_FAIL,ABSORBED_EMPTY/pNone;ABSORBED_EMPTY/pNone;ABSORBED_EMPTY/pNone,None;None;None,False,False
2,A>B.reqwrite~~|A>~.reqA,ABSORBED_FROZEN/pNone,PRE_FAIL,ABSORBED_EMPTY/pNone;ABSORBED_EMPTY/pNone;ABSORBED_EMPTY/pNone,None;None;None,False,False
2,A>B.reqwrite~~|A>~.reqB,ABSORBED_FROZEN/pNone,PRE_FAIL,ABSORBED_EMPTY/pNone;ABSORBED_EMPTY/pNone;ABSORBED_EMPTY/pNone,None;None;None,False,False
2,A>B.reqwrite~~|A>~.reqwriteAA,ABSORBED_FROZEN/pNone,PRE_FAIL,ABSORBED_EMPTY/pNone;ABSORBED_EMPTY/pNone;ABSORBED_EMPTY/pNone,None;None;None,False,False
2,A>B.reqwrite~~|A>~.reqwriteAB,ABSORBED_FROZEN/pNone,PRE_FAIL,ABSORBED_EMPTY/pNone;ABSORBED_EMPTY/pNone;ABSORBED_EMPTY/pNone,None;None;None,False,False
2,A>B.reqwrite~~|A>~.reqwriteA~,ABSORBED_FROZEN/pNone,PRE_FAIL,ABSORBED_EMPTY/pNone;ABSORBED_EMPTY/pNone;ABSORBED_EMPTY/pNone,None;None;None,False,False
2,A>B.reqwrite~~|A>~.reqwriteBA,ABSORBED_FROZEN/pNone,PRE_FAIL,ABSORBED_EMPTY/pNone;ABSORBED_EMPTY/pNone;ABSORBED_EMPTY/pNone,None;None;None,False,False
2,A>B.reqwrite~~|A>~.reqwriteBB,ABSORBED_FROZEN/pNone,PRE_FAIL,ABSORBED_EMPTY/pNone;ABSORBED_EMPTY/pNone;ABSORBED_EMPTY/pNone,None;None;None,False,False
2,A>B.reqwrite~~|A>~.reqwriteB~,ABSORBED_FROZEN/pNone,PRE_FAIL,ABSORBED_EMPTY/pNone;ABSORBED_EMPTY/pNone;ABSORBED_EMPTY/pNone,None;None;None,False,False
2,A>B.reqwrite~~|A>~.reqwrite~A,ABSORBED_FROZEN/pNone,PRE_FAIL,ABSORBED_EMPTY/pNone;ABSORBED_EMPTY/pNone;ABSORBED_EMPTY/pNone,None;None;None,False,False
2,A>B.reqwrite~~|A>~.reqwrite~B,ABSORBED_FROZEN/pNone,PRE_FAIL,ABSORBED_EMPTY/pNone;ABSORBED_EMPTY/pNone;ABSORBED_EMPTY/pNone,None;None;None,False,False
2,A>B.reqwrite~~|A>~.reqwrite~~,ABSORBED_EMPTY/pNone,PRE_FAIL,,None;None;None,False,False
2,A>B.reqwrite~~|A>~.req~,ABSORBED_EMPTY/pNone,PRE_FAIL,,None;None;None,False,False
2,A>B.reqwrite~~|A>~.self,ABSORBED_EMPTY/pNone,PRE_FAIL,,None;None;None,False,False
2,A>B.reqwrite~~|A>~.writeA,ABSORBED_FROZEN/pNone,PRE_FAIL,ABSORBED_EMPTY/pNone;ABSORBED_EMPTY/pNone;ABSORBED_EMPTY/pNone,None;None;None,False,False
2,A>B.reqwrite~~|A>~.writeB,ABSORBED_FROZEN/pNone,PRE_FAIL,ABSORBED_EMPTY/pNone;ABSORBED_EMPTY/pNone;ABSORBED_EMPTY/pNone,None;None;None,False,False
2,A>B.reqwrite~~|A>~.write~,ABSORBED_EMPTY/pNone,PRE_FAIL,,None;None;None,False,False
2,A>B.reqwrite~~|B>A.reqA,ABSORBED_FROZEN/pNone,PRE_FAIL,ABSORBED_EMPTY/pNone;ABSORBED_EMPTY/pNone;ABSORBED_EMPTY/pNone,None;None;None,False,False
2,A>B.reqwrite~~|B>A.reqB,ABSORBED_FROZEN/pNone,PRE_FAIL,ABSORBED_EMPTY/pNone;ABSORBED_EMPTY/pNone;ABSORBED_EMPTY/pNone,None;None;None,False,False
2,A>B.reqwrite~~|B>A.reqwriteAA,ABSORBED_FROZEN/pNone,PRE_FAIL,ABSORBED_EMPTY/pNone;ABSORBED_EMPTY/pNone;ABSORBED_EMPTY/pNone,None;None;None,False,False
2,A>B.reqwrite~~|B>A.reqwriteAB,ABSORBED_FROZEN/pNone,PRE_FAIL,ABSORBED_EMPTY/pNone;ABSORBED_EMPTY/pNone;ABSORBED_EMPTY/pNone,None;None;None,False,False
2,A>B.reqwrite~~|B>A.reqwriteA~,ABSORBED_FROZEN/pNone,PRE_FAIL,ABSORBED_EMPTY/pNone;ABSORBED_EMPTY/pNone;ABSORBED_EMPTY/pNone,None;None;None,False,False
2,A>B.reqwrite~~|B>A.reqwriteBA,ABSORBED_FROZEN/pNone,PRE_FAIL,ABSORBED_EMPTY/pNone;ABSORBED_EMPTY/pNone;ABSORBED_EMPTY/pNone,None;None;None,False,False
2,A>B.reqwrite~~|B>A.reqwriteBB,ABSORBED_FROZEN/pNone,PRE_FAIL,ABSORBED_EMPTY/pNone;ABSORBED_EMPTY/pNone;ABSORBED_EMPTY/pNone,None;None;None,False,False
2,A>B.reqwrite~~|B>A.reqwriteB~,ABSORBED_FROZEN/pNone,PRE_FAIL,ABSORBED_EMPTY/pNone;ABSORBED_EMPTY/pNone;ABSORBED_EMPTY/pNone,None;None;None,False,False
2,A>B.reqwrite~~|B>A.reqwrite~A,ABSORBED_FROZEN/pNone,PRE_FAIL,ABSORBED_FROZEN/pNone;ABSORBED_FROZEN/pNone;ABSORBED_FROZEN/pNone;ABSORBED_FROZEN/pNone;ABSORBED_FROZEN/pNone;ABSORBED_FROZEN/pNone;ABSORBED_FROZEN/pNone;ABSORBED_FROZEN/pNone;ABSORBED_FROZEN/pNone,None;None;None,False,False
2,A>B.reqwrite~~|B>A.reqwrite~B,ABSORBED_FROZEN/pNone,PRE_FAIL,ABSORBED_FROZEN/pNone;ABSORBED_FROZEN/pNone;ABSORBED_FROZEN/pNone;ABSORBED_FROZEN/pNone;ABSORBED_FROZEN/pNone;ABSORBED_FROZEN/pNone;ABSORBED_FROZEN/pNone;ABSORBED_FROZEN/pNone;ABSORBED_FROZEN/pNone,None;None;None,False,False
2,A>B.reqwrite~~|B>A.reqwrite~~,POP_OSC/p2,DIED,ABSORBED_EMPTY/pNone;ABSORBED_EMPTY/pNone;ABSORBED_EMPTY/pNone,None;None;None,False,False
2,A>B.reqwrite~~|B>A.req~,POP_OSC/p2,DIED,ABSORBED_EMPTY/pNone;ABSORBED_EMPTY/pNone;ABSORBED_EMPTY/pNone,None;None;None,False,False
2,A>B.reqwrite~~|B>A.self,POP_OSC/p2,DIED,ABSORBED_EMPTY/pNone;ABSORBED_EMPTY/pNone;ABSORBED_EMPTY/pNone,None;None;None,False,False
2,A>B.reqwrite~~|B>A.writeA,ABSORBED_FROZEN/pNone,PRE_FAIL,ABSORBED_FROZEN/pNone;ABSORBED_FROZEN/pNone;ABSORBED_FROZEN/pNone;ABSORBED_FROZEN/pNone;ABSORBED_FROZEN/pNone;ABSORBED_FROZEN/pNone;ABSORBED_FROZEN/pNone;ABSORBED_FROZEN/pNone;ABSORBED_FROZEN/pNone,None;None;None,False,False
2,A>B.reqwrite~~|B>A.writeB,TRANSLATION/p6,REPAIR,TRANSLATION/p6;TRANSLATION/p6;TRANSLATION/p6;TRANSLATION/p6;TRANSLATION/p6;TRANSLATION/p6;TRANSLATION/p6;TRANSLATION/p6;TRANSLATION/p6,None;None;None,False,True
2,A>B.reqwrite~~|B>A.write~,POP_OSC/p2,DIED,ABSORBED_EMPTY/pNone;ABSORBED_EMPTY/pNone;ABSORBED_EMPTY/pNone,None;None;None,False,False
2,A>B.reqwrite~~|B>B.reqA,ABSORBED_FROZEN/pNone,PRE_FAIL,ABSORBED_EMPTY/pNone;ABSORBED_EMPTY/pNone;ABSORBED_EMPTY/pNone,None;None;None,False,False
2,A>B.reqwrite~~|B>B.reqB,ABSORBED_FROZEN/pNone,PRE_FAIL,ABSORBED_EMPTY/pNone;ABSORBED_EMPTY/pNone;ABSORBED_EMPTY/pNone,None;None;None,False,False
2,A>B.reqwrite~~|B>B.reqwriteAA,ABSORBED_FROZEN/pNone,PRE_FAIL,ABSORBED_EMPTY/pNone;ABSORBED_EMPTY/pNone;ABSORBED_EMPTY/pNone,None;None;None,False,False
2,A>B.reqwrite~~|B>B.reqwriteAB,ABSORBED_FROZEN/pNone,PRE_FAIL,ABSORBED_EMPTY/pNone;ABSORBED_EMPTY/pNone;ABSORBED_EMPTY/pNone,None;None;None,False,False
2,A>B.reqwrite~~|B>B.reqwriteA~,ABSORBED_FROZEN/pNone,PRE_FAIL,ABSORBED_EMPTY/pNone;ABSORBED_EMPTY/pNone;ABSORBED_EMPTY/pNone,None;None;None,False,False
2,A>B.reqwrite~~|B>B.reqwriteBA,ABSORBED_FROZEN/pNone,PRE_FAIL,ABSORBED_EMPTY/pNone;ABSORBED_EMPTY/pNone;ABSORBED_EMPTY/pNone,None;None;None,False,False
2,A>B.reqwrite~~|B>B.reqwriteBB,ABSORBED_FROZEN/pNone,PRE_FAIL,ABSORBED_EMPTY/pNone;ABSORBED_EMPTY/pNone;ABSORBED_EMPTY/pNone,None;None;None,False,False
2,A>B.reqwrite~~|B>B.reqwriteB~,ABSORBED_FROZEN/pNone,PRE_FAIL,ABSORBED_EMPTY/pNone;ABSORBED_EMPTY/pNone;ABSORBED_EMPTY/pNone,None;None;None,False,False
2,A>B.reqwrite~~|B>B.reqwrite~A,ABSORBED_FROZEN/pNone,PRE_FAIL,ABSORBED_FROZEN/pNone;ABSORBED_FROZEN/pNone;ABSORBED_FROZEN/pNone;ABSORBED_FROZEN/pNone;ABSORBED_FROZEN/pNone;ABSORBED_FROZEN/pNone;ABSORBED_FROZEN/pNone;ABSORBED_FROZEN/pNone;ABSORBED_FROZEN/pNone,None;None;None,False,False
2,A>B.reqwrite~~|B>B.reqwrite~B,ABSORBED_FROZEN/pNone,PRE_FAIL,ABSORBED_FROZEN/pNone;ABSORBED_FROZEN/pNone;ABSORBED_FROZEN/pNone;ABSORBED_FROZEN/pNone;ABSORBED_FROZEN/pNone;ABSORBED_FROZEN/pNone;ABSORBED_FROZEN/pNone;ABSORBED_FROZEN/pNone;ABSORBED_FROZEN/pNone,None;None;None,False,False
2,A>B.reqwrite~~|B>B.reqwrite~~,FIXED/p1,DIED,ABSORBED_EMPTY/pNone;ABSORBED_EMPTY/pNone;ABSORBED_EMPTY/pNone,None;None;None,False,False
2,A>B.reqwrite~~|B>B.req~,FIXED/p1,DIED,ABSORBED_EMPTY/pNone;ABSORBED_EMPTY/pNone;ABSORBED_EMPTY/pNone,None;None;None,False,False
2,A>B.reqwrite~~|B>B.self,FIXED/p1,DIED,ABSORBED_EMPTY/pNone;ABSORBED_EMPTY/pNone;ABSORBED_EMPTY/pNone,None;None;None,False,False
2,A>B.reqwrite~~|B>B.writeA,FIXED/p1,REPAIR,FIXED/p1;FIXED/p1;FIXED/p1;FIXED/p1;FIXED/p1;FIXED/p1;FIXED/p1;FIXED/p1;FIXED/p1,False;False;False,True,False
2,A>B.reqwrite~~|B>B.writeB,FIXED/p1,REPAIR,FIXED/p1;FIXED/p1;FIXED/p1;FIXED/p1;FIXED/p1;FIXED/p1;FIXED/p1;FIXED/p1;FIXED/p1,True;True;True,True,False
2,A>B.reqwrite~~|B>B.write~,FIXED/p1,DIED,ABSORBED_EMPTY/pNone;ABSORBED_EMPTY/pNone;ABSORBED_EMPTY/pNone,None;None;None,False,False
2,A>B.reqwrite~~|B>~.reqA,ABSORBED_FROZEN/pNone,PRE_FAIL,ABSORBED_EMPTY/pNone;ABSORBED_EMPTY/pNone;ABSORBED_EMPTY/pNone,None;None;None,False,False
2,A>B.reqwrite~~|B>~.reqB,ABSORBED_FROZEN/pNone,PRE_FAIL,ABSORBED_EMPTY/pNone;ABSORBED_EMPTY/pNone;ABSORBED_EMPTY/pNone,None;None;None,False,False
2,A>B.reqwrite~~|B>~.reqwriteAA,ABSORBED_FROZEN/pNone,PRE_FAIL,ABSORBED_EMPTY/pNone;ABSORBED_EMPTY/pNone;ABSORBED_EMPTY/pNone,None;None;None,False,False
2,A>B.reqwrite~~|B>~.reqwriteAB,ABSORBED_FROZEN/pNone,PRE_FAIL,ABSORBED_EMPTY/pNone;ABSORBED_EMPTY/pNone;ABSORBED_EMPTY/pNone,None;None;None,False,False
2,A>B.reqwrite~~|B>~.reqwriteA~,ABSORBED_FROZEN/pNone,PRE_FAIL,ABSORBED_EMPTY/pNone;ABSORBED_EMPTY/pNone;ABSORBED_EMPTY/pNone,None;None;None,False,False
2,A>B.reqwrite~~|B>~.reqwriteBA,ABSORBED_FROZEN/pNone,PRE_FAIL,ABSORBED_EMPTY/pNone;ABSORBED_EMPTY/pNone;ABSORBED_EMPTY/pNone,None;None;None,False,False
2,A>B.reqwrite~~|B>~.reqwriteBB,ABSORBED_FROZEN/pNone,PRE_FAIL,ABSORBED_EMPTY/pNone;ABSORBED_EMPTY/pNone;ABSORBED_EMPTY/pNone,None;None;None,False,False
2,A>B.reqwrite~~|B>~.reqwriteB~,ABSORBED_FROZEN/pNone,PRE_FAIL,ABSORBED_EMPTY/pNone;ABSORBED_EMPTY/pNone;ABSORBED_EMPTY/pNone,None;None;None,False,False
2,A>B.reqwrite~~|B>~.reqwrite~A,POP_OSC/p12,DIED,ABSORBED_EMPTY/pNone;ABSORBED_EMPTY/pNone;ABSORBED_EMPTY/pNone,None;None;None,False,False
2,A>B.reqwrite~~|B>~.reqwrite~B,TRANSLATION/p6,DIED,ABSORBED_EMPTY/pNone;ABSORBED_EMPTY/pNone;ABSORBED_EMPTY/pNone,None;None;None,False,False
2,A>B.reqwrite~~|B>~.reqwrite~~,ABSORBED_EMPTY/pNone,PRE_FAIL,,None;None;None,False,False
2,A>B.reqwrite~~|B>~.req~,ABSORBED_EMPTY/pNone,PRE_FAIL,,None;None;None,False,False
2,A>B.reqwrite~~|B>~.self,ABSORBED_EMPTY/pNone,PRE_FAIL,,None;None;None,False,False
2,A>B.reqwrite~~|B>~.writeA,POP_OSC/p12,DIED,ABSORBED_EMPTY/pNone;ABSORBED_EMPTY/pNone;ABSORBED_EMPTY/pNone,None;None;None,False,False
2,A>B.reqwrite~~|B>~.writeB,TRANSLATION/p6,DIED,ABSORBED_EMPTY/pNone;ABSORBED_EMPTY/pNone;ABSORBED_EMPTY/pNone,None;None;None,False,False
2,A>B.reqwrite~~|B>~.write~,ABSORBED_EMPTY/pNone,PRE_FAIL,,None;None;None,False,False
2,A>B.req~|A>B.reqwriteAA,ABSORBED_FROZEN/pNone,PRE_FAIL,ABSORBED_EMPTY/pNone;ABSORBED_EMPTY/pNone;ABSORBED_EMPTY/pNone,None;None;None,False,False
2,A>B.req~|A>B.reqwriteAB,ABSORBED_FROZEN/pNone,PRE_FAIL,ABSORBED_EMPTY/pNone;ABSORBED_EMPTY/pNone;ABSORBED_EMPTY/pNone,None;None;None,False,False
2,A>B.req~|A>B.reqwriteA~,ABSORBED_FROZEN/pNone,PRE_FAIL,ABSORBED_EMPTY/pNone;ABSORBED_EMPTY/pNone;ABSORBED_EMPTY/pNone,None;None;None,False,False
2,A>B.req~|A>B.reqwriteBA,ABSORBED_FROZEN/pNone,PRE_FAIL,ABSORBED_EMPTY/pNone;ABSORBED_EMPTY/pNone;ABSORBED_EMPTY/pNone,None;None;None,False,False
2,A>B.req~|A>B.reqwriteBB,ABSORBED_FROZEN/pNone,PRE_FAIL,ABSORBED_EMPTY/pNone;ABSORBED_EMPTY/pNone;ABSORBED_EMPTY/pNone,None;None;None,False,False
2,A>B.req~|A>B.reqwriteB~,ABSORBED_FROZEN/pNone,PRE_FAIL,ABSORBED_EMPTY/pNone;ABSORBED_EMPTY/pNone;ABSORBED_EMPTY/pNone,None;None;None,False,False
2,A>B.req~|A>B.reqwrite~A,ABSORBED_FROZEN/pNone,PRE_FAIL,ABSORBED_FROZEN/pNone;ABSORBED_EMPTY/pNone;ABSORBED_FROZEN/pNone;ABSORBED_FROZEN/pNone;ABSORBED_EMPTY/pNone;ABSORBED_FROZEN/pNone;ABSORBED_EMPTY/pNone,None;None;None,False,False
2,A>B.req~|A>B.reqwrite~B,ABSORBED_FROZEN/pNone,PRE_FAIL,ABSORBED_FROZEN/pNone;ABSORBED_EMPTY/pNone;ABSORBED_FROZEN/pNone;ABSORBED_EMPTY/pNone;ABSORBED_FROZEN/pNone;ABSORBED_EMPTY/pNone,None;None;None,False,False
2,A>B.req~|A>B.reqwrite~~,ABSORBED_FROZEN/pNone,PRE_FAIL,ABSORBED_EMPTY/pNone;ABSORBED_EMPTY/pNone;ABSORBED_EMPTY/pNone,None;None;None,False,False
2,A>B.req~|A>B.self,ABSORBED_FROZEN/pNone,PRE_FAIL,ABSORBED_EMPTY/pNone;ABSORBED_EMPTY/pNone;ABSORBED_EMPTY/pNone,None;None;None,False,False
2,A>B.req~|A>B.writeA,ABSORBED_FROZEN/pNone,PRE_FAIL,ABSORBED_FROZEN/pNone;ABSORBED_EMPTY/pNone;ABSORBED_FROZEN/pNone;ABSORBED_FROZEN/pNone;ABSORBED_EMPTY/pNone;ABSORBED_FROZEN/pNone;ABSORBED_EMPTY/pNone,None;None;None,False,False
2,A>B.req~|A>B.writeB,ABSORBED_FROZEN/pNone,PRE_FAIL,ABSORBED_FROZEN/pNone;ABSORBED_EMPTY/pNone;ABSORBED_FROZEN/pNone;ABSORBED_EMPTY/pNone;ABSORBED_FROZEN/pNone;ABSORBED_EMPTY/pNone,None;None;None,False,False
2,A>B.req~|A>B.write~,ABSORBED_FROZEN/pNone,PRE_FAIL,ABSORBED_EMPTY/pNone;ABSORBED_EMPTY/pNone;ABSORBED_EMPTY/pNone,None;None;None,False,False
2,A>B.req~|A>~.reqA,ABSORBED_FROZEN/pNone,PRE_FAIL,ABSORBED_EMPTY/pNone;ABSORBED_EMPTY/pNone;ABSORBED_EMPTY/pNone,None;None;None,False,False
2,A>B.req~|A>~.reqB,ABSORBED_FROZEN/pNone,PRE_FAIL,ABSORBED_EMPTY/pNone;ABSORBED_EMPTY/pNone;ABSORBED_EMPTY/pNone,None;None;None,False,False
2,A>B.req~|A>~.reqwriteAA,ABSORBED_FROZEN/pNone,PRE_FAIL,ABSORBED_EMPTY/pNone;ABSORBED_EMPTY/pNone;ABSORBED_EMPTY/pNone,None;None;None,False,False
2,A>B.req~|A>~.reqwriteAB,ABSORBED_FROZEN/pNone,PRE_FAIL,ABSORBED_EMPTY/pNone;ABSORBED_EMPTY/pNone;ABSORBED_EMPTY/pNone,None;None;None,False,False
2,A>B.req~|A>~.reqwriteA~,ABSORBED_FROZEN/pNone,PRE_FAIL,ABSORBED_EMPTY/pNone;ABSORBED_EMPTY/pNone;ABSORBED_EMPTY/pNone,None;None;None,False,False
2,A>B.req~|A>~.reqwriteBA,ABSORBED_FROZEN/pNone,PRE_FAIL,ABSORBED_EMPTY/pNone;ABSORBED_EMPTY/pNone;ABSORBED_EMPTY/pNone,None;None;None,False,False
2,A>B.req~|A>~.reqwriteBB,ABSORBED_FROZEN/pNone,PRE_FAIL,ABSORBED_EMPTY/pNone;ABSORBED_EMPTY/pNone;ABSORBED_EMPTY/pNone,None;None;None,False,False
2,A>B.req~|A>~.reqwriteB~,ABSORBED_FROZEN/pNone,PRE_FAIL,ABSORBED_EMPTY/pNone;ABSORBED_EMPTY/pNone;ABSORBED_EMPTY/pNone,None;None;None,False,False
2,A>B.req~|A>~.reqwrite~A,ABSORBED_FROZEN/pNone,PRE_FAIL,ABSORBED_EMPTY/pNone;ABSORBED_EMPTY/pNone;ABSORBED_EMPTY/pNone,None;None;None,False,False
2,A>B.req~|A>~.reqwrite~B,ABSORBED_FROZEN/pNone,PRE_FAIL,ABSORBED_EMPTY/pNone;ABSORBED_EMPTY/pNone;ABSORBED_EMPTY/pNone,None;None;None,False,False
2,A>B.req~|A>~.reqwrite~~,ABSORBED_EMPTY/pNone,PRE_FAIL,,None;None;None,False,False
2,A>B.req~|A>~.req~,ABSORBED_EMPTY/pNone,PRE_FAIL,,None;None;None,False,False
2,A>B.req~|A>~.self,ABSORBED_EMPTY/pNone,PRE_FAIL,,None;None;None,False,False
2,A>B.req~|A>~.writeA,ABSORBED_FROZEN/pNone,PRE_FAIL,ABSORBED_EMPTY/pNone;ABSORBED_EMPTY/pNone;ABSORBED_EMPTY/pNone,None;None;None,False,False
2,A>B.req~|A>~.writeB,ABSORBED_FROZEN/pNone,PRE_FAIL,ABSORBED_EMPTY/pNone;ABSORBED_EMPTY/pNone;ABSORBED_EMPTY/pNone,None;None;None,False,False
2,A>B.req~|A>~.write~,ABSORBED_EMPTY/pNone,PRE_FAIL,,None;None;None,False,False
2,A>B.req~|B>A.reqA,ABSORBED_FROZEN/pNone,PRE_FAIL,ABSORBED_EMPTY/pNone;ABSORBED_EMPTY/pNone;ABSORBED_EMPTY/pNone,None;None;None,False,False
2,A>B.req~|B>A.reqB,ABSORBED_FROZEN/pNone,PRE_FAIL,ABSORBED_EMPTY/pNone;ABSORBED_EMPTY/pNone;ABSORBED_EMPTY/pNone,None;None;None,False,False
2,A>B.req~|B>A.reqwriteAA,ABSORBED_FROZEN/pNone,PRE_FAIL,ABSORBED_EMPTY/pNone;ABSORBED_EMPTY/pNone;ABSORBED_EMPTY/pNone,None;None;None,False,False
2,A>B.req~|B>A.reqwriteAB,ABSORBED_FROZEN/pNone,PRE_FAIL,ABSORBED_EMPTY/pNone;ABSORBED_EMPTY/pNone;ABSORBED_EMPTY/pNone,None;None;None,False,False
2,A>B.req~|B>A.reqwriteA~,ABSORBED_FROZEN/pNone,PRE_FAIL,ABSORBED_EMPTY/pNone;ABSORBED_EMPTY/pNone;ABSORBED_EMPTY/pNone,None;None;None,False,False
2,A>B.req~|B>A.reqwriteBA,ABSORBED_FROZEN/pNone,PRE_FAIL,ABSORBED_EMPTY/pNone;ABSORBED_EMPTY/pNone;ABSORBED_EMPTY/pNone,None;None;None,False,False
2,A>B.req~|B>A.reqwriteBB,ABSORBED_FROZEN/pNone,PRE_FAIL,ABSORBED_EMPTY/pNone;ABSORBED_EMPTY/pNone;ABSORBED_EMPTY/pNone,None;None;None,False,False
2,A>B.req~|B>A.reqwriteB~,ABSORBED_FROZEN/pNone,PRE_FAIL,ABSORBED_EMPTY/pNone;ABSORBED_EMPTY/pNone;ABSORBED_EMPTY/pNone,None;None;None,False,False
2,A>B.req~|B>A.reqwrite~A,ABSORBED_FROZEN/pNone,PRE_FAIL,ABSORBED_FROZEN/pNone;ABSORBED_FROZEN/pNone;ABSORBED_FROZEN/pNone;ABSORBED_FROZEN/pNone;ABSORBED_FROZEN/pNone;ABSORBED_FROZEN/pNone;ABSORBED_FROZEN/pNone;ABSORBED_FROZEN/pNone;ABSORBED_FROZEN/pNone,None;None;None,False,False
2,A>B.req~|B>A.reqwrite~B,ABSORBED_FROZEN/pNone,PRE_FAIL,ABSORBED_FROZEN/pNone;ABSORBED_FROZEN/pNone;ABSORBED_FROZEN/pNone;ABSORBED_FROZEN/pNone;ABSORBED_FROZEN/pNone;ABSORBED_FROZEN/pNone;ABSORBED_FROZEN/pNone;ABSORBED_FROZEN/pNone;ABSORBED_FROZEN/pNone,None;None;None,False,False
2,A>B.req~|B>A.reqwrite~~,POP_OSC/p2,DIED,ABSORBED_EMPTY/pNone;ABSORBED_EMPTY/pNone;ABSORBED_EMPTY/pNone,None;None;None,False,False
2,A>B.req~|B>A.req~,POP_OSC/p2,DIED,ABSORBED_EMPTY/pNone;ABSORBED_EMPTY/pNone;ABSORBED_EMPTY/pNone,None;None;None,False,False
2,A>B.req~|B>A.self,POP_OSC/p2,DIED,ABSORBED_EMPTY/pNone;ABSORBED_EMPTY/pNone;ABSORBED_EMPTY/pNone,None;None;None,False,False
2,A>B.req~|B>A.writeA,ABSORBED_FROZEN/pNone,PRE_FAIL,ABSORBED_FROZEN/pNone;ABSORBED_FROZEN/pNone;ABSORBED_FROZEN/pNone;ABSORBED_FROZEN/pNone;ABSORBED_FROZEN/pNone;ABSORBED_FROZEN/pNone;ABSORBED_FROZEN/pNone;ABSORBED_FROZEN/pNone;ABSORBED_FROZEN/pNone,None;None;None,False,False
2,A>B.req~|B>A.writeB,TRANSLATION/p6,REPAIR,TRANSLATION/p6;TRANSLATION/p6;TRANSLATION/p6;TRANSLATION/p6;TRANSLATION/p6;TRANSLATION/p6;TRANSLATION/p6;TRANSLATION/p6;TRANSLATION/p6,None;None;None,False,True
2,A>B.req~|B>A.write~,POP_OSC/p2,DIED,ABSORBED_EMPTY/pNone;ABSORBED_EMPTY/pNone;ABSORBED_EMPTY/pNone,None;None;None,False,False
2,A>B.req~|B>B.reqA,ABSORBED_FROZEN/pNone,PRE_FAIL,ABSORBED_EMPTY/pNone;ABSORBED_EMPTY/pNone;ABSORBED_EMPTY/pNone,None;None;None,False,False
2,A>B.req~|B>B.reqB,ABSORBED_FROZEN/pNone,PRE_FAIL,ABSORBED_EMPTY/pNone;ABSORBED_EMPTY/pNone;ABSORBED_EMPTY/pNone,None;None;None,False,False
2,A>B.req~|B>B.reqwriteAA,ABSORBED_FROZEN/pNone,PRE_FAIL,ABSORBED_EMPTY/pNone;ABSORBED_EMPTY/pNone;ABSORBED_EMPTY/pNone,None;None;None,False,False
2,A>B.req~|B>B.reqwriteAB,ABSORBED_FROZEN/pNone,PRE_FAIL,ABSORBED_EMPTY/pNone;ABSORBED_EMPTY/pNone;ABSORBED_EMPTY/pNone,None;None;None,False,False
2,A>B.req~|B>B.reqwriteA~,ABSORBED_FROZEN/pNone,PRE_FAIL,ABSORBED_EMPTY/pNone;ABSORBED_EMPTY/pNone;ABSORBED_EMPTY/pNone,None;None;None,False,False
2,A>B.req~|B>B.reqwriteBA,ABSORBED_FROZEN/pNone,PRE_FAIL,ABSORBED_EMPTY/pNone;ABSORBED_EMPTY/pNone;ABSORBED_EMPTY/pNone,None;None;None,False,False
2,A>B.req~|B>B.reqwriteBB,ABSORBED_FROZEN/pNone,PRE_FAIL,ABSORBED_EMPTY/pNone;ABSORBED_EMPTY/pNone;ABSORBED_EMPTY/pNone,None;None;None,False,False
2,A>B.req~|B>B.reqwriteB~,ABSORBED_FROZEN/pNone,PRE_FAIL,ABSORBED_EMPTY/pNone;ABSORBED_EMPTY/pNone;ABSORBED_EMPTY/pNone,None;None;None,False,False
2,A>B.req~|B>B.reqwrite~A,ABSORBED_FROZEN/pNone,PRE_FAIL,ABSORBED_FROZEN/pNone;ABSORBED_FROZEN/pNone;ABSORBED_FROZEN/pNone;ABSORBED_FROZEN/pNone;ABSORBED_FROZEN/pNone;ABSORBED_FROZEN/pNone;ABSORBED_FROZEN/pNone;ABSORBED_FROZEN/pNone;ABSORBED_FROZEN/pNone,None;None;None,False,False
2,A>B.req~|B>B.reqwrite~B,ABSORBED_FROZEN/pNone,PRE_FAIL,ABSORBED_FROZEN/pNone;ABSORBED_FROZEN/pNone;ABSORBED_FROZEN/pNone;ABSORBED_FROZEN/pNone;ABSORBED_FROZEN/pNone;ABSORBED_FROZEN/pNone;ABSORBED_FROZEN/pNone;ABSORBED_FROZEN/pNone;ABSORBED_FROZEN/pNone,None;None;None,False,False
2,A>B.req~|B>B.reqwrite~~,FIXED/p1,DIED,ABSORBED_EMPTY/pNone;ABSORBED_EMPTY/pNone;ABSORBED_EMPTY/pNone,None;None;None,False,False
2,A>B.req~|B>B.req~,FIXED/p1,DIED,ABSORBED_EMPTY/pNone;ABSORBED_EMPTY/pNone;ABSORBED_EMPTY/pNone,None;None;None,False,False
2,A>B.req~|B>B.self,FIXED/p1,DIED,ABSORBED_EMPTY/pNone;ABSORBED_EMPTY/pNone;ABSORBED_EMPTY/pNone,None;None;None,False,False
2,A>B.req~|B>B.writeA,FIXED/p1,REPAIR,FIXED/p1;FIXED/p1;FIXED/p1;FIXED/p1;FIXED/p1;FIXED/p1;FIXED/p1;FIXED/p1;FIXED/p1,False;False;False,True,False
2,A>B.req~|B>B.writeB,FIXED/p1,REPAIR,FIXED/p1;FIXED/p1;FIXED/p1;FIXED/p1;FIXED/p1;FIXED/p1;FIXED/p1;FIXED/p1;FIXED/p1,True;True;True,True,False
2,A>B.req~|B>B.write~,FIXED/p1,DIED,ABSORBED_EMPTY/pNone;ABSORBED_EMPTY/pNone;ABSORBED_EMPTY/pNone,None;None;None,False,False
2,A>B.req~|B>~.reqA,ABSORBED_FROZEN/pNone,PRE_FAIL,ABSORBED_EMPTY/pNone;ABSORBED_EMPTY/pNone;ABSORBED_EMPTY/pNone,None;None;None,False,False
2,A>B.req~|B>~.reqB,ABSORBED_FROZEN/pNone,PRE_FAIL,ABSORBED_EMPTY/pNone;ABSORBED_EMPTY/pNone;ABSORBED_EMPTY/pNone,None;None;None,False,False
2,A>B.req~|B>~.reqwriteAA,ABSORBED_FROZEN/pNone,PRE_FAIL,ABSORBED_EMPTY/pNone;ABSORBED_EMPTY/pNone;ABSORBED_EMPTY/pNone,None;None;None,False,False
2,A>B.req~|B>~.reqwriteAB,ABSORBED_FROZEN/pNone,PRE_FAIL,ABSORBED_EMPTY/pNone;ABSORBED_EMPTY/pNone;ABSORBED_EMPTY/pNone,None;None;None,False,False
2,A>B.req~|B>~.reqwriteA~,ABSORBED_FROZEN/pNone,PRE_FAIL,ABSORBED_EMPTY/pNone;ABSORBED_EMPTY/pNone;ABSORBED_EMPTY/pNone,None;None;None,False,False
2,A>B.req~|B>~.reqwriteBA,ABSORBED_FROZEN/pNone,PRE_FAIL,ABSORBED_EMPTY/pNone;ABSORBED_EMPTY/pNone;ABSORBED_EMPTY/pNone,None;None;None,False,False
2,A>B.req~|B>~.reqwriteBB,ABSORBED_FROZEN/pNone,PRE_FAIL,ABSORBED_EMPTY/pNone;ABSORBED_EMPTY/pNone;ABSORBED_EMPTY/pNone,None;None;None,False,False
2,A>B.req~|B>~.reqwriteB~,ABSORBED_FROZEN/pNone,PRE_FAIL,ABSORBED_EMPTY/pNone;ABSORBED_EMPTY/pNone;ABSORBED_EMPTY/pNone,None;None;None,False,False
2,A>B.req~|B>~.reqwrite~A,POP_OSC/p12,DIED,ABSORBED_EMPTY/pNone;ABSORBED_EMPTY/pNone;ABSORBED_EMPTY/pNone,None;None;None,False,False
2,A>B.req~|B>~.reqwrite~B,TRANSLATION/p6,DIED,ABSORBED_EMPTY/pNone;ABSORBED_EMPTY/pNone;ABSORBED_EMPTY/pNone,None;None;None,False,False
2,A>B.req~|B>~.reqwrite~~,ABSORBED_EMPTY/pNone,PRE_FAIL,,None;None;None,False,False
2,A>B.req~|B>~.req~,ABSORBED_EMPTY/pNone,PRE_FAIL,,None;None;None,False,False
2,A>B.req~|B>~.self,ABSORBED_EMPTY/pNone,PRE_FAIL,,None;None;None,False,False
2,A>B.req~|B>~.writeA,POP_OSC/p12,DIED,ABSORBED_EMPTY/pNone;ABSORBED_EMPTY/pNone;ABSORBED_EMPTY/pNone,None;None;None,False,False
2,A>B.req~|B>~.writeB,TRANSLATION/p6,DIED,ABSORBED_EMPTY/pNone;ABSORBED_EMPTY/pNone;ABSORBED_EMPTY/pNone,None;None;None,False,False
2,A>B.req~|B>~.write~,ABSORBED_EMPTY/pNone,PRE_FAIL,,None;None;None,False,False
2,A>B.self|A>B.writeA,ABSORBED_FROZEN/pNone,PRE_FAIL,ABSORBED_FROZEN/pNone;ABSORBED_EMPTY/pNone;ABSORBED_FROZEN/pNone;ABSORBED_FROZEN/pNone;ABSORBED_EMPTY/pNone;ABSORBED_FROZEN/pNone;ABSORBED_EMPTY/pNone,None;None;None,False,False
2,A>B.self|A>B.writeB,ABSORBED_FROZEN/pNone,PRE_FAIL,ABSORBED_FROZEN/pNone;ABSORBED_EMPTY/pNone;ABSORBED_FROZEN/pNone;ABSORBED_EMPTY/pNone;ABSORBED_FROZEN/pNone;ABSORBED_EMPTY/pNone,None;None;None,False,False
2,A>B.self|A>B.write~,ABSORBED_FROZEN/pNone,PRE_FAIL,ABSORBED_EMPTY/pNone;ABSORBED_EMPTY/pNone;ABSORBED_EMPTY/pNone,None;None;None,False,False
2,A>B.self|A>~.reqA,ABSORBED_FROZEN/pNone,PRE_FAIL,ABSORBED_EMPTY/pNone;ABSORBED_EMPTY/pNone;ABSORBED_EMPTY/pNone,None;None;None,False,False
2,A>B.self|A>~.reqB,ABSORBED_FROZEN/pNone,PRE_FAIL,ABSORBED_EMPTY/pNone;ABSORBED_EMPTY/pNone;ABSORBED_EMPTY/pNone,None;None;None,False,False
2,A>B.self|A>~.reqwriteAA,ABSORBED_FROZEN/pNone,PRE_FAIL,ABSORBED_EMPTY/pNone;ABSORBED_EMPTY/pNone;ABSORBED_EMPTY/pNone,None;None;None,False,False
2,A>B.self|A>~.reqwriteAB,ABSORBED_FROZEN/pNone,PRE_FAIL,ABSORBED_EMPTY/pNone;ABSORBED_EMPTY/pNone;ABSORBED_EMPTY/pNone,None;None;None,False,False
2,A>B.self|A>~.reqwriteA~,ABSORBED_FROZEN/pNone,PRE_FAIL,ABSORBED_EMPTY/pNone;ABSORBED_EMPTY/pNone;ABSORBED_EMPTY/pNone,None;None;None,False,False
2,A>B.self|A>~.reqwriteBA,ABSORBED_FROZEN/pNone,PRE_FAIL,ABSORBED_EMPTY/pNone;ABSORBED_EMPTY/pNone;ABSORBED_EMPTY/pNone,None;None;None,False,False
2,A>B.self|A>~.reqwriteBB,ABSORBED_FROZEN/pNone,PRE_FAIL,ABSORBED_EMPTY/pNone;ABSORBED_EMPTY/pNone;ABSORBED_EMPTY/pNone,None;None;None,False,False
2,A>B.self|A>~.reqwriteB~,ABSORBED_FROZEN/pNone,PRE_FAIL,ABSORBED_EMPTY/pNone;ABSORBED_EMPTY/pNone;ABSORBED_EMPTY/pNone,None;None;None,False,False
2,A>B.self|A>~.reqwrite~A,ABSORBED_FROZEN/pNone,PRE_FAIL,ABSORBED_EMPTY/pNone;ABSORBED_EMPTY/pNone;ABSORBED_EMPTY/pNone,None;None;None,False,False
2,A>B.self|A>~.reqwrite~B,ABSORBED_FROZEN/pNone,PRE_FAIL,ABSORBED_EMPTY/pNone;ABSORBED_EMPTY/pNone;ABSORBED_EMPTY/pNone,None;None;None,False,False
2,A>B.self|A>~.reqwrite~~,ABSORBED_EMPTY/pNone,PRE_FAIL,,None;None;None,False,False
2,A>B.self|A>~.req~,ABSORBED_EMPTY/pNone,PRE_FAIL,,None;None;None,False,False
2,A>B.self|A>~.self,ABSORBED_EMPTY/pNone,PRE_FAIL,,None;None;None,False,False
2,A>B.self|A>~.writeA,ABSORBED_FROZEN/pNone,PRE_FAIL,ABSORBED_EMPTY/pNone;ABSORBED_EMPTY/pNone;ABSORBED_EMPTY/pNone,None;None;None,False,False
2,A>B.self|A>~.writeB,ABSORBED_FROZEN/pNone,PRE_FAIL,ABSORBED_EMPTY/pNone;ABSORBED_EMPTY/pNone;ABSORBED_EMPTY/pNone,None;None;None,False,False
2,A>B.self|A>~.write~,ABSORBED_EMPTY/pNone,PRE_FAIL,,None;None;None,False,False
2,A>B.self|B>A.reqA,ABSORBED_FROZEN/pNone,PRE_FAIL,ABSORBED_EMPTY/pNone;ABSORBED_EMPTY/pNone;ABSORBED_EMPTY/pNone,None;None;None,False,False
2,A>B.self|B>A.reqB,ABSORBED_FROZEN/pNone,PRE_FAIL,ABSORBED_EMPTY/pNone;ABSORBED_EMPTY/pNone;ABSORBED_EMPTY/pNone,None;None;None,False,False
2,A>B.self|B>A.reqwriteAA,ABSORBED_FROZEN/pNone,PRE_FAIL,ABSORBED_EMPTY/pNone;ABSORBED_EMPTY/pNone;ABSORBED_EMPTY/pNone,None;None;None,False,False
2,A>B.self|B>A.reqwriteAB,ABSORBED_FROZEN/pNone,PRE_FAIL,ABSORBED_EMPTY/pNone;ABSORBED_EMPTY/pNone;ABSORBED_EMPTY/pNone,None;None;None,False,False
2,A>B.self|B>A.reqwriteA~,ABSORBED_FROZEN/pNone,PRE_FAIL,ABSORBED_EMPTY/pNone;ABSORBED_EMPTY/pNone;ABSORBED_EMPTY/pNone,None;None;None,False,False
2,A>B.self|B>A.reqwriteBA,ABSORBED_FROZEN/pNone,PRE_FAIL,ABSORBED_EMPTY/pNone;ABSORBED_EMPTY/pNone;ABSORBED_EMPTY/pNone,None;None;None,False,False
2,A>B.self|B>A.reqwriteBB,ABSORBED_FROZEN/pNone,PRE_FAIL,ABSORBED_EMPTY/pNone;ABSORBED_EMPTY/pNone;ABSORBED_EMPTY/pNone,None;None;None,False,False
2,A>B.self|B>A.reqwriteB~,ABSORBED_FROZEN/pNone,PRE_FAIL,ABSORBED_EMPTY/pNone;ABSORBED_EMPTY/pNone;ABSORBED_EMPTY/pNone,None;None;None,False,False
2,A>B.self|B>A.reqwrite~A,ABSORBED_FROZEN/pNone,PRE_FAIL,ABSORBED_FROZEN/pNone;ABSORBED_FROZEN/pNone;ABSORBED_FROZEN/pNone;ABSORBED_FROZEN/pNone;ABSORBED_FROZEN/pNone;ABSORBED_FROZEN/pNone;ABSORBED_FROZEN/pNone;ABSORBED_FROZEN/pNone;ABSORBED_FROZEN/pNone,None;None;None,False,False
2,A>B.self|B>A.reqwrite~B,ABSORBED_FROZEN/pNone,PRE_FAIL,ABSORBED_FROZEN/pNone;ABSORBED_FROZEN/pNone;ABSORBED_FROZEN/pNone;ABSORBED_FROZEN/pNone;ABSORBED_FROZEN/pNone;ABSORBED_FROZEN/pNone;ABSORBED_FROZEN/pNone;ABSORBED_FROZEN/pNone;ABSORBED_FROZEN/pNone,None;None;None,False,False
2,A>B.self|B>A.reqwrite~~,POP_OSC/p2,DIED,ABSORBED_EMPTY/pNone;ABSORBED_EMPTY/pNone;ABSORBED_EMPTY/pNone,None;None;None,False,False
2,A>B.self|B>A.req~,POP_OSC/p2,DIED,ABSORBED_EMPTY/pNone;ABSORBED_EMPTY/pNone;ABSORBED_EMPTY/pNone,None;None;None,False,False
2,A>B.self|B>A.self,POP_OSC/p2,DIED,ABSORBED_EMPTY/pNone;ABSORBED_EMPTY/pNone;ABSORBED_EMPTY/pNone,None;None;None,False,False
2,A>B.self|B>A.writeA,APERIODIC/pNone,PRE_FAIL,APERIODIC/pNone;APERIODIC/pNone;APERIODIC/pNone;APERIODIC/pNone;APERIODIC/pNone;APERIODIC/pNone;APERIODIC/pNone;APERIODIC/pNone;APERIODIC/pNone,None;None;None,False,False
2,A>B.self|B>A.writeB,APERIODIC/pNone,PRE_FAIL,APERIODIC/pNone;APERIODIC/pNone;APERIODIC/pNone;APERIODIC/pNone;APERIODIC/pNone;APERIODIC/pNone;APERIODIC/pNone;POP_OSC/p2;APERIODIC/pNone,None;None;None,False,False
2,A>B.self|B>A.write~,POP_OSC/p2,DIED,ABSORBED_EMPTY/pNone;ABSORBED_EMPTY/pNone;ABSORBED_EMPTY/pNone,None;None;None,False,False
2,A>B.self|B>B.reqA,ABSORBED_FROZEN/pNone,PRE_FAIL,ABSORBED_EMPTY/pNone;ABSORBED_EMPTY/pNone;ABSORBED_EMPTY/pNone,None;None;None,False,False
2,A>B.self|B>B.reqB,ABSORBED_FROZEN/pNone,PRE_FAIL,ABSORBED_EMPTY/pNone;ABSORBED_EMPTY/pNone;ABSORBED_EMPTY/pNone,None;None;None,False,False
2,A>B.self|B>B.reqwriteAA,ABSORBED_FROZEN/pNone,PRE_FAIL,ABSORBED_EMPTY/pNone;ABSORBED_EMPTY/pNone;ABSORBED_EMPTY/pNone,None;None;None,False,False
2,A>B.self|B>B.reqwriteAB,ABSORBED_FROZEN/pNone,PRE_FAIL,ABSORBED_EMPTY/pNone;ABSORBED_EMPTY/pNone;ABSORBED_EMPTY/pNone,None;None;None,False,False
2,A>B.self|B>B.reqwriteA~,ABSORBED_FROZEN/pNone,PRE_FAIL,ABSORBED_EMPTY/pNone;ABSORBED_EMPTY/pNone;ABSORBED_EMPTY/pNone,None;None;None,False,False
2,A>B.self|B>B.reqwriteBA,ABSORBED_FROZEN/pNone,PRE_FAIL,ABSORBED_EMPTY/pNone;ABSORBED_EMPTY/pNone;ABSORBED_EMPTY/pNone,None;None;None,False,False
2,A>B.self|B>B.reqwriteBB,ABSORBED_FROZEN/pNone,PRE_FAIL,ABSORBED_EMPTY/pNone;ABSORBED_EMPTY/pNone;ABSORBED_EMPTY/pNone,None;None;None,False,False
2,A>B.self|B>B.reqwriteB~,ABSORBED_FROZEN/pNone,PRE_FAIL,ABSORBED_EMPTY/pNone;ABSORBED_EMPTY/pNone;ABSORBED_EMPTY/pNone,None;None;None,False,False
2,A>B.self|B>B.reqwrite~A,ABSORBED_FROZEN/pNone,PRE_FAIL,ABSORBED_FROZEN/pNone;ABSORBED_FROZEN/pNone;ABSORBED_FROZEN/pNone;ABSORBED_FROZEN/pNone;ABSORBED_FROZEN/pNone;ABSORBED_FROZEN/pNone;ABSORBED_FROZEN/pNone;ABSORBED_FROZEN/pNone;ABSORBED_FROZEN/pNone,None;None;None,False,False
2,A>B.self|B>B.reqwrite~B,ABSORBED_FROZEN/pNone,PRE_FAIL,ABSORBED_FROZEN/pNone;ABSORBED_FROZEN/pNone;ABSORBED_FROZEN/pNone;ABSORBED_FROZEN/pNone;ABSORBED_FROZEN/pNone;ABSORBED_FROZEN/pNone;ABSORBED_FROZEN/pNone;ABSORBED_FROZEN/pNone;ABSORBED_FROZEN/pNone,None;None;None,False,False
2,A>B.self|B>B.reqwrite~~,FIXED/p1,DIED,ABSORBED_EMPTY/pNone;ABSORBED_EMPTY/pNone;ABSORBED_EMPTY/pNone,None;None;None,False,False
2,A>B.self|B>B.req~,FIXED/p1,DIED,ABSORBED_EMPTY/pNone;ABSORBED_EMPTY/pNone;ABSORBED_EMPTY/pNone,None;None;None,False,False
2,A>B.self|B>B.self,FIXED/p1,DIED,ABSORBED_EMPTY/pNone;ABSORBED_EMPTY/pNone;ABSORBED_EMPTY/pNone,None;None;None,False,False
2,A>B.self|B>B.writeA,APERIODIC/pNone,PRE_FAIL,FIXED/p1;APERIODIC/pNone;APERIODIC/pNone;APERIODIC/pNone;APERIODIC/pNone;APERIODIC/pNone;POP_OSC/p2;FIXED/p1;FIXED/p1,None;None;None,False,False
2,A>B.self|B>B.writeB,FIXED/p1,REPAIR,FIXED/p1;FIXED/p1;FIXED/p1;FIXED/p1;FIXED/p1;FIXED/p1;FIXED/p1;FIXED/p1;FIXED/p1,True;True;True,True,False
2,A>B.self|B>B.write~,FIXED/p1,DIED,ABSORBED_EMPTY/pNone;ABSORBED_EMPTY/pNone;ABSORBED_EMPTY/pNone,None;None;None,False,False
2,A>B.self|B>~.reqA,ABSORBED_FROZEN/pNone,PRE_FAIL,ABSORBED_EMPTY/pNone;ABSORBED_EMPTY/pNone;ABSORBED_EMPTY/pNone,None;None;None,False,False
2,A>B.self|B>~.reqB,ABSORBED_FROZEN/pNone,PRE_FAIL,ABSORBED_EMPTY/pNone;ABSORBED_EMPTY/pNone;ABSORBED_EMPTY/pNone,None;None;None,False,False
2,A>B.self|B>~.reqwriteAA,ABSORBED_FROZEN/pNone,PRE_FAIL,ABSORBED_EMPTY/pNone;ABSORBED_EMPTY/pNone;ABSORBED_EMPTY/pNone,None;None;None,False,False
2,A>B.self|B>~.reqwriteAB,ABSORBED_FROZEN/pNone,PRE_FAIL,ABSORBED_EMPTY/pNone;ABSORBED_EMPTY/pNone;ABSORBED_EMPTY/pNone,None;None;None,False,False
2,A>B.self|B>~.reqwriteA~,ABSORBED_FROZEN/pNone,PRE_FAIL,ABSORBED_EMPTY/pNone;ABSORBED_EMPTY/pNone;ABSORBED_EMPTY/pNone,None;None;None,False,False
2,A>B.self|B>~.reqwriteBA,ABSORBED_FROZEN/pNone,PRE_FAIL,ABSORBED_EMPTY/pNone;ABSORBED_EMPTY/pNone;ABSORBED_EMPTY/pNone,None;None;None,False,False
2,A>B.self|B>~.reqwriteBB,ABSORBED_FROZEN/pNone,PRE_FAIL,ABSORBED_EMPTY/pNone;ABSORBED_EMPTY/pNone;ABSORBED_EMPTY/pNone,None;None;None,False,False
2,A>B.self|B>~.reqwriteB~,ABSORBED_FROZEN/pNone,PRE_FAIL,ABSORBED_EMPTY/pNone;ABSORBED_EMPTY/pNone;ABSORBED_EMPTY/pNone,None;None;None,False,False
2,A>B.self|B>~.reqwrite~A,POP_OSC/p12,DIED,ABSORBED_EMPTY/pNone;ABSORBED_EMPTY/pNone;ABSORBED_EMPTY/pNone,None;None;None,False,False
2,A>B.self|B>~.reqwrite~B,TRANSLATION/p6,DIED,ABSORBED_EMPTY/pNone;ABSORBED_EMPTY/pNone;ABSORBED_EMPTY/pNone,None;None;None,False,False
2,A>B.self|B>~.reqwrite~~,ABSORBED_EMPTY/pNone,PRE_FAIL,,None;None;None,False,False
2,A>B.self|B>~.req~,ABSORBED_EMPTY/pNone,PRE_FAIL,,None;None;None,False,False
2,A>B.self|B>~.self,ABSORBED_EMPTY/pNone,PRE_FAIL,,None;None;None,False,False
2,A>B.self|B>~.writeA,POP_OSC/p12,DIED,ABSORBED_EMPTY/pNone;ABSORBED_EMPTY/pNone;ABSORBED_EMPTY/pNone,None;None;None,False,False
2,A>B.self|B>~.writeB,TRANSLATION/p6,DIED,ABSORBED_EMPTY/pNone;ABSORBED_EMPTY/pNone;ABSORBED_EMPTY/pNone,None;None;None,False,False
2,A>B.self|B>~.write~,ABSORBED_EMPTY/pNone,PRE_FAIL,,None;None;None,False,False
2,A>B.writeA|A>B.writeB,ABSORBED_FROZEN/pNone,PRE_FAIL,ABSORBED_FROZEN/pNone;ABSORBED_EMPTY/pNone;ABSORBED_FROZEN/pNone;ABSORBED_EMPTY/pNone;ABSORBED_FROZEN/pNone;ABSORBED_EMPTY/pNone,None;None;None,False,False
2,A>B.writeA|A>B.write~,ABSORBED_FROZEN/pNone,PRE_FAIL,ABSORBED_EMPTY/pNone;ABSORBED_EMPTY/pNone;ABSORBED_EMPTY/pNone,None;None;None,False,False
2,A>B.writeA|A>~.reqA,TRANSLATION/p6,"MIXED:DIEDx2,REPAIRx1",ABSORBED_FROZEN/pNone;ABSORBED_FROZEN/pNone;ABSORBED_FROZEN/pNone;TRANSLATION/p6;ABSORBED_FROZEN/pNone;ABSORBED_FROZEN/pNone;TRANSLATION/p6;TRANSLATION/p6;TRANSLATION/p6,None;None;None,False,False
2,A>B.writeA|A>~.reqB,ABSORBED_FROZEN/pNone,PRE_FAIL,ABSORBED_FROZEN/pNone;ABSORBED_FROZEN/pNone;ABSORBED_FROZEN/pNone;ABSORBED_FROZEN/pNone;ABSORBED_FROZEN/pNone;ABSORBED_FROZEN/pNone;ABSORBED_FROZEN/pNone;ABSORBED_FROZEN/pNone;ABSORBED_FROZEN/pNone,None;None;None,False,False
2,A>B.writeA|A>~.reqwriteAA,TRANSLATION/p6,"MIXED:DIEDx2,REPAIRx1",ABSORBED_FROZEN/pNone;ABSORBED_FROZEN/pNone;ABSORBED_FROZEN/pNone;TRANSLATION/p6;ABSORBED_FROZEN/pNone;ABSORBED_FROZEN/pNone;TRANSLATION/p6;TRANSLATION/p6;TRANSLATION/p6,None;None;None,False,False
2,A>B.writeA|A>~.reqwriteAB,TRANSLATION/p6,"MIXED:DIEDx2,REPAIRx1",ABSORBED_FROZEN/pNone;ABSORBED_FROZEN/pNone;ABSORBED_FROZEN/pNone;TRANSLATION/p6;ABSORBED_FROZEN/pNone;ABSORBED_FROZEN/pNone;TRANSLATION/p6;TRANSLATION/p6;TRANSLATION/p6,None;None;None,False,False
2,A>B.writeA|A>~.reqwriteA~,TRANSLATION/p6,"MIXED:DIEDx2,REPAIRx1",ABSORBED_FROZEN/pNone;ABSORBED_FROZEN/pNone;ABSORBED_FROZEN/pNone;TRANSLATION/p6;ABSORBED_FROZEN/pNone;ABSORBED_FROZEN/pNone;TRANSLATION/p6;TRANSLATION/p6;TRANSLATION/p6,None;None;None,False,False
2,A>B.writeA|A>~.reqwriteBA,APERIODIC/pNone,PRE_FAIL,ABSORBED_FROZEN/pNone;ABSORBED_FROZEN/pNone;ABSORBED_FROZEN/pNone;ABSORBED_FROZEN/pNone;ABSORBED_FROZEN/pNone;ABSORBED_FROZEN/pNone;APERIODIC/pNone;APERIODIC/pNone;APERIODIC/pNone,None;None;None,False,False
2,A>B.writeA|A>~.reqwriteBB,ABSORBED_FROZEN/pNone,PRE_FAIL,ABSORBED_FROZEN/pNone;ABSORBED_FROZEN/pNone;ABSORBED_FROZEN/pNone;ABSORBED_FROZEN/pNone;ABSORBED_FROZEN/pNone;ABSORBED_FROZEN/pNone;ABSORBED_FROZEN/pNone;ABSORBED_FROZEN/pNone;ABSORBED_FROZEN/pNone,None;None;None,False,False
2,A>B.writeA|A>~.reqwriteB~,ABSORBED_FROZEN/pNone,PRE_FAIL,ABSORBED_FROZEN/pNone;ABSORBED_FROZEN/pNone;ABSORBED_FROZEN/pNone;ABSORBED_FROZEN/pNone;ABSORBED_FROZEN/pNone;ABSORBED_FROZEN/pNone;ABSORBED_FROZEN/pNone;ABSORBED_FROZEN/pNone;ABSORBED_FROZEN/pNone,None;None;None,False,False
2,A>B.writeA|A>~.reqwrite~A,TRANSLATION/p6,"MIXED:DIEDx2,REPAIRx1",ABSORBED_FROZEN/pNone;ABSORBED_FROZEN/pNone;ABSORBED_FROZEN/pNone;TRANSLATION/p6;ABSORBED_FROZEN/pNone;ABSORBED_FROZEN/pNone;TRANSLATION/p6;TRANSLATION/p6;TRANSLATION/p6,None;None;None,False,False
2,A>B.writeA|A>~.reqwrite~B,ABSORBED_FROZEN/pNone,PRE_FAIL,ABSORBED_EMPTY/pNone;ABSORBED_EMPTY/pNone;ABSORBED_EMPTY/pNone,None;None;None,False,False
2,A>B.writeA|A>~.reqwrite~~,ABSORBED_EMPTY/pNone,PRE_FAIL,,None;None;None,False,False
2,A>B.writeA|A>~.req~,ABSORBED_EMPTY/pNone,PRE_FAIL,,None;None;None,False,False
2,A>B.writeA|A>~.self,ABSORBED_EMPTY/pNone,PRE_FAIL,,None;None;None,False,False
2,A>B.writeA|A>~.writeA,APERIODIC/pNone,PRE_FAIL,ABSORBED_EMPTY/pNone;ABSORBED_FROZEN/pNone;ABSORBED_FROZEN/pNone;ABSORBED_FROZEN/pNone;APERIODIC/pNone;ABSORBED_EMPTY/pNone,None;None;None,False,False
2,A>B.writeA|A>~.writeB,ABSORBED_FROZEN/pNone,PRE_FAIL,ABSORBED_EMPTY/pNone;ABSORBED_EMPTY/pNone;ABSORBED_EMPTY/pNone,None;None;None,False,False
2,A>B.writeA|A>~.write~,ABSORBED_EMPTY/pNone,PRE_FAIL,,None;None;None,False,False
2,A>B.writeA|B>A.reqA,APERIODIC/pNone,PRE_FAIL,APERIODIC/pNone;APERIODIC/pNone;APERIODIC/pNone;APERIODIC/pNone;APERIODIC/pNone;APERIODIC/pNone;APERIODIC/pNone;POP_OSC/p2;APERIODIC/pNone,None;None;None,False,False
2,A>B.writeA|B>A.reqB,APERIODIC/pNone,PRE_FAIL,APERIODIC/pNone;APERIODIC/pNone;APERIODIC/pNone;APERIODIC/pNone;APERIODIC/pNone;APERIODIC/pNone;APERIODIC/pNone;APERIODIC/pNone;APERIODIC/pNone,None;None;None,False,False
2,A>B.writeA|B>A.reqwriteAA,APERIODIC/pNone,PRE_FAIL,APERIODIC/pNone;APERIODIC/pNone;APERIODIC/pNone;APERIODIC/pNone;APERIODIC/pNone;APERIODIC/pNone;APERIODIC/pNone;POP_OSC/p2;APERIODIC/pNone,None;None;None,False,False
2,A>B.writeA|B>A.reqwriteAB,"MIXED:APERIODIC/pNonex1,TRANSLATION/p2x1,TRANSLATION/p4x1","MIXED:DEGRADEDx1,DIEDx1,PRE_FAILx1",ABSORBED_FROZEN/pNone;ABSORBED_FROZEN/pNone;ABSORBED_FROZEN/pNone;APERIODIC/pNone;APERIODIC/pNone;TRANSLATION/p2;ABSORBED_FROZEN/pNone;ABSORBED_FROZEN/pNone;ABSORBED_FROZEN/pNone,None;None;None,False,False
2,A>B.writeA|B>A.reqwriteA~,"MIXED:APERIODIC/pNonex2,POP_OSC/p2x1","MIXED:DIEDx1,PRE_FAILx2",ABSORBED_FROZEN/pNone;ABSORBED_FROZEN/pNone;ABSORBED_FROZEN/pNone;ABSORBED_FROZEN/pNone;ABSORBED_EMPTY/pNone;ABSORBED_FROZEN/pNone;ABSORBED_FROZEN/pNone;ABSORBED_FROZEN/pNone,None;None;None,False,False
2,A>B.writeA|B>A.reqwriteBA,APERIODIC/pNone,PRE_FAIL,APERIODIC/pNone;APERIODIC/pNone;APERIODIC/pNone;APERIODIC/pNone;APERIODIC/pNone;APERIODIC/pNone;APERIODIC/pNone;APERIODIC/pNone;APERIODIC/pNone,None;None;None,False,False
2,A>B.writeA|B>A.reqwriteBB,APERIODIC/pNone,PRE_FAIL,APERIODIC/pNone;APERIODIC/pNone;APERIODIC/pNone;APERIODIC/pNone;APERIODIC/pNone;APERIODIC/pNone;APERIODIC/pNone;APERIODIC/pNone;APERIODIC/pNone,None;None;None,False,False
2,A>B.writeA|B>A.reqwriteB~,APERIODIC/pNone,PRE_FAIL,APERIODIC/pNone;APERIODIC/pNone;APERIODIC/pNone;APERIODIC/pNone;APERIODIC/pNone;APERIODIC/pNone;APERIODIC/pNone;APERIODIC/pNone;APERIODIC/pNone,None;None;None,False,False
2,A>B.writeA|B>A.reqwrite~A,TRANSLATION/p6,REPAIR,TRANSLATION/p6;TRANSLATION/p6;TRANSLATION/p6;TRANSLATION/p6;TRANSLATION/p6;TRANSLATION/p6;TRANSLATION/p6;TRANSLATION/p6;TRANSLATION/p6,None;None;None,False,True
2,A>B.writeA|B>A.reqwrite~B,TRANSLATION/p6,REPAIR,TRANSLATION/p6;TRANSLATION/p6;TRANSLATION/p6;TRANSLATION/p6;TRANSLATION/p6;TRANSLATION/p6;TRANSLATION/p6;TRANSLATION/p6;TRANSLATION/p6,None;None;None,False,True
2,A>B.writeA|B>A.reqwrite~~,TRANSLATION/p6,REPAIR,TRANSLATION/p6;TRANSLATION/p6;TRANSLATION/p6;TRANSLATION/p6;TRANSLATION/p6;TRANSLATION/p6;TRANSLATION/p6;TRANSLATION/p6;TRANSLATION/p6,None;None;None,False,True
2,A>B.writeA|B>A.req~,TRANSLATION/p6,REPAIR,TRANSLATION/p6;TRANSLATION/p6;TRANSLATION/p6;TRANSLATION/p6;TRANSLATION/p6;TRANSLATION/p6;TRANSLATION/p6;TRANSLATION/p6;TRANSLATION/p6,None;None;None,False,True
2,A>B.writeA|B>A.self,APERIODIC/pNone,PRE_FAIL,APERIODIC/pNone;APERIODIC/pNone;APERIODIC/pNone;APERIODIC/pNone;APERIODIC/pNone;APERIODIC/pNone;APERIODIC/pNone;POP_OSC/p2;APERIODIC/pNone,None;None;None,False,False
2,A>B.writeA|B>A.writeA,APERIODIC/pNone,PRE_FAIL,APERIODIC/pNone;APERIODIC/pNone;APERIODIC/pNone;APERIODIC/pNone;APERIODIC/pNone;APERIODIC/pNone;APERIODIC/pNone;POP_OSC/p2;APERIODIC/pNone,None;None;None,False,False
2,A>B.writeA|B>A.writeB,APERIODIC/pNone,PRE_FAIL,APERIODIC/pNone;APERIODIC/pNone;APERIODIC/pNone;APERIODIC/pNone;APERIODIC/pNone;APERIODIC/pNone;APERIODIC/pNone;TRANSLATION/p2;APERIODIC/pNone,None;None;None,False,False
2,A>B.writeA|B>A.write~,APERIODIC/pNone,PRE_FAIL,APERIODIC/pNone;APERIODIC/pNone;APERIODIC/pNone;APERIODIC/pNone;APERIODIC/pNone;APERIODIC/pNone;APERIODIC/pNone;POP_OSC/p2;APERIODIC/pNone,None;None;None,False,False
2,A>B.writeA|B>B.reqA,"MIXED:APERIODIC/pNonex1,FIXED/p1x2","MIXED:DEGRADEDx1,DIEDx1,PRE_FAILx1",FIXED/p1;ABSORBED_FROZEN/pNone;ABSORBED_FROZEN/pNone;APERIODIC/pNone;FIXED/p1;FIXED/p1;ABSORBED_FROZEN/pNone;ABSORBED_FROZEN/pNone;ABSORBED_FROZEN/pNone,None;False;False,False,False
2,A>B.writeA|B>B.reqB,"MIXED:APERIODIC/pNonex1,FIXED/p1x2","MIXED:PRE_FAILx1,REPAIRx2",FIXED/p1;FIXED/p1;FIXED/p1;FIXED/p1;FIXED/p1;FIXED/p1;FIXED/p1;FIXED/p1;FIXED/p1,False;False;None,False,False
2,A>B.writeA|B>B.reqwriteAA,"MIXED:APERIODIC/pNonex1,FIXED/p1x2","MIXED:DEGRADEDx1,DIEDx1,PRE_FAILx1",FIXED/p1;ABSORBED_FROZEN/pNone;ABSORBED_FROZEN/pNone;APERIODIC/pNone;FIXED/p1;FIXED/p1;ABSORBED_FROZEN/pNone;ABSORBED_FROZEN/pNone;ABSORBED_FROZEN/pNone,None;False;False,False,False
2,A>B.writeA|B>B.reqwriteAB,ABSORBED_FROZEN/pNone,PRE_FAIL,ABSORBED_FROZEN/pNone;ABSORBED_EMPTY/pNone;ABSORBED_FROZEN/pNone;ABSORBED_FROZEN/pNone;ABSORBED_EMPTY/pNone;ABSORBED_FROZEN/pNone;ABSORBED_EMPTY/pNone,None;None;None,False,False
2,A>B.writeA|B>B.reqwriteA~,ABSORBED_FROZEN/pNone,PRE_FAIL,ABSORBED_EMPTY/pNone;ABSORBED_FROZEN/pNone;ABSORBED_EMPTY/pNone;ABSORBED_EMPTY/pNone,None;None;None,False,False
2,A>B.writeA|B>B.reqwriteBA,"MIXED:APERIODIC/pNonex2,POP_OSC/p2x1","MIXED:DEGRADEDx1,PRE_FAILx2",APERIODIC/pNone;APERIODIC/pNone;APERIODIC/pNone;APERIODIC/pNone;APERIODIC/pNone;APERIODIC/pNone;APERIODIC/pNone;APERIODIC/pNone;APERIODIC/pNone,None;None;None,False,False
2,A>B.writeA|B>B.reqwriteBB,"MIXED:APERIODIC/pNonex1,FIXED/p1x2","MIXED:PRE_FAILx1,REPAIRx2",FIXED/p1;FIXED/p1;FIXED/p1;FIXED/p1;FIXED/p1;FIXED/p1;FIXED/p1;FIXED/p1;FIXED/p1,False;False;None,False,False
2,A>B.writeA|B>B.reqwriteB~,APERIODIC/pNone,PRE_FAIL,APERIODIC/pNone;APERIODIC/pNone;APERIODIC/pNone;APERIODIC/pNone;APERIODIC/pNone;APERIODIC/pNone;ABSORBED_FROZEN/pNone;ABSORBED_EMPTY/pNone,None;None;None,False,False
2,A>B.writeA|B>B.reqwrite~A,TRANSLATION/p6,REPAIR,TRANSLATION/p6;TRANSLATION/p6;TRANSLATION/p6;TRANSLATION/p6;TRANSLATION/p6;TRANSLATION/p6;TRANSLATION/p6;TRANSLATION/p6;TRANSLATION/p6,None;None;None,False,True
2,A>B.writeA|B>B.reqwrite~B,TRANSLATION/p6,"MIXED:DIEDx1,REPAIRx2",ABSORBED_FROZEN/pNone;ABSORBED_FROZEN/pNone;ABSORBED_FROZEN/pNone;TRANSLATION/p6;TRANSLATION/p6;TRANSLATION/p6;TRANSLATION/p6;TRANSLATION/p6;TRANSLATION/p6,None;None;None,False,False
2,A>B.writeA|B>B.reqwrite~~,TRANSLATION/p6,"MIXED:DEGRADEDx1,REPAIRx2",FIXED/p1;FIXED/p1;FIXED/p1;TRANSLATION/p6;TRANSLATION/p6;TRANSLATION/p6;TRANSLATION/p6;TRANSLATION/p6;TRANSLATION/p6,None;None;None,False,False
2,A>B.writeA|B>B.req~,TRANSLATION/p6,"MIXED:DEGRADEDx1,REPAIRx2",FIXED/p1;FIXED/p1;FIXED/p1;TRANSLATION/p6;TRANSLATION/p6;TRANSLATION/p6;TRANSLATION/p6;TRANSLATION/p6;TRANSLATION/p6,None;None;None,False,False
2,A>B.writeA|B>B.self,FIXED/p1,REPAIR,FIXED/p1;FIXED/p1;FIXED/p1;FIXED/p1;FIXED/p1;FIXED/p1;FIXED/p1;FIXED/p1;FIXED/p1,False;False;False,True,False
2,A>B.writeA|B>B.writeA,"MIXED:APERIODIC/pNonex2,FIXED/p1x1","MIXED:DEGRADEDx1,PRE_FAILx2",FIXED/p1;APERIODIC/pNone;APERIODIC/pNone;APERIODIC/pNone;APERIODIC/pNone;APERIODIC/pNone;POP_OSC/p2;FIXED/p1;FIXED/p1,None;False;None,False,False
2,A>B.writeA|B>B.writeB,FIXED/p1,REPAIR,FIXED/p1;FIXED/p1;FIXED/p1;FIXED/p1;FIXED/p1;FIXED/p1;FIXED/p1;FIXED/p1;FIXED/p1,True;True;True,True,False
2,A>B.writeA|B>B.write~,FIXED/p1,DIED,ABSORBED_EMPTY/pNone;FIXED/p1;FIXED/p1;ABSORBED_EMPTY/pNone;ABSORBED_EMPTY/pNone,None;False;None,False,False
2,A>B.writeA|B>~.reqA,APERIODIC/pNone,PRE_FAIL,APERIODIC/pNone;ABSORBED_FROZEN/pNone;ABSORBED_EMPTY/pNone;APERIODIC/pNone;APERIODIC/pNone;APERIODIC/pNone;APERIODIC/pNone;APERIODIC/pNone;ABSORBED_FROZEN/pNone,None;None;None,False,False
2,A>B.writeA|B>~.reqB,APERIODIC/pNone,PRE_FAIL,APERIODIC/pNone;ABSORBED_FROZEN/pNone;ABSORBED_FROZEN/pNone;APERIODIC/pNone;APERIODIC/pNone;APERIODIC/pNone;ABSORBED_FROZEN/pNone;ABSORBED_FROZEN/pNone;ABSORBED_EMPTY/pNone,None;None;None,False,False
2,A>B.writeA|B>~.reqwriteAA,APERIODIC/pNone,PRE_FAIL,APERIODIC/pNone;ABSORBED_FROZEN/pNone;ABSORBED_EMPTY/pNone;APERIODIC/pNone;APERIODIC/pNone;APERIODIC/pNone;APERIODIC/pNone;APERIODIC/pNone;ABSORBED_FROZEN/pNone,None;None;None,False,False
2,A>B.writeA|B>~.reqwriteAB,ABSORBED_FROZEN/pNone,PRE_FAIL,ABSORBED_EMPTY/pNone;ABSORBED_FROZEN/pNone;ABSORBED_EMPTY/pNone;ABSORBED_EMPTY/pNone,None;None;None,False,False
2,A>B.writeA|B>~.reqwriteA~,"MIXED:ABSORBED_EMPTY/pNonex2,ABSORBED_FROZEN/pNonex1",PRE_FAIL,ABSORBED_EMPTY/pNone,None;None;None,False,False
2,A>B.writeA|B>~.reqwriteBA,APERIODIC/pNone,PRE_FAIL,APERIODIC/pNone;APERIODIC/pNone;APERIODIC/pNone;APERIODIC/pNone;APERIODIC/pNone;APERIODIC/pNone;APERIODIC/pNone;APERIODIC/pNone;APERIODIC/pNone,None;None;None,False,False
2,A>B.writeA|B>~.reqwriteBB,APERIODIC/pNone,PRE_FAIL,APERIODIC/pNone;ABSORBED_FROZEN/pNone;ABSORBED_FROZEN/pNone;APERIODIC/pNone;APERIODIC/pNone;APERIODIC/pNone;ABSORBED_FROZEN/pNone;ABSORBED_FROZEN/pNone;ABSORBED_EMPTY/pNone,None;None;None,False,False
2,A>B.writeA|B>~.reqwriteB~,"MIXED:APERIODIC/pNonex2,POP_OSC/p9x1","MIXED:DIEDx1,PRE_FAILx2",ABSORBED_EMPTY/pNone;ABSORBED_FROZEN/pNone;ABSORBED_EMPTY/pNone;ABSORBED_EMPTY/pNone,None;None;None,False,False
2,A>B.writeA|B>~.reqwrite~A,TRANSLATION/p6,REPAIR,TRANSLATION/p6;TRANSLATION/p6;TRANSLATION/p6;TRANSLATION/p6;TRANSLATION/p6;TRANSLATION/p6;TRANSLATION/p6;TRANSLATION/p6;TRANSLATION/p6,None;None;None,False,True
2,A>B.writeA|B>~.reqwrite~B,TRANSLATION/p6,"MIXED:DEGRADEDx1,REPAIRx2",TRANSLATION/p6;APERIODIC/pNone;APERIODIC/pNone;TRANSLATION/p6;TRANSLATION/p6;TRANSLATION/p6;TRANSLATION/p6;TRANSLATION/p6;TRANSLATION/p6,None;None;None,False,False
2,A>B.writeA|B>~.reqwrite~~,TRANSLATION/p6,"MIXED:DIEDx2,REPAIRx1",ABSORBED_EMPTY/pNone;TRANSLATION/p6;TRANSLATION/p6;ABSORBED_EMPTY/pNone;TRANSLATION/p6;TRANSLATION/p6;TRANSLATION/p6,None;None;None,False,False
2,A>B.writeA|B>~.req~,TRANSLATION/p6,"MIXED:DIEDx2,REPAIRx1",ABSORBED_EMPTY/pNone;TRANSLATION/p6;TRANSLATION/p6;ABSORBED_EMPTY/pNone;TRANSLATION/p6;TRANSLATION/p6;TRANSLATION/p6,None;None;None,False,False
2,A>B.writeA|B>~.self,APERIODIC/pNone,PRE_FAIL,ABSORBED_EMPTY/pNone;APERIODIC/pNone;APERIODIC/pNone;ABSORBED_EMPTY/pNone;APERIODIC/pNone;APERIODIC/pNone;ABSORBED_EMPTY/pNone,None;None;None,False,False
2,A>B.writeA|B>~.writeA,APERIODIC/pNone,PRE_FAIL,APERIODIC/pNone;APERIODIC/pNone;APERIODIC/pNone;APERIODIC/pNone;APERIODIC/pNone;APERIODIC/pNone;APERIODIC/pNone;APERIODIC/pNone;APERIODIC/pNone,None;None;None,False,False
2,A>B.writeA|B>~.writeB,TRANSLATION/p6,DIED,ABSORBED_EMPTY/pNone;ABSORBED_EMPTY/pNone;ABSORBED_EMPTY/pNone,None;None;None,False,False
2,A>B.writeA|B>~.write~,ABSORBED_EMPTY/pNone,PRE_FAIL,,None;None;None,False,False
2,A>B.writeB|A>B.write~,ABSORBED_FROZEN/pNone,PRE_FAIL,ABSORBED_EMPTY/pNone;ABSORBED_EMPTY/pNone;ABSORBED_EMPTY/pNone,None;None;None,False,False
2,A>B.writeB|A>~.reqA,ABSORBED_FROZEN/pNone,PRE_FAIL,ABSORBED_FROZEN/pNone;ABSORBED_EMPTY/pNone;ABSORBED_FROZEN/pNone;ABSORBED_EMPTY/pNone;ABSORBED_FROZEN/pNone;ABSORBED_EMPTY/pNone,None;None;None,False,False
2,A>B.writeB|A>~.reqB,ABSORBED_FROZEN/pNone,PRE_FAIL,ABSORBED_FROZEN/pNone;ABSORBED_EMPTY/pNone;ABSORBED_FROZEN/pNone;ABSORBED_EMPTY/pNone;ABSORBED_FROZEN/pNone;ABSORBED_EMPTY/pNone,None;None;None,False,False
2,A>B.writeB|A>~.reqwriteAA,ABSORBED_FROZEN/pNone,PRE_FAIL,ABSORBED_FROZEN/pNone;ABSORBED_EMPTY/pNone;ABSORBED_FROZEN/pNone;ABSORBED_EMPTY/pNone;ABSORBED_FROZEN/pNone;ABSORBED_EMPTY/pNone,None;None;None,False,False
2,A>B.writeB|A>~.reqwriteAB,ABSORBED_FROZEN/pNone,PRE_FAIL,ABSORBED_FROZEN/pNone;ABSORBED_EMPTY/pNone;ABSORBED_FROZEN/pNone;ABSORBED_EMPTY/pNone;ABSORBED_FROZEN/pNone;ABSORBED_EMPTY/pNone,None;None;None,False,False
2,A>B.writeB|A>~.reqwriteA~,ABSORBED_FROZEN/pNone,PRE_FAIL,ABSORBED_FROZEN/pNone;ABSORBED_EMPTY/pNone;ABSORBED_FROZEN/pNone;ABSORBED_EMPTY/pNone;ABSORBED_FROZEN/pNone;ABSORBED_EMPTY/pNone,None;None;None,False,False
2,A>B.writeB|A>~.reqwriteBA,ABSORBED_FROZEN/pNone,PRE_FAIL,ABSORBED_FROZEN/pNone;ABSORBED_EMPTY/pNone;ABSORBED_FROZEN/pNone;ABSORBED_EMPTY/pNone;ABSORBED_FROZEN/pNone;ABSORBED_EMPTY/pNone,None;None;None,False,False
2,A>B.writeB|A>~.reqwriteBB,ABSORBED_FROZEN/pNone,PRE_FAIL,ABSORBED_FROZEN/pNone;ABSORBED_EMPTY/pNone;ABSORBED_FROZEN/pNone;ABSORBED_EMPTY/pNone;ABSORBED_FROZEN/pNone;ABSORBED_EMPTY/pNone,None;None;None,False,False
2,A>B.writeB|A>~.reqwriteB~,ABSORBED_FROZEN/pNone,PRE_FAIL,ABSORBED_FROZEN/pNone;ABSORBED_EMPTY/pNone;ABSORBED_FROZEN/pNone;ABSORBED_EMPTY/pNone;ABSORBED_FROZEN/pNone;ABSORBED_EMPTY/pNone,None;None;None,False,False
2,A>B.writeB|A>~.reqwrite~A,ABSORBED_FROZEN/pNone,PRE_FAIL,ABSORBED_FROZEN/pNone;ABSORBED_EMPTY/pNone;ABSORBED_FROZEN/pNone;ABSORBED_EMPTY/pNone;ABSORBED_FROZEN/pNone;ABSORBED_EMPTY/pNone,None;None;None,False,False
2,A>B.writeB|A>~.reqwrite~B,ABSORBED_FROZEN/pNone,PRE_FAIL,ABSORBED_EMPTY/pNone;ABSORBED_EMPTY/pNone;ABSORBED_EMPTY/pNone,None;None;None,False,False
2,A>B.writeB|A>~.reqwrite~~,ABSORBED_EMPTY/pNone,PRE_FAIL,,None;None;None,False,False
2,A>B.writeB|A>~.req~,ABSORBED_EMPTY/pNone,PRE_FAIL,,None;None;None,False,False
2,A>B.writeB|A>~.self,ABSORBED_EMPTY/pNone,PRE_FAIL,,None;None;None,False,False
2,A>B.writeB|A>~.writeA,ABSORBED_FROZEN/pNone,PRE_FAIL,ABSORBED_FROZEN/pNone;ABSORBED_EMPTY/pNone;ABSORBED_FROZEN/pNone;ABSORBED_EMPTY/pNone;ABSORBED_FROZEN/pNone;ABSORBED_EMPTY/pNone,None;None;None,False,False
2,A>B.writeB|A>~.writeB,ABSORBED_FROZEN/pNone,PRE_FAIL,ABSORBED_EMPTY/pNone;ABSORBED_EMPTY/pNone;ABSORBED_EMPTY/pNone,None;None;None,False,False
2,A>B.writeB|A>~.write~,ABSORBED_EMPTY/pNone,PRE_FAIL,,None;None;None,False,False
2,A>B.writeB|B>A.reqA,ABSORBED_FROZEN/pNone,PRE_FAIL,ABSORBED_FROZEN/pNone;ABSORBED_EMPTY/pNone;ABSORBED_FROZEN/pNone;ABSORBED_EMPTY/pNone;ABSORBED_FROZEN/pNone;ABSORBED_EMPTY/pNone,None;None;None,False,False
2,A>B.writeB|B>A.reqB,POP_OSC/p2,DIED,POP_OSC/p2;POP_OSC/p2;ABSORBED_FROZEN/pNone;POP_OSC/p2;ABSORBED_FROZEN/pNone;ABSORBED_EMPTY/pNone;ABSORBED_FROZEN/pNone;ABSORBED_EMPTY/pNone,None;None;None,False,False
2,A>B.writeB|B>A.reqwriteAA,ABSORBED_FROZEN/pNone,PRE_FAIL,ABSORBED_FROZEN/pNone;ABSORBED_EMPTY/pNone;ABSORBED_FROZEN/pNone;ABSORBED_EMPTY/pNone;ABSORBED_FROZEN/pNone;ABSORBED_EMPTY/pNone,None;None;None,False,False
2,A>B.writeB|B>A.reqwriteAB,ABSORBED_FROZEN/pNone,PRE_FAIL,ABSORBED_FROZEN/pNone;ABSORBED_EMPTY/pNone;ABSORBED_FROZEN/pNone;ABSORBED_EMPTY/pNone;ABSORBED_FROZEN/pNone;ABSORBED_EMPTY/pNone,None;None;None,False,False
2,A>B.writeB|B>A.reqwriteA~,ABSORBED_FROZEN/pNone,PRE_FAIL,ABSORBED_FROZEN/pNone;ABSORBED_EMPTY/pNone;ABSORBED_FROZEN/pNone;ABSORBED_EMPTY/pNone;ABSORBED_FROZEN/pNone;ABSORBED_EMPTY/pNone,None;None;None,False,False
2,A>B.writeB|B>A.reqwriteBA,"MIXED:APERIODIC/pNonex2,POP_OSC/p2x1","MIXED:DEGRADEDx1,PRE_FAILx2",APERIODIC/pNone;APERIODIC/pNone;APERIODIC/pNone;APERIODIC/pNone;APERIODIC/pNone;APERIODIC/pNone;APERIODIC/pNone;APERIODIC/pNone;APERIODIC/pNone,None;None;None,False,False
2,A>B.writeB|B>A.reqwriteBB,POP_OSC/p2,DIED,POP_OSC/p2;POP_OSC/p2;ABSORBED_FROZEN/pNone;POP_OSC/p2;ABSORBED_FROZEN/pNone;ABSORBED_EMPTY/pNone;ABSORBED_FROZEN/pNone;ABSORBED_EMPTY/pNone,None;None;None,False,False
2,A>B.writeB|B>A.reqwriteB~,POP_OSC/p2,DIED,ABSORBED_EMPTY/pNone;ABSORBED_EMPTY/pNone;ABSORBED_EMPTY/pNone,None;None;None,False,False
2,A>B.writeB|B>A.reqwrite~A,ABSORBED_FROZEN/pNone,PRE_FAIL,ABSORBED_FROZEN/pNone;ABSORBED_FROZEN/pNone;ABSORBED_FROZEN/pNone;ABSORBED_FROZEN/pNone;ABSORBED_FROZEN/pNone;ABSORBED_FROZEN/pNone;ABSORBED_FROZEN/pNone;ABSORBED_FROZEN/pNone;ABSORBED_FROZEN/pNone,None;None;None,False,False
2,A>B.writeB|B>A.reqwrite~B,ABSORBED_FROZEN/pNone,PRE_FAIL,ABSORBED_FROZEN/pNone;ABSORBED_FROZEN/pNone;ABSORBED_FROZEN/pNone;ABSORBED_FROZEN/pNone;ABSORBED_FROZEN/pNone;ABSORBED_FROZEN/pNone;ABSORBED_FROZEN/pNone;ABSORBED_FROZEN/pNone;ABSORBED_FROZEN/pNone,None;None;None,False,False
2,A>B.writeB|B>A.reqwrite~~,ABSORBED_FROZEN/pNone,PRE_FAIL,ABSORBED_FROZEN/pNone;ABSORBED_FROZEN/pNone;ABSORBED_FROZEN/pNone;ABSORBED_FROZEN/pNone;ABSORBED_FROZEN/pNone;ABSORBED_FROZEN/pNone;ABSORBED_FROZEN/pNone;ABSORBED_FROZEN/pNone;ABSORBED_FROZEN/pNone,None;None;None,False,False
2,A>B.writeB|B>A.req~,ABSORBED_FROZEN/pNone,PRE_FAIL,ABSORBED_FROZEN/pNone;ABSORBED_FROZEN/pNone;ABSORBED_FROZEN/pNone;ABSORBED_FROZEN/pNone;ABSORBED_FROZEN/pNone;ABSORBED_FROZEN/pNone;ABSORBED_FROZEN/pNone;ABSORBED_FROZEN/pNone;ABSORBED_FROZEN/pNone,None;None;None,False,False
2,A>B.writeB|B>A.self,APERIODIC/pNone,PRE_FAIL,APERIODIC/pNone;APERIODIC/pNone;APERIODIC/pNone;APERIODIC/pNone;APERIODIC/pNone;APERIODIC/pNone;APERIODIC/pNone;APERIODIC/pNone;APERIODIC/pNone,None;None;None,False,False
2,A>B.writeB|B>A.writeA,APERIODIC/pNone,PRE_FAIL,APERIODIC/pNone;APERIODIC/pNone;APERIODIC/pNone;APERIODIC/pNone;APERIODIC/pNone;APERIODIC/pNone;APERIODIC/pNone;POP_OSC/p2;APERIODIC/pNone,None;None;None,False,False
2,A>B.writeB|B>A.writeB,APERIODIC/pNone,PRE_FAIL,APERIODIC/pNone;APERIODIC/pNone;APERIODIC/pNone;APERIODIC/pNone;APERIODIC/pNone;APERIODIC/pNone;APERIODIC/pNone;POP_OSC/p2;APERIODIC/pNone,None;None;None,False,False
2,A>B.writeB|B>A.write~,APERIODIC/pNone,PRE_FAIL,APERIODIC/pNone;APERIODIC/pNone;APERIODIC/pNone;APERIODIC/pNone;POP_OSC/p2;POP_OSC/p2;APERIODIC/pNone;POP_OSC/p2;ABSORBED_EMPTY/pNone,None;None;None,False,False
2,A>B.writeB|B>B.reqA,ABSORBED_FROZEN/pNone,PRE_FAIL,ABSORBED_FROZEN/pNone;ABSORBED_EMPTY/pNone;ABSORBED_FROZEN/pNone;ABSORBED_EMPTY/pNone;ABSORBED_FROZEN/pNone;ABSORBED_EMPTY/pNone,None;None;None,False,False
2,A>B.writeB|B>B.reqB,FIXED/p1,DIED,ABSORBED_FROZEN/pNone;ABSORBED_EMPTY/pNone;ABSORBED_FROZEN/pNone;ABSORBED_EMPTY/pNone;ABSORBED_FROZEN/pNone;ABSORBED_EMPTY/pNone,None;None;None,False,False
2,A>B.writeB|B>B.reqwriteAA,ABSORBED_FROZEN/pNone,PRE_FAIL,ABSORBED_FROZEN/pNone;ABSORBED_EMPTY/pNone;ABSORBED_FROZEN/pNone;ABSORBED_EMPTY/pNone;ABSORBED_FROZEN/pNone;ABSORBED_EMPTY/pNone,None;None;None,False,False
2,A>B.writeB|B>B.reqwriteAB,ABSORBED_FROZEN/pNone,PRE_FAIL,ABSORBED_FROZEN/pNone;ABSORBED_EMPTY/pNone;ABSORBED_FROZEN/pNone;ABSORBED_EMPTY/pNone;ABSORBED_FROZEN/pNone;ABSORBED_EMPTY/pNone,None;None;None,False,False
2,A>B.writeB|B>B.reqwriteA~,ABSORBED_FROZEN/pNone,PRE_FAIL,ABSORBED_FROZEN/pNone;ABSORBED_EMPTY/pNone;ABSORBED_FROZEN/pNone;ABSORBED_EMPTY/pNone;ABSORBED_FROZEN/pNone;ABSORBED_EMPTY/pNone,None;None;None,False,False
2,A>B.writeB|B>B.reqwriteBA,APERIODIC/pNone,PRE_FAIL,APERIODIC/pNone;APERIODIC/pNone;APERIODIC/pNone;APERIODIC/pNone;APERIODIC/pNone;APERIODIC/pNone;APERIODIC/pNone;APERIODIC/pNone;APERIODIC/pNone,None;None;None,False,False
2,A>B.writeB|B>B.reqwriteBB,FIXED/p1,DIED,ABSORBED_FROZEN/pNone;ABSORBED_EMPTY/pNone;ABSORBED_FROZEN/pNone;ABSORBED_EMPTY/pNone;ABSORBED_FROZEN/pNone;ABSORBED_EMPTY/pNone,None;None;None,False,False
2,A>B.writeB|B>B.reqwriteB~,ABSORBED_FROZEN/pNone,PRE_FAIL,ABSORBED_EMPTY/pNone;ABSORBED_EMPTY/pNone;ABSORBED_EMPTY/pNone,None;None;None,False,False
2,A>B.writeB|B>B.reqwrite~A,ABSORBED_FROZEN/pNone,PRE_FAIL,ABSORBED_FROZEN/pNone;ABSORBED_FROZEN/pNone;ABSORBED_FROZEN/pNone;ABSORBED_FROZEN/pNone;ABSORBED_FROZEN/pNone;ABSORBED_FROZEN/pNone;ABSORBED_FROZEN/pNone;ABSORBED_FROZEN/pNone;ABSORBED_FROZEN/pNone,None;None;None,False,False
2,A>B.writeB|B>B.reqwrite~B,ABSORBED_FROZEN/pNone,PRE_FAIL,ABSORBED_FROZEN/pNone;ABSORBED_FROZEN/pNone;ABSORBED_FROZEN/pNone;ABSORBED_FROZEN/pNone;ABSORBED_FROZEN/pNone;ABSORBED_FROZEN/pNone;ABSORBED_FROZEN/pNone;ABSORBED_FROZEN/pNone;ABSORBED_FROZEN/pNone,None;None;None,False,False
2,A>B.writeB|B>B.reqwrite~~,FIXED/p1,DIED,FIXED/p1;ABSORBED_EMPTY/pNone;FIXED/p1;ABSORBED_EMPTY/pNone;FIXED/p1;ABSORBED_EMPTY/pNone,None;None;None,False,False
2,A>B.writeB|B>B.req~,FIXED/p1,DIED,FIXED/p1;ABSORBED_EMPTY/pNone;FIXED/p1;ABSORBED_EMPTY/pNone;FIXED/p1;ABSORBED_EMPTY/pNone,None;None;None,False,False
2,A>B.writeB|B>B.self,FIXED/p1,DIED,FIXED/p1;ABSORBED_EMPTY/pNone;FIXED/p1;ABSORBED_EMPTY/pNone;FIXED/p1;ABSORBED_EMPTY/pNone,None;None;None,False,False
2,A>B.writeB|B>B.writeA,APERIODIC/pNone,PRE_FAIL,FIXED/p1;APERIODIC/pNone;APERIODIC/pNone;APERIODIC/pNone;APERIODIC/pNone;APERIODIC/pNone;APERIODIC/pNone;FIXED/p1;FIXED/p1,None;None;None,False,False
2,A>B.writeB|B>B.writeB,FIXED/p1,REPAIR,FIXED/p1;FIXED/p1;FIXED/p1;FIXED/p1;FIXED/p1;FIXED/p1;FIXED/p1;FIXED/p1;FIXED/p1,True;True;True,True,False
2,A>B.writeB|B>B.write~,FIXED/p1,DIED,ABSORBED_EMPTY/pNone;ABSORBED_EMPTY/pNone;ABSORBED_EMPTY/pNone,None;None;None,False,False
2,A>B.writeB|B>~.reqA,ABSORBED_FROZEN/pNone,PRE_FAIL,ABSORBED_FROZEN/pNone;ABSORBED_EMPTY/pNone;ABSORBED_FROZEN/pNone;ABSORBED_EMPTY/pNone;ABSORBED_FROZEN/pNone;ABSORBED_EMPTY/pNone,None;None;None,False,False
2,A>B.writeB|B>~.reqB,ABSORBED_FROZEN/pNone,PRE_FAIL,ABSORBED_EMPTY/pNone;ABSORBED_EMPTY/pNone;ABSORBED_EMPTY/pNone,None;None;None,False,False
2,A>B.writeB|B>~.reqwriteAA,ABSORBED_FROZEN/pNone,PRE_FAIL,ABSORBED_FROZEN/pNone;ABSORBED_EMPTY/pNone;ABSORBED_FROZEN/pNone;ABSORBED_EMPTY/pNone;ABSORBED_FROZEN/pNone;ABSORBED_EMPTY/pNone,None;None;None,False,False
2,A>B.writeB|B>~.reqwriteAB,ABSORBED_FROZEN/pNone,PRE_FAIL,ABSORBED_FROZEN/pNone;ABSORBED_EMPTY/pNone;ABSORBED_FROZEN/pNone;ABSORBED_EMPTY/pNone;ABSORBED_FROZEN/pNone;ABSORBED_EMPTY/pNone,None;None;None,False,False
2,A>B.writeB|B>~.reqwriteA~,ABSORBED_FROZEN/pNone,PRE_FAIL,ABSORBED_FROZEN/pNone;ABSORBED_EMPTY/pNone;ABSORBED_FROZEN/pNone;ABSORBED_EMPTY/pNone;ABSORBED_FROZEN/pNone;ABSORBED_EMPTY/pNone,None;None;None,False,False
2,A>B.writeB|B>~.reqwriteBA,POP_OSC/p12,DIED,ABSORBED_EMPTY/pNone;ABSORBED_EMPTY/pNone;ABSORBED_EMPTY/pNone,None;None;None,False,False
2,A>B.writeB|B>~.reqwriteBB,ABSORBED_FROZEN/pNone,PRE_FAIL,ABSORBED_EMPTY/pNone;ABSORBED_EMPTY/pNone;ABSORBED_EMPTY/pNone,None;None;None,False,False
2,A>B.writeB|B>~.reqwriteB~,ABSORBED_EMPTY/pNone,PRE_FAIL,,None;None;None,False,False
2,A>B.writeB|B>~.reqwrite~A,ABSORBED_FROZEN/pNone,PRE_FAIL,ABSORBED_FROZEN/pNone;APERIODIC/pNone;ABSORBED_FROZEN/pNone;ABSORBED_FROZEN/pNone;ABSORBED_FROZEN/pNone;ABSORBED_FROZEN/pNone;ABSORBED_FROZEN/pNone;ABSORBED_FROZEN/pNone;ABSORBED_FROZEN/pNone,None;None;None,False,False
2,A>B.writeB|B>~.reqwrite~B,"MIXED:APERIODIC/pNonex2,TRANSLATION/p6x1","MIXED:DIEDx1,PRE_FAILx2",TRANSLATION/p6;ABSORBED_EMPTY/pNone;TRANSLATION/p6;ABSORBED_EMPTY/pNone;TRANSLATION/p6;ABSORBED_EMPTY/pNone,None;None;None,False,False
2,A>B.writeB|B>~.reqwrite~~,ABSORBED_EMPTY/pNone,PRE_FAIL,,None;None;None,False,False
2,A>B.writeB|B>~.req~,ABSORBED_EMPTY/pNone,PRE_FAIL,,None;None;None,False,False
2,A>B.writeB|B>~.self,ABSORBED_EMPTY/pNone,PRE_FAIL,,None;None;None,False,False
2,A>B.writeB|B>~.writeA,APERIODIC/pNone,PRE_FAIL,APERIODIC/pNone;APERIODIC/pNone;APERIODIC/pNone;APERIODIC/pNone;APERIODIC/pNone;APERIODIC/pNone;APERIODIC/pNone;APERIODIC/pNone;APERIODIC/pNone,None;None;None,False,False
2,A>B.writeB|B>~.writeB,TRANSLATION/p6,DIED,ABSORBED_EMPTY/pNone;ABSORBED_EMPTY/pNone;ABSORBED_EMPTY/pNone,None;None;None,False,False
2,A>B.writeB|B>~.write~,ABSORBED_EMPTY/pNone,PRE_FAIL,,None;None;None,False,False
2,A>B.write~|A>~.reqA,ABSORBED_FROZEN/pNone,PRE_FAIL,ABSORBED_EMPTY/pNone;ABSORBED_EMPTY/pNone;ABSORBED_EMPTY/pNone,None;None;None,False,False
2,A>B.write~|A>~.reqB,ABSORBED_FROZEN/pNone,PRE_FAIL,ABSORBED_EMPTY/pNone;ABSORBED_EMPTY/pNone;ABSORBED_EMPTY/pNone,None;None;None,False,False
2,A>B.write~|A>~.reqwriteAA,ABSORBED_FROZEN/pNone,PRE_FAIL,ABSORBED_EMPTY/pNone;ABSORBED_EMPTY/pNone;ABSORBED_EMPTY/pNone,None;None;None,False,False
2,A>B.write~|A>~.reqwriteAB,ABSORBED_FROZEN/pNone,PRE_FAIL,ABSORBED_EMPTY/pNone;ABSORBED_EMPTY/pNone;ABSORBED_EMPTY/pNone,None;None;None,False,False
2,A>B.write~|A>~.reqwriteA~,ABSORBED_FROZEN/pNone,PRE_FAIL,ABSORBED_EMPTY/pNone;ABSORBED_EMPTY/pNone;ABSORBED_EMPTY/pNone,None;None;None,False,False
2,A>B.write~|A>~.reqwriteBA,ABSORBED_FROZEN/pNone,PRE_FAIL,ABSORBED_EMPTY/pNone;ABSORBED_EMPTY/pNone;ABSORBED_EMPTY/pNone,None;None;None,False,False
2,A>B.write~|A>~.reqwriteBB,ABSORBED_FROZEN/pNone,PRE_FAIL,ABSORBED_EMPTY/pNone;ABSORBED_EMPTY/pNone;ABSORBED_EMPTY/pNone,None;None;None,False,False
2,A>B.write~|A>~.reqwriteB~,ABSORBED_FROZEN/pNone,PRE_FAIL,ABSORBED_EMPTY/pNone;ABSORBED_EMPTY/pNone;ABSORBED_EMPTY/pNone,None;None;None,False,False
2,A>B.write~|A>~.reqwrite~A,ABSORBED_FROZEN/pNone,PRE_FAIL,ABSORBED_EMPTY/pNone;ABSORBED_EMPTY/pNone;ABSORBED_EMPTY/pNone,None;None;None,False,False
2,A>B.write~|A>~.reqwrite~B,ABSORBED_FROZEN/pNone,PRE_FAIL,ABSORBED_EMPTY/pNone;ABSORBED_EMPTY/pNone;ABSORBED_EMPTY/pNone,None;None;None,False,False
2,A>B.write~|A>~.reqwrite~~,ABSORBED_EMPTY/pNone,PRE_FAIL,,None;None;None,False,False
2,A>B.write~|A>~.req~,ABSORBED_EMPTY/pNone,PRE_FAIL,,None;None;None,False,False
2,A>B.write~|A>~.self,ABSORBED_EMPTY/pNone,PRE_FAIL,,None;None;None,False,False
2,A>B.write~|A>~.writeA,ABSORBED_FROZEN/pNone,PRE_FAIL,ABSORBED_EMPTY/pNone;ABSORBED_EMPTY/pNone;ABSORBED_EMPTY/pNone,None;None;None,False,False
2,A>B.write~|A>~.writeB,ABSORBED_FROZEN/pNone,PRE_FAIL,ABSORBED_EMPTY/pNone;ABSORBED_EMPTY/pNone;ABSORBED_EMPTY/pNone,None;None;None,False,False
2,A>B.write~|A>~.write~,ABSORBED_EMPTY/pNone,PRE_FAIL,,None;None;None,False,False
2,A>B.write~|B>A.reqA,ABSORBED_FROZEN/pNone,PRE_FAIL,ABSORBED_EMPTY/pNone;ABSORBED_EMPTY/pNone;ABSORBED_EMPTY/pNone,None;None;None,False,False
2,A>B.write~|B>A.reqB,ABSORBED_FROZEN/pNone,PRE_FAIL,ABSORBED_EMPTY/pNone;ABSORBED_EMPTY/pNone;ABSORBED_EMPTY/pNone,None;None;None,False,False
2,A>B.write~|B>A.reqwriteAA,ABSORBED_FROZEN/pNone,PRE_FAIL,ABSORBED_EMPTY/pNone;ABSORBED_EMPTY/pNone;ABSORBED_EMPTY/pNone,None;None;None,False,False
2,A>B.write~|B>A.reqwriteAB,ABSORBED_FROZEN/pNone,PRE_FAIL,ABSORBED_EMPTY/pNone;ABSORBED_EMPTY/pNone;ABSORBED_EMPTY/pNone,None;None;None,False,False
2,A>B.write~|B>A.reqwriteA~,ABSORBED_FROZEN/pNone,PRE_FAIL,ABSORBED_EMPTY/pNone;ABSORBED_EMPTY/pNone;ABSORBED_EMPTY/pNone,None;None;None,False,False
2,A>B.write~|B>A.reqwriteBA,ABSORBED_FROZEN/pNone,PRE_FAIL,ABSORBED_EMPTY/pNone;ABSORBED_EMPTY/pNone;ABSORBED_EMPTY/pNone,None;None;None,False,False
2,A>B.write~|B>A.reqwriteBB,ABSORBED_FROZEN/pNone,PRE_FAIL,ABSORBED_EMPTY/pNone;ABSORBED_EMPTY/pNone;ABSORBED_EMPTY/pNone,None;None;None,False,False
2,A>B.write~|B>A.reqwriteB~,ABSORBED_FROZEN/pNone,PRE_FAIL,ABSORBED_EMPTY/pNone;ABSORBED_EMPTY/pNone;ABSORBED_EMPTY/pNone,None;None;None,False,False
2,A>B.write~|B>A.reqwrite~A,APERIODIC/pNone,PRE_FAIL,APERIODIC/pNone;APERIODIC/pNone;APERIODIC/pNone;APERIODIC/pNone;POP_OSC/p2;POP_OSC/p2;APERIODIC/pNone;POP_OSC/p2;ABSORBED_EMPTY/pNone,None;None;None,False,False
2,A>B.write~|B>A.reqwrite~B,"MIXED:APERIODIC/pNonex1,POP_OSC/p2x2","MIXED:DEGRADEDx2,PRE_FAILx1",POP_OSC/p6;POP_OSC/p2;POP_OSC/p2;APERIODIC/pNone;APERIODIC/pNone;APERIODIC/pNone;POP_OSC/p2;POP_OSC/p2;APERIODIC/pNone,None;None;None,False,False
2,A>B.write~|B>A.reqwrite~~,POP_OSC/p2,DIED,ABSORBED_EMPTY/pNone;ABSORBED_EMPTY/pNone;ABSORBED_EMPTY/pNone,None;None;None,False,False
2,A>B.write~|B>A.req~,POP_OSC/p2,DIED,ABSORBED_EMPTY/pNone;ABSORBED_EMPTY/pNone;ABSORBED_EMPTY/pNone,None;None;None,False,False
2,A>B.write~|B>A.self,POP_OSC/p2,DIED,ABSORBED_EMPTY/pNone;ABSORBED_EMPTY/pNone;ABSORBED_EMPTY/pNone,None;None;None,False,False
2,A>B.write~|B>A.writeA,APERIODIC/pNone,PRE_FAIL,APERIODIC/pNone;APERIODIC/pNone;APERIODIC/pNone;APERIODIC/pNone;POP_OSC/p2;POP_OSC/p2;APERIODIC/pNone;POP_OSC/p2;ABSORBED_EMPTY/pNone,None;None;None,False,False
2,A>B.write~|B>A.writeB,APERIODIC/pNone,PRE_FAIL,APERIODIC/pNone;APERIODIC/pNone;APERIODIC/pNone;APERIODIC/pNone;APERIODIC/pNone;APERIODIC/pNone;APERIODIC/pNone;POP_OSC/p2;APERIODIC/pNone,None;None;None,False,False
2,A>B.write~|B>A.write~,POP_OSC/p2,DIED,ABSORBED_EMPTY/pNone;ABSORBED_EMPTY/pNone;ABSORBED_EMPTY/pNone,None;None;None,False,False
2,A>B.write~|B>B.reqA,ABSORBED_FROZEN/pNone,PRE_FAIL,ABSORBED_EMPTY/pNone;ABSORBED_EMPTY/pNone;ABSORBED_EMPTY/pNone,None;None;None,False,False
2,A>B.write~|B>B.reqB,ABSORBED_FROZEN/pNone,PRE_FAIL,ABSORBED_EMPTY/pNone;ABSORBED_EMPTY/pNone;ABSORBED_EMPTY/pNone,None;None;None,False,False
2,A>B.write~|B>B.reqwriteAA,ABSORBED_FROZEN/pNone,PRE_FAIL,ABSORBED_EMPTY/pNone;ABSORBED_EMPTY/pNone;ABSORBED_EMPTY/pNone,None;None;None,False,False
2,A>B.write~|B>B.reqwriteAB,ABSORBED_FROZEN/pNone,PRE_FAIL,ABSORBED_EMPTY/pNone;ABSORBED_EMPTY/pNone;ABSORBED_EMPTY/pNone,None;None;None,False,False
2,A>B.write~|B>B.reqwriteA~,ABSORBED_FROZEN/pNone,PRE_FAIL,ABSORBED_EMPTY/pNone;ABSORBED_EMPTY/pNone;ABSORBED_EMPTY/pNone,None;None;None,False,False
2,A>B.write~|B>B.reqwriteBA,ABSORBED_FROZEN/pNone,PRE_FAIL,ABSORBED_EMPTY/pNone;ABSORBED_EMPTY/pNone;ABSORBED_EMPTY/pNone,None;None;None,False,False
2,A>B.write~|B>B.reqwriteBB,ABSORBED_FROZEN/pNone,PRE_FAIL,ABSORBED_EMPTY/pNone;ABSORBED_EMPTY/pNone;ABSORBED_EMPTY/pNone,None;None;None,False,False
2,A>B.write~|B>B.reqwriteB~,ABSORBED_FROZEN/pNone,PRE_FAIL,ABSORBED_EMPTY/pNone;ABSORBED_EMPTY/pNone;ABSORBED_EMPTY/pNone,None;None;None,False,False
2,A>B.write~|B>B.reqwrite~A,POP_OSC/p12,REPAIR,POP_OSC/p12;POP_OSC/p12;POP_OSC/p12;POP_OSC/p12;POP_OSC/p12;POP_OSC/p12;POP_OSC/p12;POP_OSC/p12;POP_OSC/p12,None;None;None,False,True
2,A>B.write~|B>B.reqwrite~B,ABSORBED_FROZEN/pNone,PRE_FAIL,ABSORBED_FROZEN/pNone;ABSORBED_FROZEN/pNone;ABSORBED_FROZEN/pNone;ABSORBED_FROZEN/pNone;ABSORBED_FROZEN/pNone;ABSORBED_FROZEN/pNone;ABSORBED_FROZEN/pNone;ABSORBED_FROZEN/pNone;ABSORBED_FROZEN/pNone,None;None;None,False,False
2,A>B.write~|B>B.reqwrite~~,FIXED/p1,DIED,ABSORBED_EMPTY/pNone;ABSORBED_EMPTY/pNone;ABSORBED_EMPTY/pNone,None;None;None,False,False
2,A>B.write~|B>B.req~,FIXED/p1,DIED,ABSORBED_EMPTY/pNone;ABSORBED_EMPTY/pNone;ABSORBED_EMPTY/pNone,None;None;None,False,False
2,A>B.write~|B>B.self,FIXED/p1,DIED,ABSORBED_EMPTY/pNone;ABSORBED_EMPTY/pNone;ABSORBED_EMPTY/pNone,None;None;None,False,False
2,A>B.write~|B>B.writeA,"MIXED:APERIODIC/pNonex2,FIXED/p1x1","MIXED:DEGRADEDx1,PRE_FAILx2",APERIODIC/pNone;APERIODIC/pNone;FIXED/p1;APERIODIC/pNone;FIXED/p1;POP_OSC/p2;FIXED/p1;FIXED/p1;FIXED/p1,False;None;None,False,False
2,A>B.write~|B>B.writeB,FIXED/p1,REPAIR,FIXED/p1;FIXED/p1;FIXED/p1;FIXED/p1;FIXED/p1;FIXED/p1;FIXED/p1;FIXED/p1;FIXED/p1,True;True;True,True,False
2,A>B.write~|B>B.write~,FIXED/p1,DIED,ABSORBED_EMPTY/pNone;ABSORBED_EMPTY/pNone;ABSORBED_EMPTY/pNone,None;None;None,False,False
2,A>B.write~|B>~.reqA,ABSORBED_FROZEN/pNone,PRE_FAIL,ABSORBED_EMPTY/pNone;ABSORBED_EMPTY/pNone;ABSORBED_EMPTY/pNone,None;None;None,False,False
2,A>B.write~|B>~.reqB,ABSORBED_FROZEN/pNone,PRE_FAIL,ABSORBED_EMPTY/pNone;ABSORBED_EMPTY/pNone;ABSORBED_EMPTY/pNone,None;None;None,False,False
2,A>B.write~|B>~.reqwriteAA,ABSORBED_FROZEN/pNone,PRE_FAIL,ABSORBED_EMPTY/pNone;ABSORBED_EMPTY/pNone;ABSORBED_EMPTY/pNone,None;None;None,False,False
2,A>B.write~|B>~.reqwriteAB,ABSORBED_FROZEN/pNone,PRE_FAIL,ABSORBED_EMPTY/pNone;ABSORBED_EMPTY/pNone;ABSORBED_EMPTY/pNone,None;None;None,False,False
2,A>B.write~|B>~.reqwriteA~,ABSORBED_FROZEN/pNone,PRE_FAIL,ABSORBED_EMPTY/pNone;ABSORBED_EMPTY/pNone;ABSORBED_EMPTY/pNone,None;None;None,False,False
2,A>B.write~|B>~.reqwriteBA,ABSORBED_FROZEN/pNone,PRE_FAIL,ABSORBED_EMPTY/pNone;ABSORBED_EMPTY/pNone;ABSORBED_EMPTY/pNone,None;None;None,False,False
2,A>B.write~|B>~.reqwriteBB,ABSORBED_FROZEN/pNone,PRE_FAIL,ABSORBED_EMPTY/pNone;ABSORBED_EMPTY/pNone;ABSORBED_EMPTY/pNone,None;None;None,False,False
2,A>B.write~|B>~.reqwriteB~,ABSORBED_FROZEN/pNone,PRE_FAIL,ABSORBED_EMPTY/pNone;ABSORBED_EMPTY/pNone;ABSORBED_EMPTY/pNone,None;None;None,False,False
2,A>B.write~|B>~.reqwrite~A,POP_OSC/p12,DIED,ABSORBED_EMPTY/pNone;ABSORBED_EMPTY/pNone;ABSORBED_EMPTY/pNone,None;None;None,False,False
2,A>B.write~|B>~.reqwrite~B,TRANSLATION/p6,DIED,ABSORBED_EMPTY/pNone;ABSORBED_EMPTY/pNone;ABSORBED_EMPTY/pNone,None;None;None,False,False
2,A>B.write~|B>~.reqwrite~~,ABSORBED_EMPTY/pNone,PRE_FAIL,,None;None;None,False,False
2,A>B.write~|B>~.req~,ABSORBED_EMPTY/pNone,PRE_FAIL,,None;None;None,False,False
2,A>B.write~|B>~.self,ABSORBED_EMPTY/pNone,PRE_FAIL,,None;None;None,False,False
2,A>B.write~|B>~.writeA,POP_OSC/p12,DIED,ABSORBED_EMPTY/pNone;ABSORBED_EMPTY/pNone;ABSORBED_EMPTY/pNone,None;None;None,False,False
2,A>B.write~|B>~.writeB,TRANSLATION/p6,DIED,ABSORBED_EMPTY/pNone;ABSORBED_EMPTY/pNone;ABSORBED_EMPTY/pNone,None;None;None,False,False
2,A>B.write~|B>~.write~,ABSORBED_EMPTY/pNone,PRE_FAIL,,None;None;None,False,False
2,A>~.reqA|A>~.reqB,ABSORBED_FROZEN/pNone,PRE_FAIL,ABSORBED_EMPTY/pNone;ABSORBED_EMPTY/pNone;ABSORBED_EMPTY/pNone,None;None;None,False,False
2,A>~.reqA|A>~.reqwriteAA,ABSORBED_FROZEN/pNone,PRE_FAIL,ABSORBED_EMPTY/pNone;ABSORBED_EMPTY/pNone;ABSORBED_EMPTY/pNone,None;None;None,False,False
2,A>~.reqA|A>~.reqwriteAB,ABSORBED_FROZEN/pNone,PRE_FAIL,ABSORBED_EMPTY/pNone;ABSORBED_EMPTY/pNone;ABSORBED_EMPTY/pNone,None;None;None,False,False
2,A>~.reqA|A>~.reqwriteA~,ABSORBED_FROZEN/pNone,PRE_FAIL,ABSORBED_EMPTY/pNone;ABSORBED_EMPTY/pNone;ABSORBED_EMPTY/pNone,None;None;None,False,False
2,A>~.reqA|A>~.reqwriteBA,ABSORBED_FROZEN/pNone,PRE_FAIL,ABSORBED_EMPTY/pNone;ABSORBED_EMPTY/pNone;ABSORBED_EMPTY/pNone,None;None;None,False,False
2,A>~.reqA|A>~.reqwriteBB,ABSORBED_FROZEN/pNone,PRE_FAIL,ABSORBED_EMPTY/pNone;ABSORBED_EMPTY/pNone;ABSORBED_EMPTY/pNone,None;None;None,False,False
2,A>~.reqA|A>~.reqwriteB~,ABSORBED_FROZEN/pNone,PRE_FAIL,ABSORBED_EMPTY/pNone;ABSORBED_EMPTY/pNone;ABSORBED_EMPTY/pNone,None;None;None,False,False
2,A>~.reqA|A>~.reqwrite~A,TRANSLATION/p6,DIED,ABSORBED_EMPTY/pNone;ABSORBED_EMPTY/pNone;ABSORBED_EMPTY/pNone,None;None;None,False,False
2,A>~.reqA|A>~.reqwrite~B,ABSORBED_FROZEN/pNone,PRE_FAIL,ABSORBED_EMPTY/pNone;ABSORBED_EMPTY/pNone;ABSORBED_EMPTY/pNone,None;None;None,False,False
2,A>~.reqA|A>~.reqwrite~~,ABSORBED_EMPTY/pNone,PRE_FAIL,,None;None;None,False,False
2,A>~.reqA|A>~.req~,ABSORBED_EMPTY/pNone,PRE_FAIL,,None;None;None,False,False
2,A>~.reqA|A>~.self,ABSORBED_EMPTY/pNone,PRE_FAIL,,None;None;None,False,False
2,A>~.reqA|A>~.writeA,TRANSLATION/p6,DIED,ABSORBED_EMPTY/pNone;ABSORBED_EMPTY/pNone;ABSORBED_EMPTY/pNone,None;None;None,False,False
2,A>~.reqA|A>~.writeB,ABSORBED_FROZEN/pNone,PRE_FAIL,ABSORBED_EMPTY/pNone;ABSORBED_EMPTY/pNone;ABSORBED_EMPTY/pNone,None;None;None,False,False
2,A>~.reqA|A>~.write~,ABSORBED_EMPTY/pNone,PRE_FAIL,,None;None;None,False,False
2,A>~.reqA|B>A.reqA,ABSORBED_FROZEN/pNone,PRE_FAIL,ABSORBED_EMPTY/pNone;ABSORBED_EMPTY/pNone;ABSORBED_EMPTY/pNone,None;None;None,False,False
2,A>~.reqA|B>A.reqB,ABSORBED_FROZEN/pNone,PRE_FAIL,ABSORBED_EMPTY/pNone;ABSORBED_EMPTY/pNone;ABSORBED_EMPTY/pNone,None;None;None,False,False
2,A>~.reqA|B>A.reqwriteAA,ABSORBED_FROZEN/pNone,PRE_FAIL,ABSORBED_EMPTY/pNone;ABSORBED_EMPTY/pNone;ABSORBED_EMPTY/pNone,None;None;None,False,False
2,A>~.reqA|B>A.reqwriteAB,ABSORBED_FROZEN/pNone,PRE_FAIL,ABSORBED_EMPTY/pNone;ABSORBED_EMPTY/pNone;ABSORBED_EMPTY/pNone,None;None;None,False,False
2,A>~.reqA|B>A.reqwriteA~,ABSORBED_FROZEN/pNone,PRE_FAIL,ABSORBED_EMPTY/pNone;ABSORBED_EMPTY/pNone;ABSORBED_EMPTY/pNone,None;None;None,False,False
2,A>~.reqA|B>A.reqwriteBA,ABSORBED_FROZEN/pNone,PRE_FAIL,ABSORBED_EMPTY/pNone;ABSORBED_EMPTY/pNone;ABSORBED_EMPTY/pNone,None;None;None,False,False
2,A>~.reqA|B>A.reqwriteBB,ABSORBED_FROZEN/pNone,PRE_FAIL,ABSORBED_EMPTY/pNone;ABSORBED_EMPTY/pNone;ABSORBED_EMPTY/pNone,None;None;None,False,False
2,A>~.reqA|B>A.reqwriteB~,ABSORBED_FROZEN/pNone,PRE_FAIL,ABSORBED_EMPTY/pNone;ABSORBED_EMPTY/pNone;ABSORBED_EMPTY/pNone,None;None;None,False,False
2,A>~.reqA|B>A.reqwrite~A,ABSORBED_FROZEN/pNone,PRE_FAIL,ABSORBED_EMPTY/pNone;ABSORBED_EMPTY/pNone;ABSORBED_EMPTY/pNone,None;None;None,False,False
2,A>~.reqA|B>A.reqwrite~B,ABSORBED_FROZEN/pNone,PRE_FAIL,ABSORBED_EMPTY/pNone;ABSORBED_EMPTY/pNone;ABSORBED_EMPTY/pNone,None;None;None,False,False
2,A>~.reqA|B>A.reqwrite~~,ABSORBED_FROZEN/pNone,PRE_FAIL,ABSORBED_EMPTY/pNone;ABSORBED_EMPTY/pNone;ABSORBED_EMPTY/pNone,None;None;None,False,False
2,A>~.reqA|B>A.req~,ABSORBED_FROZEN/pNone,PRE_FAIL,ABSORBED_EMPTY/pNone;ABSORBED_EMPTY/pNone;ABSORBED_EMPTY/pNone,None;None;None,False,False
2,A>~.reqA|B>A.self,ABSORBED_FROZEN/pNone,PRE_FAIL,ABSORBED_EMPTY/pNone;ABSORBED_EMPTY/pNone;ABSORBED_EMPTY/pNone,None;None;None,False,False
2,A>~.reqA|B>A.writeA,ABSORBED_FROZEN/pNone,PRE_FAIL,ABSORBED_EMPTY/pNone;ABSORBED_EMPTY/pNone;ABSORBED_EMPTY/pNone,None;None;None,False,False
2,A>~.reqA|B>A.writeB,ABSORBED_FROZEN/pNone,PRE_FAIL,ABSORBED_EMPTY/pNone;ABSORBED_EMPTY/pNone;ABSORBED_EMPTY/pNone,None;None;None,False,False
2,A>~.reqA|B>A.write~,ABSORBED_FROZEN/pNone,PRE_FAIL,ABSORBED_EMPTY/pNone;ABSORBED_EMPTY/pNone;ABSORBED_EMPTY/pNone,None;None;None,False,False
2,A>~.reqA|B>B.reqA,ABSORBED_FROZEN/pNone,PRE_FAIL,ABSORBED_EMPTY/pNone;ABSORBED_EMPTY/pNone;ABSORBED_EMPTY/pNone,None;None;None,False,False
2,A>~.reqA|B>B.reqB,ABSORBED_FROZEN/pNone,PRE_FAIL,ABSORBED_EMPTY/pNone;ABSORBED_EMPTY/pNone;ABSORBED_EMPTY/pNone,None;None;None,False,False
2,A>~.reqA|B>B.reqwriteAA,ABSORBED_FROZEN/pNone,PRE_FAIL,ABSORBED_EMPTY/pNone;ABSORBED_EMPTY/pNone;ABSORBED_EMPTY/pNone,None;None;None,False,False
2,A>~.reqA|B>B.reqwriteAB,ABSORBED_FROZEN/pNone,PRE_FAIL,ABSORBED_EMPTY/pNone;ABSORBED_EMPTY/pNone;ABSORBED_EMPTY/pNone,None;None;None,False,False
2,A>~.reqA|B>B.reqwriteA~,ABSORBED_FROZEN/pNone,PRE_FAIL,ABSORBED_EMPTY/pNone;ABSORBED_EMPTY/pNone;ABSORBED_EMPTY/pNone,None;None;None,False,False
2,A>~.reqA|B>B.reqwriteBA,ABSORBED_FROZEN/pNone,PRE_FAIL,ABSORBED_EMPTY/pNone;ABSORBED_EMPTY/pNone;ABSORBED_EMPTY/pNone,None;None;None,False,False
2,A>~.reqA|B>B.reqwriteBB,ABSORBED_FROZEN/pNone,PRE_FAIL,ABSORBED_EMPTY/pNone;ABSORBED_EMPTY/pNone;ABSORBED_EMPTY/pNone,None;None;None,False,False
2,A>~.reqA|B>B.reqwriteB~,ABSORBED_FROZEN/pNone,PRE_FAIL,ABSORBED_EMPTY/pNone;ABSORBED_EMPTY/pNone;ABSORBED_EMPTY/pNone,None;None;None,False,False
2,A>~.reqA|B>B.reqwrite~A,ABSORBED_FROZEN/pNone,PRE_FAIL,ABSORBED_EMPTY/pNone;ABSORBED_EMPTY/pNone;ABSORBED_EMPTY/pNone,None;None;None,False,False
2,A>~.reqA|B>B.reqwrite~B,ABSORBED_FROZEN/pNone,PRE_FAIL,ABSORBED_EMPTY/pNone;ABSORBED_EMPTY/pNone;ABSORBED_EMPTY/pNone,None;None;None,False,False
2,A>~.reqA|B>B.reqwrite~~,ABSORBED_FROZEN/pNone,PRE_FAIL,ABSORBED_EMPTY/pNone;ABSORBED_EMPTY/pNone;ABSORBED_EMPTY/pNone,None;None;None,False,False
2,A>~.reqA|B>B.req~,ABSORBED_FROZEN/pNone,PRE_FAIL,ABSORBED_EMPTY/pNone;ABSORBED_EMPTY/pNone;ABSORBED_EMPTY/pNone,None;None;None,False,False
2,A>~.reqA|B>B.self,ABSORBED_FROZEN/pNone,PRE_FAIL,ABSORBED_EMPTY/pNone;ABSORBED_EMPTY/pNone;ABSORBED_EMPTY/pNone,None;None;None,False,False
2,A>~.reqA|B>B.writeA,ABSORBED_FROZEN/pNone,PRE_FAIL,ABSORBED_EMPTY/pNone;ABSORBED_EMPTY/pNone;ABSORBED_EMPTY/pNone,None;None;None,False,False
2,A>~.reqA|B>B.writeB,ABSORBED_FROZEN/pNone,PRE_FAIL,ABSORBED_EMPTY/pNone;ABSORBED_EMPTY/pNone;ABSORBED_EMPTY/pNone,None;None;None,False,False
2,A>~.reqA|B>B.write~,ABSORBED_FROZEN/pNone,PRE_FAIL,ABSORBED_EMPTY/pNone;ABSORBED_EMPTY/pNone;ABSORBED_EMPTY/pNone,None;None;None,False,False
2,A>~.reqA|B>~.reqA,ABSORBED_FROZEN/pNone,PRE_FAIL,ABSORBED_EMPTY/pNone;ABSORBED_EMPTY/pNone;ABSORBED_EMPTY/pNone,None;None;None,False,False
2,A>~.reqA|B>~.reqB,ABSORBED_FROZEN/pNone,PRE_FAIL,ABSORBED_EMPTY/pNone;ABSORBED_EMPTY/pNone;ABSORBED_EMPTY/pNone,None;None;None,False,False
2,A>~.reqA|B>~.reqwriteAA,ABSORBED_FROZEN/pNone,PRE_FAIL,ABSORBED_EMPTY/pNone;ABSORBED_EMPTY/pNone;ABSORBED_EMPTY/pNone,None;None;None,False,False
2,A>~.reqA|B>~.reqwriteAB,ABSORBED_FROZEN/pNone,PRE_FAIL,ABSORBED_EMPTY/pNone;ABSORBED_EMPTY/pNone;ABSORBED_EMPTY/pNone,None;None;None,False,False
2,A>~.reqA|B>~.reqwriteA~,ABSORBED_FROZEN/pNone,PRE_FAIL,ABSORBED_EMPTY/pNone;ABSORBED_EMPTY/pNone;ABSORBED_EMPTY/pNone,None;None;None,False,False
2,A>~.reqA|B>~.reqwriteBA,ABSORBED_FROZEN/pNone,PRE_FAIL,ABSORBED_EMPTY/pNone;ABSORBED_EMPTY/pNone;ABSORBED_EMPTY/pNone,None;None;None,False,False
2,A>~.reqA|B>~.reqwriteBB,ABSORBED_FROZEN/pNone,PRE_FAIL,ABSORBED_EMPTY/pNone;ABSORBED_EMPTY/pNone;ABSORBED_EMPTY/pNone,None;None;None,False,False
2,A>~.reqA|B>~.reqwriteB~,ABSORBED_FROZEN/pNone,PRE_FAIL,ABSORBED_EMPTY/pNone;ABSORBED_EMPTY/pNone;ABSORBED_EMPTY/pNone,None;None;None,False,False
2,A>~.reqA|B>~.reqwrite~A,ABSORBED_FROZEN/pNone,PRE_FAIL,ABSORBED_EMPTY/pNone;ABSORBED_EMPTY/pNone;ABSORBED_EMPTY/pNone,None;None;None,False,False
2,A>~.reqA|B>~.reqwrite~B,ABSORBED_FROZEN/pNone,PRE_FAIL,ABSORBED_EMPTY/pNone;ABSORBED_EMPTY/pNone;ABSORBED_EMPTY/pNone,None;None;None,False,False
2,A>~.reqA|B>~.reqwrite~~,ABSORBED_FROZEN/pNone,PRE_FAIL,ABSORBED_EMPTY/pNone;ABSORBED_EMPTY/pNone;ABSORBED_EMPTY/pNone,None;None;None,False,False
2,A>~.reqA|B>~.req~,ABSORBED_FROZEN/pNone,PRE_FAIL,ABSORBED_EMPTY/pNone;ABSORBED_EMPTY/pNone;ABSORBED_EMPTY/pNone,None;None;None,False,False
2,A>~.reqA|B>~.self,ABSORBED_FROZEN/pNone,PRE_FAIL,ABSORBED_EMPTY/pNone;ABSORBED_EMPTY/pNone;ABSORBED_EMPTY/pNone,None;None;None,False,False
2,A>~.reqA|B>~.writeA,ABSORBED_FROZEN/pNone,PRE_FAIL,ABSORBED_EMPTY/pNone;ABSORBED_EMPTY/pNone;ABSORBED_EMPTY/pNone,None;None;None,False,False
2,A>~.reqA|B>~.writeB,ABSORBED_FROZEN/pNone,PRE_FAIL,ABSORBED_EMPTY/pNone;ABSORBED_EMPTY/pNone;ABSORBED_EMPTY/pNone,None;None;None,False,False
2,A>~.reqA|B>~.write~,ABSORBED_FROZEN/pNone,PRE_FAIL,ABSORBED_EMPTY/pNone;ABSORBED_EMPTY/pNone;ABSORBED_EMPTY/pNone,None;None;None,False,False
2,A>~.reqB|A>~.reqwriteAA,ABSORBED_FROZEN/pNone,PRE_FAIL,ABSORBED_EMPTY/pNone;ABSORBED_EMPTY/pNone;ABSORBED_EMPTY/pNone,None;None;None,False,False
2,A>~.reqB|A>~.reqwriteAB,ABSORBED_FROZEN/pNone,PRE_FAIL,ABSORBED_EMPTY/pNone;ABSORBED_EMPTY/pNone;ABSORBED_EMPTY/pNone,None;None;None,False,False
2,A>~.reqB|A>~.reqwriteA~,ABSORBED_FROZEN/pNone,PRE_FAIL,ABSORBED_EMPTY/pNone;ABSORBED_EMPTY/pNone;ABSORBED_EMPTY/pNone,None;None;None,False,False
2,A>~.reqB|A>~.reqwriteBA,ABSORBED_FROZEN/pNone,PRE_FAIL,ABSORBED_EMPTY/pNone;ABSORBED_EMPTY/pNone;ABSORBED_EMPTY/pNone,None;None;None,False,False
2,A>~.reqB|A>~.reqwriteBB,ABSORBED_FROZEN/pNone,PRE_FAIL,ABSORBED_EMPTY/pNone;ABSORBED_EMPTY/pNone;ABSORBED_EMPTY/pNone,None;None;None,False,False
2,A>~.reqB|A>~.reqwriteB~,ABSORBED_FROZEN/pNone,PRE_FAIL,ABSORBED_EMPTY/pNone;ABSORBED_EMPTY/pNone;ABSORBED_EMPTY/pNone,None;None;None,False,False
2,A>~.reqB|A>~.reqwrite~A,TRANSLATION/p6,DIED,ABSORBED_EMPTY/pNone;ABSORBED_EMPTY/pNone;ABSORBED_EMPTY/pNone,None;None;None,False,False
2,A>~.reqB|A>~.reqwrite~B,ABSORBED_FROZEN/pNone,PRE_FAIL,ABSORBED_EMPTY/pNone;ABSORBED_EMPTY/pNone;ABSORBED_EMPTY/pNone,None;None;None,False,False
2,A>~.reqB|A>~.reqwrite~~,ABSORBED_EMPTY/pNone,PRE_FAIL,,None;None;None,False,False
2,A>~.reqB|A>~.req~,ABSORBED_EMPTY/pNone,PRE_FAIL,,None;None;None,False,False
2,A>~.reqB|A>~.self,ABSORBED_EMPTY/pNone,PRE_FAIL,,None;None;None,False,False
2,A>~.reqB|A>~.writeA,TRANSLATION/p6,DIED,ABSORBED_EMPTY/pNone;ABSORBED_EMPTY/pNone;ABSORBED_EMPTY/pNone,None;None;None,False,False
2,A>~.reqB|A>~.writeB,ABSORBED_FROZEN/pNone,PRE_FAIL,ABSORBED_EMPTY/pNone;ABSORBED_EMPTY/pNone;ABSORBED_EMPTY/pNone,None;None;None,False,False
2,A>~.reqB|A>~.write~,ABSORBED_EMPTY/pNone,PRE_FAIL,,None;None;None,False,False
2,A>~.reqB|B>A.reqA,ABSORBED_FROZEN/pNone,PRE_FAIL,ABSORBED_EMPTY/pNone;ABSORBED_EMPTY/pNone;ABSORBED_EMPTY/pNone,None;None;None,False,False
2,A>~.reqB|B>A.reqB,ABSORBED_FROZEN/pNone,PRE_FAIL,ABSORBED_EMPTY/pNone;ABSORBED_EMPTY/pNone;ABSORBED_EMPTY/pNone,None;None;None,False,False
2,A>~.reqB|B>A.reqwriteAA,ABSORBED_FROZEN/pNone,PRE_FAIL,ABSORBED_EMPTY/pNone;ABSORBED_EMPTY/pNone;ABSORBED_EMPTY/pNone,None;None;None,False,False
2,A>~.reqB|B>A.reqwriteAB,ABSORBED_FROZEN/pNone,PRE_FAIL,ABSORBED_EMPTY/pNone;ABSORBED_EMPTY/pNone;ABSORBED_EMPTY/pNone,None;None;None,False,False
2,A>~.reqB|B>A.reqwriteA~,ABSORBED_FROZEN/pNone,PRE_FAIL,ABSORBED_EMPTY/pNone;ABSORBED_EMPTY/pNone;ABSORBED_EMPTY/pNone,None;None;None,False,False
2,A>~.reqB|B>A.reqwriteBA,ABSORBED_FROZEN/pNone,PRE_FAIL,ABSORBED_EMPTY/pNone;ABSORBED_EMPTY/pNone;ABSORBED_EMPTY/pNone,None;None;None,False,False
2,A>~.reqB|B>A.reqwriteBB,ABSORBED_FROZEN/pNone,PRE_FAIL,ABSORBED_EMPTY/pNone;ABSORBED_EMPTY/pNone;ABSORBED_EMPTY/pNone,None;None;None,False,False
2,A>~.reqB|B>A.reqwriteB~,ABSORBED_FROZEN/pNone,PRE_FAIL,ABSORBED_EMPTY/pNone;ABSORBED_EMPTY/pNone;ABSORBED_EMPTY/pNone,None;None;None,False,False
2,A>~.reqB|B>A.reqwrite~A,ABSORBED_FROZEN/pNone,PRE_FAIL,ABSORBED_EMPTY/pNone;ABSORBED_EMPTY/pNone;ABSORBED_EMPTY/pNone,None;None;None,False,False
2,A>~.reqB|B>A.reqwrite~B,ABSORBED_FROZEN/pNone,PRE_FAIL,ABSORBED_EMPTY/pNone;ABSORBED_EMPTY/pNone;ABSORBED_EMPTY/pNone,None;None;None,False,False
2,A>~.reqB|B>A.reqwrite~~,ABSORBED_FROZEN/pNone,PRE_FAIL,ABSORBED_EMPTY/pNone;ABSORBED_EMPTY/pNone;ABSORBED_EMPTY/pNone,None;None;None,False,False
2,A>~.reqB|B>A.req~,ABSORBED_FROZEN/pNone,PRE_FAIL,ABSORBED_EMPTY/pNone;ABSORBED_EMPTY/pNone;ABSORBED_EMPTY/pNone,None;None;None,False,False
2,A>~.reqB|B>A.self,ABSORBED_FROZEN/pNone,PRE_FAIL,ABSORBED_EMPTY/pNone;ABSORBED_EMPTY/pNone;ABSORBED_EMPTY/pNone,None;None;None,False,False
2,A>~.reqB|B>A.writeA,ABSORBED_FROZEN/pNone,PRE_FAIL,ABSORBED_EMPTY/pNone;ABSORBED_EMPTY/pNone;ABSORBED_EMPTY/pNone,None;None;None,False,False
2,A>~.reqB|B>A.writeB,ABSORBED_FROZEN/pNone,PRE_FAIL,ABSORBED_EMPTY/pNone;ABSORBED_EMPTY/pNone;ABSORBED_EMPTY/pNone,None;None;None,False,False
2,A>~.reqB|B>A.write~,ABSORBED_FROZEN/pNone,PRE_FAIL,ABSORBED_EMPTY/pNone;ABSORBED_EMPTY/pNone;ABSORBED_EMPTY/pNone,None;None;None,False,False
2,A>~.reqB|B>B.reqA,ABSORBED_FROZEN/pNone,PRE_FAIL,ABSORBED_EMPTY/pNone;ABSORBED_EMPTY/pNone;ABSORBED_EMPTY/pNone,None;None;None,False,False
2,A>~.reqB|B>B.reqB,ABSORBED_FROZEN/pNone,PRE_FAIL,ABSORBED_EMPTY/pNone;ABSORBED_EMPTY/pNone;ABSORBED_EMPTY/pNone,None;None;None,False,False
2,A>~.reqB|B>B.reqwriteAA,ABSORBED_FROZEN/pNone,PRE_FAIL,ABSORBED_EMPTY/pNone;ABSORBED_EMPTY/pNone;ABSORBED_EMPTY/pNone,None;None;None,False,False
2,A>~.reqB|B>B.reqwriteAB,ABSORBED_FROZEN/pNone,PRE_FAIL,ABSORBED_EMPTY/pNone;ABSORBED_EMPTY/pNone;ABSORBED_EMPTY/pNone,None;None;None,False,False
2,A>~.reqB|B>B.reqwriteA~,ABSORBED_FROZEN/pNone,PRE_FAIL,ABSORBED_EMPTY/pNone;ABSORBED_EMPTY/pNone;ABSORBED_EMPTY/pNone,None;None;None,False,False
2,A>~.reqB|B>B.reqwriteBA,ABSORBED_FROZEN/pNone,PRE_FAIL,ABSORBED_EMPTY/pNone;ABSORBED_EMPTY/pNone;ABSORBED_EMPTY/pNone,None;None;None,False,False
2,A>~.reqB|B>B.reqwriteBB,ABSORBED_FROZEN/pNone,PRE_FAIL,ABSORBED_EMPTY/pNone;ABSORBED_EMPTY/pNone;ABSORBED_EMPTY/pNone,None;None;None,False,False
2,A>~.reqB|B>B.reqwriteB~,ABSORBED_FROZEN/pNone,PRE_FAIL,ABSORBED_EMPTY/pNone;ABSORBED_EMPTY/pNone;ABSORBED_EMPTY/pNone,None;None;None,False,False
2,A>~.reqB|B>B.reqwrite~A,ABSORBED_FROZEN/pNone,PRE_FAIL,ABSORBED_EMPTY/pNone;ABSORBED_EMPTY/pNone;ABSORBED_EMPTY/pNone,None;None;None,False,False
2,A>~.reqB|B>B.reqwrite~B,ABSORBED_FROZEN/pNone,PRE_FAIL,ABSORBED_EMPTY/pNone;ABSORBED_EMPTY/pNone;ABSORBED_EMPTY/pNone,None;None;None,False,False
2,A>~.reqB|B>B.reqwrite~~,ABSORBED_FROZEN/pNone,PRE_FAIL,ABSORBED_EMPTY/pNone;ABSORBED_EMPTY/pNone;ABSORBED_EMPTY/pNone,None;None;None,False,False
2,A>~.reqB|B>B.req~,ABSORBED_FROZEN/pNone,PRE_FAIL,ABSORBED_EMPTY/pNone;ABSORBED_EMPTY/pNone;ABSORBED_EMPTY/pNone,None;None;None,False,False
2,A>~.reqB|B>B.self,ABSORBED_FROZEN/pNone,PRE_FAIL,ABSORBED_EMPTY/pNone;ABSORBED_EMPTY/pNone;ABSORBED_EMPTY/pNone,None;None;None,False,False
2,A>~.reqB|B>B.writeA,ABSORBED_FROZEN/pNone,PRE_FAIL,ABSORBED_EMPTY/pNone;ABSORBED_EMPTY/pNone;ABSORBED_EMPTY/pNone,None;None;None,False,False
2,A>~.reqB|B>B.writeB,ABSORBED_FROZEN/pNone,PRE_FAIL,ABSORBED_EMPTY/pNone;ABSORBED_EMPTY/pNone;ABSORBED_EMPTY/pNone,None;None;None,False,False
2,A>~.reqB|B>B.write~,ABSORBED_FROZEN/pNone,PRE_FAIL,ABSORBED_EMPTY/pNone;ABSORBED_EMPTY/pNone;ABSORBED_EMPTY/pNone,None;None;None,False,False
2,A>~.reqB|B>~.reqA,ABSORBED_FROZEN/pNone,PRE_FAIL,ABSORBED_EMPTY/pNone;ABSORBED_EMPTY/pNone;ABSORBED_EMPTY/pNone,None;None;None,False,False
2,A>~.reqB|B>~.reqB,ABSORBED_FROZEN/pNone,PRE_FAIL,ABSORBED_EMPTY/pNone;ABSORBED_EMPTY/pNone;ABSORBED_EMPTY/pNone,None;None;None,False,False
2,A>~.reqB|B>~.reqwriteAA,ABSORBED_FROZEN/pNone,PRE_FAIL,ABSORBED_EMPTY/pNone;ABSORBED_EMPTY/pNone;ABSORBED_EMPTY/pNone,None;None;None,False,False
2,A>~.reqB|B>~.reqwriteAB,ABSORBED_FROZEN/pNone,PRE_FAIL,ABSORBED_EMPTY/pNone;ABSORBED_EMPTY/pNone;ABSORBED_EMPTY/pNone,None;None;None,False,False
2,A>~.reqB|B>~.reqwriteA~,ABSORBED_FROZEN/pNone,PRE_FAIL,ABSORBED_EMPTY/pNone;ABSORBED_EMPTY/pNone;ABSORBED_EMPTY/pNone,None;None;None,False,False
2,A>~.reqB|B>~.reqwriteBA,ABSORBED_FROZEN/pNone,PRE_FAIL,ABSORBED_EMPTY/pNone;ABSORBED_EMPTY/pNone;ABSORBED_EMPTY/pNone,None;None;None,False,False
2,A>~.reqB|B>~.reqwriteBB,ABSORBED_FROZEN/pNone,PRE_FAIL,ABSORBED_EMPTY/pNone;ABSORBED_EMPTY/pNone;ABSORBED_EMPTY/pNone,None;None;None,False,False
2,A>~.reqB|B>~.reqwriteB~,ABSORBED_FROZEN/pNone,PRE_FAIL,ABSORBED_EMPTY/pNone;ABSORBED_EMPTY/pNone;ABSORBED_EMPTY/pNone,None;None;None,False,False
2,A>~.reqB|B>~.reqwrite~A,ABSORBED_FROZEN/pNone,PRE_FAIL,ABSORBED_EMPTY/pNone;ABSORBED_EMPTY/pNone;ABSORBED_EMPTY/pNone,None;None;None,False,False
2,A>~.reqB|B>~.reqwrite~B,ABSORBED_FROZEN/pNone,PRE_FAIL,ABSORBED_EMPTY/pNone;ABSORBED_EMPTY/pNone;ABSORBED_EMPTY/pNone,None;None;None,False,False
2,A>~.reqB|B>~.reqwrite~~,ABSORBED_FROZEN/pNone,PRE_FAIL,ABSORBED_EMPTY/pNone;ABSORBED_EMPTY/pNone;ABSORBED_EMPTY/pNone,None;None;None,False,False
2,A>~.reqB|B>~.req~,ABSORBED_FROZEN/pNone,PRE_FAIL,ABSORBED_EMPTY/pNone;ABSORBED_EMPTY/pNone;ABSORBED_EMPTY/pNone,None;None;None,False,False
2,A>~.reqB|B>~.self,ABSORBED_FROZEN/pNone,PRE_FAIL,ABSORBED_EMPTY/pNone;ABSORBED_EMPTY/pNone;ABSORBED_EMPTY/pNone,None;None;None,False,False
2,A>~.reqB|B>~.writeA,ABSORBED_FROZEN/pNone,PRE_FAIL,ABSORBED_EMPTY/pNone;ABSORBED_EMPTY/pNone;ABSORBED_EMPTY/pNone,None;None;None,False,False
2,A>~.reqB|B>~.writeB,ABSORBED_FROZEN/pNone,PRE_FAIL,ABSORBED_EMPTY/pNone;ABSORBED_EMPTY/pNone;ABSORBED_EMPTY/pNone,None;None;None,False,False
2,A>~.reqB|B>~.write~,ABSORBED_FROZEN/pNone,PRE_FAIL,ABSORBED_EMPTY/pNone;ABSORBED_EMPTY/pNone;ABSORBED_EMPTY/pNone,None;None;None,False,False
2,A>~.reqwriteAA|A>~.reqwriteAB,ABSORBED_FROZEN/pNone,PRE_FAIL,ABSORBED_EMPTY/pNone;ABSORBED_EMPTY/pNone;ABSORBED_EMPTY/pNone,None;None;None,False,False
2,A>~.reqwriteAA|A>~.reqwriteA~,ABSORBED_FROZEN/pNone,PRE_FAIL,ABSORBED_EMPTY/pNone;ABSORBED_EMPTY/pNone;ABSORBED_EMPTY/pNone,None;None;None,False,False
2,A>~.reqwriteAA|A>~.reqwriteBA,ABSORBED_FROZEN/pNone,PRE_FAIL,ABSORBED_EMPTY/pNone;ABSORBED_EMPTY/pNone;ABSORBED_EMPTY/pNone,None;None;None,False,False
2,A>~.reqwriteAA|A>~.reqwriteBB,ABSORBED_FROZEN/pNone,PRE_FAIL,ABSORBED_EMPTY/pNone;ABSORBED_EMPTY/pNone;ABSORBED_EMPTY/pNone,None;None;None,False,False
2,A>~.reqwriteAA|A>~.reqwriteB~,ABSORBED_FROZEN/pNone,PRE_FAIL,ABSORBED_EMPTY/pNone;ABSORBED_EMPTY/pNone;ABSORBED_EMPTY/pNone,None;None;None,False,False
2,A>~.reqwriteAA|A>~.reqwrite~A,TRANSLATION/p6,DIED,ABSORBED_EMPTY/pNone;ABSORBED_EMPTY/pNone;ABSORBED_EMPTY/pNone,None;None;None,False,False
2,A>~.reqwriteAA|A>~.reqwrite~B,ABSORBED_FROZEN/pNone,PRE_FAIL,ABSORBED_EMPTY/pNone;ABSORBED_EMPTY/pNone;ABSORBED_EMPTY/pNone,None;None;None,False,False
2,A>~.reqwriteAA|A>~.reqwrite~~,ABSORBED_EMPTY/pNone,PRE_FAIL,,None;None;None,False,False
2,A>~.reqwriteAA|A>~.self,ABSORBED_EMPTY/pNone,PRE_FAIL,,None;None;None,False,False
2,A>~.reqwriteAA|A>~.writeA,TRANSLATION/p6,DIED,ABSORBED_EMPTY/pNone;ABSORBED_EMPTY/pNone;ABSORBED_EMPTY/pNone,None;None;None,False,False
2,A>~.reqwriteAA|A>~.writeB,ABSORBED_FROZEN/pNone,PRE_FAIL,ABSORBED_EMPTY/pNone;ABSORBED_EMPTY/pNone;ABSORBED_EMPTY/pNone,None;None;None,False,False
2,A>~.reqwriteAA|A>~.write~,ABSORBED_EMPTY/pNone,PRE_FAIL,,None;None;None,False,False
2,A>~.reqwriteAA|B>A.reqA,ABSORBED_FROZEN/pNone,PRE_FAIL,ABSORBED_EMPTY/pNone;ABSORBED_EMPTY/pNone;ABSORBED_EMPTY/pNone,None;None;None,False,False
2,A>~.reqwriteAA|B>A.reqB,ABSORBED_FROZEN/pNone,PRE_FAIL,ABSORBED_EMPTY/pNone;ABSORBED_EMPTY/pNone;ABSORBED_EMPTY/pNone,None;None;None,False,False
2,A>~.reqwriteAA|B>A.reqwriteAA,ABSORBED_FROZEN/pNone,PRE_FAIL,ABSORBED_EMPTY/pNone;ABSORBED_EMPTY/pNone;ABSORBED_EMPTY/pNone,None;None;None,False,False
2,A>~.reqwriteAA|B>A.reqwriteAB,ABSORBED_FROZEN/pNone,PRE_FAIL,ABSORBED_EMPTY/pNone;ABSORBED_EMPTY/pNone;ABSORBED_EMPTY/pNone,None;None;None,False,False
2,A>~.reqwriteAA|B>A.reqwriteA~,ABSORBED_FROZEN/pNone,PRE_FAIL,ABSORBED_EMPTY/pNone;ABSORBED_EMPTY/pNone;ABSORBED_EMPTY/pNone,None;None;None,False,False
2,A>~.reqwriteAA|B>A.reqwriteBA,ABSORBED_FROZEN/pNone,PRE_FAIL,ABSORBED_EMPTY/pNone;ABSORBED_EMPTY/pNone;ABSORBED_EMPTY/pNone,None;None;None,False,False
2,A>~.reqwriteAA|B>A.reqwriteBB,ABSORBED_FROZEN/pNone,PRE_FAIL,ABSORBED_EMPTY/pNone;ABSORBED_EMPTY/pNone;ABSORBED_EMPTY/pNone,None;None;None,False,False
2,A>~.reqwriteAA|B>A.reqwriteB~,ABSORBED_FROZEN/pNone,PRE_FAIL,ABSORBED_EMPTY/pNone;ABSORBED_EMPTY/pNone;ABSORBED_EMPTY/pNone,None;None;None,False,False
2,A>~.reqwriteAA|B>A.reqwrite~A,ABSORBED_FROZEN/pNone,PRE_FAIL,ABSORBED_EMPTY/pNone;ABSORBED_EMPTY/pNone;ABSORBED_EMPTY/pNone,None;None;None,False,False
2,A>~.reqwriteAA|B>A.reqwrite~B,ABSORBED_FROZEN/pNone,PRE_FAIL,ABSORBED_EMPTY/pNone;ABSORBED_EMPTY/pNone;ABSORBED_EMPTY/pNone,None;None;None,False,False
2,A>~.reqwriteAA|B>A.reqwrite~~,ABSORBED_FROZEN/pNone,PRE_FAIL,ABSORBED_EMPTY/pNone;ABSORBED_EMPTY/pNone;ABSORBED_EMPTY/pNone,None;None;None,False,False
2,A>~.reqwriteAA|B>A.req~,ABSORBED_FROZEN/pNone,PRE_FAIL,ABSORBED_EMPTY/pNone;ABSORBED_EMPTY/pNone;ABSORBED_EMPTY/pNone,None;None;None,False,False
2,A>~.reqwriteAA|B>A.self,ABSORBED_FROZEN/pNone,PRE_FAIL,ABSORBED_EMPTY/pNone;ABSORBED_EMPTY/pNone;ABSORBED_EMPTY/pNone,None;None;None,False,False
2,A>~.reqwriteAA|B>A.writeA,ABSORBED_FROZEN/pNone,PRE_FAIL,ABSORBED_EMPTY/pNone;ABSORBED_EMPTY/pNone;ABSORBED_EMPTY/pNone,None;None;None,False,False
2,A>~.reqwriteAA|B>A.writeB,ABSORBED_FROZEN/pNone,PRE_FAIL,ABSORBED_EMPTY/pNone;ABSORBED_EMPTY/pNone;ABSORBED_EMPTY/pNone,None;None;None,False,False
2,A>~.reqwriteAA|B>A.write~,ABSORBED_FROZEN/pNone,PRE_FAIL,ABSORBED_EMPTY/pNone;ABSORBED_EMPTY/pNone;ABSORBED_EMPTY/pNone,None;None;None,False,False
2,A>~.reqwriteAA|B>B.reqA,ABSORBED_FROZEN/pNone,PRE_FAIL,ABSORBED_EMPTY/pNone;ABSORBED_EMPTY/pNone;ABSORBED_EMPTY/pNone,None;None;None,False,False
2,A>~.reqwriteAA|B>B.reqB,ABSORBED_FROZEN/pNone,PRE_FAIL,ABSORBED_EMPTY/pNone;ABSORBED_EMPTY/pNone;ABSORBED_EMPTY/pNone,None;None;None,False,False
2,A>~.reqwriteAA|B>B.reqwriteAA,ABSORBED_FROZEN/pNone,PRE_FAIL,ABSORBED_EMPTY/pNone;ABSORBED_EMPTY/pNone;ABSORBED_EMPTY/pNone,None;None;None,False,False
2,A>~.reqwriteAA|B>B.reqwriteAB,ABSORBED_FROZEN/pNone,PRE_FAIL,ABSORBED_EMPTY/pNone;ABSORBED_EMPTY/pNone;ABSORBED_EMPTY/pNone,None;None;None,False,False
2,A>~.reqwriteAA|B>B.reqwriteA~,ABSORBED_FROZEN/pNone,PRE_FAIL,ABSORBED_EMPTY/pNone;ABSORBED_EMPTY/pNone;ABSORBED_EMPTY/pNone,None;None;None,False,False
2,A>~.reqwriteAA|B>B.reqwriteBA,ABSORBED_FROZEN/pNone,PRE_FAIL,ABSORBED_EMPTY/pNone;ABSORBED_EMPTY/pNone;ABSORBED_EMPTY/pNone,None;None;None,False,False
2,A>~.reqwriteAA|B>B.reqwriteBB,ABSORBED_FROZEN/pNone,PRE_FAIL,ABSORBED_EMPTY/pNone;ABSORBED_EMPTY/pNone;ABSORBED_EMPTY/pNone,None;None;None,False,False
2,A>~.reqwriteAA|B>B.reqwriteB~,ABSORBED_FROZEN/pNone,PRE_FAIL,ABSORBED_EMPTY/pNone;ABSORBED_EMPTY/pNone;ABSORBED_EMPTY/pNone,None;None;None,False,False
2,A>~.reqwriteAA|B>B.reqwrite~A,ABSORBED_FROZEN/pNone,PRE_FAIL,ABSORBED_EMPTY/pNone;ABSORBED_EMPTY/pNone;ABSORBED_EMPTY/pNone,None;None;None,False,False
2,A>~.reqwriteAA|B>B.reqwrite~B,ABSORBED_FROZEN/pNone,PRE_FAIL,ABSORBED_EMPTY/pNone;ABSORBED_EMPTY/pNone;ABSORBED_EMPTY/pNone,None;None;None,False,False
2,A>~.reqwriteAA|B>B.reqwrite~~,ABSORBED_FROZEN/pNone,PRE_FAIL,ABSORBED_EMPTY/pNone;ABSORBED_EMPTY/pNone;ABSORBED_EMPTY/pNone,None;None;None,False,False
2,A>~.reqwriteAA|B>B.req~,ABSORBED_FROZEN/pNone,PRE_FAIL,ABSORBED_EMPTY/pNone;ABSORBED_EMPTY/pNone;ABSORBED_EMPTY/pNone,None;None;None,False,False
2,A>~.reqwriteAA|B>B.self,ABSORBED_FROZEN/pNone,PRE_FAIL,ABSORBED_EMPTY/pNone;ABSORBED_EMPTY/pNone;ABSORBED_EMPTY/pNone,None;None;None,False,False
2,A>~.reqwriteAA|B>B.writeA,ABSORBED_FROZEN/pNone,PRE_FAIL,ABSORBED_EMPTY/pNone;ABSORBED_EMPTY/pNone;ABSORBED_EMPTY/pNone,None;None;None,False,False
2,A>~.reqwriteAA|B>B.writeB,ABSORBED_FROZEN/pNone,PRE_FAIL,ABSORBED_EMPTY/pNone;ABSORBED_EMPTY/pNone;ABSORBED_EMPTY/pNone,None;None;None,False,False
2,A>~.reqwriteAA|B>B.write~,ABSORBED_FROZEN/pNone,PRE_FAIL,ABSORBED_EMPTY/pNone;ABSORBED_EMPTY/pNone;ABSORBED_EMPTY/pNone,None;None;None,False,False
2,A>~.reqwriteAA|B>~.reqA,ABSORBED_FROZEN/pNone,PRE_FAIL,ABSORBED_EMPTY/pNone;ABSORBED_EMPTY/pNone;ABSORBED_EMPTY/pNone,None;None;None,False,False
2,A>~.reqwriteAA|B>~.reqB,ABSORBED_FROZEN/pNone,PRE_FAIL,ABSORBED_EMPTY/pNone;ABSORBED_EMPTY/pNone;ABSORBED_EMPTY/pNone,None;None;None,False,False
2,A>~.reqwriteAA|B>~.reqwriteAA,ABSORBED_FROZEN/pNone,PRE_FAIL,ABSORBED_EMPTY/pNone;ABSORBED_EMPTY/pNone;ABSORBED_EMPTY/pNone,None;None;None,False,False
2,A>~.reqwriteAA|B>~.reqwriteAB,ABSORBED_FROZEN/pNone,PRE_FAIL,ABSORBED_EMPTY/pNone;ABSORBED_EMPTY/pNone;ABSORBED_EMPTY/pNone,None;None;None,False,False
2,A>~.reqwriteAA|B>~.reqwriteA~,ABSORBED_FROZEN/pNone,PRE_FAIL,ABSORBED_EMPTY/pNone;ABSORBED_EMPTY/pNone;ABSORBED_EMPTY/pNone,None;None;None,False,False
2,A>~.reqwriteAA|B>~.reqwriteBA,ABSORBED_FROZEN/pNone,PRE_FAIL,ABSORBED_EMPTY/pNone;ABSORBED_EMPTY/pNone;ABSORBED_EMPTY/pNone,None;None;None,False,False
2,A>~.reqwriteAA|B>~.reqwriteBB,ABSORBED_FROZEN/pNone,PRE_FAIL,ABSORBED_EMPTY/pNone;ABSORBED_EMPTY/pNone;ABSORBED_EMPTY/pNone,None;None;None,False,False
2,A>~.reqwriteAA|B>~.reqwriteB~,ABSORBED_FROZEN/pNone,PRE_FAIL,ABSORBED_EMPTY/pNone;ABSORBED_EMPTY/pNone;ABSORBED_EMPTY/pNone,None;None;None,False,False
2,A>~.reqwriteAA|B>~.reqwrite~A,ABSORBED_FROZEN/pNone,PRE_FAIL,ABSORBED_EMPTY/pNone;ABSORBED_EMPTY/pNone;ABSORBED_EMPTY/pNone,None;None;None,False,False
2,A>~.reqwriteAA|B>~.reqwrite~B,ABSORBED_FROZEN/pNone,PRE_FAIL,ABSORBED_EMPTY/pNone;ABSORBED_EMPTY/pNone;ABSORBED_EMPTY/pNone,None;None;None,False,False
2,A>~.reqwriteAA|B>~.reqwrite~~,ABSORBED_FROZEN/pNone,PRE_FAIL,ABSORBED_EMPTY/pNone;ABSORBED_EMPTY/pNone;ABSORBED_EMPTY/pNone,None;None;None,False,False
2,A>~.reqwriteAA|B>~.req~,ABSORBED_FROZEN/pNone,PRE_FAIL,ABSORBED_EMPTY/pNone;ABSORBED_EMPTY/pNone;ABSORBED_EMPTY/pNone,None;None;None,False,False
2,A>~.reqwriteAA|B>~.self,ABSORBED_FROZEN/pNone,PRE_FAIL,ABSORBED_EMPTY/pNone;ABSORBED_EMPTY/pNone;ABSORBED_EMPTY/pNone,None;None;None,False,False
2,A>~.reqwriteAA|B>~.writeA,ABSORBED_FROZEN/pNone,PRE_FAIL,ABSORBED_EMPTY/pNone;ABSORBED_EMPTY/pNone;ABSORBED_EMPTY/pNone,None;None;None,False,False
2,A>~.reqwriteAA|B>~.writeB,ABSORBED_FROZEN/pNone,PRE_FAIL,ABSORBED_EMPTY/pNone;ABSORBED_EMPTY/pNone;ABSORBED_EMPTY/pNone,None;None;None,False,False
2,A>~.reqwriteAA|B>~.write~,ABSORBED_FROZEN/pNone,PRE_FAIL,ABSORBED_EMPTY/pNone;ABSORBED_EMPTY/pNone;ABSORBED_EMPTY/pNone,None;None;None,False,False
2,A>~.reqwriteAB|A>~.reqwriteA~,ABSORBED_FROZEN/pNone,PRE_FAIL,ABSORBED_EMPTY/pNone;ABSORBED_EMPTY/pNone;ABSORBED_EMPTY/pNone,None;None;None,False,False
2,A>~.reqwriteAB|A>~.reqwriteBA,ABSORBED_FROZEN/pNone,PRE_FAIL,ABSORBED_EMPTY/pNone;ABSORBED_EMPTY/pNone;ABSORBED_EMPTY/pNone,None;None;None,False,False
2,A>~.reqwriteAB|A>~.reqwriteBB,ABSORBED_FROZEN/pNone,PRE_FAIL,ABSORBED_EMPTY/pNone;ABSORBED_EMPTY/pNone;ABSORBED_EMPTY/pNone,None;None;None,False,False
2,A>~.reqwriteAB|A>~.reqwriteB~,ABSORBED_FROZEN/pNone,PRE_FAIL,ABSORBED_EMPTY/pNone;ABSORBED_EMPTY/pNone;ABSORBED_EMPTY/pNone,None;None;None,False,False
2,A>~.reqwriteAB|A>~.reqwrite~A,TRANSLATION/p6,DIED,ABSORBED_EMPTY/pNone;ABSORBED_EMPTY/pNone;ABSORBED_EMPTY/pNone,None;None;None,False,False
2,A>~.reqwriteAB|A>~.reqwrite~B,ABSORBED_FROZEN/pNone,PRE_FAIL,ABSORBED_EMPTY/pNone;ABSORBED_EMPTY/pNone;ABSORBED_EMPTY/pNone,None;None;None,False,False
2,A>~.reqwriteAB|A>~.reqwrite~~,ABSORBED_EMPTY/pNone,PRE_FAIL,,None;None;None,False,False
2,A>~.reqwriteAB|A>~.self,ABSORBED_EMPTY/pNone,PRE_FAIL,,None;None;None,False,False
2,A>~.reqwriteAB|A>~.writeA,TRANSLATION/p6,DIED,ABSORBED_EMPTY/pNone;ABSORBED_EMPTY/pNone;ABSORBED_EMPTY/pNone,None;None;None,False,False
2,A>~.reqwriteAB|A>~.writeB,ABSORBED_FROZEN/pNone,PRE_FAIL,ABSORBED_EMPTY/pNone;ABSORBED_EMPTY/pNone;ABSORBED_EMPTY/pNone,None;None;None,False,False
2,A>~.reqwriteAB|A>~.write~,ABSORBED_EMPTY/pNone,PRE_FAIL,,None;None;None,False,False
2,A>~.reqwriteAB|B>A.reqA,ABSORBED_FROZEN/pNone,PRE_FAIL,ABSORBED_EMPTY/pNone;ABSORBED_EMPTY/pNone;ABSORBED_EMPTY/pNone,None;None;None,False,False
2,A>~.reqwriteAB|B>A.reqB,ABSORBED_FROZEN/pNone,PRE_FAIL,ABSORBED_EMPTY/pNone;ABSORBED_EMPTY/pNone;ABSORBED_EMPTY/pNone,None;None;None,False,False
2,A>~.reqwriteAB|B>A.reqwriteAA,ABSORBED_FROZEN/pNone,PRE_FAIL,ABSORBED_EMPTY/pNone;ABSORBED_EMPTY/pNone;ABSORBED_EMPTY/pNone,None;None;None,False,False
2,A>~.reqwriteAB|B>A.reqwriteAB,ABSORBED_FROZEN/pNone,PRE_FAIL,ABSORBED_EMPTY/pNone;ABSORBED_EMPTY/pNone;ABSORBED_EMPTY/pNone,None;None;None,False,False
2,A>~.reqwriteAB|B>A.reqwriteA~,ABSORBED_FROZEN/pNone,PRE_FAIL,ABSORBED_EMPTY/pNone;ABSORBED_EMPTY/pNone;ABSORBED_EMPTY/pNone,None;None;None,False,False
2,A>~.reqwriteAB|B>A.reqwriteBA,ABSORBED_FROZEN/pNone,PRE_FAIL,ABSORBED_EMPTY/pNone;ABSORBED_EMPTY/pNone;ABSORBED_EMPTY/pNone,None;None;None,False,False
2,A>~.reqwriteAB|B>A.reqwriteBB,ABSORBED_FROZEN/pNone,PRE_FAIL,ABSORBED_EMPTY/pNone;ABSORBED_EMPTY/pNone;ABSORBED_EMPTY/pNone,None;None;None,False,False
2,A>~.reqwriteAB|B>A.reqwriteB~,ABSORBED_FROZEN/pNone,PRE_FAIL,ABSORBED_EMPTY/pNone;ABSORBED_EMPTY/pNone;ABSORBED_EMPTY/pNone,None;None;None,False,False
2,A>~.reqwriteAB|B>A.reqwrite~A,ABSORBED_FROZEN/pNone,PRE_FAIL,ABSORBED_EMPTY/pNone;ABSORBED_EMPTY/pNone;ABSORBED_EMPTY/pNone,None;None;None,False,False
2,A>~.reqwriteAB|B>A.reqwrite~B,ABSORBED_FROZEN/pNone,PRE_FAIL,ABSORBED_EMPTY/pNone;ABSORBED_EMPTY/pNone;ABSORBED_EMPTY/pNone,None;None;None,False,False
2,A>~.reqwriteAB|B>A.reqwrite~~,ABSORBED_FROZEN/pNone,PRE_FAIL,ABSORBED_EMPTY/pNone;ABSORBED_EMPTY/pNone;ABSORBED_EMPTY/pNone,None;None;None,False,False
2,A>~.reqwriteAB|B>A.req~,ABSORBED_FROZEN/pNone,PRE_FAIL,ABSORBED_EMPTY/pNone;ABSORBED_EMPTY/pNone;ABSORBED_EMPTY/pNone,None;None;None,False,False
2,A>~.reqwriteAB|B>A.self,ABSORBED_FROZEN/pNone,PRE_FAIL,ABSORBED_EMPTY/pNone;ABSORBED_EMPTY/pNone;ABSORBED_EMPTY/pNone,None;None;None,False,False
2,A>~.reqwriteAB|B>A.writeA,ABSORBED_FROZEN/pNone,PRE_FAIL,ABSORBED_EMPTY/pNone;ABSORBED_EMPTY/pNone;ABSORBED_EMPTY/pNone,None;None;None,False,False
2,A>~.reqwriteAB|B>A.writeB,ABSORBED_FROZEN/pNone,PRE_FAIL,ABSORBED_EMPTY/pNone;ABSORBED_EMPTY/pNone;ABSORBED_EMPTY/pNone,None;None;None,False,False
2,A>~.reqwriteAB|B>A.write~,ABSORBED_FROZEN/pNone,PRE_FAIL,ABSORBED_EMPTY/pNone;ABSORBED_EMPTY/pNone;ABSORBED_EMPTY/pNone,None;None;None,False,False
2,A>~.reqwriteAB|B>B.reqA,ABSORBED_FROZEN/pNone,PRE_FAIL,ABSORBED_EMPTY/pNone;ABSORBED_EMPTY/pNone;ABSORBED_EMPTY/pNone,None;None;None,False,False
2,A>~.reqwriteAB|B>B.reqB,ABSORBED_FROZEN/pNone,PRE_FAIL,ABSORBED_EMPTY/pNone;ABSORBED_EMPTY/pNone;ABSORBED_EMPTY/pNone,None;None;None,False,False
2,A>~.reqwriteAB|B>B.reqwriteAA,ABSORBED_FROZEN/pNone,PRE_FAIL,ABSORBED_EMPTY/pNone;ABSORBED_EMPTY/pNone;ABSORBED_EMPTY/pNone,None;None;None,False,False
2,A>~.reqwriteAB|B>B.reqwriteAB,ABSORBED_FROZEN/pNone,PRE_FAIL,ABSORBED_EMPTY/pNone;ABSORBED_EMPTY/pNone;ABSORBED_EMPTY/pNone,None;None;None,False,False
2,A>~.reqwriteAB|B>B.reqwriteA~,ABSORBED_FROZEN/pNone,PRE_FAIL,ABSORBED_EMPTY/pNone;ABSORBED_EMPTY/pNone;ABSORBED_EMPTY/pNone,None;None;None,False,False
2,A>~.reqwriteAB|B>B.reqwriteBA,ABSORBED_FROZEN/pNone,PRE_FAIL,ABSORBED_EMPTY/pNone;ABSORBED_EMPTY/pNone;ABSORBED_EMPTY/pNone,None;None;None,False,False
2,A>~.reqwriteAB|B>B.reqwriteBB,ABSORBED_FROZEN/pNone,PRE_FAIL,ABSORBED_EMPTY/pNone;ABSORBED_EMPTY/pNone;ABSORBED_EMPTY/pNone,None;None;None,False,False
2,A>~.reqwriteAB|B>B.reqwriteB~,ABSORBED_FROZEN/pNone,PRE_FAIL,ABSORBED_EMPTY/pNone;ABSORBED_EMPTY/pNone;ABSORBED_EMPTY/pNone,None;None;None,False,False
2,A>~.reqwriteAB|B>B.reqwrite~A,ABSORBED_FROZEN/pNone,PRE_FAIL,ABSORBED_EMPTY/pNone;ABSORBED_EMPTY/pNone;ABSORBED_EMPTY/pNone,None;None;None,False,False
2,A>~.reqwriteAB|B>B.reqwrite~B,ABSORBED_FROZEN/pNone,PRE_FAIL,ABSORBED_EMPTY/pNone;ABSORBED_EMPTY/pNone;ABSORBED_EMPTY/pNone,None;None;None,False,False
2,A>~.reqwriteAB|B>B.reqwrite~~,ABSORBED_FROZEN/pNone,PRE_FAIL,ABSORBED_EMPTY/pNone;ABSORBED_EMPTY/pNone;ABSORBED_EMPTY/pNone,None;None;None,False,False
2,A>~.reqwriteAB|B>B.req~,ABSORBED_FROZEN/pNone,PRE_FAIL,ABSORBED_EMPTY/pNone;ABSORBED_EMPTY/pNone;ABSORBED_EMPTY/pNone,None;None;None,False,False
2,A>~.reqwriteAB|B>B.self,ABSORBED_FROZEN/pNone,PRE_FAIL,ABSORBED_EMPTY/pNone;ABSORBED_EMPTY/pNone;ABSORBED_EMPTY/pNone,None;None;None,False,False
2,A>~.reqwriteAB|B>B.writeA,ABSORBED_FROZEN/pNone,PRE_FAIL,ABSORBED_EMPTY/pNone;ABSORBED_EMPTY/pNone;ABSORBED_EMPTY/pNone,None;None;None,False,False
2,A>~.reqwriteAB|B>B.writeB,ABSORBED_FROZEN/pNone,PRE_FAIL,ABSORBED_EMPTY/pNone;ABSORBED_EMPTY/pNone;ABSORBED_EMPTY/pNone,None;None;None,False,False
2,A>~.reqwriteAB|B>B.write~,ABSORBED_FROZEN/pNone,PRE_FAIL,ABSORBED_EMPTY/pNone;ABSORBED_EMPTY/pNone;ABSORBED_EMPTY/pNone,None;None;None,False,False
2,A>~.reqwriteAB|B>~.reqA,ABSORBED_FROZEN/pNone,PRE_FAIL,ABSORBED_EMPTY/pNone;ABSORBED_EMPTY/pNone;ABSORBED_EMPTY/pNone,None;None;None,False,False
2,A>~.reqwriteAB|B>~.reqB,ABSORBED_FROZEN/pNone,PRE_FAIL,ABSORBED_EMPTY/pNone;ABSORBED_EMPTY/pNone;ABSORBED_EMPTY/pNone,None;None;None,False,False
2,A>~.reqwriteAB|B>~.reqwriteAA,ABSORBED_FROZEN/pNone,PRE_FAIL,ABSORBED_EMPTY/pNone;ABSORBED_EMPTY/pNone;ABSORBED_EMPTY/pNone,None;None;None,False,False
2,A>~.reqwriteAB|B>~.reqwriteAB,ABSORBED_FROZEN/pNone,PRE_FAIL,ABSORBED_EMPTY/pNone;ABSORBED_EMPTY/pNone;ABSORBED_EMPTY/pNone,None;None;None,False,False
2,A>~.reqwriteAB|B>~.reqwriteA~,ABSORBED_FROZEN/pNone,PRE_FAIL,ABSORBED_EMPTY/pNone;ABSORBED_EMPTY/pNone;ABSORBED_EMPTY/pNone,None;None;None,False,False
2,A>~.reqwriteAB|B>~.reqwriteBA,ABSORBED_FROZEN/pNone,PRE_FAIL,ABSORBED_EMPTY/pNone;ABSORBED_EMPTY/pNone;ABSORBED_EMPTY/pNone,None;None;None,False,False
2,A>~.reqwriteAB|B>~.reqwriteBB,ABSORBED_FROZEN/pNone,PRE_FAIL,ABSORBED_EMPTY/pNone;ABSORBED_EMPTY/pNone;ABSORBED_EMPTY/pNone,None;None;None,False,False
2,A>~.reqwriteAB|B>~.reqwriteB~,ABSORBED_FROZEN/pNone,PRE_FAIL,ABSORBED_EMPTY/pNone;ABSORBED_EMPTY/pNone;ABSORBED_EMPTY/pNone,None;None;None,False,False
2,A>~.reqwriteAB|B>~.reqwrite~A,ABSORBED_FROZEN/pNone,PRE_FAIL,ABSORBED_EMPTY/pNone;ABSORBED_EMPTY/pNone;ABSORBED_EMPTY/pNone,None;None;None,False,False
2,A>~.reqwriteAB|B>~.reqwrite~B,ABSORBED_FROZEN/pNone,PRE_FAIL,ABSORBED_EMPTY/pNone;ABSORBED_EMPTY/pNone;ABSORBED_EMPTY/pNone,None;None;None,False,False
2,A>~.reqwriteAB|B>~.reqwrite~~,ABSORBED_FROZEN/pNone,PRE_FAIL,ABSORBED_EMPTY/pNone;ABSORBED_EMPTY/pNone;ABSORBED_EMPTY/pNone,None;None;None,False,False
2,A>~.reqwriteAB|B>~.req~,ABSORBED_FROZEN/pNone,PRE_FAIL,ABSORBED_EMPTY/pNone;ABSORBED_EMPTY/pNone;ABSORBED_EMPTY/pNone,None;None;None,False,False
2,A>~.reqwriteAB|B>~.self,ABSORBED_FROZEN/pNone,PRE_FAIL,ABSORBED_EMPTY/pNone;ABSORBED_EMPTY/pNone;ABSORBED_EMPTY/pNone,None;None;None,False,False
2,A>~.reqwriteAB|B>~.writeA,ABSORBED_FROZEN/pNone,PRE_FAIL,ABSORBED_EMPTY/pNone;ABSORBED_EMPTY/pNone;ABSORBED_EMPTY/pNone,None;None;None,False,False
2,A>~.reqwriteAB|B>~.writeB,ABSORBED_FROZEN/pNone,PRE_FAIL,ABSORBED_EMPTY/pNone;ABSORBED_EMPTY/pNone;ABSORBED_EMPTY/pNone,None;None;None,False,False
2,A>~.reqwriteAB|B>~.write~,ABSORBED_FROZEN/pNone,PRE_FAIL,ABSORBED_EMPTY/pNone;ABSORBED_EMPTY/pNone;ABSORBED_EMPTY/pNone,None;None;None,False,False
2,A>~.reqwriteA~|A>~.reqwriteBA,ABSORBED_FROZEN/pNone,PRE_FAIL,ABSORBED_EMPTY/pNone;ABSORBED_EMPTY/pNone;ABSORBED_EMPTY/pNone,None;None;None,False,False
2,A>~.reqwriteA~|A>~.reqwriteBB,ABSORBED_FROZEN/pNone,PRE_FAIL,ABSORBED_EMPTY/pNone;ABSORBED_EMPTY/pNone;ABSORBED_EMPTY/pNone,None;None;None,False,False
2,A>~.reqwriteA~|A>~.reqwriteB~,ABSORBED_FROZEN/pNone,PRE_FAIL,ABSORBED_EMPTY/pNone;ABSORBED_EMPTY/pNone;ABSORBED_EMPTY/pNone,None;None;None,False,False
2,A>~.reqwriteA~|A>~.reqwrite~A,TRANSLATION/p6,DIED,ABSORBED_EMPTY/pNone;ABSORBED_EMPTY/pNone;ABSORBED_EMPTY/pNone,None;None;None,False,False
2,A>~.reqwriteA~|A>~.reqwrite~B,ABSORBED_FROZEN/pNone,PRE_FAIL,ABSORBED_EMPTY/pNone;ABSORBED_EMPTY/pNone;ABSORBED_EMPTY/pNone,None;None;None,False,False
2,A>~.reqwriteA~|A>~.reqwrite~~,ABSORBED_EMPTY/pNone,PRE_FAIL,,None;None;None,False,False
2,A>~.reqwriteA~|A>~.self,ABSORBED_EMPTY/pNone,PRE_FAIL,,None;None;None,False,False
2,A>~.reqwriteA~|A>~.writeA,TRANSLATION/p6,DIED,ABSORBED_EMPTY/pNone;ABSORBED_EMPTY/pNone;ABSORBED_EMPTY/pNone,None;None;None,False,False
2,A>~.reqwriteA~|A>~.writeB,ABSORBED_FROZEN/pNone,PRE_FAIL,ABSORBED_EMPTY/pNone;ABSORBED_EMPTY/pNone;ABSORBED_EMPTY/pNone,None;None;None,False,False
2,A>~.reqwriteA~|A>~.write~,ABSORBED_EMPTY/pNone,PRE_FAIL,,None;None;None,False,False
2,A>~.reqwriteA~|B>A.reqA,ABSORBED_FROZEN/pNone,PRE_FAIL,ABSORBED_EMPTY/pNone;ABSORBED_EMPTY/pNone;ABSORBED_EMPTY/pNone,None;None;None,False,False
2,A>~.reqwriteA~|B>A.reqB,ABSORBED_FROZEN/pNone,PRE_FAIL,ABSORBED_EMPTY/pNone;ABSORBED_EMPTY/pNone;ABSORBED_EMPTY/pNone,None;None;None,False,False
2,A>~.reqwriteA~|B>A.reqwriteAA,ABSORBED_FROZEN/pNone,PRE_FAIL,ABSORBED_EMPTY/pNone;ABSORBED_EMPTY/pNone;ABSORBED_EMPTY/pNone,None;None;None,False,False
2,A>~.reqwriteA~|B>A.reqwriteAB,ABSORBED_FROZEN/pNone,PRE_FAIL,ABSORBED_EMPTY/pNone;ABSORBED_EMPTY/pNone;ABSORBED_EMPTY/pNone,None;None;None,False,False
2,A>~.reqwriteA~|B>A.reqwriteA~,ABSORBED_FROZEN/pNone,PRE_FAIL,ABSORBED_EMPTY/pNone;ABSORBED_EMPTY/pNone;ABSORBED_EMPTY/pNone,None;None;None,False,False
2,A>~.reqwriteA~|B>A.reqwriteBA,ABSORBED_FROZEN/pNone,PRE_FAIL,ABSORBED_EMPTY/pNone;ABSORBED_EMPTY/pNone;ABSORBED_EMPTY/pNone,None;None;None,False,False
2,A>~.reqwriteA~|B>A.reqwriteBB,ABSORBED_FROZEN/pNone,PRE_FAIL,ABSORBED_EMPTY/pNone;ABSORBED_EMPTY/pNone;ABSORBED_EMPTY/pNone,None;None;None,False,False
2,A>~.reqwriteA~|B>A.reqwriteB~,ABSORBED_FROZEN/pNone,PRE_FAIL,ABSORBED_EMPTY/pNone;ABSORBED_EMPTY/pNone;ABSORBED_EMPTY/pNone,None;None;None,False,False
2,A>~.reqwriteA~|B>A.reqwrite~A,ABSORBED_FROZEN/pNone,PRE_FAIL,ABSORBED_EMPTY/pNone;ABSORBED_EMPTY/pNone;ABSORBED_EMPTY/pNone,None;None;None,False,False
2,A>~.reqwriteA~|B>A.reqwrite~B,ABSORBED_FROZEN/pNone,PRE_FAIL,ABSORBED_EMPTY/pNone;ABSORBED_EMPTY/pNone;ABSORBED_EMPTY/pNone,None;None;None,False,False
2,A>~.reqwriteA~|B>A.reqwrite~~,ABSORBED_FROZEN/pNone,PRE_FAIL,ABSORBED_EMPTY/pNone;ABSORBED_EMPTY/pNone;ABSORBED_EMPTY/pNone,None;None;None,False,False
2,A>~.reqwriteA~|B>A.req~,ABSORBED_FROZEN/pNone,PRE_FAIL,ABSORBED_EMPTY/pNone;ABSORBED_EMPTY/pNone;ABSORBED_EMPTY/pNone,None;None;None,False,False
2,A>~.reqwriteA~|B>A.self,ABSORBED_FROZEN/pNone,PRE_FAIL,ABSORBED_EMPTY/pNone;ABSORBED_EMPTY/pNone;ABSORBED_EMPTY/pNone,None;None;None,False,False
2,A>~.reqwriteA~|B>A.writeA,ABSORBED_FROZEN/pNone,PRE_FAIL,ABSORBED_EMPTY/pNone;ABSORBED_EMPTY/pNone;ABSORBED_EMPTY/pNone,None;None;None,False,False
2,A>~.reqwriteA~|B>A.writeB,ABSORBED_FROZEN/pNone,PRE_FAIL,ABSORBED_EMPTY/pNone;ABSORBED_EMPTY/pNone;ABSORBED_EMPTY/pNone,None;None;None,False,False
2,A>~.reqwriteA~|B>A.write~,ABSORBED_FROZEN/pNone,PRE_FAIL,ABSORBED_EMPTY/pNone;ABSORBED_EMPTY/pNone;ABSORBED_EMPTY/pNone,None;None;None,False,False
2,A>~.reqwriteA~|B>B.reqA,ABSORBED_FROZEN/pNone,PRE_FAIL,ABSORBED_EMPTY/pNone;ABSORBED_EMPTY/pNone;ABSORBED_EMPTY/pNone,None;None;None,False,False
2,A>~.reqwriteA~|B>B.reqB,ABSORBED_FROZEN/pNone,PRE_FAIL,ABSORBED_EMPTY/pNone;ABSORBED_EMPTY/pNone;ABSORBED_EMPTY/pNone,None;None;None,False,False
2,A>~.reqwriteA~|B>B.reqwriteAA,ABSORBED_FROZEN/pNone,PRE_FAIL,ABSORBED_EMPTY/pNone;ABSORBED_EMPTY/pNone;ABSORBED_EMPTY/pNone,None;None;None,False,False
2,A>~.reqwriteA~|B>B.reqwriteAB,ABSORBED_FROZEN/pNone,PRE_FAIL,ABSORBED_EMPTY/pNone;ABSORBED_EMPTY/pNone;ABSORBED_EMPTY/pNone,None;None;None,False,False
2,A>~.reqwriteA~|B>B.reqwriteA~,ABSORBED_FROZEN/pNone,PRE_FAIL,ABSORBED_EMPTY/pNone;ABSORBED_EMPTY/pNone;ABSORBED_EMPTY/pNone,None;None;None,False,False
2,A>~.reqwriteA~|B>B.reqwriteBA,ABSORBED_FROZEN/pNone,PRE_FAIL,ABSORBED_EMPTY/pNone;ABSORBED_EMPTY/pNone;ABSORBED_EMPTY/pNone,None;None;None,False,False
2,A>~.reqwriteA~|B>B.reqwriteBB,ABSORBED_FROZEN/pNone,PRE_FAIL,ABSORBED_EMPTY/pNone;ABSORBED_EMPTY/pNone;ABSORBED_EMPTY/pNone,None;None;None,False,False
2,A>~.reqwriteA~|B>B.reqwriteB~,ABSORBED_FROZEN/pNone,PRE_FAIL,ABSORBED_EMPTY/pNone;ABSORBED_EMPTY/pNone;ABSORBED_EMPTY/pNone,None;None;None,False,False
2,A>~.reqwriteA~|B>B.reqwrite~A,ABSORBED_FROZEN/pNone,PRE_FAIL,ABSORBED_EMPTY/pNone;ABSORBED_EMPTY/pNone;ABSORBED_EMPTY/pNone,None;None;None,False,False
2,A>~.reqwriteA~|B>B.reqwrite~B,ABSORBED_FROZEN/pNone,PRE_FAIL,ABSORBED_EMPTY/pNone;ABSORBED_EMPTY/pNone;ABSORBED_EMPTY/pNone,None;None;None,False,False
2,A>~.reqwriteA~|B>B.reqwrite~~,ABSORBED_FROZEN/pNone,PRE_FAIL,ABSORBED_EMPTY/pNone;ABSORBED_EMPTY/pNone;ABSORBED_EMPTY/pNone,None;None;None,False,False
2,A>~.reqwriteA~|B>B.req~,ABSORBED_FROZEN/pNone,PRE_FAIL,ABSORBED_EMPTY/pNone;ABSORBED_EMPTY/pNone;ABSORBED_EMPTY/pNone,None;None;None,False,False
2,A>~.reqwriteA~|B>B.self,ABSORBED_FROZEN/pNone,PRE_FAIL,ABSORBED_EMPTY/pNone;ABSORBED_EMPTY/pNone;ABSORBED_EMPTY/pNone,None;None;None,False,False
2,A>~.reqwriteA~|B>B.writeA,ABSORBED_FROZEN/pNone,PRE_FAIL,ABSORBED_EMPTY/pNone;ABSORBED_EMPTY/pNone;ABSORBED_EMPTY/pNone,None;None;None,False,False
2,A>~.reqwriteA~|B>B.writeB,ABSORBED_FROZEN/pNone,PRE_FAIL,ABSORBED_EMPTY/pNone;ABSORBED_EMPTY/pNone;ABSORBED_EMPTY/pNone,None;None;None,False,False
2,A>~.reqwriteA~|B>B.write~,ABSORBED_FROZEN/pNone,PRE_FAIL,ABSORBED_EMPTY/pNone;ABSORBED_EMPTY/pNone;ABSORBED_EMPTY/pNone,None;None;None,False,False
2,A>~.reqwriteA~|B>~.reqA,ABSORBED_FROZEN/pNone,PRE_FAIL,ABSORBED_EMPTY/pNone;ABSORBED_EMPTY/pNone;ABSORBED_EMPTY/pNone,None;None;None,False,False
2,A>~.reqwriteA~|B>~.reqB,ABSORBED_FROZEN/pNone,PRE_FAIL,ABSORBED_EMPTY/pNone;ABSORBED_EMPTY/pNone;ABSORBED_EMPTY/pNone,None;None;None,False,False
2,A>~.reqwriteA~|B>~.reqwriteAA,ABSORBED_FROZEN/pNone,PRE_FAIL,ABSORBED_EMPTY/pNone;ABSORBED_EMPTY/pNone;ABSORBED_EMPTY/pNone,None;None;None,False,False
2,A>~.reqwriteA~|B>~.reqwriteAB,ABSORBED_FROZEN/pNone,PRE_FAIL,ABSORBED_EMPTY/pNone;ABSORBED_EMPTY/pNone;ABSORBED_EMPTY/pNone,None;None;None,False,False
2,A>~.reqwriteA~|B>~.reqwriteA~,ABSORBED_FROZEN/pNone,PRE_FAIL,ABSORBED_EMPTY/pNone;ABSORBED_EMPTY/pNone;ABSORBED_EMPTY/pNone,None;None;None,False,False
2,A>~.reqwriteA~|B>~.reqwriteBA,ABSORBED_FROZEN/pNone,PRE_FAIL,ABSORBED_EMPTY/pNone;ABSORBED_EMPTY/pNone;ABSORBED_EMPTY/pNone,None;None;None,False,False
2,A>~.reqwriteA~|B>~.reqwriteBB,ABSORBED_FROZEN/pNone,PRE_FAIL,ABSORBED_EMPTY/pNone;ABSORBED_EMPTY/pNone;ABSORBED_EMPTY/pNone,None;None;None,False,False
2,A>~.reqwriteA~|B>~.reqwriteB~,ABSORBED_FROZEN/pNone,PRE_FAIL,ABSORBED_EMPTY/pNone;ABSORBED_EMPTY/pNone;ABSORBED_EMPTY/pNone,None;None;None,False,False
2,A>~.reqwriteA~|B>~.reqwrite~A,ABSORBED_FROZEN/pNone,PRE_FAIL,ABSORBED_EMPTY/pNone;ABSORBED_EMPTY/pNone;ABSORBED_EMPTY/pNone,None;None;None,False,False
2,A>~.reqwriteA~|B>~.reqwrite~B,ABSORBED_FROZEN/pNone,PRE_FAIL,ABSORBED_EMPTY/pNone;ABSORBED_EMPTY/pNone;ABSORBED_EMPTY/pNone,None;None;None,False,False
2,A>~.reqwriteA~|B>~.reqwrite~~,ABSORBED_FROZEN/pNone,PRE_FAIL,ABSORBED_EMPTY/pNone;ABSORBED_EMPTY/pNone;ABSORBED_EMPTY/pNone,None;None;None,False,False
2,A>~.reqwriteA~|B>~.req~,ABSORBED_FROZEN/pNone,PRE_FAIL,ABSORBED_EMPTY/pNone;ABSORBED_EMPTY/pNone;ABSORBED_EMPTY/pNone,None;None;None,False,False
2,A>~.reqwriteA~|B>~.self,ABSORBED_FROZEN/pNone,PRE_FAIL,ABSORBED_EMPTY/pNone;ABSORBED_EMPTY/pNone;ABSORBED_EMPTY/pNone,None;None;None,False,False
2,A>~.reqwriteA~|B>~.writeA,ABSORBED_FROZEN/pNone,PRE_FAIL,ABSORBED_EMPTY/pNone;ABSORBED_EMPTY/pNone;ABSORBED_EMPTY/pNone,None;None;None,False,False
2,A>~.reqwriteA~|B>~.writeB,ABSORBED_FROZEN/pNone,PRE_FAIL,ABSORBED_EMPTY/pNone;ABSORBED_EMPTY/pNone;ABSORBED_EMPTY/pNone,None;None;None,False,False
2,A>~.reqwriteA~|B>~.write~,ABSORBED_FROZEN/pNone,PRE_FAIL,ABSORBED_EMPTY/pNone;ABSORBED_EMPTY/pNone;ABSORBED_EMPTY/pNone,None;None;None,False,False
2,A>~.reqwriteBA|A>~.reqwriteBB,ABSORBED_FROZEN/pNone,PRE_FAIL,ABSORBED_EMPTY/pNone;ABSORBED_EMPTY/pNone;ABSORBED_EMPTY/pNone,None;None;None,False,False
2,A>~.reqwriteBA|A>~.reqwriteB~,ABSORBED_FROZEN/pNone,PRE_FAIL,ABSORBED_EMPTY/pNone;ABSORBED_EMPTY/pNone;ABSORBED_EMPTY/pNone,None;None;None,False,False
2,A>~.reqwriteBA|A>~.reqwrite~A,TRANSLATION/p6,DIED,ABSORBED_EMPTY/pNone;ABSORBED_EMPTY/pNone;ABSORBED_EMPTY/pNone,None;None;None,False,False
2,A>~.reqwriteBA|A>~.reqwrite~B,ABSORBED_FROZEN/pNone,PRE_FAIL,ABSORBED_EMPTY/pNone;ABSORBED_EMPTY/pNone;ABSORBED_EMPTY/pNone,None;None;None,False,False
2,A>~.reqwriteBA|A>~.reqwrite~~,ABSORBED_EMPTY/pNone,PRE_FAIL,,None;None;None,False,False
2,A>~.reqwriteBA|A>~.self,ABSORBED_EMPTY/pNone,PRE_FAIL,,None;None;None,False,False
2,A>~.reqwriteBA|A>~.writeA,TRANSLATION/p6,DIED,ABSORBED_EMPTY/pNone;ABSORBED_EMPTY/pNone;ABSORBED_EMPTY/pNone,None;None;None,False,False
2,A>~.reqwriteBA|A>~.writeB,ABSORBED_FROZEN/pNone,PRE_FAIL,ABSORBED_EMPTY/pNone;ABSORBED_EMPTY/pNone;ABSORBED_EMPTY/pNone,None;None;None,False,False
2,A>~.reqwriteBA|A>~.write~,ABSORBED_EMPTY/pNone,PRE_FAIL,,None;None;None,False,False
2,A>~.reqwriteBA|B>A.reqA,ABSORBED_FROZEN/pNone,PRE_FAIL,ABSORBED_EMPTY/pNone;ABSORBED_EMPTY/pNone;ABSORBED_EMPTY/pNone,None;None;None,False,False
2,A>~.reqwriteBA|B>A.reqB,ABSORBED_FROZEN/pNone,PRE_FAIL,ABSORBED_EMPTY/pNone;ABSORBED_EMPTY/pNone;ABSORBED_EMPTY/pNone,None;None;None,False,False
2,A>~.reqwriteBA|B>A.reqwriteAA,ABSORBED_FROZEN/pNone,PRE_FAIL,ABSORBED_EMPTY/pNone;ABSORBED_EMPTY/pNone;ABSORBED_EMPTY/pNone,None;None;None,False,False
2,A>~.reqwriteBA|B>A.reqwriteAB,ABSORBED_FROZEN/pNone,PRE_FAIL,ABSORBED_EMPTY/pNone;ABSORBED_EMPTY/pNone;ABSORBED_EMPTY/pNone,None;None;None,False,False
2,A>~.reqwriteBA|B>A.reqwriteA~,ABSORBED_FROZEN/pNone,PRE_FAIL,ABSORBED_EMPTY/pNone;ABSORBED_EMPTY/pNone;ABSORBED_EMPTY/pNone,None;None;None,False,False
2,A>~.reqwriteBA|B>A.reqwriteBA,ABSORBED_FROZEN/pNone,PRE_FAIL,ABSORBED_EMPTY/pNone;ABSORBED_EMPTY/pNone;ABSORBED_EMPTY/pNone,None;None;None,False,False
2,A>~.reqwriteBA|B>A.reqwriteBB,ABSORBED_FROZEN/pNone,PRE_FAIL,ABSORBED_EMPTY/pNone;ABSORBED_EMPTY/pNone;ABSORBED_EMPTY/pNone,None;None;None,False,False
2,A>~.reqwriteBA|B>A.reqwriteB~,ABSORBED_FROZEN/pNone,PRE_FAIL,ABSORBED_EMPTY/pNone;ABSORBED_EMPTY/pNone;ABSORBED_EMPTY/pNone,None;None;None,False,False
2,A>~.reqwriteBA|B>A.reqwrite~A,ABSORBED_FROZEN/pNone,PRE_FAIL,ABSORBED_EMPTY/pNone;ABSORBED_EMPTY/pNone;ABSORBED_EMPTY/pNone,None;None;None,False,False
2,A>~.reqwriteBA|B>A.reqwrite~B,ABSORBED_FROZEN/pNone,PRE_FAIL,ABSORBED_EMPTY/pNone;ABSORBED_EMPTY/pNone;ABSORBED_EMPTY/pNone,None;None;None,False,False
2,A>~.reqwriteBA|B>A.reqwrite~~,ABSORBED_FROZEN/pNone,PRE_FAIL,ABSORBED_EMPTY/pNone;ABSORBED_EMPTY/pNone;ABSORBED_EMPTY/pNone,None;None;None,False,False
2,A>~.reqwriteBA|B>A.req~,ABSORBED_FROZEN/pNone,PRE_FAIL,ABSORBED_EMPTY/pNone;ABSORBED_EMPTY/pNone;ABSORBED_EMPTY/pNone,None;None;None,False,False
2,A>~.reqwriteBA|B>A.self,ABSORBED_FROZEN/pNone,PRE_FAIL,ABSORBED_EMPTY/pNone;ABSORBED_EMPTY/pNone;ABSORBED_EMPTY/pNone,None;None;None,False,False
2,A>~.reqwriteBA|B>A.writeA,ABSORBED_FROZEN/pNone,PRE_FAIL,ABSORBED_EMPTY/pNone;ABSORBED_EMPTY/pNone;ABSORBED_EMPTY/pNone,None;None;None,False,False
2,A>~.reqwriteBA|B>A.writeB,ABSORBED_FROZEN/pNone,PRE_FAIL,ABSORBED_EMPTY/pNone;ABSORBED_EMPTY/pNone;ABSORBED_EMPTY/pNone,None;None;None,False,False
2,A>~.reqwriteBA|B>A.write~,ABSORBED_FROZEN/pNone,PRE_FAIL,ABSORBED_EMPTY/pNone;ABSORBED_EMPTY/pNone;ABSORBED_EMPTY/pNone,None;None;None,False,False
2,A>~.reqwriteBA|B>B.reqA,ABSORBED_FROZEN/pNone,PRE_FAIL,ABSORBED_EMPTY/pNone;ABSORBED_EMPTY/pNone;ABSORBED_EMPTY/pNone,None;None;None,False,False
2,A>~.reqwriteBA|B>B.reqB,ABSORBED_FROZEN/pNone,PRE_FAIL,ABSORBED_EMPTY/pNone;ABSORBED_EMPTY/pNone;ABSORBED_EMPTY/pNone,None;None;None,False,False
2,A>~.reqwriteBA|B>B.reqwriteAA,ABSORBED_FROZEN/pNone,PRE_FAIL,ABSORBED_EMPTY/pNone;ABSORBED_EMPTY/pNone;ABSORBED_EMPTY/pNone,None;None;None,False,False
2,A>~.reqwriteBA|B>B.reqwriteAB,ABSORBED_FROZEN/pNone,PRE_FAIL,ABSORBED_EMPTY/pNone;ABSORBED_EMPTY/pNone;ABSORBED_EMPTY/pNone,None;None;None,False,False
2,A>~.reqwriteBA|B>B.reqwriteA~,ABSORBED_FROZEN/pNone,PRE_FAIL,ABSORBED_EMPTY/pNone;ABSORBED_EMPTY/pNone;ABSORBED_EMPTY/pNone,None;None;None,False,False
2,A>~.reqwriteBA|B>B.reqwriteBA,ABSORBED_FROZEN/pNone,PRE_FAIL,ABSORBED_EMPTY/pNone;ABSORBED_EMPTY/pNone;ABSORBED_EMPTY/pNone,None;None;None,False,False
2,A>~.reqwriteBA|B>B.reqwriteBB,ABSORBED_FROZEN/pNone,PRE_FAIL,ABSORBED_EMPTY/pNone;ABSORBED_EMPTY/pNone;ABSORBED_EMPTY/pNone,None;None;None,False,False
2,A>~.reqwriteBA|B>B.reqwriteB~,ABSORBED_FROZEN/pNone,PRE_FAIL,ABSORBED_EMPTY/pNone;ABSORBED_EMPTY/pNone;ABSORBED_EMPTY/pNone,None;None;None,False,False
2,A>~.reqwriteBA|B>B.reqwrite~A,ABSORBED_FROZEN/pNone,PRE_FAIL,ABSORBED_EMPTY/pNone;ABSORBED_EMPTY/pNone;ABSORBED_EMPTY/pNone,None;None;None,False,False
2,A>~.reqwriteBA|B>B.reqwrite~B,ABSORBED_FROZEN/pNone,PRE_FAIL,ABSORBED_EMPTY/pNone;ABSORBED_EMPTY/pNone;ABSORBED_EMPTY/pNone,None;None;None,False,False
2,A>~.reqwriteBA|B>B.reqwrite~~,ABSORBED_FROZEN/pNone,PRE_FAIL,ABSORBED_EMPTY/pNone;ABSORBED_EMPTY/pNone;ABSORBED_EMPTY/pNone,None;None;None,False,False
2,A>~.reqwriteBA|B>B.req~,ABSORBED_FROZEN/pNone,PRE_FAIL,ABSORBED_EMPTY/pNone;ABSORBED_EMPTY/pNone;ABSORBED_EMPTY/pNone,None;None;None,False,False
2,A>~.reqwriteBA|B>B.self,ABSORBED_FROZEN/pNone,PRE_FAIL,ABSORBED_EMPTY/pNone;ABSORBED_EMPTY/pNone;ABSORBED_EMPTY/pNone,None;None;None,False,False
2,A>~.reqwriteBA|B>B.writeA,ABSORBED_FROZEN/pNone,PRE_FAIL,ABSORBED_EMPTY/pNone;ABSORBED_EMPTY/pNone;ABSORBED_EMPTY/pNone,None;None;None,False,False
2,A>~.reqwriteBA|B>B.writeB,ABSORBED_FROZEN/pNone,PRE_FAIL,ABSORBED_EMPTY/pNone;ABSORBED_EMPTY/pNone;ABSORBED_EMPTY/pNone,None;None;None,False,False
2,A>~.reqwriteBA|B>B.write~,ABSORBED_FROZEN/pNone,PRE_FAIL,ABSORBED_EMPTY/pNone;ABSORBED_EMPTY/pNone;ABSORBED_EMPTY/pNone,None;None;None,False,False
2,A>~.reqwriteBA|B>~.reqA,ABSORBED_FROZEN/pNone,PRE_FAIL,ABSORBED_EMPTY/pNone;ABSORBED_EMPTY/pNone;ABSORBED_EMPTY/pNone,None;None;None,False,False
2,A>~.reqwriteBA|B>~.reqB,ABSORBED_FROZEN/pNone,PRE_FAIL,ABSORBED_EMPTY/pNone;ABSORBED_EMPTY/pNone;ABSORBED_EMPTY/pNone,None;None;None,False,False
2,A>~.reqwriteBA|B>~.reqwriteAA,ABSORBED_FROZEN/pNone,PRE_FAIL,ABSORBED_EMPTY/pNone;ABSORBED_EMPTY/pNone;ABSORBED_EMPTY/pNone,None;None;None,False,False
2,A>~.reqwriteBA|B>~.reqwriteAB,ABSORBED_FROZEN/pNone,PRE_FAIL,ABSORBED_EMPTY/pNone;ABSORBED_EMPTY/pNone;ABSORBED_EMPTY/pNone,None;None;None,False,False
2,A>~.reqwriteBA|B>~.reqwriteA~,ABSORBED_FROZEN/pNone,PRE_FAIL,ABSORBED_EMPTY/pNone;ABSORBED_EMPTY/pNone;ABSORBED_EMPTY/pNone,None;None;None,False,False
2,A>~.reqwriteBA|B>~.reqwriteBA,ABSORBED_FROZEN/pNone,PRE_FAIL,ABSORBED_EMPTY/pNone;ABSORBED_EMPTY/pNone;ABSORBED_EMPTY/pNone,None;None;None,False,False
2,A>~.reqwriteBA|B>~.reqwriteBB,ABSORBED_FROZEN/pNone,PRE_FAIL,ABSORBED_EMPTY/pNone;ABSORBED_EMPTY/pNone;ABSORBED_EMPTY/pNone,None;None;None,False,False
2,A>~.reqwriteBA|B>~.reqwriteB~,ABSORBED_FROZEN/pNone,PRE_FAIL,ABSORBED_EMPTY/pNone;ABSORBED_EMPTY/pNone;ABSORBED_EMPTY/pNone,None;None;None,False,False
2,A>~.reqwriteBA|B>~.reqwrite~A,ABSORBED_FROZEN/pNone,PRE_FAIL,ABSORBED_EMPTY/pNone;ABSORBED_EMPTY/pNone;ABSORBED_EMPTY/pNone,None;None;None,False,False
2,A>~.reqwriteBA|B>~.reqwrite~B,ABSORBED_FROZEN/pNone,PRE_FAIL,ABSORBED_EMPTY/pNone;ABSORBED_EMPTY/pNone;ABSORBED_EMPTY/pNone,None;None;None,False,False
2,A>~.reqwriteBA|B>~.reqwrite~~,ABSORBED_FROZEN/pNone,PRE_FAIL,ABSORBED_EMPTY/pNone;ABSORBED_EMPTY/pNone;ABSORBED_EMPTY/pNone,None;None;None,False,False
2,A>~.reqwriteBA|B>~.req~,ABSORBED_FROZEN/pNone,PRE_FAIL,ABSORBED_EMPTY/pNone;ABSORBED_EMPTY/pNone;ABSORBED_EMPTY/pNone,None;None;None,False,False
2,A>~.reqwriteBA|B>~.self,ABSORBED_FROZEN/pNone,PRE_FAIL,ABSORBED_EMPTY/pNone;ABSORBED_EMPTY/pNone;ABSORBED_EMPTY/pNone,None;None;None,False,False
2,A>~.reqwriteBA|B>~.writeA,ABSORBED_FROZEN/pNone,PRE_FAIL,ABSORBED_EMPTY/pNone;ABSORBED_EMPTY/pNone;ABSORBED_EMPTY/pNone,None;None;None,False,False
2,A>~.reqwriteBA|B>~.writeB,ABSORBED_FROZEN/pNone,PRE_FAIL,ABSORBED_EMPTY/pNone;ABSORBED_EMPTY/pNone;ABSORBED_EMPTY/pNone,None;None;None,False,False
2,A>~.reqwriteBA|B>~.write~,ABSORBED_FROZEN/pNone,PRE_FAIL,ABSORBED_EMPTY/pNone;ABSORBED_EMPTY/pNone;ABSORBED_EMPTY/pNone,None;None;None,False,False
2,A>~.reqwriteBB|A>~.reqwriteB~,ABSORBED_FROZEN/pNone,PRE_FAIL,ABSORBED_EMPTY/pNone;ABSORBED_EMPTY/pNone;ABSORBED_EMPTY/pNone,None;None;None,False,False
2,A>~.reqwriteBB|A>~.reqwrite~A,TRANSLATION/p6,DIED,ABSORBED_EMPTY/pNone;ABSORBED_EMPTY/pNone;ABSORBED_EMPTY/pNone,None;None;None,False,False
2,A>~.reqwriteBB|A>~.reqwrite~B,ABSORBED_FROZEN/pNone,PRE_FAIL,ABSORBED_EMPTY/pNone;ABSORBED_EMPTY/pNone;ABSORBED_EMPTY/pNone,None;None;None,False,False
2,A>~.reqwriteBB|A>~.reqwrite~~,ABSORBED_EMPTY/pNone,PRE_FAIL,,None;None;None,False,False
2,A>~.reqwriteBB|A>~.self,ABSORBED_EMPTY/pNone,PRE_FAIL,,None;None;None,False,False
2,A>~.reqwriteBB|A>~.writeA,TRANSLATION/p6,DIED,ABSORBED_EMPTY/pNone;ABSORBED_EMPTY/pNone;ABSORBED_EMPTY/pNone,None;None;None,False,False
2,A>~.reqwriteBB|A>~.writeB,ABSORBED_FROZEN/pNone,PRE_FAIL,ABSORBED_EMPTY/pNone;ABSORBED_EMPTY/pNone;ABSORBED_EMPTY/pNone,None;None;None,False,False
2,A>~.reqwriteBB|A>~.write~,ABSORBED_EMPTY/pNone,PRE_FAIL,,None;None;None,False,False
2,A>~.reqwriteBB|B>A.reqA,ABSORBED_FROZEN/pNone,PRE_FAIL,ABSORBED_EMPTY/pNone;ABSORBED_EMPTY/pNone;ABSORBED_EMPTY/pNone,None;None;None,False,False
2,A>~.reqwriteBB|B>A.reqB,ABSORBED_FROZEN/pNone,PRE_FAIL,ABSORBED_EMPTY/pNone;ABSORBED_EMPTY/pNone;ABSORBED_EMPTY/pNone,None;None;None,False,False
2,A>~.reqwriteBB|B>A.reqwriteAA,ABSORBED_FROZEN/pNone,PRE_FAIL,ABSORBED_EMPTY/pNone;ABSORBED_EMPTY/pNone;ABSORBED_EMPTY/pNone,None;None;None,False,False
2,A>~.reqwriteBB|B>A.reqwriteAB,ABSORBED_FROZEN/pNone,PRE_FAIL,ABSORBED_EMPTY/pNone;ABSORBED_EMPTY/pNone;ABSORBED_EMPTY/pNone,None;None;None,False,False
2,A>~.reqwriteBB|B>A.reqwriteA~,ABSORBED_FROZEN/pNone,PRE_FAIL,ABSORBED_EMPTY/pNone;ABSORBED_EMPTY/pNone;ABSORBED_EMPTY/pNone,None;None;None,False,False
2,A>~.reqwriteBB|B>A.reqwriteBA,ABSORBED_FROZEN/pNone,PRE_FAIL,ABSORBED_EMPTY/pNone;ABSORBED_EMPTY/pNone;ABSORBED_EMPTY/pNone,None;None;None,False,False
2,A>~.reqwriteBB|B>A.reqwriteBB,ABSORBED_FROZEN/pNone,PRE_FAIL,ABSORBED_EMPTY/pNone;ABSORBED_EMPTY/pNone;ABSORBED_EMPTY/pNone,None;None;None,False,False
2,A>~.reqwriteBB|B>A.reqwriteB~,ABSORBED_FROZEN/pNone,PRE_FAIL,ABSORBED_EMPTY/pNone;ABSORBED_EMPTY/pNone;ABSORBED_EMPTY/pNone,None;None;None,False,False
2,A>~.reqwriteBB|B>A.reqwrite~A,ABSORBED_FROZEN/pNone,PRE_FAIL,ABSORBED_EMPTY/pNone;ABSORBED_EMPTY/pNone;ABSORBED_EMPTY/pNone,None;None;None,False,False
2,A>~.reqwriteBB|B>A.reqwrite~B,ABSORBED_FROZEN/pNone,PRE_FAIL,ABSORBED_EMPTY/pNone;ABSORBED_EMPTY/pNone;ABSORBED_EMPTY/pNone,None;None;None,False,False
2,A>~.reqwriteBB|B>A.reqwrite~~,ABSORBED_FROZEN/pNone,PRE_FAIL,ABSORBED_EMPTY/pNone;ABSORBED_EMPTY/pNone;ABSORBED_EMPTY/pNone,None;None;None,False,False
2,A>~.reqwriteBB|B>A.req~,ABSORBED_FROZEN/pNone,PRE_FAIL,ABSORBED_EMPTY/pNone;ABSORBED_EMPTY/pNone;ABSORBED_EMPTY/pNone,None;None;None,False,False
2,A>~.reqwriteBB|B>A.self,ABSORBED_FROZEN/pNone,PRE_FAIL,ABSORBED_EMPTY/pNone;ABSORBED_EMPTY/pNone;ABSORBED_EMPTY/pNone,None;None;None,False,False
2,A>~.reqwriteBB|B>A.writeA,ABSORBED_FROZEN/pNone,PRE_FAIL,ABSORBED_EMPTY/pNone;ABSORBED_EMPTY/pNone;ABSORBED_EMPTY/pNone,None;None;None,False,False
2,A>~.reqwriteBB|B>A.writeB,ABSORBED_FROZEN/pNone,PRE_FAIL,ABSORBED_EMPTY/pNone;ABSORBED_EMPTY/pNone;ABSORBED_EMPTY/pNone,None;None;None,False,False
2,A>~.reqwriteBB|B>A.write~,ABSORBED_FROZEN/pNone,PRE_FAIL,ABSORBED_EMPTY/pNone;ABSORBED_EMPTY/pNone;ABSORBED_EMPTY/pNone,None;None;None,False,False
2,A>~.reqwriteBB|B>B.reqA,ABSORBED_FROZEN/pNone,PRE_FAIL,ABSORBED_EMPTY/pNone;ABSORBED_EMPTY/pNone;ABSORBED_EMPTY/pNone,None;None;None,False,False
2,A>~.reqwriteBB|B>B.reqB,ABSORBED_FROZEN/pNone,PRE_FAIL,ABSORBED_EMPTY/pNone;ABSORBED_EMPTY/pNone;ABSORBED_EMPTY/pNone,None;None;None,False,False
2,A>~.reqwriteBB|B>B.reqwriteAA,ABSORBED_FROZEN/pNone,PRE_FAIL,ABSORBED_EMPTY/pNone;ABSORBED_EMPTY/pNone;ABSORBED_EMPTY/pNone,None;None;None,False,False
2,A>~.reqwriteBB|B>B.reqwriteAB,ABSORBED_FROZEN/pNone,PRE_FAIL,ABSORBED_EMPTY/pNone;ABSORBED_EMPTY/pNone;ABSORBED_EMPTY/pNone,None;None;None,False,False
2,A>~.reqwriteBB|B>B.reqwriteA~,ABSORBED_FROZEN/pNone,PRE_FAIL,ABSORBED_EMPTY/pNone;ABSORBED_EMPTY/pNone;ABSORBED_EMPTY/pNone,None;None;None,False,False
2,A>~.reqwriteBB|B>B.reqwriteBA,ABSORBED_FROZEN/pNone,PRE_FAIL,ABSORBED_EMPTY/pNone;ABSORBED_EMPTY/pNone;ABSORBED_EMPTY/pNone,None;None;None,False,False
2,A>~.reqwriteBB|B>B.reqwriteBB,ABSORBED_FROZEN/pNone,PRE_FAIL,ABSORBED_EMPTY/pNone;ABSORBED_EMPTY/pNone;ABSORBED_EMPTY/pNone,None;None;None,False,False
2,A>~.reqwriteBB|B>B.reqwriteB~,ABSORBED_FROZEN/pNone,PRE_FAIL,ABSORBED_EMPTY/pNone;ABSORBED_EMPTY/pNone;ABSORBED_EMPTY/pNone,None;None;None,False,False
2,A>~.reqwriteBB|B>B.reqwrite~A,ABSORBED_FROZEN/pNone,PRE_FAIL,ABSORBED_EMPTY/pNone;ABSORBED_EMPTY/pNone;ABSORBED_EMPTY/pNone,None;None;None,False,False
2,A>~.reqwriteBB|B>B.reqwrite~B,ABSORBED_FROZEN/pNone,PRE_FAIL,ABSORBED_EMPTY/pNone;ABSORBED_EMPTY/pNone;ABSORBED_EMPTY/pNone,None;None;None,False,False
2,A>~.reqwriteBB|B>B.reqwrite~~,ABSORBED_FROZEN/pNone,PRE_FAIL,ABSORBED_EMPTY/pNone;ABSORBED_EMPTY/pNone;ABSORBED_EMPTY/pNone,None;None;None,False,False
2,A>~.reqwriteBB|B>B.req~,ABSORBED_FROZEN/pNone,PRE_FAIL,ABSORBED_EMPTY/pNone;ABSORBED_EMPTY/pNone;ABSORBED_EMPTY/pNone,None;None;None,False,False
2,A>~.reqwriteBB|B>B.self,ABSORBED_FROZEN/pNone,PRE_FAIL,ABSORBED_EMPTY/pNone;ABSORBED_EMPTY/pNone;ABSORBED_EMPTY/pNone,None;None;None,False,False
2,A>~.reqwriteBB|B>B.writeA,ABSORBED_FROZEN/pNone,PRE_FAIL,ABSORBED_EMPTY/pNone;ABSORBED_EMPTY/pNone;ABSORBED_EMPTY/pNone,None;None;None,False,False
2,A>~.reqwriteBB|B>B.writeB,ABSORBED_FROZEN/pNone,PRE_FAIL,ABSORBED_EMPTY/pNone;ABSORBED_EMPTY/pNone;ABSORBED_EMPTY/pNone,None;None;None,False,False
2,A>~.reqwriteBB|B>B.write~,ABSORBED_FROZEN/pNone,PRE_FAIL,ABSORBED_EMPTY/pNone;ABSORBED_EMPTY/pNone;ABSORBED_EMPTY/pNone,None;None;None,False,False
2,A>~.reqwriteBB|B>~.reqA,ABSORBED_FROZEN/pNone,PRE_FAIL,ABSORBED_EMPTY/pNone;ABSORBED_EMPTY/pNone;ABSORBED_EMPTY/pNone,None;None;None,False,False
2,A>~.reqwriteBB|B>~.reqB,ABSORBED_FROZEN/pNone,PRE_FAIL,ABSORBED_EMPTY/pNone;ABSORBED_EMPTY/pNone;ABSORBED_EMPTY/pNone,None;None;None,False,False
2,A>~.reqwriteBB|B>~.reqwriteAA,ABSORBED_FROZEN/pNone,PRE_FAIL,ABSORBED_EMPTY/pNone;ABSORBED_EMPTY/pNone;ABSORBED_EMPTY/pNone,None;None;None,False,False
2,A>~.reqwriteBB|B>~.reqwriteAB,ABSORBED_FROZEN/pNone,PRE_FAIL,ABSORBED_EMPTY/pNone;ABSORBED_EMPTY/pNone;ABSORBED_EMPTY/pNone,None;None;None,False,False
2,A>~.reqwriteBB|B>~.reqwriteA~,ABSORBED_FROZEN/pNone,PRE_FAIL,ABSORBED_EMPTY/pNone;ABSORBED_EMPTY/pNone;ABSORBED_EMPTY/pNone,None;None;None,False,False
2,A>~.reqwriteBB|B>~.reqwriteBA,ABSORBED_FROZEN/pNone,PRE_FAIL,ABSORBED_EMPTY/pNone;ABSORBED_EMPTY/pNone;ABSORBED_EMPTY/pNone,None;None;None,False,False
2,A>~.reqwriteBB|B>~.reqwriteBB,ABSORBED_FROZEN/pNone,PRE_FAIL,ABSORBED_EMPTY/pNone;ABSORBED_EMPTY/pNone;ABSORBED_EMPTY/pNone,None;None;None,False,False
2,A>~.reqwriteBB|B>~.reqwriteB~,ABSORBED_FROZEN/pNone,PRE_FAIL,ABSORBED_EMPTY/pNone;ABSORBED_EMPTY/pNone;ABSORBED_EMPTY/pNone,None;None;None,False,False
2,A>~.reqwriteBB|B>~.reqwrite~A,ABSORBED_FROZEN/pNone,PRE_FAIL,ABSORBED_EMPTY/pNone;ABSORBED_EMPTY/pNone;ABSORBED_EMPTY/pNone,None;None;None,False,False
2,A>~.reqwriteBB|B>~.reqwrite~B,ABSORBED_FROZEN/pNone,PRE_FAIL,ABSORBED_EMPTY/pNone;ABSORBED_EMPTY/pNone;ABSORBED_EMPTY/pNone,None;None;None,False,False
2,A>~.reqwriteBB|B>~.reqwrite~~,ABSORBED_FROZEN/pNone,PRE_FAIL,ABSORBED_EMPTY/pNone;ABSORBED_EMPTY/pNone;ABSORBED_EMPTY/pNone,None;None;None,False,False
2,A>~.reqwriteBB|B>~.req~,ABSORBED_FROZEN/pNone,PRE_FAIL,ABSORBED_EMPTY/pNone;ABSORBED_EMPTY/pNone;ABSORBED_EMPTY/pNone,None;None;None,False,False
2,A>~.reqwriteBB|B>~.self,ABSORBED_FROZEN/pNone,PRE_FAIL,ABSORBED_EMPTY/pNone;ABSORBED_EMPTY/pNone;ABSORBED_EMPTY/pNone,None;None;None,False,False
2,A>~.reqwriteBB|B>~.writeA,ABSORBED_FROZEN/pNone,PRE_FAIL,ABSORBED_EMPTY/pNone;ABSORBED_EMPTY/pNone;ABSORBED_EMPTY/pNone,None;None;None,False,False
2,A>~.reqwriteBB|B>~.writeB,ABSORBED_FROZEN/pNone,PRE_FAIL,ABSORBED_EMPTY/pNone;ABSORBED_EMPTY/pNone;ABSORBED_EMPTY/pNone,None;None;None,False,False
2,A>~.reqwriteBB|B>~.write~,ABSORBED_FROZEN/pNone,PRE_FAIL,ABSORBED_EMPTY/pNone;ABSORBED_EMPTY/pNone;ABSORBED_EMPTY/pNone,None;None;None,False,False
2,A>~.reqwriteB~|A>~.reqwrite~A,TRANSLATION/p6,DIED,ABSORBED_EMPTY/pNone;ABSORBED_EMPTY/pNone;ABSORBED_EMPTY/pNone,None;None;None,False,False
2,A>~.reqwriteB~|A>~.reqwrite~B,ABSORBED_FROZEN/pNone,PRE_FAIL,ABSORBED_EMPTY/pNone;ABSORBED_EMPTY/pNone;ABSORBED_EMPTY/pNone,None;None;None,False,False
2,A>~.reqwriteB~|A>~.reqwrite~~,ABSORBED_EMPTY/pNone,PRE_FAIL,,None;None;None,False,False
2,A>~.reqwriteB~|A>~.self,ABSORBED_EMPTY/pNone,PRE_FAIL,,None;None;None,False,False
2,A>~.reqwriteB~|A>~.writeA,TRANSLATION/p6,DIED,ABSORBED_EMPTY/pNone;ABSORBED_EMPTY/pNone;ABSORBED_EMPTY/pNone,None;None;None,False,False
2,A>~.reqwriteB~|A>~.writeB,ABSORBED_FROZEN/pNone,PRE_FAIL,ABSORBED_EMPTY/pNone;ABSORBED_EMPTY/pNone;ABSORBED_EMPTY/pNone,None;None;None,False,False
2,A>~.reqwriteB~|A>~.write~,ABSORBED_EMPTY/pNone,PRE_FAIL,,None;None;None,False,False
2,A>~.reqwriteB~|B>A.reqA,ABSORBED_FROZEN/pNone,PRE_FAIL,ABSORBED_EMPTY/pNone;ABSORBED_EMPTY/pNone;ABSORBED_EMPTY/pNone,None;None;None,False,False
2,A>~.reqwriteB~|B>A.reqB,ABSORBED_FROZEN/pNone,PRE_FAIL,ABSORBED_EMPTY/pNone;ABSORBED_EMPTY/pNone;ABSORBED_EMPTY/pNone,None;None;None,False,False
2,A>~.reqwriteB~|B>A.reqwriteAA,ABSORBED_FROZEN/pNone,PRE_FAIL,ABSORBED_EMPTY/pNone;ABSORBED_EMPTY/pNone;ABSORBED_EMPTY/pNone,None;None;None,False,False
2,A>~.reqwriteB~|B>A.reqwriteAB,ABSORBED_FROZEN/pNone,PRE_FAIL,ABSORBED_EMPTY/pNone;ABSORBED_EMPTY/pNone;ABSORBED_EMPTY/pNone,None;None;None,False,False
2,A>~.reqwriteB~|B>A.reqwriteA~,ABSORBED_FROZEN/pNone,PRE_FAIL,ABSORBED_EMPTY/pNone;ABSORBED_EMPTY/pNone;ABSORBED_EMPTY/pNone,None;None;None,False,False
2,A>~.reqwriteB~|B>A.reqwriteBA,ABSORBED_FROZEN/pNone,PRE_FAIL,ABSORBED_EMPTY/pNone;ABSORBED_EMPTY/pNone;ABSORBED_EMPTY/pNone,None;None;None,False,False
2,A>~.reqwriteB~|B>A.reqwriteBB,ABSORBED_FROZEN/pNone,PRE_FAIL,ABSORBED_EMPTY/pNone;ABSORBED_EMPTY/pNone;ABSORBED_EMPTY/pNone,None;None;None,False,False
2,A>~.reqwriteB~|B>A.reqwriteB~,ABSORBED_FROZEN/pNone,PRE_FAIL,ABSORBED_EMPTY/pNone;ABSORBED_EMPTY/pNone;ABSORBED_EMPTY/pNone,None;None;None,False,False
2,A>~.reqwriteB~|B>A.reqwrite~A,ABSORBED_FROZEN/pNone,PRE_FAIL,ABSORBED_EMPTY/pNone;ABSORBED_EMPTY/pNone;ABSORBED_EMPTY/pNone,None;None;None,False,False
2,A>~.reqwriteB~|B>A.reqwrite~B,ABSORBED_FROZEN/pNone,PRE_FAIL,ABSORBED_EMPTY/pNone;ABSORBED_EMPTY/pNone;ABSORBED_EMPTY/pNone,None;None;None,False,False
2,A>~.reqwriteB~|B>A.reqwrite~~,ABSORBED_FROZEN/pNone,PRE_FAIL,ABSORBED_EMPTY/pNone;ABSORBED_EMPTY/pNone;ABSORBED_EMPTY/pNone,None;None;None,False,False
2,A>~.reqwriteB~|B>A.req~,ABSORBED_FROZEN/pNone,PRE_FAIL,ABSORBED_EMPTY/pNone;ABSORBED_EMPTY/pNone;ABSORBED_EMPTY/pNone,None;None;None,False,False
2,A>~.reqwriteB~|B>A.self,ABSORBED_FROZEN/pNone,PRE_FAIL,ABSORBED_EMPTY/pNone;ABSORBED_EMPTY/pNone;ABSORBED_EMPTY/pNone,None;None;None,False,False
2,A>~.reqwriteB~|B>A.writeA,ABSORBED_FROZEN/pNone,PRE_FAIL,ABSORBED_EMPTY/pNone;ABSORBED_EMPTY/pNone;ABSORBED_EMPTY/pNone,None;None;None,False,False
2,A>~.reqwriteB~|B>A.writeB,ABSORBED_FROZEN/pNone,PRE_FAIL,ABSORBED_EMPTY/pNone;ABSORBED_EMPTY/pNone;ABSORBED_EMPTY/pNone,None;None;None,False,False
2,A>~.reqwriteB~|B>A.write~,ABSORBED_FROZEN/pNone,PRE_FAIL,ABSORBED_EMPTY/pNone;ABSORBED_EMPTY/pNone;ABSORBED_EMPTY/pNone,None;None;None,False,False
2,A>~.reqwriteB~|B>B.reqA,ABSORBED_FROZEN/pNone,PRE_FAIL,ABSORBED_EMPTY/pNone;ABSORBED_EMPTY/pNone;ABSORBED_EMPTY/pNone,None;None;None,False,False
2,A>~.reqwriteB~|B>B.reqB,ABSORBED_FROZEN/pNone,PRE_FAIL,ABSORBED_EMPTY/pNone;ABSORBED_EMPTY/pNone;ABSORBED_EMPTY/pNone,None;None;None,False,False
2,A>~.reqwriteB~|B>B.reqwriteAA,ABSORBED_FROZEN/pNone,PRE_FAIL,ABSORBED_EMPTY/pNone;ABSORBED_EMPTY/pNone;ABSORBED_EMPTY/pNone,None;None;None,False,False
2,A>~.reqwriteB~|B>B.reqwriteAB,ABSORBED_FROZEN/pNone,PRE_FAIL,ABSORBED_EMPTY/pNone;ABSORBED_EMPTY/pNone;ABSORBED_EMPTY/pNone,None;None;None,False,False
2,A>~.reqwriteB~|B>B.reqwriteA~,ABSORBED_FROZEN/pNone,PRE_FAIL,ABSORBED_EMPTY/pNone;ABSORBED_EMPTY/pNone;ABSORBED_EMPTY/pNone,None;None;None,False,False
2,A>~.reqwriteB~|B>B.reqwriteBA,ABSORBED_FROZEN/pNone,PRE_FAIL,ABSORBED_EMPTY/pNone;ABSORBED_EMPTY/pNone;ABSORBED_EMPTY/pNone,None;None;None,False,False
2,A>~.reqwriteB~|B>B.reqwriteBB,ABSORBED_FROZEN/pNone,PRE_FAIL,ABSORBED_EMPTY/pNone;ABSORBED_EMPTY/pNone;ABSORBED_EMPTY/pNone,None;None;None,False,False
2,A>~.reqwriteB~|B>B.reqwriteB~,ABSORBED_FROZEN/pNone,PRE_FAIL,ABSORBED_EMPTY/pNone;ABSORBED_EMPTY/pNone;ABSORBED_EMPTY/pNone,None;None;None,False,False
2,A>~.reqwriteB~|B>B.reqwrite~A,ABSORBED_FROZEN/pNone,PRE_FAIL,ABSORBED_EMPTY/pNone;ABSORBED_EMPTY/pNone;ABSORBED_EMPTY/pNone,None;None;None,False,False
2,A>~.reqwriteB~|B>B.reqwrite~B,ABSORBED_FROZEN/pNone,PRE_FAIL,ABSORBED_EMPTY/pNone;ABSORBED_EMPTY/pNone;ABSORBED_EMPTY/pNone,None;None;None,False,False
2,A>~.reqwriteB~|B>B.reqwrite~~,ABSORBED_FROZEN/pNone,PRE_FAIL,ABSORBED_EMPTY/pNone;ABSORBED_EMPTY/pNone;ABSORBED_EMPTY/pNone,None;None;None,False,False
2,A>~.reqwriteB~|B>B.req~,ABSORBED_FROZEN/pNone,PRE_FAIL,ABSORBED_EMPTY/pNone;ABSORBED_EMPTY/pNone;ABSORBED_EMPTY/pNone,None;None;None,False,False
2,A>~.reqwriteB~|B>B.self,ABSORBED_FROZEN/pNone,PRE_FAIL,ABSORBED_EMPTY/pNone;ABSORBED_EMPTY/pNone;ABSORBED_EMPTY/pNone,None;None;None,False,False
2,A>~.reqwriteB~|B>B.writeA,ABSORBED_FROZEN/pNone,PRE_FAIL,ABSORBED_EMPTY/pNone;ABSORBED_EMPTY/pNone;ABSORBED_EMPTY/pNone,None;None;None,False,False
2,A>~.reqwriteB~|B>B.writeB,ABSORBED_FROZEN/pNone,PRE_FAIL,ABSORBED_EMPTY/pNone;ABSORBED_EMPTY/pNone;ABSORBED_EMPTY/pNone,None;None;None,False,False
2,A>~.reqwriteB~|B>B.write~,ABSORBED_FROZEN/pNone,PRE_FAIL,ABSORBED_EMPTY/pNone;ABSORBED_EMPTY/pNone;ABSORBED_EMPTY/pNone,None;None;None,False,False
2,A>~.reqwriteB~|B>~.reqA,ABSORBED_FROZEN/pNone,PRE_FAIL,ABSORBED_EMPTY/pNone;ABSORBED_EMPTY/pNone;ABSORBED_EMPTY/pNone,None;None;None,False,False
2,A>~.reqwriteB~|B>~.reqB,ABSORBED_FROZEN/pNone,PRE_FAIL,ABSORBED_EMPTY/pNone;ABSORBED_EMPTY/pNone;ABSORBED_EMPTY/pNone,None;None;None,False,False
2,A>~.reqwriteB~|B>~.reqwriteAA,ABSORBED_FROZEN/pNone,PRE_FAIL,ABSORBED_EMPTY/pNone;ABSORBED_EMPTY/pNone;ABSORBED_EMPTY/pNone,None;None;None,False,False
2,A>~.reqwriteB~|B>~.reqwriteAB,ABSORBED_FROZEN/pNone,PRE_FAIL,ABSORBED_EMPTY/pNone;ABSORBED_EMPTY/pNone;ABSORBED_EMPTY/pNone,None;None;None,False,False
2,A>~.reqwriteB~|B>~.reqwriteA~,ABSORBED_FROZEN/pNone,PRE_FAIL,ABSORBED_EMPTY/pNone;ABSORBED_EMPTY/pNone;ABSORBED_EMPTY/pNone,None;None;None,False,False
2,A>~.reqwriteB~|B>~.reqwriteBA,ABSORBED_FROZEN/pNone,PRE_FAIL,ABSORBED_EMPTY/pNone;ABSORBED_EMPTY/pNone;ABSORBED_EMPTY/pNone,None;None;None,False,False
2,A>~.reqwriteB~|B>~.reqwriteBB,ABSORBED_FROZEN/pNone,PRE_FAIL,ABSORBED_EMPTY/pNone;ABSORBED_EMPTY/pNone;ABSORBED_EMPTY/pNone,None;None;None,False,False
2,A>~.reqwriteB~|B>~.reqwriteB~,ABSORBED_FROZEN/pNone,PRE_FAIL,ABSORBED_EMPTY/pNone;ABSORBED_EMPTY/pNone;ABSORBED_EMPTY/pNone,None;None;None,False,False
2,A>~.reqwriteB~|B>~.reqwrite~A,ABSORBED_FROZEN/pNone,PRE_FAIL,ABSORBED_EMPTY/pNone;ABSORBED_EMPTY/pNone;ABSORBED_EMPTY/pNone,None;None;None,False,False
2,A>~.reqwriteB~|B>~.reqwrite~B,ABSORBED_FROZEN/pNone,PRE_FAIL,ABSORBED_EMPTY/pNone;ABSORBED_EMPTY/pNone;ABSORBED_EMPTY/pNone,None;None;None,False,False
2,A>~.reqwriteB~|B>~.reqwrite~~,ABSORBED_FROZEN/pNone,PRE_FAIL,ABSORBED_EMPTY/pNone;ABSORBED_EMPTY/pNone;ABSORBED_EMPTY/pNone,None;None;None,False,False
2,A>~.reqwriteB~|B>~.req~,ABSORBED_FROZEN/pNone,PRE_FAIL,ABSORBED_EMPTY/pNone;ABSORBED_EMPTY/pNone;ABSORBED_EMPTY/pNone,None;None;None,False,False
2,A>~.reqwriteB~|B>~.self,ABSORBED_FROZEN/pNone,PRE_FAIL,ABSORBED_EMPTY/pNone;ABSORBED_EMPTY/pNone;ABSORBED_EMPTY/pNone,None;None;None,False,False
2,A>~.reqwriteB~|B>~.writeA,ABSORBED_FROZEN/pNone,PRE_FAIL,ABSORBED_EMPTY/pNone;ABSORBED_EMPTY/pNone;ABSORBED_EMPTY/pNone,None;None;None,False,False
2,A>~.reqwriteB~|B>~.writeB,ABSORBED_FROZEN/pNone,PRE_FAIL,ABSORBED_EMPTY/pNone;ABSORBED_EMPTY/pNone;ABSORBED_EMPTY/pNone,None;None;None,False,False
2,A>~.reqwriteB~|B>~.write~,ABSORBED_FROZEN/pNone,PRE_FAIL,ABSORBED_EMPTY/pNone;ABSORBED_EMPTY/pNone;ABSORBED_EMPTY/pNone,None;None;None,False,False
2,A>~.reqwrite~A|A>~.reqwrite~B,ABSORBED_FROZEN/pNone,PRE_FAIL,ABSORBED_EMPTY/pNone;ABSORBED_EMPTY/pNone;ABSORBED_EMPTY/pNone,None;None;None,False,False
2,A>~.reqwrite~A|A>~.reqwrite~~,ABSORBED_EMPTY/pNone,PRE_FAIL,,None;None;None,False,False
2,A>~.reqwrite~A|A>~.self,ABSORBED_EMPTY/pNone,PRE_FAIL,,None;None;None,False,False
2,A>~.reqwrite~A|A>~.writeA,TRANSLATION/p6,DIED,ABSORBED_EMPTY/pNone;ABSORBED_EMPTY/pNone;ABSORBED_EMPTY/pNone,None;None;None,False,False
2,A>~.reqwrite~A|A>~.writeB,ABSORBED_FROZEN/pNone,PRE_FAIL,ABSORBED_EMPTY/pNone;ABSORBED_EMPTY/pNone;ABSORBED_EMPTY/pNone,None;None;None,False,False
2,A>~.reqwrite~A|A>~.write~,ABSORBED_EMPTY/pNone,PRE_FAIL,,None;None;None,False,False
2,A>~.reqwrite~A|B>A.reqA,TRANSLATION/p6,DIED,ABSORBED_EMPTY/pNone;ABSORBED_EMPTY/pNone;ABSORBED_EMPTY/pNone,None;None;None,False,False
2,A>~.reqwrite~A|B>A.reqB,TRANSLATION/p6,DIED,ABSORBED_EMPTY/pNone;ABSORBED_EMPTY/pNone;ABSORBED_EMPTY/pNone,None;None;None,False,False
2,A>~.reqwrite~A|B>A.reqwriteAA,TRANSLATION/p6,DIED,ABSORBED_EMPTY/pNone;ABSORBED_EMPTY/pNone;ABSORBED_EMPTY/pNone,None;None;None,False,False
2,A>~.reqwrite~A|B>A.reqwriteAB,TRANSLATION/p6,DIED,ABSORBED_EMPTY/pNone;ABSORBED_EMPTY/pNone;ABSORBED_EMPTY/pNone,None;None;None,False,False
2,A>~.reqwrite~A|B>A.reqwriteA~,TRANSLATION/p6,DIED,ABSORBED_EMPTY/pNone;ABSORBED_EMPTY/pNone;ABSORBED_EMPTY/pNone,None;None;None,False,False
2,A>~.reqwrite~A|B>A.reqwriteBA,TRANSLATION/p6,DIED,ABSORBED_EMPTY/pNone;ABSORBED_EMPTY/pNone;ABSORBED_EMPTY/pNone,None;None;None,False,False
2,A>~.reqwrite~A|B>A.reqwriteBB,TRANSLATION/p6,DIED,ABSORBED_EMPTY/pNone;ABSORBED_EMPTY/pNone;ABSORBED_EMPTY/pNone,None;None;None,False,False
2,A>~.reqwrite~A|B>A.reqwriteB~,TRANSLATION/p6,DIED,ABSORBED_EMPTY/pNone;ABSORBED_EMPTY/pNone;ABSORBED_EMPTY/pNone,None;None;None,False,False
2,A>~.reqwrite~A|B>A.reqwrite~A,TRANSLATION/p6,DIED,ABSORBED_EMPTY/pNone;ABSORBED_EMPTY/pNone;ABSORBED_EMPTY/pNone,None;None;None,False,False
2,A>~.reqwrite~A|B>A.reqwrite~B,TRANSLATION/p6,DIED,ABSORBED_EMPTY/pNone;ABSORBED_EMPTY/pNone;ABSORBED_EMPTY/pNone,None;None;None,False,False
2,A>~.reqwrite~A|B>A.reqwrite~~,TRANSLATION/p6,DIED,ABSORBED_EMPTY/pNone;ABSORBED_EMPTY/pNone;ABSORBED_EMPTY/pNone,None;None;None,False,False
2,A>~.reqwrite~A|B>A.req~,TRANSLATION/p6,DIED,ABSORBED_EMPTY/pNone;ABSORBED_EMPTY/pNone;ABSORBED_EMPTY/pNone,None;None;None,False,False
2,A>~.reqwrite~A|B>A.self,TRANSLATION/p6,DIED,ABSORBED_EMPTY/pNone;ABSORBED_EMPTY/pNone;ABSORBED_EMPTY/pNone,None;None;None,False,False
2,A>~.reqwrite~A|B>A.writeA,TRANSLATION/p6,DIED,ABSORBED_EMPTY/pNone;ABSORBED_EMPTY/pNone;ABSORBED_EMPTY/pNone,None;None;None,False,False
2,A>~.reqwrite~A|B>A.writeB,TRANSLATION/p6,DIED,ABSORBED_EMPTY/pNone;ABSORBED_EMPTY/pNone;ABSORBED_EMPTY/pNone,None;None;None,False,False
2,A>~.reqwrite~A|B>A.write~,TRANSLATION/p6,DIED,ABSORBED_EMPTY/pNone;ABSORBED_EMPTY/pNone;ABSORBED_EMPTY/pNone,None;None;None,False,False
2,A>~.reqwrite~A|B>B.reqA,TRANSLATION/p6,DIED,ABSORBED_EMPTY/pNone;ABSORBED_EMPTY/pNone;ABSORBED_EMPTY/pNone,None;None;None,False,False
2,A>~.reqwrite~A|B>B.reqB,TRANSLATION/p6,DIED,ABSORBED_EMPTY/pNone;ABSORBED_EMPTY/pNone;ABSORBED_EMPTY/pNone,None;None;None,False,False
2,A>~.reqwrite~A|B>B.reqwriteAA,TRANSLATION/p6,DIED,ABSORBED_EMPTY/pNone;ABSORBED_EMPTY/pNone;ABSORBED_EMPTY/pNone,None;None;None,False,False
2,A>~.reqwrite~A|B>B.reqwriteAB,TRANSLATION/p6,DIED,ABSORBED_EMPTY/pNone;ABSORBED_EMPTY/pNone;ABSORBED_EMPTY/pNone,None;None;None,False,False
2,A>~.reqwrite~A|B>B.reqwriteA~,TRANSLATION/p6,DIED,ABSORBED_EMPTY/pNone;ABSORBED_EMPTY/pNone;ABSORBED_EMPTY/pNone,None;None;None,False,False
2,A>~.reqwrite~A|B>B.reqwriteBA,TRANSLATION/p6,DIED,ABSORBED_EMPTY/pNone;ABSORBED_EMPTY/pNone;ABSORBED_EMPTY/pNone,None;None;None,False,False
2,A>~.reqwrite~A|B>B.reqwriteBB,TRANSLATION/p6,DIED,ABSORBED_EMPTY/pNone;ABSORBED_EMPTY/pNone;ABSORBED_EMPTY/pNone,None;None;None,False,False
2,A>~.reqwrite~A|B>B.reqwriteB~,TRANSLATION/p6,DIED,ABSORBED_EMPTY/pNone;ABSORBED_EMPTY/pNone;ABSORBED_EMPTY/pNone,None;None;None,False,False
2,A>~.reqwrite~A|B>B.reqwrite~A,TRANSLATION/p6,DIED,ABSORBED_EMPTY/pNone;ABSORBED_EMPTY/pNone;ABSORBED_EMPTY/pNone,None;None;None,False,False
2,A>~.reqwrite~A|B>B.reqwrite~B,TRANSLATION/p6,DIED,ABSORBED_EMPTY/pNone;ABSORBED_EMPTY/pNone;ABSORBED_EMPTY/pNone,None;None;None,False,False
2,A>~.reqwrite~A|B>B.reqwrite~~,TRANSLATION/p6,DIED,ABSORBED_EMPTY/pNone;ABSORBED_EMPTY/pNone;ABSORBED_EMPTY/pNone,None;None;None,False,False
2,A>~.reqwrite~A|B>B.req~,TRANSLATION/p6,DIED,ABSORBED_EMPTY/pNone;ABSORBED_EMPTY/pNone;ABSORBED_EMPTY/pNone,None;None;None,False,False
2,A>~.reqwrite~A|B>B.self,TRANSLATION/p6,DIED,ABSORBED_EMPTY/pNone;ABSORBED_EMPTY/pNone;ABSORBED_EMPTY/pNone,None;None;None,False,False
2,A>~.reqwrite~A|B>B.writeA,TRANSLATION/p6,DIED,ABSORBED_EMPTY/pNone;ABSORBED_EMPTY/pNone;ABSORBED_EMPTY/pNone,None;None;None,False,False
2,A>~.reqwrite~A|B>B.writeB,TRANSLATION/p6,DIED,ABSORBED_EMPTY/pNone;ABSORBED_EMPTY/pNone;ABSORBED_EMPTY/pNone,None;None;None,False,False
2,A>~.reqwrite~A|B>B.write~,TRANSLATION/p6,DIED,ABSORBED_EMPTY/pNone;ABSORBED_EMPTY/pNone;ABSORBED_EMPTY/pNone,None;None;None,False,False
2,A>~.reqwrite~A|B>~.reqA,TRANSLATION/p6,DIED,ABSORBED_EMPTY/pNone;ABSORBED_EMPTY/pNone;ABSORBED_EMPTY/pNone,None;None;None,False,False
2,A>~.reqwrite~A|B>~.reqB,TRANSLATION/p6,DIED,ABSORBED_EMPTY/pNone;ABSORBED_EMPTY/pNone;ABSORBED_EMPTY/pNone,None;None;None,False,False
2,A>~.reqwrite~A|B>~.reqwriteAA,TRANSLATION/p6,DIED,ABSORBED_EMPTY/pNone;ABSORBED_EMPTY/pNone;ABSORBED_EMPTY/pNone,None;None;None,False,False
2,A>~.reqwrite~A|B>~.reqwriteAB,TRANSLATION/p6,DIED,ABSORBED_EMPTY/pNone;ABSORBED_EMPTY/pNone;ABSORBED_EMPTY/pNone,None;None;None,False,False
2,A>~.reqwrite~A|B>~.reqwriteA~,TRANSLATION/p6,DIED,ABSORBED_EMPTY/pNone;ABSORBED_EMPTY/pNone;ABSORBED_EMPTY/pNone,None;None;None,False,False
2,A>~.reqwrite~A|B>~.reqwriteBA,TRANSLATION/p6,DIED,ABSORBED_EMPTY/pNone;ABSORBED_EMPTY/pNone;ABSORBED_EMPTY/pNone,None;None;None,False,False
2,A>~.reqwrite~A|B>~.reqwriteBB,TRANSLATION/p6,DIED,ABSORBED_EMPTY/pNone;ABSORBED_EMPTY/pNone;ABSORBED_EMPTY/pNone,None;None;None,False,False
2,A>~.reqwrite~A|B>~.reqwriteB~,TRANSLATION/p6,DIED,ABSORBED_EMPTY/pNone;ABSORBED_EMPTY/pNone;ABSORBED_EMPTY/pNone,None;None;None,False,False
2,A>~.reqwrite~A|B>~.reqwrite~A,TRANSLATION/p6,DIED,ABSORBED_EMPTY/pNone;ABSORBED_EMPTY/pNone;ABSORBED_EMPTY/pNone,None;None;None,False,False
2,A>~.reqwrite~A|B>~.reqwrite~B,TRANSLATION/p6,DIED,ABSORBED_EMPTY/pNone;ABSORBED_EMPTY/pNone;ABSORBED_EMPTY/pNone,None;None;None,False,False
2,A>~.reqwrite~A|B>~.reqwrite~~,TRANSLATION/p6,DIED,ABSORBED_EMPTY/pNone;ABSORBED_EMPTY/pNone;ABSORBED_EMPTY/pNone,None;None;None,False,False
2,A>~.reqwrite~A|B>~.req~,TRANSLATION/p6,DIED,ABSORBED_EMPTY/pNone;ABSORBED_EMPTY/pNone;ABSORBED_EMPTY/pNone,None;None;None,False,False
2,A>~.reqwrite~A|B>~.self,TRANSLATION/p6,DIED,ABSORBED_EMPTY/pNone;ABSORBED_EMPTY/pNone;ABSORBED_EMPTY/pNone,None;None;None,False,False
2,A>~.reqwrite~A|B>~.writeA,TRANSLATION/p6,DIED,ABSORBED_EMPTY/pNone;ABSORBED_EMPTY/pNone;ABSORBED_EMPTY/pNone,None;None;None,False,False
2,A>~.reqwrite~A|B>~.writeB,TRANSLATION/p6,DIED,ABSORBED_EMPTY/pNone;ABSORBED_EMPTY/pNone;ABSORBED_EMPTY/pNone,None;None;None,False,False
2,A>~.reqwrite~A|B>~.write~,TRANSLATION/p6,DIED,ABSORBED_EMPTY/pNone;ABSORBED_EMPTY/pNone;ABSORBED_EMPTY/pNone,None;None;None,False,False
2,A>~.reqwrite~B|A>~.reqwrite~~,ABSORBED_EMPTY/pNone,PRE_FAIL,,None;None;None,False,False
2,A>~.reqwrite~B|A>~.self,ABSORBED_EMPTY/pNone,PRE_FAIL,,None;None;None,False,False
2,A>~.reqwrite~B|A>~.writeA,ABSORBED_FROZEN/pNone,PRE_FAIL,ABSORBED_EMPTY/pNone;ABSORBED_EMPTY/pNone;ABSORBED_EMPTY/pNone,None;None;None,False,False
2,A>~.reqwrite~B|A>~.writeB,ABSORBED_FROZEN/pNone,PRE_FAIL,ABSORBED_EMPTY/pNone;ABSORBED_EMPTY/pNone;ABSORBED_EMPTY/pNone,None;None;None,False,False
2,A>~.reqwrite~B|A>~.write~,ABSORBED_EMPTY/pNone,PRE_FAIL,,None;None;None,False,False
2,A>~.reqwrite~B|B>A.reqA,ABSORBED_FROZEN/pNone,PRE_FAIL,ABSORBED_EMPTY/pNone;ABSORBED_EMPTY/pNone;ABSORBED_EMPTY/pNone,None;None;None,False,False
2,A>~.reqwrite~B|B>A.reqB,ABSORBED_FROZEN/pNone,PRE_FAIL,ABSORBED_EMPTY/pNone;ABSORBED_EMPTY/pNone;ABSORBED_EMPTY/pNone,None;None;None,False,False
2,A>~.reqwrite~B|B>A.reqwriteAA,ABSORBED_FROZEN/pNone,PRE_FAIL,ABSORBED_EMPTY/pNone;ABSORBED_EMPTY/pNone;ABSORBED_EMPTY/pNone,None;None;None,False,False
2,A>~.reqwrite~B|B>A.reqwriteAB,ABSORBED_FROZEN/pNone,PRE_FAIL,ABSORBED_EMPTY/pNone;ABSORBED_EMPTY/pNone;ABSORBED_EMPTY/pNone,None;None;None,False,False
2,A>~.reqwrite~B|B>A.reqwriteA~,ABSORBED_FROZEN/pNone,PRE_FAIL,ABSORBED_EMPTY/pNone;ABSORBED_EMPTY/pNone;ABSORBED_EMPTY/pNone,None;None;None,False,False
2,A>~.reqwrite~B|B>A.reqwriteBA,ABSORBED_FROZEN/pNone,PRE_FAIL,ABSORBED_EMPTY/pNone;ABSORBED_EMPTY/pNone;ABSORBED_EMPTY/pNone,None;None;None,False,False
2,A>~.reqwrite~B|B>A.reqwriteBB,ABSORBED_FROZEN/pNone,PRE_FAIL,ABSORBED_EMPTY/pNone;ABSORBED_EMPTY/pNone;ABSORBED_EMPTY/pNone,None;None;None,False,False
2,A>~.reqwrite~B|B>A.reqwriteB~,ABSORBED_FROZEN/pNone,PRE_FAIL,ABSORBED_EMPTY/pNone;ABSORBED_EMPTY/pNone;ABSORBED_EMPTY/pNone,None;None;None,False,False
2,A>~.reqwrite~B|B>A.reqwrite~A,ABSORBED_FROZEN/pNone,PRE_FAIL,ABSORBED_FROZEN/pNone;ABSORBED_FROZEN/pNone;ABSORBED_FROZEN/pNone;ABSORBED_FROZEN/pNone;ABSORBED_FROZEN/pNone;ABSORBED_FROZEN/pNone;ABSORBED_FROZEN/pNone;ABSORBED_FROZEN/pNone;ABSORBED_FROZEN/pNone,None;None;None,False,False
2,A>~.reqwrite~B|B>A.reqwrite~B,ABSORBED_FROZEN/pNone,PRE_FAIL,ABSORBED_FROZEN/pNone;ABSORBED_FROZEN/pNone;ABSORBED_FROZEN/pNone;ABSORBED_FROZEN/pNone;ABSORBED_FROZEN/pNone;ABSORBED_FROZEN/pNone;ABSORBED_FROZEN/pNone;ABSORBED_FROZEN/pNone;ABSORBED_FROZEN/pNone,None;None;None,False,False
2,A>~.reqwrite~B|B>A.reqwrite~~,POP_OSC/p12,DIED,ABSORBED_EMPTY/pNone;ABSORBED_EMPTY/pNone;ABSORBED_EMPTY/pNone,None;None;None,False,False
2,A>~.reqwrite~B|B>A.req~,POP_OSC/p12,DIED,ABSORBED_EMPTY/pNone;ABSORBED_EMPTY/pNone;ABSORBED_EMPTY/pNone,None;None;None,False,False
2,A>~.reqwrite~B|B>A.self,POP_OSC/p12,DIED,ABSORBED_EMPTY/pNone;ABSORBED_EMPTY/pNone;ABSORBED_EMPTY/pNone,None;None;None,False,False
2,A>~.reqwrite~B|B>A.writeA,ABSORBED_FROZEN/pNone,PRE_FAIL,ABSORBED_FROZEN/pNone;ABSORBED_FROZEN/pNone;APERIODIC/pNone;ABSORBED_FROZEN/pNone;APERIODIC/pNone;ABSORBED_FROZEN/pNone;ABSORBED_FROZEN/pNone;ABSORBED_FROZEN/pNone;ABSORBED_FROZEN/pNone,None;None;None,False,False
2,A>~.reqwrite~B|B>A.writeB,TRANSLATION/p6,REPAIR,TRANSLATION/p6;TRANSLATION/p6;TRANSLATION/p6;TRANSLATION/p6;TRANSLATION/p6;TRANSLATION/p6;TRANSLATION/p6;TRANSLATION/p6;TRANSLATION/p6,None;None;None,False,True
2,A>~.reqwrite~B|B>A.write~,POP_OSC/p12,DIED,ABSORBED_EMPTY/pNone;ABSORBED_EMPTY/pNone;ABSORBED_EMPTY/pNone,None;None;None,False,False
2,A>~.reqwrite~B|B>B.reqA,ABSORBED_FROZEN/pNone,PRE_FAIL,ABSORBED_EMPTY/pNone;ABSORBED_EMPTY/pNone;ABSORBED_EMPTY/pNone,None;None;None,False,False
2,A>~.reqwrite~B|B>B.reqB,ABSORBED_FROZEN/pNone,PRE_FAIL,ABSORBED_EMPTY/pNone;ABSORBED_EMPTY/pNone;ABSORBED_EMPTY/pNone,None;None;None,False,False
2,A>~.reqwrite~B|B>B.reqwriteAA,ABSORBED_FROZEN/pNone,PRE_FAIL,ABSORBED_EMPTY/pNone;ABSORBED_EMPTY/pNone;ABSORBED_EMPTY/pNone,None;None;None,False,False
2,A>~.reqwrite~B|B>B.reqwriteAB,ABSORBED_FROZEN/pNone,PRE_FAIL,ABSORBED_EMPTY/pNone;ABSORBED_EMPTY/pNone;ABSORBED_EMPTY/pNone,None;None;None,False,False
2,A>~.reqwrite~B|B>B.reqwriteA~,ABSORBED_FROZEN/pNone,PRE_FAIL,ABSORBED_EMPTY/pNone;ABSORBED_EMPTY/pNone;ABSORBED_EMPTY/pNone,None;None;None,False,False
2,A>~.reqwrite~B|B>B.reqwriteBA,ABSORBED_FROZEN/pNone,PRE_FAIL,ABSORBED_EMPTY/pNone;ABSORBED_EMPTY/pNone;ABSORBED_EMPTY/pNone,None;None;None,False,False
2,A>~.reqwrite~B|B>B.reqwriteBB,ABSORBED_FROZEN/pNone,PRE_FAIL,ABSORBED_EMPTY/pNone;ABSORBED_EMPTY/pNone;ABSORBED_EMPTY/pNone,None;None;None,False,False
2,A>~.reqwrite~B|B>B.reqwriteB~,ABSORBED_FROZEN/pNone,PRE_FAIL,ABSORBED_EMPTY/pNone;ABSORBED_EMPTY/pNone;ABSORBED_EMPTY/pNone,None;None;None,False,False
2,A>~.reqwrite~B|B>B.reqwrite~A,ABSORBED_FROZEN/pNone,PRE_FAIL,ABSORBED_FROZEN/pNone;ABSORBED_FROZEN/pNone;ABSORBED_FROZEN/pNone;ABSORBED_FROZEN/pNone;ABSORBED_FROZEN/pNone;ABSORBED_FROZEN/pNone;ABSORBED_FROZEN/pNone;ABSORBED_FROZEN/pNone;ABSORBED_FROZEN/pNone,None;None;None,False,False
2,A>~.reqwrite~B|B>B.reqwrite~B,ABSORBED_FROZEN/pNone,PRE_FAIL,ABSORBED_FROZEN/pNone;ABSORBED_FROZEN/pNone;ABSORBED_FROZEN/pNone;ABSORBED_FROZEN/pNone;ABSORBED_FROZEN/pNone;ABSORBED_FROZEN/pNone;ABSORBED_FROZEN/pNone;ABSORBED_FROZEN/pNone;ABSORBED_FROZEN/pNone,None;None;None,False,False
2,A>~.reqwrite~B|B>B.reqwrite~~,FIXED/p1,DIED,ABSORBED_EMPTY/pNone;ABSORBED_EMPTY/pNone;ABSORBED_EMPTY/pNone,None;None;None,False,False
2,A>~.reqwrite~B|B>B.req~,FIXED/p1,DIED,ABSORBED_EMPTY/pNone;ABSORBED_EMPTY/pNone;ABSORBED_EMPTY/pNone,None;None;None,False,False
2,A>~.reqwrite~B|B>B.self,FIXED/p1,DIED,ABSORBED_EMPTY/pNone;ABSORBED_EMPTY/pNone;ABSORBED_EMPTY/pNone,None;None;None,False,False
2,A>~.reqwrite~B|B>B.writeA,FIXED/p1,REPAIR,FIXED/p1;FIXED/p1;FIXED/p1;FIXED/p1;FIXED/p1;FIXED/p1;FIXED/p1;FIXED/p1;FIXED/p1,True;True;True,True,False
2,A>~.reqwrite~B|B>B.writeB,FIXED/p1,REPAIR,FIXED/p1;FIXED/p1;FIXED/p1;FIXED/p1;FIXED/p1;FIXED/p1;FIXED/p1;FIXED/p1;FIXED/p1,True;True;True,True,False
2,A>~.reqwrite~B|B>B.write~,FIXED/p1,DIED,ABSORBED_EMPTY/pNone;ABSORBED_EMPTY/pNone;ABSORBED_EMPTY/pNone,None;None;None,False,False
2,A>~.reqwrite~B|B>~.reqA,ABSORBED_FROZEN/pNone,PRE_FAIL,ABSORBED_EMPTY/pNone;ABSORBED_EMPTY/pNone;ABSORBED_EMPTY/pNone,None;None;None,False,False
2,A>~.reqwrite~B|B>~.reqB,ABSORBED_FROZEN/pNone,PRE_FAIL,ABSORBED_EMPTY/pNone;ABSORBED_EMPTY/pNone;ABSORBED_EMPTY/pNone,None;None;None,False,False
2,A>~.reqwrite~B|B>~.reqwriteAA,ABSORBED_FROZEN/pNone,PRE_FAIL,ABSORBED_EMPTY/pNone;ABSORBED_EMPTY/pNone;ABSORBED_EMPTY/pNone,None;None;None,False,False
2,A>~.reqwrite~B|B>~.reqwriteAB,ABSORBED_FROZEN/pNone,PRE_FAIL,ABSORBED_EMPTY/pNone;ABSORBED_EMPTY/pNone;ABSORBED_EMPTY/pNone,None;None;None,False,False
2,A>~.reqwrite~B|B>~.reqwriteA~,ABSORBED_FROZEN/pNone,PRE_FAIL,ABSORBED_EMPTY/pNone;ABSORBED_EMPTY/pNone;ABSORBED_EMPTY/pNone,None;None;None,False,False
2,A>~.reqwrite~B|B>~.reqwriteBA,ABSORBED_FROZEN/pNone,PRE_FAIL,ABSORBED_EMPTY/pNone;ABSORBED_EMPTY/pNone;ABSORBED_EMPTY/pNone,None;None;None,False,False
2,A>~.reqwrite~B|B>~.reqwriteBB,ABSORBED_FROZEN/pNone,PRE_FAIL,ABSORBED_EMPTY/pNone;ABSORBED_EMPTY/pNone;ABSORBED_EMPTY/pNone,None;None;None,False,False
2,A>~.reqwrite~B|B>~.reqwriteB~,ABSORBED_FROZEN/pNone,PRE_FAIL,ABSORBED_EMPTY/pNone;ABSORBED_EMPTY/pNone;ABSORBED_EMPTY/pNone,None;None;None,False,False
2,A>~.reqwrite~B|B>~.reqwrite~A,POP_OSC/p6,DIED,ABSORBED_EMPTY/pNone;ABSORBED_EMPTY/pNone;ABSORBED_EMPTY/pNone,None;None;None,False,False
2,A>~.reqwrite~B|B>~.reqwrite~B,TRANSLATION/p6,DIED,ABSORBED_EMPTY/pNone;ABSORBED_EMPTY/pNone;ABSORBED_EMPTY/pNone,None;None;None,False,False
2,A>~.reqwrite~B|B>~.reqwrite~~,ABSORBED_EMPTY/pNone,PRE_FAIL,,None;None;None,False,False
2,A>~.reqwrite~B|B>~.req~,ABSORBED_EMPTY/pNone,PRE_FAIL,,None;None;None,False,False
2,A>~.reqwrite~B|B>~.self,ABSORBED_EMPTY/pNone,PRE_FAIL,,None;None;None,False,False
2,A>~.reqwrite~B|B>~.writeA,POP_OSC/p6,DIED,ABSORBED_EMPTY/pNone;ABSORBED_EMPTY/pNone;ABSORBED_EMPTY/pNone,None;None;None,False,False
2,A>~.reqwrite~B|B>~.writeB,TRANSLATION/p6,DIED,ABSORBED_EMPTY/pNone;ABSORBED_EMPTY/pNone;ABSORBED_EMPTY/pNone,None;None;None,False,False
2,A>~.reqwrite~B|B>~.write~,ABSORBED_EMPTY/pNone,PRE_FAIL,,None;None;None,False,False
2,A>~.reqwrite~~|A>~.self,ABSORBED_EMPTY/pNone,PRE_FAIL,,None;None;None,False,False
2,A>~.reqwrite~~|A>~.writeA,ABSORBED_EMPTY/pNone,PRE_FAIL,,None;None;None,False,False
2,A>~.reqwrite~~|A>~.writeB,ABSORBED_FROZEN/pNone,PRE_FAIL,ABSORBED_EMPTY/pNone;ABSORBED_EMPTY/pNone;ABSORBED_EMPTY/pNone,None;None;None,False,False
2,A>~.reqwrite~~|A>~.write~,ABSORBED_EMPTY/pNone,PRE_FAIL,,None;None;None,False,False
2,A>~.reqwrite~~|B>A.reqA,ABSORBED_EMPTY/pNone,PRE_FAIL,,None;None;None,False,False
2,A>~.reqwrite~~|B>A.reqB,ABSORBED_EMPTY/pNone,PRE_FAIL,,None;None;None,False,False
2,A>~.reqwrite~~|B>A.reqwriteAA,ABSORBED_EMPTY/pNone,PRE_FAIL,,None;None;None,False,False
2,A>~.reqwrite~~|B>A.reqwriteAB,ABSORBED_EMPTY/pNone,PRE_FAIL,,None;None;None,False,False
2,A>~.reqwrite~~|B>A.reqwriteA~,ABSORBED_EMPTY/pNone,PRE_FAIL,,None;None;None,False,False
2,A>~.reqwrite~~|B>A.reqwriteBA,ABSORBED_EMPTY/pNone,PRE_FAIL,,None;None;None,False,False
2,A>~.reqwrite~~|B>A.reqwriteBB,ABSORBED_EMPTY/pNone,PRE_FAIL,,None;None;None,False,False
2,A>~.reqwrite~~|B>A.reqwriteB~,ABSORBED_EMPTY/pNone,PRE_FAIL,,None;None;None,False,False
2,A>~.reqwrite~~|B>A.reqwrite~A,ABSORBED_EMPTY/pNone,PRE_FAIL,,None;None;None,False,False
2,A>~.reqwrite~~|B>A.reqwrite~B,ABSORBED_EMPTY/pNone,PRE_FAIL,,None;None;None,False,False
2,A>~.reqwrite~~|B>A.reqwrite~~,ABSORBED_EMPTY/pNone,PRE_FAIL,,None;None;None,False,False
2,A>~.reqwrite~~|B>A.req~,ABSORBED_EMPTY/pNone,PRE_FAIL,,None;None;None,False,False
2,A>~.reqwrite~~|B>A.self,ABSORBED_EMPTY/pNone,PRE_FAIL,,None;None;None,False,False
2,A>~.reqwrite~~|B>A.writeA,ABSORBED_EMPTY/pNone,PRE_FAIL,,None;None;None,False,False
2,A>~.reqwrite~~|B>A.writeB,ABSORBED_EMPTY/pNone,PRE_FAIL,,None;None;None,False,False
2,A>~.reqwrite~~|B>A.write~,ABSORBED_EMPTY/pNone,PRE_FAIL,,None;None;None,False,False
2,A>~.reqwrite~~|B>B.reqA,ABSORBED_EMPTY/pNone,PRE_FAIL,,None;None;None,False,False
2,A>~.reqwrite~~|B>B.reqB,ABSORBED_EMPTY/pNone,PRE_FAIL,,None;None;None,False,False
2,A>~.reqwrite~~|B>B.reqwriteAA,ABSORBED_EMPTY/pNone,PRE_FAIL,,None;None;None,False,False
2,A>~.reqwrite~~|B>B.reqwriteAB,ABSORBED_EMPTY/pNone,PRE_FAIL,,None;None;None,False,False
2,A>~.reqwrite~~|B>B.reqwriteA~,ABSORBED_EMPTY/pNone,PRE_FAIL,,None;None;None,False,False
2,A>~.reqwrite~~|B>B.reqwriteBA,ABSORBED_EMPTY/pNone,PRE_FAIL,,None;None;None,False,False
2,A>~.reqwrite~~|B>B.reqwriteBB,ABSORBED_EMPTY/pNone,PRE_FAIL,,None;None;None,False,False
2,A>~.reqwrite~~|B>B.reqwriteB~,ABSORBED_EMPTY/pNone,PRE_FAIL,,None;None;None,False,False
2,A>~.reqwrite~~|B>B.reqwrite~A,ABSORBED_EMPTY/pNone,PRE_FAIL,,None;None;None,False,False
2,A>~.reqwrite~~|B>B.reqwrite~B,ABSORBED_EMPTY/pNone,PRE_FAIL,,None;None;None,False,False
2,A>~.reqwrite~~|B>B.reqwrite~~,ABSORBED_EMPTY/pNone,PRE_FAIL,,None;None;None,False,False
2,A>~.reqwrite~~|B>B.req~,ABSORBED_EMPTY/pNone,PRE_FAIL,,None;None;None,False,False
2,A>~.reqwrite~~|B>B.self,ABSORBED_EMPTY/pNone,PRE_FAIL,,None;None;None,False,False
2,A>~.reqwrite~~|B>B.writeA,ABSORBED_EMPTY/pNone,PRE_FAIL,,None;None;None,False,False
2,A>~.reqwrite~~|B>B.writeB,ABSORBED_EMPTY/pNone,PRE_FAIL,,None;None;None,False,False
2,A>~.reqwrite~~|B>B.write~,ABSORBED_EMPTY/pNone,PRE_FAIL,,None;None;None,False,False
2,A>~.reqwrite~~|B>~.reqA,ABSORBED_EMPTY/pNone,PRE_FAIL,,None;None;None,False,False
2,A>~.reqwrite~~|B>~.reqB,ABSORBED_EMPTY/pNone,PRE_FAIL,,None;None;None,False,False
2,A>~.reqwrite~~|B>~.reqwriteAA,ABSORBED_EMPTY/pNone,PRE_FAIL,,None;None;None,False,False
2,A>~.reqwrite~~|B>~.reqwriteAB,ABSORBED_EMPTY/pNone,PRE_FAIL,,None;None;None,False,False
2,A>~.reqwrite~~|B>~.reqwriteA~,ABSORBED_EMPTY/pNone,PRE_FAIL,,None;None;None,False,False
2,A>~.reqwrite~~|B>~.reqwriteBA,ABSORBED_EMPTY/pNone,PRE_FAIL,,None;None;None,False,False
2,A>~.reqwrite~~|B>~.reqwriteBB,ABSORBED_EMPTY/pNone,PRE_FAIL,,None;None;None,False,False
2,A>~.reqwrite~~|B>~.reqwriteB~,ABSORBED_EMPTY/pNone,PRE_FAIL,,None;None;None,False,False
2,A>~.reqwrite~~|B>~.reqwrite~A,ABSORBED_EMPTY/pNone,PRE_FAIL,,None;None;None,False,False
2,A>~.reqwrite~~|B>~.reqwrite~B,ABSORBED_EMPTY/pNone,PRE_FAIL,,None;None;None,False,False
2,A>~.reqwrite~~|B>~.reqwrite~~,ABSORBED_EMPTY/pNone,PRE_FAIL,,None;None;None,False,False
2,A>~.reqwrite~~|B>~.req~,ABSORBED_EMPTY/pNone,PRE_FAIL,,None;None;None,False,False
2,A>~.reqwrite~~|B>~.self,ABSORBED_EMPTY/pNone,PRE_FAIL,,None;None;None,False,False
2,A>~.reqwrite~~|B>~.writeA,ABSORBED_EMPTY/pNone,PRE_FAIL,,None;None;None,False,False
2,A>~.reqwrite~~|B>~.writeB,ABSORBED_EMPTY/pNone,PRE_FAIL,,None;None;None,False,False
2,A>~.reqwrite~~|B>~.write~,ABSORBED_EMPTY/pNone,PRE_FAIL,,None;None;None,False,False
2,A>~.req~|A>~.reqwriteAA,ABSORBED_EMPTY/pNone,PRE_FAIL,,None;None;None,False,False
2,A>~.req~|A>~.reqwriteAB,ABSORBED_EMPTY/pNone,PRE_FAIL,,None;None;None,False,False
2,A>~.req~|A>~.reqwriteA~,ABSORBED_EMPTY/pNone,PRE_FAIL,,None;None;None,False,False
2,A>~.req~|A>~.reqwriteBA,ABSORBED_EMPTY/pNone,PRE_FAIL,,None;None;None,False,False
2,A>~.req~|A>~.reqwriteBB,ABSORBED_EMPTY/pNone,PRE_FAIL,,None;None;None,False,False
2,A>~.req~|A>~.reqwriteB~,ABSORBED_EMPTY/pNone,PRE_FAIL,,None;None;None,False,False
2,A>~.req~|A>~.reqwrite~A,ABSORBED_EMPTY/pNone,PRE_FAIL,,None;None;None,False,False
2,A>~.req~|A>~.reqwrite~B,ABSORBED_FROZEN/pNone,PRE_FAIL,ABSORBED_EMPTY/pNone;ABSORBED_EMPTY/pNone;ABSORBED_EMPTY/pNone,None;None;None,False,False
2,A>~.req~|A>~.reqwrite~~,ABSORBED_EMPTY/pNone,PRE_FAIL,,None;None;None,False,False
2,A>~.req~|A>~.self,ABSORBED_EMPTY/pNone,PRE_FAIL,,None;None;None,False,False
2,A>~.req~|A>~.writeA,ABSORBED_EMPTY/pNone,PRE_FAIL,,None;None;None,False,False
2,A>~.req~|A>~.writeB,ABSORBED_FROZEN/pNone,PRE_FAIL,ABSORBED_EMPTY/pNone;ABSORBED_EMPTY/pNone;ABSORBED_EMPTY/pNone,None;None;None,False,False
2,A>~.req~|A>~.write~,ABSORBED_EMPTY/pNone,PRE_FAIL,,None;None;None,False,False
2,A>~.req~|B>A.reqA,ABSORBED_EMPTY/pNone,PRE_FAIL,,None;None;None,False,False
2,A>~.req~|B>A.reqB,ABSORBED_EMPTY/pNone,PRE_FAIL,,None;None;None,False,False
2,A>~.req~|B>A.reqwriteAA,ABSORBED_EMPTY/pNone,PRE_FAIL,,None;None;None,False,False
2,A>~.req~|B>A.reqwriteAB,ABSORBED_EMPTY/pNone,PRE_FAIL,,None;None;None,False,False
2,A>~.req~|B>A.reqwriteA~,ABSORBED_EMPTY/pNone,PRE_FAIL,,None;None;None,False,False
2,A>~.req~|B>A.reqwriteBA,ABSORBED_EMPTY/pNone,PRE_FAIL,,None;None;None,False,False
2,A>~.req~|B>A.reqwriteBB,ABSORBED_EMPTY/pNone,PRE_FAIL,,None;None;None,False,False
2,A>~.req~|B>A.reqwriteB~,ABSORBED_EMPTY/pNone,PRE_FAIL,,None;None;None,False,False
2,A>~.req~|B>A.reqwrite~A,ABSORBED_EMPTY/pNone,PRE_FAIL,,None;None;None,False,False
2,A>~.req~|B>A.reqwrite~B,ABSORBED_EMPTY/pNone,PRE_FAIL,,None;None;None,False,False
2,A>~.req~|B>A.reqwrite~~,ABSORBED_EMPTY/pNone,PRE_FAIL,,None;None;None,False,False
2,A>~.req~|B>A.req~,ABSORBED_EMPTY/pNone,PRE_FAIL,,None;None;None,False,False
2,A>~.req~|B>A.self,ABSORBED_EMPTY/pNone,PRE_FAIL,,None;None;None,False,False
2,A>~.req~|B>A.writeA,ABSORBED_EMPTY/pNone,PRE_FAIL,,None;None;None,False,False
2,A>~.req~|B>A.writeB,ABSORBED_EMPTY/pNone,PRE_FAIL,,None;None;None,False,False
2,A>~.req~|B>A.write~,ABSORBED_EMPTY/pNone,PRE_FAIL,,None;None;None,False,False
2,A>~.req~|B>B.reqA,ABSORBED_EMPTY/pNone,PRE_FAIL,,None;None;None,False,False
2,A>~.req~|B>B.reqB,ABSORBED_EMPTY/pNone,PRE_FAIL,,None;None;None,False,False
2,A>~.req~|B>B.reqwriteAA,ABSORBED_EMPTY/pNone,PRE_FAIL,,None;None;None,False,False
2,A>~.req~|B>B.reqwriteAB,ABSORBED_EMPTY/pNone,PRE_FAIL,,None;None;None,False,False
2,A>~.req~|B>B.reqwriteA~,ABSORBED_EMPTY/pNone,PRE_FAIL,,None;None;None,False,False
2,A>~.req~|B>B.reqwriteBA,ABSORBED_EMPTY/pNone,PRE_FAIL,,None;None;None,False,False
2,A>~.req~|B>B.reqwriteBB,ABSORBED_EMPTY/pNone,PRE_FAIL,,None;None;None,False,False
2,A>~.req~|B>B.reqwriteB~,ABSORBED_EMPTY/pNone,PRE_FAIL,,None;None;None,False,False
2,A>~.req~|B>B.reqwrite~A,ABSORBED_EMPTY/pNone,PRE_FAIL,,None;None;None,False,False
2,A>~.req~|B>B.reqwrite~B,ABSORBED_EMPTY/pNone,PRE_FAIL,,None;None;None,False,False
2,A>~.req~|B>B.reqwrite~~,ABSORBED_EMPTY/pNone,PRE_FAIL,,None;None;None,False,False
2,A>~.req~|B>B.req~,ABSORBED_EMPTY/pNone,PRE_FAIL,,None;None;None,False,False
2,A>~.req~|B>B.self,ABSORBED_EMPTY/pNone,PRE_FAIL,,None;None;None,False,False
2,A>~.req~|B>B.writeA,ABSORBED_EMPTY/pNone,PRE_FAIL,,None;None;None,False,False
2,A>~.req~|B>B.writeB,ABSORBED_EMPTY/pNone,PRE_FAIL,,None;None;None,False,False
2,A>~.req~|B>B.write~,ABSORBED_EMPTY/pNone,PRE_FAIL,,None;None;None,False,False
2,A>~.req~|B>~.reqA,ABSORBED_EMPTY/pNone,PRE_FAIL,,None;None;None,False,False
2,A>~.req~|B>~.reqB,ABSORBED_EMPTY/pNone,PRE_FAIL,,None;None;None,False,False
2,A>~.req~|B>~.reqwriteAA,ABSORBED_EMPTY/pNone,PRE_FAIL,,None;None;None,False,False
2,A>~.req~|B>~.reqwriteAB,ABSORBED_EMPTY/pNone,PRE_FAIL,,None;None;None,False,False
2,A>~.req~|B>~.reqwriteA~,ABSORBED_EMPTY/pNone,PRE_FAIL,,None;None;None,False,False
2,A>~.req~|B>~.reqwriteBA,ABSORBED_EMPTY/pNone,PRE_FAIL,,None;None;None,False,False
2,A>~.req~|B>~.reqwriteBB,ABSORBED_EMPTY/pNone,PRE_FAIL,,None;None;None,False,False
2,A>~.req~|B>~.reqwriteB~,ABSORBED_EMPTY/pNone,PRE_FAIL,,None;None;None,False,False
2,A>~.req~|B>~.reqwrite~A,ABSORBED_EMPTY/pNone,PRE_FAIL,,None;None;None,False,False
2,A>~.req~|B>~.reqwrite~B,ABSORBED_EMPTY/pNone,PRE_FAIL,,None;None;None,False,False
2,A>~.req~|B>~.reqwrite~~,ABSORBED_EMPTY/pNone,PRE_FAIL,,None;None;None,False,False
2,A>~.req~|B>~.req~,ABSORBED_EMPTY/pNone,PRE_FAIL,,None;None;None,False,False
2,A>~.req~|B>~.self,ABSORBED_EMPTY/pNone,PRE_FAIL,,None;None;None,False,False
2,A>~.req~|B>~.writeA,ABSORBED_EMPTY/pNone,PRE_FAIL,,None;None;None,False,False
2,A>~.req~|B>~.writeB,ABSORBED_EMPTY/pNone,PRE_FAIL,,None;None;None,False,False
2,A>~.req~|B>~.write~,ABSORBED_EMPTY/pNone,PRE_FAIL,,None;None;None,False,False
2,A>~.self|A>~.writeA,ABSORBED_EMPTY/pNone,PRE_FAIL,,None;None;None,False,False
2,A>~.self|A>~.writeB,ABSORBED_FROZEN/pNone,PRE_FAIL,ABSORBED_EMPTY/pNone;ABSORBED_EMPTY/pNone;ABSORBED_EMPTY/pNone,None;None;None,False,False
2,A>~.self|A>~.write~,ABSORBED_EMPTY/pNone,PRE_FAIL,,None;None;None,False,False
2,A>~.self|B>A.reqA,ABSORBED_EMPTY/pNone,PRE_FAIL,,None;None;None,False,False
2,A>~.self|B>A.reqB,ABSORBED_EMPTY/pNone,PRE_FAIL,,None;None;None,False,False
2,A>~.self|B>A.reqwriteAA,ABSORBED_EMPTY/pNone,PRE_FAIL,,None;None;None,False,False
2,A>~.self|B>A.reqwriteAB,ABSORBED_EMPTY/pNone,PRE_FAIL,,None;None;None,False,False
2,A>~.self|B>A.reqwriteA~,ABSORBED_EMPTY/pNone,PRE_FAIL,,None;None;None,False,False
2,A>~.self|B>A.reqwriteBA,ABSORBED_EMPTY/pNone,PRE_FAIL,,None;None;None,False,False
2,A>~.self|B>A.reqwriteBB,ABSORBED_EMPTY/pNone,PRE_FAIL,,None;None;None,False,False
2,A>~.self|B>A.reqwriteB~,ABSORBED_EMPTY/pNone,PRE_FAIL,,None;None;None,False,False
2,A>~.self|B>A.reqwrite~A,ABSORBED_EMPTY/pNone,PRE_FAIL,,None;None;None,False,False
2,A>~.self|B>A.reqwrite~B,ABSORBED_EMPTY/pNone,PRE_FAIL,,None;None;None,False,False
2,A>~.self|B>A.reqwrite~~,ABSORBED_EMPTY/pNone,PRE_FAIL,,None;None;None,False,False
2,A>~.self|B>A.req~,ABSORBED_EMPTY/pNone,PRE_FAIL,,None;None;None,False,False
2,A>~.self|B>A.self,ABSORBED_EMPTY/pNone,PRE_FAIL,,None;None;None,False,False
2,A>~.self|B>A.writeA,ABSORBED_EMPTY/pNone,PRE_FAIL,,None;None;None,False,False
2,A>~.self|B>A.writeB,ABSORBED_EMPTY/pNone,PRE_FAIL,,None;None;None,False,False
2,A>~.self|B>A.write~,ABSORBED_EMPTY/pNone,PRE_FAIL,,None;None;None,False,False
2,A>~.self|B>B.reqA,ABSORBED_EMPTY/pNone,PRE_FAIL,,None;None;None,False,False
2,A>~.self|B>B.reqB,ABSORBED_EMPTY/pNone,PRE_FAIL,,None;None;None,False,False
2,A>~.self|B>B.reqwriteAA,ABSORBED_EMPTY/pNone,PRE_FAIL,,None;None;None,False,False
2,A>~.self|B>B.reqwriteAB,ABSORBED_EMPTY/pNone,PRE_FAIL,,None;None;None,False,False
2,A>~.self|B>B.reqwriteA~,ABSORBED_EMPTY/pNone,PRE_FAIL,,None;None;None,False,False
2,A>~.self|B>B.reqwriteBA,ABSORBED_EMPTY/pNone,PRE_FAIL,,None;None;None,False,False
2,A>~.self|B>B.reqwriteBB,ABSORBED_EMPTY/pNone,PRE_FAIL,,None;None;None,False,False
2,A>~.self|B>B.reqwriteB~,ABSORBED_EMPTY/pNone,PRE_FAIL,,None;None;None,False,False
2,A>~.self|B>B.reqwrite~A,ABSORBED_EMPTY/pNone,PRE_FAIL,,None;None;None,False,False
2,A>~.self|B>B.reqwrite~B,ABSORBED_EMPTY/pNone,PRE_FAIL,,None;None;None,False,False
2,A>~.self|B>B.reqwrite~~,ABSORBED_EMPTY/pNone,PRE_FAIL,,None;None;None,False,False
2,A>~.self|B>B.req~,ABSORBED_EMPTY/pNone,PRE_FAIL,,None;None;None,False,False
2,A>~.self|B>B.self,ABSORBED_EMPTY/pNone,PRE_FAIL,,None;None;None,False,False
2,A>~.self|B>B.writeA,ABSORBED_EMPTY/pNone,PRE_FAIL,,None;None;None,False,False
2,A>~.self|B>B.writeB,ABSORBED_EMPTY/pNone,PRE_FAIL,,None;None;None,False,False
2,A>~.self|B>B.write~,ABSORBED_EMPTY/pNone,PRE_FAIL,,None;None;None,False,False
2,A>~.self|B>~.reqA,ABSORBED_EMPTY/pNone,PRE_FAIL,,None;None;None,False,False
2,A>~.self|B>~.reqB,ABSORBED_EMPTY/pNone,PRE_FAIL,,None;None;None,False,False
2,A>~.self|B>~.reqwriteAA,ABSORBED_EMPTY/pNone,PRE_FAIL,,None;None;None,False,False
2,A>~.self|B>~.reqwriteAB,ABSORBED_EMPTY/pNone,PRE_FAIL,,None;None;None,False,False
2,A>~.self|B>~.reqwriteA~,ABSORBED_EMPTY/pNone,PRE_FAIL,,None;None;None,False,False
2,A>~.self|B>~.reqwriteBA,ABSORBED_EMPTY/pNone,PRE_FAIL,,None;None;None,False,False
2,A>~.self|B>~.reqwriteBB,ABSORBED_EMPTY/pNone,PRE_FAIL,,None;None;None,False,False
2,A>~.self|B>~.reqwriteB~,ABSORBED_EMPTY/pNone,PRE_FAIL,,None;None;None,False,False
2,A>~.self|B>~.reqwrite~A,ABSORBED_EMPTY/pNone,PRE_FAIL,,None;None;None,False,False
2,A>~.self|B>~.reqwrite~B,ABSORBED_EMPTY/pNone,PRE_FAIL,,None;None;None,False,False
2,A>~.self|B>~.reqwrite~~,ABSORBED_EMPTY/pNone,PRE_FAIL,,None;None;None,False,False
2,A>~.self|B>~.req~,ABSORBED_EMPTY/pNone,PRE_FAIL,,None;None;None,False,False
2,A>~.self|B>~.self,ABSORBED_EMPTY/pNone,PRE_FAIL,,None;None;None,False,False
2,A>~.self|B>~.writeA,ABSORBED_EMPTY/pNone,PRE_FAIL,,None;None;None,False,False
2,A>~.self|B>~.writeB,ABSORBED_EMPTY/pNone,PRE_FAIL,,None;None;None,False,False
2,A>~.self|B>~.write~,ABSORBED_EMPTY/pNone,PRE_FAIL,,None;None;None,False,False
2,A>~.writeA|A>~.writeB,ABSORBED_FROZEN/pNone,PRE_FAIL,ABSORBED_EMPTY/pNone;ABSORBED_EMPTY/pNone;ABSORBED_EMPTY/pNone,None;None;None,False,False
2,A>~.writeA|A>~.write~,ABSORBED_EMPTY/pNone,PRE_FAIL,,None;None;None,False,False
2,A>~.writeA|B>A.reqA,TRANSLATION/p6,DIED,ABSORBED_EMPTY/pNone;ABSORBED_EMPTY/pNone;ABSORBED_EMPTY/pNone,None;None;None,False,False
2,A>~.writeA|B>A.reqB,TRANSLATION/p6,DIED,ABSORBED_EMPTY/pNone;ABSORBED_EMPTY/pNone;ABSORBED_EMPTY/pNone,None;None;None,False,False
2,A>~.writeA|B>A.reqwriteAA,TRANSLATION/p6,DIED,ABSORBED_EMPTY/pNone;ABSORBED_EMPTY/pNone;ABSORBED_EMPTY/pNone,None;None;None,False,False
2,A>~.writeA|B>A.reqwriteAB,TRANSLATION/p6,DIED,ABSORBED_EMPTY/pNone;ABSORBED_EMPTY/pNone;ABSORBED_EMPTY/pNone,None;None;None,False,False
2,A>~.writeA|B>A.reqwriteA~,TRANSLATION/p6,DIED,ABSORBED_EMPTY/pNone;ABSORBED_EMPTY/pNone;ABSORBED_EMPTY/pNone,None;None;None,False,False
2,A>~.writeA|B>A.reqwriteBA,TRANSLATION/p6,DIED,ABSORBED_EMPTY/pNone;ABSORBED_EMPTY/pNone;ABSORBED_EMPTY/pNone,None;None;None,False,False
2,A>~.writeA|B>A.reqwriteBB,TRANSLATION/p6,DIED,ABSORBED_EMPTY/pNone;ABSORBED_EMPTY/pNone;ABSORBED_EMPTY/pNone,None;None;None,False,False
2,A>~.writeA|B>A.reqwriteB~,TRANSLATION/p6,DIED,ABSORBED_EMPTY/pNone;ABSORBED_EMPTY/pNone;ABSORBED_EMPTY/pNone,None;None;None,False,False
2,A>~.writeA|B>A.reqwrite~A,TRANSLATION/p6,DIED,ABSORBED_EMPTY/pNone;ABSORBED_EMPTY/pNone;ABSORBED_EMPTY/pNone,None;None;None,False,False
2,A>~.writeA|B>A.reqwrite~B,TRANSLATION/p6,DIED,ABSORBED_EMPTY/pNone;ABSORBED_EMPTY/pNone;ABSORBED_EMPTY/pNone,None;None;None,False,False
2,A>~.writeA|B>A.reqwrite~~,TRANSLATION/p6,DIED,ABSORBED_EMPTY/pNone;ABSORBED_EMPTY/pNone;ABSORBED_EMPTY/pNone,None;None;None,False,False
2,A>~.writeA|B>A.req~,TRANSLATION/p6,DIED,ABSORBED_EMPTY/pNone;ABSORBED_EMPTY/pNone;ABSORBED_EMPTY/pNone,None;None;None,False,False
2,A>~.writeA|B>A.self,TRANSLATION/p6,DIED,ABSORBED_EMPTY/pNone;ABSORBED_EMPTY/pNone;ABSORBED_EMPTY/pNone,None;None;None,False,False
2,A>~.writeA|B>A.writeA,TRANSLATION/p6,DIED,ABSORBED_EMPTY/pNone;ABSORBED_EMPTY/pNone;ABSORBED_EMPTY/pNone,None;None;None,False,False
2,A>~.writeA|B>A.writeB,TRANSLATION/p6,DIED,ABSORBED_EMPTY/pNone;ABSORBED_EMPTY/pNone;ABSORBED_EMPTY/pNone,None;None;None,False,False
2,A>~.writeA|B>A.write~,TRANSLATION/p6,DIED,ABSORBED_EMPTY/pNone;ABSORBED_EMPTY/pNone;ABSORBED_EMPTY/pNone,None;None;None,False,False
2,A>~.writeA|B>B.reqA,TRANSLATION/p6,DIED,ABSORBED_EMPTY/pNone;ABSORBED_EMPTY/pNone;ABSORBED_EMPTY/pNone,None;None;None,False,False
2,A>~.writeA|B>B.reqB,TRANSLATION/p6,DIED,ABSORBED_EMPTY/pNone;ABSORBED_EMPTY/pNone;ABSORBED_EMPTY/pNone,None;None;None,False,False
2,A>~.writeA|B>B.reqwriteAA,TRANSLATION/p6,DIED,ABSORBED_EMPTY/pNone;ABSORBED_EMPTY/pNone;ABSORBED_EMPTY/pNone,None;None;None,False,False
2,A>~.writeA|B>B.reqwriteAB,TRANSLATION/p6,DIED,ABSORBED_EMPTY/pNone;ABSORBED_EMPTY/pNone;ABSORBED_EMPTY/pNone,None;None;None,False,False
2,A>~.writeA|B>B.reqwriteA~,TRANSLATION/p6,DIED,ABSORBED_EMPTY/pNone;ABSORBED_EMPTY/pNone;ABSORBED_EMPTY/pNone,None;None;None,False,False
2,A>~.writeA|B>B.reqwriteBA,TRANSLATION/p6,DIED,ABSORBED_EMPTY/pNone;ABSORBED_EMPTY/pNone;ABSORBED_EMPTY/pNone,None;None;None,False,False
2,A>~.writeA|B>B.reqwriteBB,TRANSLATION/p6,DIED,ABSORBED_EMPTY/pNone;ABSORBED_EMPTY/pNone;ABSORBED_EMPTY/pNone,None;None;None,False,False
2,A>~.writeA|B>B.reqwriteB~,TRANSLATION/p6,DIED,ABSORBED_EMPTY/pNone;ABSORBED_EMPTY/pNone;ABSORBED_EMPTY/pNone,None;None;None,False,False
2,A>~.writeA|B>B.reqwrite~A,TRANSLATION/p6,DIED,ABSORBED_EMPTY/pNone;ABSORBED_EMPTY/pNone;ABSORBED_EMPTY/pNone,None;None;None,False,False
2,A>~.writeA|B>B.reqwrite~B,TRANSLATION/p6,DIED,ABSORBED_EMPTY/pNone;ABSORBED_EMPTY/pNone;ABSORBED_EMPTY/pNone,None;None;None,False,False
2,A>~.writeA|B>B.reqwrite~~,TRANSLATION/p6,DIED,ABSORBED_EMPTY/pNone;ABSORBED_EMPTY/pNone;ABSORBED_EMPTY/pNone,None;None;None,False,False
2,A>~.writeA|B>B.req~,TRANSLATION/p6,DIED,ABSORBED_EMPTY/pNone;ABSORBED_EMPTY/pNone;ABSORBED_EMPTY/pNone,None;None;None,False,False
2,A>~.writeA|B>B.self,TRANSLATION/p6,DIED,ABSORBED_EMPTY/pNone;ABSORBED_EMPTY/pNone;ABSORBED_EMPTY/pNone,None;None;None,False,False
2,A>~.writeA|B>B.writeA,TRANSLATION/p6,DIED,ABSORBED_EMPTY/pNone;ABSORBED_EMPTY/pNone;ABSORBED_EMPTY/pNone,None;None;None,False,False
2,A>~.writeA|B>B.writeB,TRANSLATION/p6,DIED,ABSORBED_EMPTY/pNone;ABSORBED_EMPTY/pNone;ABSORBED_EMPTY/pNone,None;None;None,False,False
2,A>~.writeA|B>B.write~,TRANSLATION/p6,DIED,ABSORBED_EMPTY/pNone;ABSORBED_EMPTY/pNone;ABSORBED_EMPTY/pNone,None;None;None,False,False
2,A>~.writeA|B>~.reqA,TRANSLATION/p6,DIED,ABSORBED_EMPTY/pNone;ABSORBED_EMPTY/pNone;ABSORBED_EMPTY/pNone,None;None;None,False,False
2,A>~.writeA|B>~.reqB,TRANSLATION/p6,DIED,ABSORBED_EMPTY/pNone;ABSORBED_EMPTY/pNone;ABSORBED_EMPTY/pNone,None;None;None,False,False
2,A>~.writeA|B>~.reqwriteAA,TRANSLATION/p6,DIED,ABSORBED_EMPTY/pNone;ABSORBED_EMPTY/pNone;ABSORBED_EMPTY/pNone,None;None;None,False,False
2,A>~.writeA|B>~.reqwriteAB,TRANSLATION/p6,DIED,ABSORBED_EMPTY/pNone;ABSORBED_EMPTY/pNone;ABSORBED_EMPTY/pNone,None;None;None,False,False
2,A>~.writeA|B>~.reqwriteA~,TRANSLATION/p6,DIED,ABSORBED_EMPTY/pNone;ABSORBED_EMPTY/pNone;ABSORBED_EMPTY/pNone,None;None;None,False,False
2,A>~.writeA|B>~.reqwriteBA,TRANSLATION/p6,DIED,ABSORBED_EMPTY/pNone;ABSORBED_EMPTY/pNone;ABSORBED_EMPTY/pNone,None;None;None,False,False
2,A>~.writeA|B>~.reqwriteBB,TRANSLATION/p6,DIED,ABSORBED_EMPTY/pNone;ABSORBED_EMPTY/pNone;ABSORBED_EMPTY/pNone,None;None;None,False,False
2,A>~.writeA|B>~.reqwriteB~,TRANSLATION/p6,DIED,ABSORBED_EMPTY/pNone;ABSORBED_EMPTY/pNone;ABSORBED_EMPTY/pNone,None;None;None,False,False
2,A>~.writeA|B>~.reqwrite~A,TRANSLATION/p6,DIED,ABSORBED_EMPTY/pNone;ABSORBED_EMPTY/pNone;ABSORBED_EMPTY/pNone,None;None;None,False,False
2,A>~.writeA|B>~.reqwrite~B,TRANSLATION/p6,DIED,ABSORBED_EMPTY/pNone;ABSORBED_EMPTY/pNone;ABSORBED_EMPTY/pNone,None;None;None,False,False
2,A>~.writeA|B>~.reqwrite~~,TRANSLATION/p6,DIED,ABSORBED_EMPTY/pNone;ABSORBED_EMPTY/pNone;ABSORBED_EMPTY/pNone,None;None;None,False,False
2,A>~.writeA|B>~.req~,TRANSLATION/p6,DIED,ABSORBED_EMPTY/pNone;ABSORBED_EMPTY/pNone;ABSORBED_EMPTY/pNone,None;None;None,False,False
2,A>~.writeA|B>~.self,TRANSLATION/p6,DIED,ABSORBED_EMPTY/pNone;ABSORBED_EMPTY/pNone;ABSORBED_EMPTY/pNone,None;None;None,False,False
2,A>~.writeA|B>~.writeA,TRANSLATION/p6,DIED,ABSORBED_EMPTY/pNone;ABSORBED_EMPTY/pNone;ABSORBED_EMPTY/pNone,None;None;None,False,False
2,A>~.writeA|B>~.writeB,TRANSLATION/p6,DIED,ABSORBED_EMPTY/pNone;ABSORBED_EMPTY/pNone;ABSORBED_EMPTY/pNone,None;None;None,False,False
2,A>~.writeA|B>~.write~,TRANSLATION/p6,DIED,ABSORBED_EMPTY/pNone;ABSORBED_EMPTY/pNone;ABSORBED_EMPTY/pNone,None;None;None,False,False
2,A>~.writeB|A>~.write~,ABSORBED_EMPTY/pNone,PRE_FAIL,,None;None;None,False,False
2,A>~.writeB|B>A.reqA,ABSORBED_FROZEN/pNone,PRE_FAIL,ABSORBED_EMPTY/pNone;ABSORBED_EMPTY/pNone;ABSORBED_EMPTY/pNone,None;None;None,False,False
2,A>~.writeB|B>A.reqB,ABSORBED_FROZEN/pNone,PRE_FAIL,ABSORBED_EMPTY/pNone;ABSORBED_EMPTY/pNone;ABSORBED_EMPTY/pNone,None;None;None,False,False
2,A>~.writeB|B>A.reqwriteAA,ABSORBED_FROZEN/pNone,PRE_FAIL,ABSORBED_EMPTY/pNone;ABSORBED_EMPTY/pNone;ABSORBED_EMPTY/pNone,None;None;None,False,False
2,A>~.writeB|B>A.reqwriteAB,ABSORBED_FROZEN/pNone,PRE_FAIL,ABSORBED_EMPTY/pNone;ABSORBED_EMPTY/pNone;ABSORBED_EMPTY/pNone,None;None;None,False,False
2,A>~.writeB|B>A.reqwriteA~,ABSORBED_FROZEN/pNone,PRE_FAIL,ABSORBED_EMPTY/pNone;ABSORBED_EMPTY/pNone;ABSORBED_EMPTY/pNone,None;None;None,False,False
2,A>~.writeB|B>A.reqwriteBA,ABSORBED_FROZEN/pNone,PRE_FAIL,ABSORBED_EMPTY/pNone;ABSORBED_EMPTY/pNone;ABSORBED_EMPTY/pNone,None;None;None,False,False
2,A>~.writeB|B>A.reqwriteBB,ABSORBED_FROZEN/pNone,PRE_FAIL,ABSORBED_EMPTY/pNone;ABSORBED_EMPTY/pNone;ABSORBED_EMPTY/pNone,None;None;None,False,False
2,A>~.writeB|B>A.reqwriteB~,ABSORBED_FROZEN/pNone,PRE_FAIL,ABSORBED_EMPTY/pNone;ABSORBED_EMPTY/pNone;ABSORBED_EMPTY/pNone,None;None;None,False,False
2,A>~.writeB|B>A.reqwrite~A,APERIODIC/pNone,PRE_FAIL,APERIODIC/pNone;APERIODIC/pNone;APERIODIC/pNone;APERIODIC/pNone;APERIODIC/pNone;APERIODIC/pNone;APERIODIC/pNone;APERIODIC/pNone;APERIODIC/pNone,None;None;None,False,False
2,A>~.writeB|B>A.reqwrite~B,POP_OSC/p12,REPAIR,POP_OSC/p12;POP_OSC/p12;POP_OSC/p12;POP_OSC/p12;POP_OSC/p12;POP_OSC/p12;POP_OSC/p12;POP_OSC/p12;POP_OSC/p12,None;None;None,False,True
2,A>~.writeB|B>A.reqwrite~~,POP_OSC/p12,DIED,ABSORBED_EMPTY/pNone;ABSORBED_EMPTY/pNone;ABSORBED_EMPTY/pNone,None;None;None,False,False
2,A>~.writeB|B>A.req~,POP_OSC/p12,DIED,ABSORBED_EMPTY/pNone;ABSORBED_EMPTY/pNone;ABSORBED_EMPTY/pNone,None;None;None,False,False
2,A>~.writeB|B>A.self,POP_OSC/p12,DIED,ABSORBED_EMPTY/pNone;ABSORBED_EMPTY/pNone;ABSORBED_EMPTY/pNone,None;None;None,False,False
2,A>~.writeB|B>A.writeA,APERIODIC/pNone,PRE_FAIL,APERIODIC/pNone;APERIODIC/pNone;APERIODIC/pNone;APERIODIC/pNone;APERIODIC/pNone;APERIODIC/pNone;APERIODIC/pNone;APERIODIC/pNone;APERIODIC/pNone,None;None;None,False,False
2,A>~.writeB|B>A.writeB,APERIODIC/pNone,PRE_FAIL,APERIODIC/pNone;APERIODIC/pNone;APERIODIC/pNone;APERIODIC/pNone;APERIODIC/pNone;APERIODIC/pNone;APERIODIC/pNone;APERIODIC/pNone;APERIODIC/pNone,None;None;None,False,False
2,A>~.writeB|B>A.write~,POP_OSC/p12,DIED,ABSORBED_EMPTY/pNone;ABSORBED_EMPTY/pNone;ABSORBED_EMPTY/pNone,None;None;None,False,False
2,A>~.writeB|B>B.reqA,ABSORBED_FROZEN/pNone,PRE_FAIL,ABSORBED_EMPTY/pNone;ABSORBED_EMPTY/pNone;ABSORBED_EMPTY/pNone,None;None;None,False,False
2,A>~.writeB|B>B.reqB,ABSORBED_FROZEN/pNone,PRE_FAIL,ABSORBED_EMPTY/pNone;ABSORBED_EMPTY/pNone;ABSORBED_EMPTY/pNone,None;None;None,False,False
2,A>~.writeB|B>B.reqwriteAA,ABSORBED_FROZEN/pNone,PRE_FAIL,ABSORBED_EMPTY/pNone;ABSORBED_EMPTY/pNone;ABSORBED_EMPTY/pNone,None;None;None,False,False
2,A>~.writeB|B>B.reqwriteAB,ABSORBED_FROZEN/pNone,PRE_FAIL,ABSORBED_EMPTY/pNone;ABSORBED_EMPTY/pNone;ABSORBED_EMPTY/pNone,None;None;None,False,False
2,A>~.writeB|B>B.reqwriteA~,ABSORBED_FROZEN/pNone,PRE_FAIL,ABSORBED_EMPTY/pNone;ABSORBED_EMPTY/pNone;ABSORBED_EMPTY/pNone,None;None;None,False,False
2,A>~.writeB|B>B.reqwriteBA,ABSORBED_FROZEN/pNone,PRE_FAIL,ABSORBED_EMPTY/pNone;ABSORBED_EMPTY/pNone;ABSORBED_EMPTY/pNone,None;None;None,False,False
2,A>~.writeB|B>B.reqwriteBB,ABSORBED_FROZEN/pNone,PRE_FAIL,ABSORBED_EMPTY/pNone;ABSORBED_EMPTY/pNone;ABSORBED_EMPTY/pNone,None;None;None,False,False
2,A>~.writeB|B>B.reqwriteB~,ABSORBED_FROZEN/pNone,PRE_FAIL,ABSORBED_EMPTY/pNone;ABSORBED_EMPTY/pNone;ABSORBED_EMPTY/pNone,None;None;None,False,False
2,A>~.writeB|B>B.reqwrite~A,"MIXED:APERIODIC/pNonex2,POP_OSC/p2x1","MIXED:DEGRADEDx1,PRE_FAILx2",APERIODIC/pNone;APERIODIC/pNone;APERIODIC/pNone;APERIODIC/pNone;APERIODIC/pNone;APERIODIC/pNone;POP_OSC/p2;POP_OSC/p2;APERIODIC/pNone,None;None;None,False,False
2,A>~.writeB|B>B.reqwrite~B,ABSORBED_FROZEN/pNone,PRE_FAIL,ABSORBED_FROZEN/pNone;ABSORBED_FROZEN/pNone;ABSORBED_FROZEN/pNone;ABSORBED_FROZEN/pNone;ABSORBED_FROZEN/pNone;ABSORBED_FROZEN/pNone;ABSORBED_FROZEN/pNone;ABSORBED_FROZEN/pNone;ABSORBED_FROZEN/pNone,None;None;None,False,False
2,A>~.writeB|B>B.reqwrite~~,FIXED/p1,DIED,ABSORBED_EMPTY/pNone;ABSORBED_EMPTY/pNone;ABSORBED_EMPTY/pNone,None;None;None,False,False
2,A>~.writeB|B>B.req~,FIXED/p1,DIED,ABSORBED_EMPTY/pNone;ABSORBED_EMPTY/pNone;ABSORBED_EMPTY/pNone,None;None;None,False,False
2,A>~.writeB|B>B.self,FIXED/p1,DIED,ABSORBED_EMPTY/pNone;ABSORBED_EMPTY/pNone;ABSORBED_EMPTY/pNone,None;None;None,False,False
2,A>~.writeB|B>B.writeA,"MIXED:APERIODIC/pNonex2,POP_OSC/p2x1","MIXED:DEGRADEDx1,PRE_FAILx2",FIXED/p1;APERIODIC/pNone;APERIODIC/pNone;APERIODIC/pNone;FIXED/p1;APERIODIC/pNone;POP_OSC/p2;FIXED/p1;FIXED/p1,None;None;None,False,False
2,A>~.writeB|B>B.writeB,FIXED/p1,REPAIR,FIXED/p1;FIXED/p1;FIXED/p1;FIXED/p1;FIXED/p1;FIXED/p1;FIXED/p1;FIXED/p1;FIXED/p1,True;True;True,True,False
2,A>~.writeB|B>B.write~,FIXED/p1,DIED,ABSORBED_EMPTY/pNone;ABSORBED_EMPTY/pNone;ABSORBED_EMPTY/pNone,None;None;None,False,False
2,A>~.writeB|B>~.reqA,ABSORBED_FROZEN/pNone,PRE_FAIL,ABSORBED_EMPTY/pNone;ABSORBED_EMPTY/pNone;ABSORBED_EMPTY/pNone,None;None;None,False,False
2,A>~.writeB|B>~.reqB,ABSORBED_FROZEN/pNone,PRE_FAIL,ABSORBED_EMPTY/pNone;ABSORBED_EMPTY/pNone;ABSORBED_EMPTY/pNone,None;None;None,False,False
2,A>~.writeB|B>~.reqwriteAA,ABSORBED_FROZEN/pNone,PRE_FAIL,ABSORBED_EMPTY/pNone;ABSORBED_EMPTY/pNone;ABSORBED_EMPTY/pNone,None;None;None,False,False
2,A>~.writeB|B>~.reqwriteAB,ABSORBED_FROZEN/pNone,PRE_FAIL,ABSORBED_EMPTY/pNone;ABSORBED_EMPTY/pNone;ABSORBED_EMPTY/pNone,None;None;None,False,False
2,A>~.writeB|B>~.reqwriteA~,ABSORBED_FROZEN/pNone,PRE_FAIL,ABSORBED_EMPTY/pNone;ABSORBED_EMPTY/pNone;ABSORBED_EMPTY/pNone,None;None;None,False,False
2,A>~.writeB|B>~.reqwriteBA,ABSORBED_FROZEN/pNone,PRE_FAIL,ABSORBED_EMPTY/pNone;ABSORBED_EMPTY/pNone;ABSORBED_EMPTY/pNone,None;None;None,False,False
2,A>~.writeB|B>~.reqwriteBB,ABSORBED_FROZEN/pNone,PRE_FAIL,ABSORBED_EMPTY/pNone;ABSORBED_EMPTY/pNone;ABSORBED_EMPTY/pNone,None;None;None,False,False
2,A>~.writeB|B>~.reqwriteB~,ABSORBED_FROZEN/pNone,PRE_FAIL,ABSORBED_EMPTY/pNone;ABSORBED_EMPTY/pNone;ABSORBED_EMPTY/pNone,None;None;None,False,False
2,A>~.writeB|B>~.reqwrite~A,POP_OSC/p6,DIED,ABSORBED_EMPTY/pNone;ABSORBED_EMPTY/pNone;ABSORBED_EMPTY/pNone,None;None;None,False,False
2,A>~.writeB|B>~.reqwrite~B,TRANSLATION/p6,DIED,ABSORBED_EMPTY/pNone;ABSORBED_EMPTY/pNone;ABSORBED_EMPTY/pNone,None;None;None,False,False
2,A>~.writeB|B>~.reqwrite~~,ABSORBED_EMPTY/pNone,PRE_FAIL,,None;None;None,False,False
2,A>~.writeB|B>~.req~,ABSORBED_EMPTY/pNone,PRE_FAIL,,None;None;None,False,False
2,A>~.writeB|B>~.self,ABSORBED_EMPTY/pNone,PRE_FAIL,,None;None;None,False,False
2,A>~.writeB|B>~.writeA,POP_OSC/p6,DIED,ABSORBED_EMPTY/pNone;ABSORBED_EMPTY/pNone;ABSORBED_EMPTY/pNone,None;None;None,False,False
2,A>~.writeB|B>~.writeB,TRANSLATION/p6,DIED,ABSORBED_EMPTY/pNone;ABSORBED_EMPTY/pNone;ABSORBED_EMPTY/pNone,None;None;None,False,False
2,A>~.writeB|B>~.write~,ABSORBED_EMPTY/pNone,PRE_FAIL,,None;None;None,False,False
2,A>~.write~|B>A.reqA,ABSORBED_EMPTY/pNone,PRE_FAIL,,None;None;None,False,False
2,A>~.write~|B>A.reqB,ABSORBED_EMPTY/pNone,PRE_FAIL,,None;None;None,False,False
2,A>~.write~|B>A.reqwriteAA,ABSORBED_EMPTY/pNone,PRE_FAIL,,None;None;None,False,False
2,A>~.write~|B>A.reqwriteAB,ABSORBED_EMPTY/pNone,PRE_FAIL,,None;None;None,False,False
2,A>~.write~|B>A.reqwriteA~,ABSORBED_EMPTY/pNone,PRE_FAIL,,None;None;None,False,False
2,A>~.write~|B>A.reqwriteBA,ABSORBED_EMPTY/pNone,PRE_FAIL,,None;None;None,False,False
2,A>~.write~|B>A.reqwriteBB,ABSORBED_EMPTY/pNone,PRE_FAIL,,None;None;None,False,False
2,A>~.write~|B>A.reqwriteB~,ABSORBED_EMPTY/pNone,PRE_FAIL,,None;None;None,False,False
2,A>~.write~|B>A.reqwrite~A,ABSORBED_EMPTY/pNone,PRE_FAIL,,None;None;None,False,False
2,A>~.write~|B>A.reqwrite~B,ABSORBED_EMPTY/pNone,PRE_FAIL,,None;None;None,False,False
2,A>~.write~|B>A.reqwrite~~,ABSORBED_EMPTY/pNone,PRE_FAIL,,None;None;None,False,False
2,A>~.write~|B>A.req~,ABSORBED_EMPTY/pNone,PRE_FAIL,,None;None;None,False,False
2,A>~.write~|B>A.self,ABSORBED_EMPTY/pNone,PRE_FAIL,,None;None;None,False,False
2,A>~.write~|B>A.writeA,ABSORBED_EMPTY/pNone,PRE_FAIL,,None;None;None,False,False
2,A>~.write~|B>A.writeB,ABSORBED_EMPTY/pNone,PRE_FAIL,,None;None;None,False,False
2,A>~.write~|B>A.write~,ABSORBED_EMPTY/pNone,PRE_FAIL,,None;None;None,False,False
2,A>~.write~|B>B.reqA,ABSORBED_EMPTY/pNone,PRE_FAIL,,None;None;None,False,False
2,A>~.write~|B>B.reqB,ABSORBED_EMPTY/pNone,PRE_FAIL,,None;None;None,False,False
2,A>~.write~|B>B.reqwriteAA,ABSORBED_EMPTY/pNone,PRE_FAIL,,None;None;None,False,False
2,A>~.write~|B>B.reqwriteAB,ABSORBED_EMPTY/pNone,PRE_FAIL,,None;None;None,False,False
2,A>~.write~|B>B.reqwriteA~,ABSORBED_EMPTY/pNone,PRE_FAIL,,None;None;None,False,False
2,A>~.write~|B>B.reqwriteBA,ABSORBED_EMPTY/pNone,PRE_FAIL,,None;None;None,False,False
2,A>~.write~|B>B.reqwriteBB,ABSORBED_EMPTY/pNone,PRE_FAIL,,None;None;None,False,False
2,A>~.write~|B>B.reqwriteB~,ABSORBED_EMPTY/pNone,PRE_FAIL,,None;None;None,False,False
2,A>~.write~|B>B.reqwrite~A,ABSORBED_EMPTY/pNone,PRE_FAIL,,None;None;None,False,False
2,A>~.write~|B>B.reqwrite~B,ABSORBED_EMPTY/pNone,PRE_FAIL,,None;None;None,False,False
2,A>~.write~|B>B.reqwrite~~,ABSORBED_EMPTY/pNone,PRE_FAIL,,None;None;None,False,False
2,A>~.write~|B>B.req~,ABSORBED_EMPTY/pNone,PRE_FAIL,,None;None;None,False,False
2,A>~.write~|B>B.self,ABSORBED_EMPTY/pNone,PRE_FAIL,,None;None;None,False,False
2,A>~.write~|B>B.writeA,ABSORBED_EMPTY/pNone,PRE_FAIL,,None;None;None,False,False
2,A>~.write~|B>B.writeB,ABSORBED_EMPTY/pNone,PRE_FAIL,,None;None;None,False,False
2,A>~.write~|B>B.write~,ABSORBED_EMPTY/pNone,PRE_FAIL,,None;None;None,False,False
2,A>~.write~|B>~.reqA,ABSORBED_EMPTY/pNone,PRE_FAIL,,None;None;None,False,False
2,A>~.write~|B>~.reqB,ABSORBED_EMPTY/pNone,PRE_FAIL,,None;None;None,False,False
2,A>~.write~|B>~.reqwriteAA,ABSORBED_EMPTY/pNone,PRE_FAIL,,None;None;None,False,False
2,A>~.write~|B>~.reqwriteAB,ABSORBED_EMPTY/pNone,PRE_FAIL,,None;None;None,False,False
2,A>~.write~|B>~.reqwriteA~,ABSORBED_EMPTY/pNone,PRE_FAIL,,None;None;None,False,False
2,A>~.write~|B>~.reqwriteBA,ABSORBED_EMPTY/pNone,PRE_FAIL,,None;None;None,False,False
2,A>~.write~|B>~.reqwriteBB,ABSORBED_EMPTY/pNone,PRE_FAIL,,None;None;None,False,False
2,A>~.write~|B>~.reqwriteB~,ABSORBED_EMPTY/pNone,PRE_FAIL,,None;None;None,False,False
2,A>~.write~|B>~.reqwrite~A,ABSORBED_EMPTY/pNone,PRE_FAIL,,None;None;None,False,False
2,A>~.write~|B>~.reqwrite~B,ABSORBED_EMPTY/pNone,PRE_FAIL,,None;None;None,False,False
2,A>~.write~|B>~.reqwrite~~,ABSORBED_EMPTY/pNone,PRE_FAIL,,None;None;None,False,False
2,A>~.write~|B>~.req~,ABSORBED_EMPTY/pNone,PRE_FAIL,,None;None;None,False,False
2,A>~.write~|B>~.self,ABSORBED_EMPTY/pNone,PRE_FAIL,,None;None;None,False,False
2,A>~.write~|B>~.writeA,ABSORBED_EMPTY/pNone,PRE_FAIL,,None;None;None,False,False
2,A>~.write~|B>~.writeB,ABSORBED_EMPTY/pNone,PRE_FAIL,,None;None;None,False,False
2,A>~.write~|B>~.write~,ABSORBED_EMPTY/pNone,PRE_FAIL,,None;None;None,False,False
2,B>A.reqA|B>A.reqB,ABSORBED_FROZEN/pNone,PRE_FAIL,ABSORBED_EMPTY/pNone;ABSORBED_EMPTY/pNone;ABSORBED_EMPTY/pNone,None;None;None,False,False
2,B>A.reqA|B>A.reqwriteAA,ABSORBED_FROZEN/pNone,PRE_FAIL,ABSORBED_EMPTY/pNone;ABSORBED_EMPTY/pNone;ABSORBED_EMPTY/pNone,None;None;None,False,False
2,B>A.reqA|B>A.reqwriteAB,ABSORBED_FROZEN/pNone,PRE_FAIL,ABSORBED_EMPTY/pNone;ABSORBED_EMPTY/pNone;ABSORBED_EMPTY/pNone,None;None;None,False,False
2,B>A.reqA|B>A.reqwriteA~,ABSORBED_FROZEN/pNone,PRE_FAIL,ABSORBED_EMPTY/pNone;ABSORBED_EMPTY/pNone;ABSORBED_EMPTY/pNone,None;None;None,False,False
2,B>A.reqA|B>A.reqwriteBA,ABSORBED_FROZEN/pNone,PRE_FAIL,ABSORBED_EMPTY/pNone;ABSORBED_EMPTY/pNone;ABSORBED_EMPTY/pNone,None;None;None,False,False
2,B>A.reqA|B>A.reqwriteBB,ABSORBED_FROZEN/pNone,PRE_FAIL,ABSORBED_EMPTY/pNone;ABSORBED_EMPTY/pNone;ABSORBED_EMPTY/pNone,None;None;None,False,False
2,B>A.reqA|B>A.reqwriteB~,ABSORBED_FROZEN/pNone,PRE_FAIL,ABSORBED_EMPTY/pNone;ABSORBED_EMPTY/pNone;ABSORBED_EMPTY/pNone,None;None;None,False,False
2,B>A.reqA|B>A.reqwrite~A,ABSORBED_FROZEN/pNone,PRE_FAIL,ABSORBED_EMPTY/pNone;ABSORBED_EMPTY/pNone;ABSORBED_EMPTY/pNone,None;None;None,False,False
2,B>A.reqA|B>A.reqwrite~B,ABSORBED_FROZEN/pNone,PRE_FAIL,ABSORBED_EMPTY/pNone;ABSORBED_EMPTY/pNone;ABSORBED_EMPTY/pNone,None;None;None,False,False
2,B>A.reqA|B>A.reqwrite~~,ABSORBED_FROZEN/pNone,PRE_FAIL,ABSORBED_EMPTY/pNone;ABSORBED_EMPTY/pNone;ABSORBED_EMPTY/pNone,None;None;None,False,False
2,B>A.reqA|B>A.req~,ABSORBED_FROZEN/pNone,PRE_FAIL,ABSORBED_EMPTY/pNone;ABSORBED_EMPTY/pNone;ABSORBED_EMPTY/pNone,None;None;None,False,False
2,B>A.reqA|B>A.self,ABSORBED_FROZEN/pNone,PRE_FAIL,ABSORBED_EMPTY/pNone;ABSORBED_EMPTY/pNone;ABSORBED_EMPTY/pNone,None;None;None,False,False
2,B>A.reqA|B>A.writeA,ABSORBED_FROZEN/pNone,PRE_FAIL,ABSORBED_EMPTY/pNone;ABSORBED_EMPTY/pNone;ABSORBED_EMPTY/pNone,None;None;None,False,False
2,B>A.reqA|B>A.writeB,ABSORBED_FROZEN/pNone,PRE_FAIL,ABSORBED_EMPTY/pNone;ABSORBED_EMPTY/pNone;ABSORBED_EMPTY/pNone,None;None;None,False,False
2,B>A.reqA|B>A.write~,ABSORBED_FROZEN/pNone,PRE_FAIL,ABSORBED_EMPTY/pNone;ABSORBED_EMPTY/pNone;ABSORBED_EMPTY/pNone,None;None;None,False,False
2,B>A.reqA|B>B.reqA,ABSORBED_FROZEN/pNone,PRE_FAIL,ABSORBED_EMPTY/pNone;ABSORBED_EMPTY/pNone;ABSORBED_EMPTY/pNone,None;None;None,False,False
2,B>A.reqA|B>B.reqB,ABSORBED_FROZEN/pNone,PRE_FAIL,ABSORBED_EMPTY/pNone;ABSORBED_EMPTY/pNone;ABSORBED_EMPTY/pNone,None;None;None,False,False
2,B>A.reqA|B>B.reqwriteAA,ABSORBED_FROZEN/pNone,PRE_FAIL,ABSORBED_EMPTY/pNone;ABSORBED_EMPTY/pNone;ABSORBED_EMPTY/pNone,None;None;None,False,False
2,B>A.reqA|B>B.reqwriteAB,ABSORBED_FROZEN/pNone,PRE_FAIL,ABSORBED_EMPTY/pNone;ABSORBED_EMPTY/pNone;ABSORBED_EMPTY/pNone,None;None;None,False,False
2,B>A.reqA|B>B.reqwriteA~,ABSORBED_FROZEN/pNone,PRE_FAIL,ABSORBED_EMPTY/pNone;ABSORBED_EMPTY/pNone;ABSORBED_EMPTY/pNone,None;None;None,False,False
2,B>A.reqA|B>B.reqwriteBA,ABSORBED_FROZEN/pNone,PRE_FAIL,ABSORBED_EMPTY/pNone;ABSORBED_EMPTY/pNone;ABSORBED_EMPTY/pNone,None;None;None,False,False
2,B>A.reqA|B>B.reqwriteBB,ABSORBED_FROZEN/pNone,PRE_FAIL,ABSORBED_EMPTY/pNone;ABSORBED_EMPTY/pNone;ABSORBED_EMPTY/pNone,None;None;None,False,False
2,B>A.reqA|B>B.reqwriteB~,ABSORBED_FROZEN/pNone,PRE_FAIL,ABSORBED_EMPTY/pNone;ABSORBED_EMPTY/pNone;ABSORBED_EMPTY/pNone,None;None;None,False,False
2,B>A.reqA|B>B.reqwrite~A,ABSORBED_FROZEN/pNone,PRE_FAIL,ABSORBED_EMPTY/pNone;ABSORBED_EMPTY/pNone;ABSORBED_EMPTY/pNone,None;None;None,False,False
2,B>A.reqA|B>B.reqwrite~B,ABSORBED_FROZEN/pNone,PRE_FAIL,ABSORBED_EMPTY/pNone;ABSORBED_EMPTY/pNone;ABSORBED_EMPTY/pNone,None;None;None,False,False
2,B>A.reqA|B>B.reqwrite~~,ABSORBED_FROZEN/pNone,PRE_FAIL,ABSORBED_EMPTY/pNone;ABSORBED_EMPTY/pNone;ABSORBED_EMPTY/pNone,None;None;None,False,False
2,B>A.reqA|B>B.req~,ABSORBED_FROZEN/pNone,PRE_FAIL,ABSORBED_EMPTY/pNone;ABSORBED_EMPTY/pNone;ABSORBED_EMPTY/pNone,None;None;None,False,False
2,B>A.reqA|B>B.self,ABSORBED_FROZEN/pNone,PRE_FAIL,ABSORBED_EMPTY/pNone;ABSORBED_EMPTY/pNone;ABSORBED_EMPTY/pNone,None;None;None,False,False
2,B>A.reqA|B>B.writeA,ABSORBED_FROZEN/pNone,PRE_FAIL,ABSORBED_EMPTY/pNone;ABSORBED_EMPTY/pNone;ABSORBED_EMPTY/pNone,None;None;None,False,False
2,B>A.reqA|B>B.writeB,ABSORBED_FROZEN/pNone,PRE_FAIL,ABSORBED_EMPTY/pNone;ABSORBED_EMPTY/pNone;ABSORBED_EMPTY/pNone,None;None;None,False,False
2,B>A.reqA|B>B.write~,ABSORBED_FROZEN/pNone,PRE_FAIL,ABSORBED_EMPTY/pNone;ABSORBED_EMPTY/pNone;ABSORBED_EMPTY/pNone,None;None;None,False,False
2,B>A.reqA|B>~.reqA,ABSORBED_FROZEN/pNone,PRE_FAIL,ABSORBED_EMPTY/pNone;ABSORBED_EMPTY/pNone;ABSORBED_EMPTY/pNone,None;None;None,False,False
2,B>A.reqA|B>~.reqB,ABSORBED_FROZEN/pNone,PRE_FAIL,ABSORBED_EMPTY/pNone;ABSORBED_EMPTY/pNone;ABSORBED_EMPTY/pNone,None;None;None,False,False
2,B>A.reqA|B>~.reqwriteAA,ABSORBED_FROZEN/pNone,PRE_FAIL,ABSORBED_EMPTY/pNone;ABSORBED_EMPTY/pNone;ABSORBED_EMPTY/pNone,None;None;None,False,False
2,B>A.reqA|B>~.reqwriteAB,ABSORBED_FROZEN/pNone,PRE_FAIL,ABSORBED_EMPTY/pNone;ABSORBED_EMPTY/pNone;ABSORBED_EMPTY/pNone,None;None;None,False,False
2,B>A.reqA|B>~.reqwriteA~,ABSORBED_FROZEN/pNone,PRE_FAIL,ABSORBED_EMPTY/pNone;ABSORBED_EMPTY/pNone;ABSORBED_EMPTY/pNone,None;None;None,False,False
2,B>A.reqA|B>~.reqwriteBA,ABSORBED_FROZEN/pNone,PRE_FAIL,ABSORBED_EMPTY/pNone;ABSORBED_EMPTY/pNone;ABSORBED_EMPTY/pNone,None;None;None,False,False
2,B>A.reqA|B>~.reqwriteBB,ABSORBED_FROZEN/pNone,PRE_FAIL,ABSORBED_EMPTY/pNone;ABSORBED_EMPTY/pNone;ABSORBED_EMPTY/pNone,None;None;None,False,False
2,B>A.reqA|B>~.reqwriteB~,ABSORBED_FROZEN/pNone,PRE_FAIL,ABSORBED_EMPTY/pNone;ABSORBED_EMPTY/pNone;ABSORBED_EMPTY/pNone,None;None;None,False,False
2,B>A.reqA|B>~.reqwrite~A,ABSORBED_FROZEN/pNone,PRE_FAIL,ABSORBED_EMPTY/pNone;ABSORBED_EMPTY/pNone;ABSORBED_EMPTY/pNone,None;None;None,False,False
2,B>A.reqA|B>~.reqwrite~B,ABSORBED_FROZEN/pNone,PRE_FAIL,ABSORBED_EMPTY/pNone;ABSORBED_EMPTY/pNone;ABSORBED_EMPTY/pNone,None;None;None,False,False
2,B>A.reqA|B>~.reqwrite~~,ABSORBED_FROZEN/pNone,PRE_FAIL,ABSORBED_EMPTY/pNone;ABSORBED_EMPTY/pNone;ABSORBED_EMPTY/pNone,None;None;None,False,False
2,B>A.reqA|B>~.req~,ABSORBED_FROZEN/pNone,PRE_FAIL,ABSORBED_EMPTY/pNone;ABSORBED_EMPTY/pNone;ABSORBED_EMPTY/pNone,None;None;None,False,False
2,B>A.reqA|B>~.self,ABSORBED_FROZEN/pNone,PRE_FAIL,ABSORBED_EMPTY/pNone;ABSORBED_EMPTY/pNone;ABSORBED_EMPTY/pNone,None;None;None,False,False
2,B>A.reqA|B>~.writeA,ABSORBED_FROZEN/pNone,PRE_FAIL,ABSORBED_EMPTY/pNone;ABSORBED_EMPTY/pNone;ABSORBED_EMPTY/pNone,None;None;None,False,False
2,B>A.reqA|B>~.writeB,ABSORBED_FROZEN/pNone,PRE_FAIL,ABSORBED_EMPTY/pNone;ABSORBED_EMPTY/pNone;ABSORBED_EMPTY/pNone,None;None;None,False,False
2,B>A.reqA|B>~.write~,ABSORBED_FROZEN/pNone,PRE_FAIL,ABSORBED_EMPTY/pNone;ABSORBED_EMPTY/pNone;ABSORBED_EMPTY/pNone,None;None;None,False,False
2,B>A.reqB|B>A.reqwriteAA,ABSORBED_FROZEN/pNone,PRE_FAIL,ABSORBED_EMPTY/pNone;ABSORBED_EMPTY/pNone;ABSORBED_EMPTY/pNone,None;None;None,False,False
2,B>A.reqB|B>A.reqwriteAB,ABSORBED_FROZEN/pNone,PRE_FAIL,ABSORBED_EMPTY/pNone;ABSORBED_EMPTY/pNone;ABSORBED_EMPTY/pNone,None;None;None,False,False
2,B>A.reqB|B>A.reqwriteA~,ABSORBED_FROZEN/pNone,PRE_FAIL,ABSORBED_EMPTY/pNone;ABSORBED_EMPTY/pNone;ABSORBED_EMPTY/pNone,None;None;None,False,False
2,B>A.reqB|B>A.reqwriteBA,ABSORBED_FROZEN/pNone,PRE_FAIL,ABSORBED_EMPTY/pNone;ABSORBED_EMPTY/pNone;ABSORBED_EMPTY/pNone,None;None;None,False,False
2,B>A.reqB|B>A.reqwriteBB,ABSORBED_FROZEN/pNone,PRE_FAIL,ABSORBED_EMPTY/pNone;ABSORBED_EMPTY/pNone;ABSORBED_EMPTY/pNone,None;None;None,False,False
2,B>A.reqB|B>A.reqwriteB~,ABSORBED_FROZEN/pNone,PRE_FAIL,ABSORBED_EMPTY/pNone;ABSORBED_EMPTY/pNone;ABSORBED_EMPTY/pNone,None;None;None,False,False
2,B>A.reqB|B>A.reqwrite~A,ABSORBED_FROZEN/pNone,PRE_FAIL,ABSORBED_EMPTY/pNone;ABSORBED_EMPTY/pNone;ABSORBED_EMPTY/pNone,None;None;None,False,False
2,B>A.reqB|B>A.reqwrite~B,ABSORBED_FROZEN/pNone,PRE_FAIL,ABSORBED_EMPTY/pNone;ABSORBED_EMPTY/pNone;ABSORBED_EMPTY/pNone,None;None;None,False,False
2,B>A.reqB|B>A.reqwrite~~,ABSORBED_FROZEN/pNone,PRE_FAIL,ABSORBED_EMPTY/pNone;ABSORBED_EMPTY/pNone;ABSORBED_EMPTY/pNone,None;None;None,False,False
2,B>A.reqB|B>A.req~,ABSORBED_FROZEN/pNone,PRE_FAIL,ABSORBED_EMPTY/pNone;ABSORBED_EMPTY/pNone;ABSORBED_EMPTY/pNone,None;None;None,False,False
2,B>A.reqB|B>A.self,ABSORBED_FROZEN/pNone,PRE_FAIL,ABSORBED_EMPTY/pNone;ABSORBED_EMPTY/pNone;ABSORBED_EMPTY/pNone,None;None;None,False,False
2,B>A.reqB|B>A.writeA,ABSORBED_FROZEN/pNone,PRE_FAIL,ABSORBED_EMPTY/pNone;ABSORBED_EMPTY/pNone;ABSORBED_EMPTY/pNone,None;None;None,False,False
2,B>A.reqB|B>A.writeB,ABSORBED_FROZEN/pNone,PRE_FAIL,ABSORBED_EMPTY/pNone;ABSORBED_EMPTY/pNone;ABSORBED_EMPTY/pNone,None;None;None,False,False
2,B>A.reqB|B>A.write~,ABSORBED_FROZEN/pNone,PRE_FAIL,ABSORBED_EMPTY/pNone;ABSORBED_EMPTY/pNone;ABSORBED_EMPTY/pNone,None;None;None,False,False
2,B>A.reqB|B>B.reqA,ABSORBED_FROZEN/pNone,PRE_FAIL,ABSORBED_EMPTY/pNone;ABSORBED_EMPTY/pNone;ABSORBED_EMPTY/pNone,None;None;None,False,False
2,B>A.reqB|B>B.reqB,ABSORBED_FROZEN/pNone,PRE_FAIL,ABSORBED_EMPTY/pNone;ABSORBED_EMPTY/pNone;ABSORBED_EMPTY/pNone,None;None;None,False,False
2,B>A.reqB|B>B.reqwriteAA,ABSORBED_FROZEN/pNone,PRE_FAIL,ABSORBED_EMPTY/pNone;ABSORBED_EMPTY/pNone;ABSORBED_EMPTY/pNone,None;None;None,False,False
2,B>A.reqB|B>B.reqwriteAB,ABSORBED_FROZEN/pNone,PRE_FAIL,ABSORBED_EMPTY/pNone;ABSORBED_EMPTY/pNone;ABSORBED_EMPTY/pNone,None;None;None,False,False
2,B>A.reqB|B>B.reqwriteA~,ABSORBED_FROZEN/pNone,PRE_FAIL,ABSORBED_EMPTY/pNone;ABSORBED_EMPTY/pNone;ABSORBED_EMPTY/pNone,None;None;None,False,False
2,B>A.reqB|B>B.reqwriteBA,ABSORBED_FROZEN/pNone,PRE_FAIL,ABSORBED_EMPTY/pNone;ABSORBED_EMPTY/pNone;ABSORBED_EMPTY/pNone,None;None;None,False,False
2,B>A.reqB|B>B.reqwriteBB,ABSORBED_FROZEN/pNone,PRE_FAIL,ABSORBED_EMPTY/pNone;ABSORBED_EMPTY/pNone;ABSORBED_EMPTY/pNone,None;None;None,False,False
2,B>A.reqB|B>B.reqwriteB~,ABSORBED_FROZEN/pNone,PRE_FAIL,ABSORBED_EMPTY/pNone;ABSORBED_EMPTY/pNone;ABSORBED_EMPTY/pNone,None;None;None,False,False
2,B>A.reqB|B>B.reqwrite~A,ABSORBED_FROZEN/pNone,PRE_FAIL,ABSORBED_EMPTY/pNone;ABSORBED_EMPTY/pNone;ABSORBED_EMPTY/pNone,None;None;None,False,False
2,B>A.reqB|B>B.reqwrite~B,ABSORBED_FROZEN/pNone,PRE_FAIL,ABSORBED_EMPTY/pNone;ABSORBED_EMPTY/pNone;ABSORBED_EMPTY/pNone,None;None;None,False,False
2,B>A.reqB|B>B.reqwrite~~,ABSORBED_FROZEN/pNone,PRE_FAIL,ABSORBED_EMPTY/pNone;ABSORBED_EMPTY/pNone;ABSORBED_EMPTY/pNone,None;None;None,False,False
2,B>A.reqB|B>B.req~,ABSORBED_FROZEN/pNone,PRE_FAIL,ABSORBED_EMPTY/pNone;ABSORBED_EMPTY/pNone;ABSORBED_EMPTY/pNone,None;None;None,False,False
2,B>A.reqB|B>B.self,ABSORBED_FROZEN/pNone,PRE_FAIL,ABSORBED_EMPTY/pNone;ABSORBED_EMPTY/pNone;ABSORBED_EMPTY/pNone,None;None;None,False,False
2,B>A.reqB|B>B.writeA,ABSORBED_FROZEN/pNone,PRE_FAIL,ABSORBED_EMPTY/pNone;ABSORBED_EMPTY/pNone;ABSORBED_EMPTY/pNone,None;None;None,False,False
2,B>A.reqB|B>B.writeB,ABSORBED_FROZEN/pNone,PRE_FAIL,ABSORBED_EMPTY/pNone;ABSORBED_EMPTY/pNone;ABSORBED_EMPTY/pNone,None;None;None,False,False
2,B>A.reqB|B>B.write~,ABSORBED_FROZEN/pNone,PRE_FAIL,ABSORBED_EMPTY/pNone;ABSORBED_EMPTY/pNone;ABSORBED_EMPTY/pNone,None;None;None,False,False
2,B>A.reqB|B>~.reqA,ABSORBED_FROZEN/pNone,PRE_FAIL,ABSORBED_EMPTY/pNone;ABSORBED_EMPTY/pNone;ABSORBED_EMPTY/pNone,None;None;None,False,False
2,B>A.reqB|B>~.reqB,ABSORBED_FROZEN/pNone,PRE_FAIL,ABSORBED_EMPTY/pNone;ABSORBED_EMPTY/pNone;ABSORBED_EMPTY/pNone,None;None;None,False,False
2,B>A.reqB|B>~.reqwriteAA,ABSORBED_FROZEN/pNone,PRE_FAIL,ABSORBED_EMPTY/pNone;ABSORBED_EMPTY/pNone;ABSORBED_EMPTY/pNone,None;None;None,False,False
2,B>A.reqB|B>~.reqwriteAB,ABSORBED_FROZEN/pNone,PRE_FAIL,ABSORBED_EMPTY/pNone;ABSORBED_EMPTY/pNone;ABSORBED_EMPTY/pNone,None;None;None,False,False
2,B>A.reqB|B>~.reqwriteA~,ABSORBED_FROZEN/pNone,PRE_FAIL,ABSORBED_EMPTY/pNone;ABSORBED_EMPTY/pNone;ABSORBED_EMPTY/pNone,None;None;None,False,False
2,B>A.reqB|B>~.reqwriteBA,ABSORBED_FROZEN/pNone,PRE_FAIL,ABSORBED_EMPTY/pNone;ABSORBED_EMPTY/pNone;ABSORBED_EMPTY/pNone,None;None;None,False,False
2,B>A.reqB|B>~.reqwriteBB,ABSORBED_FROZEN/pNone,PRE_FAIL,ABSORBED_EMPTY/pNone;ABSORBED_EMPTY/pNone;ABSORBED_EMPTY/pNone,None;None;None,False,False
2,B>A.reqB|B>~.reqwriteB~,ABSORBED_FROZEN/pNone,PRE_FAIL,ABSORBED_EMPTY/pNone;ABSORBED_EMPTY/pNone;ABSORBED_EMPTY/pNone,None;None;None,False,False
2,B>A.reqB|B>~.reqwrite~A,ABSORBED_FROZEN/pNone,PRE_FAIL,ABSORBED_EMPTY/pNone;ABSORBED_EMPTY/pNone;ABSORBED_EMPTY/pNone,None;None;None,False,False
2,B>A.reqB|B>~.reqwrite~B,ABSORBED_FROZEN/pNone,PRE_FAIL,ABSORBED_EMPTY/pNone;ABSORBED_EMPTY/pNone;ABSORBED_EMPTY/pNone,None;None;None,False,False
2,B>A.reqB|B>~.reqwrite~~,ABSORBED_FROZEN/pNone,PRE_FAIL,ABSORBED_EMPTY/pNone;ABSORBED_EMPTY/pNone;ABSORBED_EMPTY/pNone,None;None;None,False,False
2,B>A.reqB|B>~.req~,ABSORBED_FROZEN/pNone,PRE_FAIL,ABSORBED_EMPTY/pNone;ABSORBED_EMPTY/pNone;ABSORBED_EMPTY/pNone,None;None;None,False,False
2,B>A.reqB|B>~.self,ABSORBED_FROZEN/pNone,PRE_FAIL,ABSORBED_EMPTY/pNone;ABSORBED_EMPTY/pNone;ABSORBED_EMPTY/pNone,None;None;None,False,False
2,B>A.reqB|B>~.writeA,ABSORBED_FROZEN/pNone,PRE_FAIL,ABSORBED_EMPTY/pNone;ABSORBED_EMPTY/pNone;ABSORBED_EMPTY/pNone,None;None;None,False,False
2,B>A.reqB|B>~.writeB,ABSORBED_FROZEN/pNone,PRE_FAIL,ABSORBED_EMPTY/pNone;ABSORBED_EMPTY/pNone;ABSORBED_EMPTY/pNone,None;None;None,False,False
2,B>A.reqB|B>~.write~,ABSORBED_FROZEN/pNone,PRE_FAIL,ABSORBED_EMPTY/pNone;ABSORBED_EMPTY/pNone;ABSORBED_EMPTY/pNone,None;None;None,False,False
2,B>A.reqwriteAA|B>A.reqwriteAB,ABSORBED_FROZEN/pNone,PRE_FAIL,ABSORBED_EMPTY/pNone;ABSORBED_EMPTY/pNone;ABSORBED_EMPTY/pNone,None;None;None,False,False
2,B>A.reqwriteAA|B>A.reqwriteA~,ABSORBED_FROZEN/pNone,PRE_FAIL,ABSORBED_EMPTY/pNone;ABSORBED_EMPTY/pNone;ABSORBED_EMPTY/pNone,None;None;None,False,False
2,B>A.reqwriteAA|B>A.reqwriteBA,ABSORBED_FROZEN/pNone,PRE_FAIL,ABSORBED_EMPTY/pNone;ABSORBED_EMPTY/pNone;ABSORBED_EMPTY/pNone,None;None;None,False,False
2,B>A.reqwriteAA|B>A.reqwriteBB,ABSORBED_FROZEN/pNone,PRE_FAIL,ABSORBED_EMPTY/pNone;ABSORBED_EMPTY/pNone;ABSORBED_EMPTY/pNone,None;None;None,False,False
2,B>A.reqwriteAA|B>A.reqwriteB~,ABSORBED_FROZEN/pNone,PRE_FAIL,ABSORBED_EMPTY/pNone;ABSORBED_EMPTY/pNone;ABSORBED_EMPTY/pNone,None;None;None,False,False
2,B>A.reqwriteAA|B>A.reqwrite~A,ABSORBED_FROZEN/pNone,PRE_FAIL,ABSORBED_EMPTY/pNone;ABSORBED_EMPTY/pNone;ABSORBED_EMPTY/pNone,None;None;None,False,False
2,B>A.reqwriteAA|B>A.reqwrite~B,ABSORBED_FROZEN/pNone,PRE_FAIL,ABSORBED_EMPTY/pNone;ABSORBED_EMPTY/pNone;ABSORBED_EMPTY/pNone,None;None;None,False,False
2,B>A.reqwriteAA|B>A.reqwrite~~,ABSORBED_FROZEN/pNone,PRE_FAIL,ABSORBED_EMPTY/pNone;ABSORBED_EMPTY/pNone;ABSORBED_EMPTY/pNone,None;None;None,False,False
2,B>A.reqwriteAA|B>A.self,ABSORBED_FROZEN/pNone,PRE_FAIL,ABSORBED_EMPTY/pNone;ABSORBED_EMPTY/pNone;ABSORBED_EMPTY/pNone,None;None;None,False,False
2,B>A.reqwriteAA|B>A.writeA,ABSORBED_FROZEN/pNone,PRE_FAIL,ABSORBED_EMPTY/pNone;ABSORBED_EMPTY/pNone;ABSORBED_EMPTY/pNone,None;None;None,False,False
2,B>A.reqwriteAA|B>A.writeB,ABSORBED_FROZEN/pNone,PRE_FAIL,ABSORBED_EMPTY/pNone;ABSORBED_EMPTY/pNone;ABSORBED_EMPTY/pNone,None;None;None,False,False
2,B>A.reqwriteAA|B>A.write~,ABSORBED_FROZEN/pNone,PRE_FAIL,ABSORBED_EMPTY/pNone;ABSORBED_EMPTY/pNone;ABSORBED_EMPTY/pNone,None;None;None,False,False
2,B>A.reqwriteAA|B>B.reqA,ABSORBED_FROZEN/pNone,PRE_FAIL,ABSORBED_EMPTY/pNone;ABSORBED_EMPTY/pNone;ABSORBED_EMPTY/pNone,None;None;None,False,False
2,B>A.reqwriteAA|B>B.reqB,ABSORBED_FROZEN/pNone,PRE_FAIL,ABSORBED_EMPTY/pNone;ABSORBED_EMPTY/pNone;ABSORBED_EMPTY/pNone,None;None;None,False,False
2,B>A.reqwriteAA|B>B.reqwriteAA,ABSORBED_FROZEN/pNone,PRE_FAIL,ABSORBED_EMPTY/pNone;ABSORBED_EMPTY/pNone;ABSORBED_EMPTY/pNone,None;None;None,False,False
2,B>A.reqwriteAA|B>B.reqwriteAB,ABSORBED_FROZEN/pNone,PRE_FAIL,ABSORBED_EMPTY/pNone;ABSORBED_EMPTY/pNone;ABSORBED_EMPTY/pNone,None;None;None,False,False
2,B>A.reqwriteAA|B>B.reqwriteA~,ABSORBED_FROZEN/pNone,PRE_FAIL,ABSORBED_EMPTY/pNone;ABSORBED_EMPTY/pNone;ABSORBED_EMPTY/pNone,None;None;None,False,False
2,B>A.reqwriteAA|B>B.reqwriteBA,ABSORBED_FROZEN/pNone,PRE_FAIL,ABSORBED_EMPTY/pNone;ABSORBED_EMPTY/pNone;ABSORBED_EMPTY/pNone,None;None;None,False,False
2,B>A.reqwriteAA|B>B.reqwriteBB,ABSORBED_FROZEN/pNone,PRE_FAIL,ABSORBED_EMPTY/pNone;ABSORBED_EMPTY/pNone;ABSORBED_EMPTY/pNone,None;None;None,False,False
2,B>A.reqwriteAA|B>B.reqwriteB~,ABSORBED_FROZEN/pNone,PRE_FAIL,ABSORBED_EMPTY/pNone;ABSORBED_EMPTY/pNone;ABSORBED_EMPTY/pNone,None;None;None,False,False
2,B>A.reqwriteAA|B>B.reqwrite~A,ABSORBED_FROZEN/pNone,PRE_FAIL,ABSORBED_EMPTY/pNone;ABSORBED_EMPTY/pNone;ABSORBED_EMPTY/pNone,None;None;None,False,False
2,B>A.reqwriteAA|B>B.reqwrite~B,ABSORBED_FROZEN/pNone,PRE_FAIL,ABSORBED_EMPTY/pNone;ABSORBED_EMPTY/pNone;ABSORBED_EMPTY/pNone,None;None;None,False,False
2,B>A.reqwriteAA|B>B.reqwrite~~,ABSORBED_FROZEN/pNone,PRE_FAIL,ABSORBED_EMPTY/pNone;ABSORBED_EMPTY/pNone;ABSORBED_EMPTY/pNone,None;None;None,False,False
2,B>A.reqwriteAA|B>B.req~,ABSORBED_FROZEN/pNone,PRE_FAIL,ABSORBED_EMPTY/pNone;ABSORBED_EMPTY/pNone;ABSORBED_EMPTY/pNone,None;None;None,False,False
2,B>A.reqwriteAA|B>B.self,ABSORBED_FROZEN/pNone,PRE_FAIL,ABSORBED_EMPTY/pNone;ABSORBED_EMPTY/pNone;ABSORBED_EMPTY/pNone,None;None;None,False,False
2,B>A.reqwriteAA|B>B.writeA,ABSORBED_FROZEN/pNone,PRE_FAIL,ABSORBED_EMPTY/pNone;ABSORBED_EMPTY/pNone;ABSORBED_EMPTY/pNone,None;None;None,False,False
2,B>A.reqwriteAA|B>B.writeB,ABSORBED_FROZEN/pNone,PRE_FAIL,ABSORBED_EMPTY/pNone;ABSORBED_EMPTY/pNone;ABSORBED_EMPTY/pNone,None;None;None,False,False
2,B>A.reqwriteAA|B>B.write~,ABSORBED_FROZEN/pNone,PRE_FAIL,ABSORBED_EMPTY/pNone;ABSORBED_EMPTY/pNone;ABSORBED_EMPTY/pNone,None;None;None,False,False
2,B>A.reqwriteAA|B>~.reqA,ABSORBED_FROZEN/pNone,PRE_FAIL,ABSORBED_EMPTY/pNone;ABSORBED_EMPTY/pNone;ABSORBED_EMPTY/pNone,None;None;None,False,False
2,B>A.reqwriteAA|B>~.reqB,ABSORBED_FROZEN/pNone,PRE_FAIL,ABSORBED_EMPTY/pNone;ABSORBED_EMPTY/pNone;ABSORBED_EMPTY/pNone,None;None;None,False,False
2,B>A.reqwriteAA|B>~.reqwriteAA,ABSORBED_FROZEN/pNone,PRE_FAIL,ABSORBED_EMPTY/pNone;ABSORBED_EMPTY/pNone;ABSORBED_EMPTY/pNone,None;None;None,False,False
2,B>A.reqwriteAA|B>~.reqwriteAB,ABSORBED_FROZEN/pNone,PRE_FAIL,ABSORBED_EMPTY/pNone;ABSORBED_EMPTY/pNone;ABSORBED_EMPTY/pNone,None;None;None,False,False
2,B>A.reqwriteAA|B>~.reqwriteA~,ABSORBED_FROZEN/pNone,PRE_FAIL,ABSORBED_EMPTY/pNone;ABSORBED_EMPTY/pNone;ABSORBED_EMPTY/pNone,None;None;None,False,False
2,B>A.reqwriteAA|B>~.reqwriteBA,ABSORBED_FROZEN/pNone,PRE_FAIL,ABSORBED_EMPTY/pNone;ABSORBED_EMPTY/pNone;ABSORBED_EMPTY/pNone,None;None;None,False,False
2,B>A.reqwriteAA|B>~.reqwriteBB,ABSORBED_FROZEN/pNone,PRE_FAIL,ABSORBED_EMPTY/pNone;ABSORBED_EMPTY/pNone;ABSORBED_EMPTY/pNone,None;None;None,False,False
2,B>A.reqwriteAA|B>~.reqwriteB~,ABSORBED_FROZEN/pNone,PRE_FAIL,ABSORBED_EMPTY/pNone;ABSORBED_EMPTY/pNone;ABSORBED_EMPTY/pNone,None;None;None,False,False
2,B>A.reqwriteAA|B>~.reqwrite~A,ABSORBED_FROZEN/pNone,PRE_FAIL,ABSORBED_EMPTY/pNone;ABSORBED_EMPTY/pNone;ABSORBED_EMPTY/pNone,None;None;None,False,False
2,B>A.reqwriteAA|B>~.reqwrite~B,ABSORBED_FROZEN/pNone,PRE_FAIL,ABSORBED_EMPTY/pNone;ABSORBED_EMPTY/pNone;ABSORBED_EMPTY/pNone,None;None;None,False,False
2,B>A.reqwriteAA|B>~.reqwrite~~,ABSORBED_FROZEN/pNone,PRE_FAIL,ABSORBED_EMPTY/pNone;ABSORBED_EMPTY/pNone;ABSORBED_EMPTY/pNone,None;None;None,False,False
2,B>A.reqwriteAA|B>~.req~,ABSORBED_FROZEN/pNone,PRE_FAIL,ABSORBED_EMPTY/pNone;ABSORBED_EMPTY/pNone;ABSORBED_EMPTY/pNone,None;None;None,False,False
2,B>A.reqwriteAA|B>~.self,ABSORBED_FROZEN/pNone,PRE_FAIL,ABSORBED_EMPTY/pNone;ABSORBED_EMPTY/pNone;ABSORBED_EMPTY/pNone,None;None;None,False,False
2,B>A.reqwriteAA|B>~.writeA,ABSORBED_FROZEN/pNone,PRE_FAIL,ABSORBED_EMPTY/pNone;ABSORBED_EMPTY/pNone;ABSORBED_EMPTY/pNone,None;None;None,False,False
2,B>A.reqwriteAA|B>~.writeB,ABSORBED_FROZEN/pNone,PRE_FAIL,ABSORBED_EMPTY/pNone;ABSORBED_EMPTY/pNone;ABSORBED_EMPTY/pNone,None;None;None,False,False
2,B>A.reqwriteAA|B>~.write~,ABSORBED_FROZEN/pNone,PRE_FAIL,ABSORBED_EMPTY/pNone;ABSORBED_EMPTY/pNone;ABSORBED_EMPTY/pNone,None;None;None,False,False
2,B>A.reqwriteAB|B>A.reqwriteA~,ABSORBED_FROZEN/pNone,PRE_FAIL,ABSORBED_EMPTY/pNone;ABSORBED_EMPTY/pNone;ABSORBED_EMPTY/pNone,None;None;None,False,False
2,B>A.reqwriteAB|B>A.reqwriteBA,ABSORBED_FROZEN/pNone,PRE_FAIL,ABSORBED_EMPTY/pNone;ABSORBED_EMPTY/pNone;ABSORBED_EMPTY/pNone,None;None;None,False,False
2,B>A.reqwriteAB|B>A.reqwriteBB,ABSORBED_FROZEN/pNone,PRE_FAIL,ABSORBED_EMPTY/pNone;ABSORBED_EMPTY/pNone;ABSORBED_EMPTY/pNone,None;None;None,False,False
2,B>A.reqwriteAB|B>A.reqwriteB~,ABSORBED_FROZEN/pNone,PRE_FAIL,ABSORBED_EMPTY/pNone;ABSORBED_EMPTY/pNone;ABSORBED_EMPTY/pNone,None;None;None,False,False
2,B>A.reqwriteAB|B>A.reqwrite~A,ABSORBED_FROZEN/pNone,PRE_FAIL,ABSORBED_EMPTY/pNone;ABSORBED_EMPTY/pNone;ABSORBED_EMPTY/pNone,None;None;None,False,False
2,B>A.reqwriteAB|B>A.reqwrite~B,ABSORBED_FROZEN/pNone,PRE_FAIL,ABSORBED_EMPTY/pNone;ABSORBED_EMPTY/pNone;ABSORBED_EMPTY/pNone,None;None;None,False,False
2,B>A.reqwriteAB|B>A.reqwrite~~,ABSORBED_FROZEN/pNone,PRE_FAIL,ABSORBED_EMPTY/pNone;ABSORBED_EMPTY/pNone;ABSORBED_EMPTY/pNone,None;None;None,False,False
2,B>A.reqwriteAB|B>A.self,ABSORBED_FROZEN/pNone,PRE_FAIL,ABSORBED_EMPTY/pNone;ABSORBED_EMPTY/pNone;ABSORBED_EMPTY/pNone,None;None;None,False,False
2,B>A.reqwriteAB|B>A.writeA,ABSORBED_FROZEN/pNone,PRE_FAIL,ABSORBED_EMPTY/pNone;ABSORBED_EMPTY/pNone;ABSORBED_EMPTY/pNone,None;None;None,False,False
2,B>A.reqwriteAB|B>A.writeB,ABSORBED_FROZEN/pNone,PRE_FAIL,ABSORBED_EMPTY/pNone;ABSORBED_EMPTY/pNone;ABSORBED_EMPTY/pNone,None;None;None,False,False
2,B>A.reqwriteAB|B>A.write~,ABSORBED_FROZEN/pNone,PRE_FAIL,ABSORBED_EMPTY/pNone;ABSORBED_EMPTY/pNone;ABSORBED_EMPTY/pNone,None;None;None,False,False
2,B>A.reqwriteAB|B>B.reqA,ABSORBED_FROZEN/pNone,PRE_FAIL,ABSORBED_EMPTY/pNone;ABSORBED_EMPTY/pNone;ABSORBED_EMPTY/pNone,None;None;None,False,False
2,B>A.reqwriteAB|B>B.reqB,ABSORBED_FROZEN/pNone,PRE_FAIL,ABSORBED_EMPTY/pNone;ABSORBED_EMPTY/pNone;ABSORBED_EMPTY/pNone,None;None;None,False,False
2,B>A.reqwriteAB|B>B.reqwriteAA,ABSORBED_FROZEN/pNone,PRE_FAIL,ABSORBED_EMPTY/pNone;ABSORBED_EMPTY/pNone;ABSORBED_EMPTY/pNone,None;None;None,False,False
2,B>A.reqwriteAB|B>B.reqwriteAB,ABSORBED_FROZEN/pNone,PRE_FAIL,ABSORBED_EMPTY/pNone;ABSORBED_EMPTY/pNone;ABSORBED_EMPTY/pNone,None;None;None,False,False
2,B>A.reqwriteAB|B>B.reqwriteA~,ABSORBED_FROZEN/pNone,PRE_FAIL,ABSORBED_EMPTY/pNone;ABSORBED_EMPTY/pNone;ABSORBED_EMPTY/pNone,None;None;None,False,False
2,B>A.reqwriteAB|B>B.reqwriteBA,ABSORBED_FROZEN/pNone,PRE_FAIL,ABSORBED_EMPTY/pNone;ABSORBED_EMPTY/pNone;ABSORBED_EMPTY/pNone,None;None;None,False,False
2,B>A.reqwriteAB|B>B.reqwriteBB,ABSORBED_FROZEN/pNone,PRE_FAIL,ABSORBED_EMPTY/pNone;ABSORBED_EMPTY/pNone;ABSORBED_EMPTY/pNone,None;None;None,False,False
2,B>A.reqwriteAB|B>B.reqwriteB~,ABSORBED_FROZEN/pNone,PRE_FAIL,ABSORBED_EMPTY/pNone;ABSORBED_EMPTY/pNone;ABSORBED_EMPTY/pNone,None;None;None,False,False
2,B>A.reqwriteAB|B>B.reqwrite~A,ABSORBED_FROZEN/pNone,PRE_FAIL,ABSORBED_EMPTY/pNone;ABSORBED_EMPTY/pNone;ABSORBED_EMPTY/pNone,None;None;None,False,False
2,B>A.reqwriteAB|B>B.reqwrite~B,ABSORBED_FROZEN/pNone,PRE_FAIL,ABSORBED_EMPTY/pNone;ABSORBED_EMPTY/pNone;ABSORBED_EMPTY/pNone,None;None;None,False,False
2,B>A.reqwriteAB|B>B.reqwrite~~,ABSORBED_FROZEN/pNone,PRE_FAIL,ABSORBED_EMPTY/pNone;ABSORBED_EMPTY/pNone;ABSORBED_EMPTY/pNone,None;None;None,False,False
2,B>A.reqwriteAB|B>B.req~,ABSORBED_FROZEN/pNone,PRE_FAIL,ABSORBED_EMPTY/pNone;ABSORBED_EMPTY/pNone;ABSORBED_EMPTY/pNone,None;None;None,False,False
2,B>A.reqwriteAB|B>B.self,ABSORBED_FROZEN/pNone,PRE_FAIL,ABSORBED_EMPTY/pNone;ABSORBED_EMPTY/pNone;ABSORBED_EMPTY/pNone,None;None;None,False,False
2,B>A.reqwriteAB|B>B.writeA,ABSORBED_FROZEN/pNone,PRE_FAIL,ABSORBED_EMPTY/pNone;ABSORBED_EMPTY/pNone;ABSORBED_EMPTY/pNone,None;None;None,False,False
2,B>A.reqwriteAB|B>B.writeB,ABSORBED_FROZEN/pNone,PRE_FAIL,ABSORBED_EMPTY/pNone;ABSORBED_EMPTY/pNone;ABSORBED_EMPTY/pNone,None;None;None,False,False
2,B>A.reqwriteAB|B>B.write~,ABSORBED_FROZEN/pNone,PRE_FAIL,ABSORBED_EMPTY/pNone;ABSORBED_EMPTY/pNone;ABSORBED_EMPTY/pNone,None;None;None,False,False
2,B>A.reqwriteAB|B>~.reqA,ABSORBED_FROZEN/pNone,PRE_FAIL,ABSORBED_EMPTY/pNone;ABSORBED_EMPTY/pNone;ABSORBED_EMPTY/pNone,None;None;None,False,False
2,B>A.reqwriteAB|B>~.reqB,ABSORBED_FROZEN/pNone,PRE_FAIL,ABSORBED_EMPTY/pNone;ABSORBED_EMPTY/pNone;ABSORBED_EMPTY/pNone,None;None;None,False,False
2,B>A.reqwriteAB|B>~.reqwriteAA,ABSORBED_FROZEN/pNone,PRE_FAIL,ABSORBED_EMPTY/pNone;ABSORBED_EMPTY/pNone;ABSORBED_EMPTY/pNone,None;None;None,False,False
2,B>A.reqwriteAB|B>~.reqwriteAB,ABSORBED_FROZEN/pNone,PRE_FAIL,ABSORBED_EMPTY/pNone;ABSORBED_EMPTY/pNone;ABSORBED_EMPTY/pNone,None;None;None,False,False
2,B>A.reqwriteAB|B>~.reqwriteA~,ABSORBED_FROZEN/pNone,PRE_FAIL,ABSORBED_EMPTY/pNone;ABSORBED_EMPTY/pNone;ABSORBED_EMPTY/pNone,None;None;None,False,False
2,B>A.reqwriteAB|B>~.reqwriteBA,ABSORBED_FROZEN/pNone,PRE_FAIL,ABSORBED_EMPTY/pNone;ABSORBED_EMPTY/pNone;ABSORBED_EMPTY/pNone,None;None;None,False,False
2,B>A.reqwriteAB|B>~.reqwriteBB,ABSORBED_FROZEN/pNone,PRE_FAIL,ABSORBED_EMPTY/pNone;ABSORBED_EMPTY/pNone;ABSORBED_EMPTY/pNone,None;None;None,False,False
2,B>A.reqwriteAB|B>~.reqwriteB~,ABSORBED_FROZEN/pNone,PRE_FAIL,ABSORBED_EMPTY/pNone;ABSORBED_EMPTY/pNone;ABSORBED_EMPTY/pNone,None;None;None,False,False
2,B>A.reqwriteAB|B>~.reqwrite~A,ABSORBED_FROZEN/pNone,PRE_FAIL,ABSORBED_EMPTY/pNone;ABSORBED_EMPTY/pNone;ABSORBED_EMPTY/pNone,None;None;None,False,False
2,B>A.reqwriteAB|B>~.reqwrite~B,ABSORBED_FROZEN/pNone,PRE_FAIL,ABSORBED_EMPTY/pNone;ABSORBED_EMPTY/pNone;ABSORBED_EMPTY/pNone,None;None;None,False,False
2,B>A.reqwriteAB|B>~.reqwrite~~,ABSORBED_FROZEN/pNone,PRE_FAIL,ABSORBED_EMPTY/pNone;ABSORBED_EMPTY/pNone;ABSORBED_EMPTY/pNone,None;None;None,False,False
2,B>A.reqwriteAB|B>~.req~,ABSORBED_FROZEN/pNone,PRE_FAIL,ABSORBED_EMPTY/pNone;ABSORBED_EMPTY/pNone;ABSORBED_EMPTY/pNone,None;None;None,False,False
2,B>A.reqwriteAB|B>~.self,ABSORBED_FROZEN/pNone,PRE_FAIL,ABSORBED_EMPTY/pNone;ABSORBED_EMPTY/pNone;ABSORBED_EMPTY/pNone,None;None;None,False,False
2,B>A.reqwriteAB|B>~.writeA,ABSORBED_FROZEN/pNone,PRE_FAIL,ABSORBED_EMPTY/pNone;ABSORBED_EMPTY/pNone;ABSORBED_EMPTY/pNone,None;None;None,False,False
2,B>A.reqwriteAB|B>~.writeB,ABSORBED_FROZEN/pNone,PRE_FAIL,ABSORBED_EMPTY/pNone;ABSORBED_EMPTY/pNone;ABSORBED_EMPTY/pNone,None;None;None,False,False
2,B>A.reqwriteAB|B>~.write~,ABSORBED_FROZEN/pNone,PRE_FAIL,ABSORBED_EMPTY/pNone;ABSORBED_EMPTY/pNone;ABSORBED_EMPTY/pNone,None;None;None,False,False
2,B>A.reqwriteA~|B>A.reqwriteBA,ABSORBED_FROZEN/pNone,PRE_FAIL,ABSORBED_EMPTY/pNone;ABSORBED_EMPTY/pNone;ABSORBED_EMPTY/pNone,None;None;None,False,False
2,B>A.reqwriteA~|B>A.reqwriteBB,ABSORBED_FROZEN/pNone,PRE_FAIL,ABSORBED_EMPTY/pNone;ABSORBED_EMPTY/pNone;ABSORBED_EMPTY/pNone,None;None;None,False,False
2,B>A.reqwriteA~|B>A.reqwriteB~,ABSORBED_FROZEN/pNone,PRE_FAIL,ABSORBED_EMPTY/pNone;ABSORBED_EMPTY/pNone;ABSORBED_EMPTY/pNone,None;None;None,False,False
2,B>A.reqwriteA~|B>A.reqwrite~A,ABSORBED_FROZEN/pNone,PRE_FAIL,ABSORBED_EMPTY/pNone;ABSORBED_EMPTY/pNone;ABSORBED_EMPTY/pNone,None;None;None,False,False
2,B>A.reqwriteA~|B>A.reqwrite~B,ABSORBED_FROZEN/pNone,PRE_FAIL,ABSORBED_EMPTY/pNone;ABSORBED_EMPTY/pNone;ABSORBED_EMPTY/pNone,None;None;None,False,False
2,B>A.reqwriteA~|B>A.reqwrite~~,ABSORBED_FROZEN/pNone,PRE_FAIL,ABSORBED_EMPTY/pNone;ABSORBED_EMPTY/pNone;ABSORBED_EMPTY/pNone,None;None;None,False,False
2,B>A.reqwriteA~|B>A.self,ABSORBED_FROZEN/pNone,PRE_FAIL,ABSORBED_EMPTY/pNone;ABSORBED_EMPTY/pNone;ABSORBED_EMPTY/pNone,None;None;None,False,False
2,B>A.reqwriteA~|B>A.writeA,ABSORBED_FROZEN/pNone,PRE_FAIL,ABSORBED_EMPTY/pNone;ABSORBED_EMPTY/pNone;ABSORBED_EMPTY/pNone,None;None;None,False,False
2,B>A.reqwriteA~|B>A.writeB,ABSORBED_FROZEN/pNone,PRE_FAIL,ABSORBED_EMPTY/pNone;ABSORBED_EMPTY/pNone;ABSORBED_EMPTY/pNone,None;None;None,False,False
2,B>A.reqwriteA~|B>A.write~,ABSORBED_FROZEN/pNone,PRE_FAIL,ABSORBED_EMPTY/pNone;ABSORBED_EMPTY/pNone;ABSORBED_EMPTY/pNone,None;None;None,False,False
2,B>A.reqwriteA~|B>B.reqA,ABSORBED_FROZEN/pNone,PRE_FAIL,ABSORBED_EMPTY/pNone;ABSORBED_EMPTY/pNone;ABSORBED_EMPTY/pNone,None;None;None,False,False
2,B>A.reqwriteA~|B>B.reqB,ABSORBED_FROZEN/pNone,PRE_FAIL,ABSORBED_EMPTY/pNone;ABSORBED_EMPTY/pNone;ABSORBED_EMPTY/pNone,None;None;None,False,False
2,B>A.reqwriteA~|B>B.reqwriteAA,ABSORBED_FROZEN/pNone,PRE_FAIL,ABSORBED_EMPTY/pNone;ABSORBED_EMPTY/pNone;ABSORBED_EMPTY/pNone,None;None;None,False,False
2,B>A.reqwriteA~|B>B.reqwriteAB,ABSORBED_FROZEN/pNone,PRE_FAIL,ABSORBED_EMPTY/pNone;ABSORBED_EMPTY/pNone;ABSORBED_EMPTY/pNone,None;None;None,False,False
2,B>A.reqwriteA~|B>B.reqwriteA~,ABSORBED_FROZEN/pNone,PRE_FAIL,ABSORBED_EMPTY/pNone;ABSORBED_EMPTY/pNone;ABSORBED_EMPTY/pNone,None;None;None,False,False
2,B>A.reqwriteA~|B>B.reqwriteBA,ABSORBED_FROZEN/pNone,PRE_FAIL,ABSORBED_EMPTY/pNone;ABSORBED_EMPTY/pNone;ABSORBED_EMPTY/pNone,None;None;None,False,False
2,B>A.reqwriteA~|B>B.reqwriteBB,ABSORBED_FROZEN/pNone,PRE_FAIL,ABSORBED_EMPTY/pNone;ABSORBED_EMPTY/pNone;ABSORBED_EMPTY/pNone,None;None;None,False,False
2,B>A.reqwriteA~|B>B.reqwriteB~,ABSORBED_FROZEN/pNone,PRE_FAIL,ABSORBED_EMPTY/pNone;ABSORBED_EMPTY/pNone;ABSORBED_EMPTY/pNone,None;None;None,False,False
2,B>A.reqwriteA~|B>B.reqwrite~A,ABSORBED_FROZEN/pNone,PRE_FAIL,ABSORBED_EMPTY/pNone;ABSORBED_EMPTY/pNone;ABSORBED_EMPTY/pNone,None;None;None,False,False
2,B>A.reqwriteA~|B>B.reqwrite~B,ABSORBED_FROZEN/pNone,PRE_FAIL,ABSORBED_EMPTY/pNone;ABSORBED_EMPTY/pNone;ABSORBED_EMPTY/pNone,None;None;None,False,False
2,B>A.reqwriteA~|B>B.reqwrite~~,ABSORBED_FROZEN/pNone,PRE_FAIL,ABSORBED_EMPTY/pNone;ABSORBED_EMPTY/pNone;ABSORBED_EMPTY/pNone,None;None;None,False,False
2,B>A.reqwriteA~|B>B.req~,ABSORBED_FROZEN/pNone,PRE_FAIL,ABSORBED_EMPTY/pNone;ABSORBED_EMPTY/pNone;ABSORBED_EMPTY/pNone,None;None;None,False,False
2,B>A.reqwriteA~|B>B.self,ABSORBED_FROZEN/pNone,PRE_FAIL,ABSORBED_EMPTY/pNone;ABSORBED_EMPTY/pNone;ABSORBED_EMPTY/pNone,None;None;None,False,False
2,B>A.reqwriteA~|B>B.writeA,ABSORBED_FROZEN/pNone,PRE_FAIL,ABSORBED_EMPTY/pNone;ABSORBED_EMPTY/pNone;ABSORBED_EMPTY/pNone,None;None;None,False,False
2,B>A.reqwriteA~|B>B.writeB,ABSORBED_FROZEN/pNone,PRE_FAIL,ABSORBED_EMPTY/pNone;ABSORBED_EMPTY/pNone;ABSORBED_EMPTY/pNone,None;None;None,False,False
2,B>A.reqwriteA~|B>B.write~,ABSORBED_FROZEN/pNone,PRE_FAIL,ABSORBED_EMPTY/pNone;ABSORBED_EMPTY/pNone;ABSORBED_EMPTY/pNone,None;None;None,False,False
2,B>A.reqwriteA~|B>~.reqA,ABSORBED_FROZEN/pNone,PRE_FAIL,ABSORBED_EMPTY/pNone;ABSORBED_EMPTY/pNone;ABSORBED_EMPTY/pNone,None;None;None,False,False
2,B>A.reqwriteA~|B>~.reqB,ABSORBED_FROZEN/pNone,PRE_FAIL,ABSORBED_EMPTY/pNone;ABSORBED_EMPTY/pNone;ABSORBED_EMPTY/pNone,None;None;None,False,False
2,B>A.reqwriteA~|B>~.reqwriteAA,ABSORBED_FROZEN/pNone,PRE_FAIL,ABSORBED_EMPTY/pNone;ABSORBED_EMPTY/pNone;ABSORBED_EMPTY/pNone,None;None;None,False,False
2,B>A.reqwriteA~|B>~.reqwriteAB,ABSORBED_FROZEN/pNone,PRE_FAIL,ABSORBED_EMPTY/pNone;ABSORBED_EMPTY/pNone;ABSORBED_EMPTY/pNone,None;None;None,False,False
2,B>A.reqwriteA~|B>~.reqwriteA~,ABSORBED_FROZEN/pNone,PRE_FAIL,ABSORBED_EMPTY/pNone;ABSORBED_EMPTY/pNone;ABSORBED_EMPTY/pNone,None;None;None,False,False
2,B>A.reqwriteA~|B>~.reqwriteBA,ABSORBED_FROZEN/pNone,PRE_FAIL,ABSORBED_EMPTY/pNone;ABSORBED_EMPTY/pNone;ABSORBED_EMPTY/pNone,None;None;None,False,False
2,B>A.reqwriteA~|B>~.reqwriteBB,ABSORBED_FROZEN/pNone,PRE_FAIL,ABSORBED_EMPTY/pNone;ABSORBED_EMPTY/pNone;ABSORBED_EMPTY/pNone,None;None;None,False,False
2,B>A.reqwriteA~|B>~.reqwriteB~,ABSORBED_FROZEN/pNone,PRE_FAIL,ABSORBED_EMPTY/pNone;ABSORBED_EMPTY/pNone;ABSORBED_EMPTY/pNone,None;None;None,False,False
2,B>A.reqwriteA~|B>~.reqwrite~A,ABSORBED_FROZEN/pNone,PRE_FAIL,ABSORBED_EMPTY/pNone;ABSORBED_EMPTY/pNone;ABSORBED_EMPTY/pNone,None;None;None,False,False
2,B>A.reqwriteA~|B>~.reqwrite~B,ABSORBED_FROZEN/pNone,PRE_FAIL,ABSORBED_EMPTY/pNone;ABSORBED_EMPTY/pNone;ABSORBED_EMPTY/pNone,None;None;None,False,False
2,B>A.reqwriteA~|B>~.reqwrite~~,ABSORBED_FROZEN/pNone,PRE_FAIL,ABSORBED_EMPTY/pNone;ABSORBED_EMPTY/pNone;ABSORBED_EMPTY/pNone,None;None;None,False,False
2,B>A.reqwriteA~|B>~.req~,ABSORBED_FROZEN/pNone,PRE_FAIL,ABSORBED_EMPTY/pNone;ABSORBED_EMPTY/pNone;ABSORBED_EMPTY/pNone,None;None;None,False,False
2,B>A.reqwriteA~|B>~.self,ABSORBED_FROZEN/pNone,PRE_FAIL,ABSORBED_EMPTY/pNone;ABSORBED_EMPTY/pNone;ABSORBED_EMPTY/pNone,None;None;None,False,False
2,B>A.reqwriteA~|B>~.writeA,ABSORBED_FROZEN/pNone,PRE_FAIL,ABSORBED_EMPTY/pNone;ABSORBED_EMPTY/pNone;ABSORBED_EMPTY/pNone,None;None;None,False,False
2,B>A.reqwriteA~|B>~.writeB,ABSORBED_FROZEN/pNone,PRE_FAIL,ABSORBED_EMPTY/pNone;ABSORBED_EMPTY/pNone;ABSORBED_EMPTY/pNone,None;None;None,False,False
2,B>A.reqwriteA~|B>~.write~,ABSORBED_FROZEN/pNone,PRE_FAIL,ABSORBED_EMPTY/pNone;ABSORBED_EMPTY/pNone;ABSORBED_EMPTY/pNone,None;None;None,False,False
2,B>A.reqwriteBA|B>A.reqwriteBB,ABSORBED_FROZEN/pNone,PRE_FAIL,ABSORBED_EMPTY/pNone;ABSORBED_EMPTY/pNone;ABSORBED_EMPTY/pNone,None;None;None,False,False
2,B>A.reqwriteBA|B>A.reqwriteB~,ABSORBED_FROZEN/pNone,PRE_FAIL,ABSORBED_EMPTY/pNone;ABSORBED_EMPTY/pNone;ABSORBED_EMPTY/pNone,None;None;None,False,False
2,B>A.reqwriteBA|B>A.reqwrite~A,ABSORBED_FROZEN/pNone,PRE_FAIL,ABSORBED_EMPTY/pNone;ABSORBED_EMPTY/pNone;ABSORBED_EMPTY/pNone,None;None;None,False,False
2,B>A.reqwriteBA|B>A.reqwrite~B,ABSORBED_FROZEN/pNone,PRE_FAIL,ABSORBED_EMPTY/pNone;ABSORBED_EMPTY/pNone;ABSORBED_EMPTY/pNone,None;None;None,False,False
2,B>A.reqwriteBA|B>A.reqwrite~~,ABSORBED_FROZEN/pNone,PRE_FAIL,ABSORBED_EMPTY/pNone;ABSORBED_EMPTY/pNone;ABSORBED_EMPTY/pNone,None;None;None,False,False
2,B>A.reqwriteBA|B>A.self,ABSORBED_FROZEN/pNone,PRE_FAIL,ABSORBED_EMPTY/pNone;ABSORBED_EMPTY/pNone;ABSORBED_EMPTY/pNone,None;None;None,False,False
2,B>A.reqwriteBA|B>A.writeA,ABSORBED_FROZEN/pNone,PRE_FAIL,ABSORBED_EMPTY/pNone;ABSORBED_EMPTY/pNone;ABSORBED_EMPTY/pNone,None;None;None,False,False
2,B>A.reqwriteBA|B>A.writeB,ABSORBED_FROZEN/pNone,PRE_FAIL,ABSORBED_EMPTY/pNone;ABSORBED_EMPTY/pNone;ABSORBED_EMPTY/pNone,None;None;None,False,False
2,B>A.reqwriteBA|B>A.write~,ABSORBED_FROZEN/pNone,PRE_FAIL,ABSORBED_EMPTY/pNone;ABSORBED_EMPTY/pNone;ABSORBED_EMPTY/pNone,None;None;None,False,False
2,B>A.reqwriteBA|B>B.reqA,ABSORBED_FROZEN/pNone,PRE_FAIL,ABSORBED_EMPTY/pNone;ABSORBED_EMPTY/pNone;ABSORBED_EMPTY/pNone,None;None;None,False,False
2,B>A.reqwriteBA|B>B.reqB,ABSORBED_FROZEN/pNone,PRE_FAIL,ABSORBED_EMPTY/pNone;ABSORBED_EMPTY/pNone;ABSORBED_EMPTY/pNone,None;None;None,False,False
2,B>A.reqwriteBA|B>B.reqwriteAA,ABSORBED_FROZEN/pNone,PRE_FAIL,ABSORBED_EMPTY/pNone;ABSORBED_EMPTY/pNone;ABSORBED_EMPTY/pNone,None;None;None,False,False
2,B>A.reqwriteBA|B>B.reqwriteAB,ABSORBED_FROZEN/pNone,PRE_FAIL,ABSORBED_EMPTY/pNone;ABSORBED_EMPTY/pNone;ABSORBED_EMPTY/pNone,None;None;None,False,False
2,B>A.reqwriteBA|B>B.reqwriteA~,ABSORBED_FROZEN/pNone,PRE_FAIL,ABSORBED_EMPTY/pNone;ABSORBED_EMPTY/pNone;ABSORBED_EMPTY/pNone,None;None;None,False,False
2,B>A.reqwriteBA|B>B.reqwriteBA,ABSORBED_FROZEN/pNone,PRE_FAIL,ABSORBED_EMPTY/pNone;ABSORBED_EMPTY/pNone;ABSORBED_EMPTY/pNone,None;None;None,False,False
2,B>A.reqwriteBA|B>B.reqwriteBB,ABSORBED_FROZEN/pNone,PRE_FAIL,ABSORBED_EMPTY/pNone;ABSORBED_EMPTY/pNone;ABSORBED_EMPTY/pNone,None;None;None,False,False
2,B>A.reqwriteBA|B>B.reqwriteB~,ABSORBED_FROZEN/pNone,PRE_FAIL,ABSORBED_EMPTY/pNone;ABSORBED_EMPTY/pNone;ABSORBED_EMPTY/pNone,None;None;None,False,False
2,B>A.reqwriteBA|B>B.reqwrite~A,ABSORBED_FROZEN/pNone,PRE_FAIL,ABSORBED_EMPTY/pNone;ABSORBED_EMPTY/pNone;ABSORBED_EMPTY/pNone,None;None;None,False,False
2,B>A.reqwriteBA|B>B.reqwrite~B,ABSORBED_FROZEN/pNone,PRE_FAIL,ABSORBED_EMPTY/pNone;ABSORBED_EMPTY/pNone;ABSORBED_EMPTY/pNone,None;None;None,False,False
2,B>A.reqwriteBA|B>B.reqwrite~~,ABSORBED_FROZEN/pNone,PRE_FAIL,ABSORBED_EMPTY/pNone;ABSORBED_EMPTY/pNone;ABSORBED_EMPTY/pNone,None;None;None,False,False
2,B>A.reqwriteBA|B>B.req~,ABSORBED_FROZEN/pNone,PRE_FAIL,ABSORBED_EMPTY/pNone;ABSORBED_EMPTY/pNone;ABSORBED_EMPTY/pNone,None;None;None,False,False
2,B>A.reqwriteBA|B>B.self,ABSORBED_FROZEN/pNone,PRE_FAIL,ABSORBED_EMPTY/pNone;ABSORBED_EMPTY/pNone;ABSORBED_EMPTY/pNone,None;None;None,False,False
2,B>A.reqwriteBA|B>B.writeA,ABSORBED_FROZEN/pNone,PRE_FAIL,ABSORBED_EMPTY/pNone;ABSORBED_EMPTY/pNone;ABSORBED_EMPTY/pNone,None;None;None,False,False
2,B>A.reqwriteBA|B>B.writeB,ABSORBED_FROZEN/pNone,PRE_FAIL,ABSORBED_EMPTY/pNone;ABSORBED_EMPTY/pNone;ABSORBED_EMPTY/pNone,None;None;None,False,False
2,B>A.reqwriteBA|B>B.write~,ABSORBED_FROZEN/pNone,PRE_FAIL,ABSORBED_EMPTY/pNone;ABSORBED_EMPTY/pNone;ABSORBED_EMPTY/pNone,None;None;None,False,False
2,B>A.reqwriteBA|B>~.reqA,ABSORBED_FROZEN/pNone,PRE_FAIL,ABSORBED_EMPTY/pNone;ABSORBED_EMPTY/pNone;ABSORBED_EMPTY/pNone,None;None;None,False,False
2,B>A.reqwriteBA|B>~.reqB,ABSORBED_FROZEN/pNone,PRE_FAIL,ABSORBED_EMPTY/pNone;ABSORBED_EMPTY/pNone;ABSORBED_EMPTY/pNone,None;None;None,False,False
2,B>A.reqwriteBA|B>~.reqwriteAA,ABSORBED_FROZEN/pNone,PRE_FAIL,ABSORBED_EMPTY/pNone;ABSORBED_EMPTY/pNone;ABSORBED_EMPTY/pNone,None;None;None,False,False
2,B>A.reqwriteBA|B>~.reqwriteAB,ABSORBED_FROZEN/pNone,PRE_FAIL,ABSORBED_EMPTY/pNone;ABSORBED_EMPTY/pNone;ABSORBED_EMPTY/pNone,None;None;None,False,False
2,B>A.reqwriteBA|B>~.reqwriteA~,ABSORBED_FROZEN/pNone,PRE_FAIL,ABSORBED_EMPTY/pNone;ABSORBED_EMPTY/pNone;ABSORBED_EMPTY/pNone,None;None;None,False,False
2,B>A.reqwriteBA|B>~.reqwriteBA,ABSORBED_FROZEN/pNone,PRE_FAIL,ABSORBED_EMPTY/pNone;ABSORBED_EMPTY/pNone;ABSORBED_EMPTY/pNone,None;None;None,False,False
2,B>A.reqwriteBA|B>~.reqwriteBB,ABSORBED_FROZEN/pNone,PRE_FAIL,ABSORBED_EMPTY/pNone;ABSORBED_EMPTY/pNone;ABSORBED_EMPTY/pNone,None;None;None,False,False
2,B>A.reqwriteBA|B>~.reqwriteB~,ABSORBED_FROZEN/pNone,PRE_FAIL,ABSORBED_EMPTY/pNone;ABSORBED_EMPTY/pNone;ABSORBED_EMPTY/pNone,None;None;None,False,False
2,B>A.reqwriteBA|B>~.reqwrite~A,ABSORBED_FROZEN/pNone,PRE_FAIL,ABSORBED_EMPTY/pNone;ABSORBED_EMPTY/pNone;ABSORBED_EMPTY/pNone,None;None;None,False,False
2,B>A.reqwriteBA|B>~.reqwrite~B,ABSORBED_FROZEN/pNone,PRE_FAIL,ABSORBED_EMPTY/pNone;ABSORBED_EMPTY/pNone;ABSORBED_EMPTY/pNone,None;None;None,False,False
2,B>A.reqwriteBA|B>~.reqwrite~~,ABSORBED_FROZEN/pNone,PRE_FAIL,ABSORBED_EMPTY/pNone;ABSORBED_EMPTY/pNone;ABSORBED_EMPTY/pNone,None;None;None,False,False
2,B>A.reqwriteBA|B>~.req~,ABSORBED_FROZEN/pNone,PRE_FAIL,ABSORBED_EMPTY/pNone;ABSORBED_EMPTY/pNone;ABSORBED_EMPTY/pNone,None;None;None,False,False
2,B>A.reqwriteBA|B>~.self,ABSORBED_FROZEN/pNone,PRE_FAIL,ABSORBED_EMPTY/pNone;ABSORBED_EMPTY/pNone;ABSORBED_EMPTY/pNone,None;None;None,False,False
2,B>A.reqwriteBA|B>~.writeA,ABSORBED_FROZEN/pNone,PRE_FAIL,ABSORBED_EMPTY/pNone;ABSORBED_EMPTY/pNone;ABSORBED_EMPTY/pNone,None;None;None,False,False
2,B>A.reqwriteBA|B>~.writeB,ABSORBED_FROZEN/pNone,PRE_FAIL,ABSORBED_EMPTY/pNone;ABSORBED_EMPTY/pNone;ABSORBED_EMPTY/pNone,None;None;None,False,False
2,B>A.reqwriteBA|B>~.write~,ABSORBED_FROZEN/pNone,PRE_FAIL,ABSORBED_EMPTY/pNone;ABSORBED_EMPTY/pNone;ABSORBED_EMPTY/pNone,None;None;None,False,False
2,B>A.reqwriteBB|B>A.reqwriteB~,ABSORBED_FROZEN/pNone,PRE_FAIL,ABSORBED_EMPTY/pNone;ABSORBED_EMPTY/pNone;ABSORBED_EMPTY/pNone,None;None;None,False,False
2,B>A.reqwriteBB|B>A.reqwrite~A,ABSORBED_FROZEN/pNone,PRE_FAIL,ABSORBED_EMPTY/pNone;ABSORBED_EMPTY/pNone;ABSORBED_EMPTY/pNone,None;None;None,False,False
2,B>A.reqwriteBB|B>A.reqwrite~B,ABSORBED_FROZEN/pNone,PRE_FAIL,ABSORBED_EMPTY/pNone;ABSORBED_EMPTY/pNone;ABSORBED_EMPTY/pNone,None;None;None,False,False
2,B>A.reqwriteBB|B>A.reqwrite~~,ABSORBED_FROZEN/pNone,PRE_FAIL,ABSORBED_EMPTY/pNone;ABSORBED_EMPTY/pNone;ABSORBED_EMPTY/pNone,None;None;None,False,False
2,B>A.reqwriteBB|B>A.self,ABSORBED_FROZEN/pNone,PRE_FAIL,ABSORBED_EMPTY/pNone;ABSORBED_EMPTY/pNone;ABSORBED_EMPTY/pNone,None;None;None,False,False
2,B>A.reqwriteBB|B>A.writeA,ABSORBED_FROZEN/pNone,PRE_FAIL,ABSORBED_EMPTY/pNone;ABSORBED_EMPTY/pNone;ABSORBED_EMPTY/pNone,None;None;None,False,False
2,B>A.reqwriteBB|B>A.writeB,ABSORBED_FROZEN/pNone,PRE_FAIL,ABSORBED_EMPTY/pNone;ABSORBED_EMPTY/pNone;ABSORBED_EMPTY/pNone,None;None;None,False,False
2,B>A.reqwriteBB|B>A.write~,ABSORBED_FROZEN/pNone,PRE_FAIL,ABSORBED_EMPTY/pNone;ABSORBED_EMPTY/pNone;ABSORBED_EMPTY/pNone,None;None;None,False,False
2,B>A.reqwriteBB|B>B.reqA,ABSORBED_FROZEN/pNone,PRE_FAIL,ABSORBED_EMPTY/pNone;ABSORBED_EMPTY/pNone;ABSORBED_EMPTY/pNone,None;None;None,False,False
2,B>A.reqwriteBB|B>B.reqB,ABSORBED_FROZEN/pNone,PRE_FAIL,ABSORBED_EMPTY/pNone;ABSORBED_EMPTY/pNone;ABSORBED_EMPTY/pNone,None;None;None,False,False
2,B>A.reqwriteBB|B>B.reqwriteAA,ABSORBED_FROZEN/pNone,PRE_FAIL,ABSORBED_EMPTY/pNone;ABSORBED_EMPTY/pNone;ABSORBED_EMPTY/pNone,None;None;None,False,False
2,B>A.reqwriteBB|B>B.reqwriteAB,ABSORBED_FROZEN/pNone,PRE_FAIL,ABSORBED_EMPTY/pNone;ABSORBED_EMPTY/pNone;ABSORBED_EMPTY/pNone,None;None;None,False,False
2,B>A.reqwriteBB|B>B.reqwriteA~,ABSORBED_FROZEN/pNone,PRE_FAIL,ABSORBED_EMPTY/pNone;ABSORBED_EMPTY/pNone;ABSORBED_EMPTY/pNone,None;None;None,False,False
2,B>A.reqwriteBB|B>B.reqwriteBA,ABSORBED_FROZEN/pNone,PRE_FAIL,ABSORBED_EMPTY/pNone;ABSORBED_EMPTY/pNone;ABSORBED_EMPTY/pNone,None;None;None,False,False
2,B>A.reqwriteBB|B>B.reqwriteBB,ABSORBED_FROZEN/pNone,PRE_FAIL,ABSORBED_EMPTY/pNone;ABSORBED_EMPTY/pNone;ABSORBED_EMPTY/pNone,None;None;None,False,False
2,B>A.reqwriteBB|B>B.reqwriteB~,ABSORBED_FROZEN/pNone,PRE_FAIL,ABSORBED_EMPTY/pNone;ABSORBED_EMPTY/pNone;ABSORBED_EMPTY/pNone,None;None;None,False,False
2,B>A.reqwriteBB|B>B.reqwrite~A,ABSORBED_FROZEN/pNone,PRE_FAIL,ABSORBED_EMPTY/pNone;ABSORBED_EMPTY/pNone;ABSORBED_EMPTY/pNone,None;None;None,False,False
2,B>A.reqwriteBB|B>B.reqwrite~B,ABSORBED_FROZEN/pNone,PRE_FAIL,ABSORBED_EMPTY/pNone;ABSORBED_EMPTY/pNone;ABSORBED_EMPTY/pNone,None;None;None,False,False
2,B>A.reqwriteBB|B>B.reqwrite~~,ABSORBED_FROZEN/pNone,PRE_FAIL,ABSORBED_EMPTY/pNone;ABSORBED_EMPTY/pNone;ABSORBED_EMPTY/pNone,None;None;None,False,False
2,B>A.reqwriteBB|B>B.req~,ABSORBED_FROZEN/pNone,PRE_FAIL,ABSORBED_EMPTY/pNone;ABSORBED_EMPTY/pNone;ABSORBED_EMPTY/pNone,None;None;None,False,False
2,B>A.reqwriteBB|B>B.self,ABSORBED_FROZEN/pNone,PRE_FAIL,ABSORBED_EMPTY/pNone;ABSORBED_EMPTY/pNone;ABSORBED_EMPTY/pNone,None;None;None,False,False
2,B>A.reqwriteBB|B>B.writeA,ABSORBED_FROZEN/pNone,PRE_FAIL,ABSORBED_EMPTY/pNone;ABSORBED_EMPTY/pNone;ABSORBED_EMPTY/pNone,None;None;None,False,False
2,B>A.reqwriteBB|B>B.writeB,ABSORBED_FROZEN/pNone,PRE_FAIL,ABSORBED_EMPTY/pNone;ABSORBED_EMPTY/pNone;ABSORBED_EMPTY/pNone,None;None;None,False,False
2,B>A.reqwriteBB|B>B.write~,ABSORBED_FROZEN/pNone,PRE_FAIL,ABSORBED_EMPTY/pNone;ABSORBED_EMPTY/pNone;ABSORBED_EMPTY/pNone,None;None;None,False,False
2,B>A.reqwriteBB|B>~.reqA,ABSORBED_FROZEN/pNone,PRE_FAIL,ABSORBED_EMPTY/pNone;ABSORBED_EMPTY/pNone;ABSORBED_EMPTY/pNone,None;None;None,False,False
2,B>A.reqwriteBB|B>~.reqB,ABSORBED_FROZEN/pNone,PRE_FAIL,ABSORBED_EMPTY/pNone;ABSORBED_EMPTY/pNone;ABSORBED_EMPTY/pNone,None;None;None,False,False
2,B>A.reqwriteBB|B>~.reqwriteAA,ABSORBED_FROZEN/pNone,PRE_FAIL,ABSORBED_EMPTY/pNone;ABSORBED_EMPTY/pNone;ABSORBED_EMPTY/pNone,None;None;None,False,False
2,B>A.reqwriteBB|B>~.reqwriteAB,ABSORBED_FROZEN/pNone,PRE_FAIL,ABSORBED_EMPTY/pNone;ABSORBED_EMPTY/pNone;ABSORBED_EMPTY/pNone,None;None;None,False,False
2,B>A.reqwriteBB|B>~.reqwriteA~,ABSORBED_FROZEN/pNone,PRE_FAIL,ABSORBED_EMPTY/pNone;ABSORBED_EMPTY/pNone;ABSORBED_EMPTY/pNone,None;None;None,False,False
2,B>A.reqwriteBB|B>~.reqwriteBA,ABSORBED_FROZEN/pNone,PRE_FAIL,ABSORBED_EMPTY/pNone;ABSORBED_EMPTY/pNone;ABSORBED_EMPTY/pNone,None;None;None,False,False
2,B>A.reqwriteBB|B>~.reqwriteBB,ABSORBED_FROZEN/pNone,PRE_FAIL,ABSORBED_EMPTY/pNone;ABSORBED_EMPTY/pNone;ABSORBED_EMPTY/pNone,None;None;None,False,False
2,B>A.reqwriteBB|B>~.reqwriteB~,ABSORBED_FROZEN/pNone,PRE_FAIL,ABSORBED_EMPTY/pNone;ABSORBED_EMPTY/pNone;ABSORBED_EMPTY/pNone,None;None;None,False,False
2,B>A.reqwriteBB|B>~.reqwrite~A,ABSORBED_FROZEN/pNone,PRE_FAIL,ABSORBED_EMPTY/pNone;ABSORBED_EMPTY/pNone;ABSORBED_EMPTY/pNone,None;None;None,False,False
2,B>A.reqwriteBB|B>~.reqwrite~B,ABSORBED_FROZEN/pNone,PRE_FAIL,ABSORBED_EMPTY/pNone;ABSORBED_EMPTY/pNone;ABSORBED_EMPTY/pNone,None;None;None,False,False
2,B>A.reqwriteBB|B>~.reqwrite~~,ABSORBED_FROZEN/pNone,PRE_FAIL,ABSORBED_EMPTY/pNone;ABSORBED_EMPTY/pNone;ABSORBED_EMPTY/pNone,None;None;None,False,False
2,B>A.reqwriteBB|B>~.req~,ABSORBED_FROZEN/pNone,PRE_FAIL,ABSORBED_EMPTY/pNone;ABSORBED_EMPTY/pNone;ABSORBED_EMPTY/pNone,None;None;None,False,False
2,B>A.reqwriteBB|B>~.self,ABSORBED_FROZEN/pNone,PRE_FAIL,ABSORBED_EMPTY/pNone;ABSORBED_EMPTY/pNone;ABSORBED_EMPTY/pNone,None;None;None,False,False
2,B>A.reqwriteBB|B>~.writeA,ABSORBED_FROZEN/pNone,PRE_FAIL,ABSORBED_EMPTY/pNone;ABSORBED_EMPTY/pNone;ABSORBED_EMPTY/pNone,None;None;None,False,False
2,B>A.reqwriteBB|B>~.writeB,ABSORBED_FROZEN/pNone,PRE_FAIL,ABSORBED_EMPTY/pNone;ABSORBED_EMPTY/pNone;ABSORBED_EMPTY/pNone,None;None;None,False,False
2,B>A.reqwriteBB|B>~.write~,ABSORBED_FROZEN/pNone,PRE_FAIL,ABSORBED_EMPTY/pNone;ABSORBED_EMPTY/pNone;ABSORBED_EMPTY/pNone,None;None;None,False,False
2,B>A.reqwriteB~|B>A.reqwrite~A,ABSORBED_FROZEN/pNone,PRE_FAIL,ABSORBED_EMPTY/pNone;ABSORBED_EMPTY/pNone;ABSORBED_EMPTY/pNone,None;None;None,False,False
2,B>A.reqwriteB~|B>A.reqwrite~B,ABSORBED_FROZEN/pNone,PRE_FAIL,ABSORBED_EMPTY/pNone;ABSORBED_EMPTY/pNone;ABSORBED_EMPTY/pNone,None;None;None,False,False
2,B>A.reqwriteB~|B>A.reqwrite~~,ABSORBED_FROZEN/pNone,PRE_FAIL,ABSORBED_EMPTY/pNone;ABSORBED_EMPTY/pNone;ABSORBED_EMPTY/pNone,None;None;None,False,False
2,B>A.reqwriteB~|B>A.self,ABSORBED_FROZEN/pNone,PRE_FAIL,ABSORBED_EMPTY/pNone;ABSORBED_EMPTY/pNone;ABSORBED_EMPTY/pNone,None;None;None,False,False
2,B>A.reqwriteB~|B>A.writeA,ABSORBED_FROZEN/pNone,PRE_FAIL,ABSORBED_EMPTY/pNone;ABSORBED_EMPTY/pNone;ABSORBED_EMPTY/pNone,None;None;None,False,False
2,B>A.reqwriteB~|B>A.writeB,ABSORBED_FROZEN/pNone,PRE_FAIL,ABSORBED_EMPTY/pNone;ABSORBED_EMPTY/pNone;ABSORBED_EMPTY/pNone,None;None;None,False,False
2,B>A.reqwriteB~|B>A.write~,ABSORBED_FROZEN/pNone,PRE_FAIL,ABSORBED_EMPTY/pNone;ABSORBED_EMPTY/pNone;ABSORBED_EMPTY/pNone,None;None;None,False,False
2,B>A.reqwriteB~|B>B.reqA,ABSORBED_FROZEN/pNone,PRE_FAIL,ABSORBED_EMPTY/pNone;ABSORBED_EMPTY/pNone;ABSORBED_EMPTY/pNone,None;None;None,False,False
2,B>A.reqwriteB~|B>B.reqB,ABSORBED_FROZEN/pNone,PRE_FAIL,ABSORBED_EMPTY/pNone;ABSORBED_EMPTY/pNone;ABSORBED_EMPTY/pNone,None;None;None,False,False
2,B>A.reqwriteB~|B>B.reqwriteAA,ABSORBED_FROZEN/pNone,PRE_FAIL,ABSORBED_EMPTY/pNone;ABSORBED_EMPTY/pNone;ABSORBED_EMPTY/pNone,None;None;None,False,False
2,B>A.reqwriteB~|B>B.reqwriteAB,ABSORBED_FROZEN/pNone,PRE_FAIL,ABSORBED_EMPTY/pNone;ABSORBED_EMPTY/pNone;ABSORBED_EMPTY/pNone,None;None;None,False,False
2,B>A.reqwriteB~|B>B.reqwriteA~,ABSORBED_FROZEN/pNone,PRE_FAIL,ABSORBED_EMPTY/pNone;ABSORBED_EMPTY/pNone;ABSORBED_EMPTY/pNone,None;None;None,False,False
2,B>A.reqwriteB~|B>B.reqwriteBA,ABSORBED_FROZEN/pNone,PRE_FAIL,ABSORBED_EMPTY/pNone;ABSORBED_EMPTY/pNone;ABSORBED_EMPTY/pNone,None;None;None,False,False
2,B>A.reqwriteB~|B>B.reqwriteBB,ABSORBED_FROZEN/pNone,PRE_FAIL,ABSORBED_EMPTY/pNone;ABSORBED_EMPTY/pNone;ABSORBED_EMPTY/pNone,None;None;None,False,False
2,B>A.reqwriteB~|B>B.reqwriteB~,ABSORBED_FROZEN/pNone,PRE_FAIL,ABSORBED_EMPTY/pNone;ABSORBED_EMPTY/pNone;ABSORBED_EMPTY/pNone,None;None;None,False,False
2,B>A.reqwriteB~|B>B.reqwrite~A,ABSORBED_FROZEN/pNone,PRE_FAIL,ABSORBED_EMPTY/pNone;ABSORBED_EMPTY/pNone;ABSORBED_EMPTY/pNone,None;None;None,False,False
2,B>A.reqwriteB~|B>B.reqwrite~B,ABSORBED_FROZEN/pNone,PRE_FAIL,ABSORBED_EMPTY/pNone;ABSORBED_EMPTY/pNone;ABSORBED_EMPTY/pNone,None;None;None,False,False
2,B>A.reqwriteB~|B>B.reqwrite~~,ABSORBED_FROZEN/pNone,PRE_FAIL,ABSORBED_EMPTY/pNone;ABSORBED_EMPTY/pNone;ABSORBED_EMPTY/pNone,None;None;None,False,False
2,B>A.reqwriteB~|B>B.req~,ABSORBED_FROZEN/pNone,PRE_FAIL,ABSORBED_EMPTY/pNone;ABSORBED_EMPTY/pNone;ABSORBED_EMPTY/pNone,None;None;None,False,False
2,B>A.reqwriteB~|B>B.self,ABSORBED_FROZEN/pNone,PRE_FAIL,ABSORBED_EMPTY/pNone;ABSORBED_EMPTY/pNone;ABSORBED_EMPTY/pNone,None;None;None,False,False
2,B>A.reqwriteB~|B>B.writeA,ABSORBED_FROZEN/pNone,PRE_FAIL,ABSORBED_EMPTY/pNone;ABSORBED_EMPTY/pNone;ABSORBED_EMPTY/pNone,None;None;None,False,False
2,B>A.reqwriteB~|B>B.writeB,ABSORBED_FROZEN/pNone,PRE_FAIL,ABSORBED_EMPTY/pNone;ABSORBED_EMPTY/pNone;ABSORBED_EMPTY/pNone,None;None;None,False,False
2,B>A.reqwriteB~|B>B.write~,ABSORBED_FROZEN/pNone,PRE_FAIL,ABSORBED_EMPTY/pNone;ABSORBED_EMPTY/pNone;ABSORBED_EMPTY/pNone,None;None;None,False,False
2,B>A.reqwriteB~|B>~.reqA,ABSORBED_FROZEN/pNone,PRE_FAIL,ABSORBED_EMPTY/pNone;ABSORBED_EMPTY/pNone;ABSORBED_EMPTY/pNone,None;None;None,False,False
2,B>A.reqwriteB~|B>~.reqB,ABSORBED_FROZEN/pNone,PRE_FAIL,ABSORBED_EMPTY/pNone;ABSORBED_EMPTY/pNone;ABSORBED_EMPTY/pNone,None;None;None,False,False
2,B>A.reqwriteB~|B>~.reqwriteAA,ABSORBED_FROZEN/pNone,PRE_FAIL,ABSORBED_EMPTY/pNone;ABSORBED_EMPTY/pNone;ABSORBED_EMPTY/pNone,None;None;None,False,False
2,B>A.reqwriteB~|B>~.reqwriteAB,ABSORBED_FROZEN/pNone,PRE_FAIL,ABSORBED_EMPTY/pNone;ABSORBED_EMPTY/pNone;ABSORBED_EMPTY/pNone,None;None;None,False,False
2,B>A.reqwriteB~|B>~.reqwriteA~,ABSORBED_FROZEN/pNone,PRE_FAIL,ABSORBED_EMPTY/pNone;ABSORBED_EMPTY/pNone;ABSORBED_EMPTY/pNone,None;None;None,False,False
2,B>A.reqwriteB~|B>~.reqwriteBA,ABSORBED_FROZEN/pNone,PRE_FAIL,ABSORBED_EMPTY/pNone;ABSORBED_EMPTY/pNone;ABSORBED_EMPTY/pNone,None;None;None,False,False
2,B>A.reqwriteB~|B>~.reqwriteBB,ABSORBED_FROZEN/pNone,PRE_FAIL,ABSORBED_EMPTY/pNone;ABSORBED_EMPTY/pNone;ABSORBED_EMPTY/pNone,None;None;None,False,False
2,B>A.reqwriteB~|B>~.reqwriteB~,ABSORBED_FROZEN/pNone,PRE_FAIL,ABSORBED_EMPTY/pNone;ABSORBED_EMPTY/pNone;ABSORBED_EMPTY/pNone,None;None;None,False,False
2,B>A.reqwriteB~|B>~.reqwrite~A,ABSORBED_FROZEN/pNone,PRE_FAIL,ABSORBED_EMPTY/pNone;ABSORBED_EMPTY/pNone;ABSORBED_EMPTY/pNone,None;None;None,False,False
2,B>A.reqwriteB~|B>~.reqwrite~B,ABSORBED_FROZEN/pNone,PRE_FAIL,ABSORBED_EMPTY/pNone;ABSORBED_EMPTY/pNone;ABSORBED_EMPTY/pNone,None;None;None,False,False
2,B>A.reqwriteB~|B>~.reqwrite~~,ABSORBED_FROZEN/pNone,PRE_FAIL,ABSORBED_EMPTY/pNone;ABSORBED_EMPTY/pNone;ABSORBED_EMPTY/pNone,None;None;None,False,False
2,B>A.reqwriteB~|B>~.req~,ABSORBED_FROZEN/pNone,PRE_FAIL,ABSORBED_EMPTY/pNone;ABSORBED_EMPTY/pNone;ABSORBED_EMPTY/pNone,None;None;None,False,False
2,B>A.reqwriteB~|B>~.self,ABSORBED_FROZEN/pNone,PRE_FAIL,ABSORBED_EMPTY/pNone;ABSORBED_EMPTY/pNone;ABSORBED_EMPTY/pNone,None;None;None,False,False
2,B>A.reqwriteB~|B>~.writeA,ABSORBED_FROZEN/pNone,PRE_FAIL,ABSORBED_EMPTY/pNone;ABSORBED_EMPTY/pNone;ABSORBED_EMPTY/pNone,None;None;None,False,False
2,B>A.reqwriteB~|B>~.writeB,ABSORBED_FROZEN/pNone,PRE_FAIL,ABSORBED_EMPTY/pNone;ABSORBED_EMPTY/pNone;ABSORBED_EMPTY/pNone,None;None;None,False,False
2,B>A.reqwriteB~|B>~.write~,ABSORBED_FROZEN/pNone,PRE_FAIL,ABSORBED_EMPTY/pNone;ABSORBED_EMPTY/pNone;ABSORBED_EMPTY/pNone,None;None;None,False,False
2,B>A.reqwrite~A|B>A.reqwrite~B,ABSORBED_FROZEN/pNone,PRE_FAIL,ABSORBED_EMPTY/pNone;ABSORBED_EMPTY/pNone;ABSORBED_EMPTY/pNone,None;None;None,False,False
2,B>A.reqwrite~A|B>A.reqwrite~~,ABSORBED_FROZEN/pNone,PRE_FAIL,ABSORBED_EMPTY/pNone;ABSORBED_EMPTY/pNone;ABSORBED_EMPTY/pNone,None;None;None,False,False
2,B>A.reqwrite~A|B>A.self,ABSORBED_FROZEN/pNone,PRE_FAIL,ABSORBED_EMPTY/pNone;ABSORBED_EMPTY/pNone;ABSORBED_EMPTY/pNone,None;None;None,False,False
2,B>A.reqwrite~A|B>A.writeA,ABSORBED_FROZEN/pNone,PRE_FAIL,ABSORBED_EMPTY/pNone;ABSORBED_EMPTY/pNone;ABSORBED_EMPTY/pNone,None;None;None,False,False
2,B>A.reqwrite~A|B>A.writeB,ABSORBED_FROZEN/pNone,PRE_FAIL,ABSORBED_EMPTY/pNone;ABSORBED_EMPTY/pNone;ABSORBED_EMPTY/pNone,None;None;None,False,False
2,B>A.reqwrite~A|B>A.write~,ABSORBED_FROZEN/pNone,PRE_FAIL,ABSORBED_EMPTY/pNone;ABSORBED_EMPTY/pNone;ABSORBED_EMPTY/pNone,None;None;None,False,False
2,B>A.reqwrite~A|B>B.reqA,ABSORBED_FROZEN/pNone,PRE_FAIL,ABSORBED_EMPTY/pNone;ABSORBED_EMPTY/pNone;ABSORBED_EMPTY/pNone,None;None;None,False,False
2,B>A.reqwrite~A|B>B.reqB,ABSORBED_FROZEN/pNone,PRE_FAIL,ABSORBED_EMPTY/pNone;ABSORBED_EMPTY/pNone;ABSORBED_EMPTY/pNone,None;None;None,False,False
2,B>A.reqwrite~A|B>B.reqwriteAA,ABSORBED_FROZEN/pNone,PRE_FAIL,ABSORBED_EMPTY/pNone;ABSORBED_EMPTY/pNone;ABSORBED_EMPTY/pNone,None;None;None,False,False
2,B>A.reqwrite~A|B>B.reqwriteAB,ABSORBED_FROZEN/pNone,PRE_FAIL,ABSORBED_EMPTY/pNone;ABSORBED_EMPTY/pNone;ABSORBED_EMPTY/pNone,None;None;None,False,False
2,B>A.reqwrite~A|B>B.reqwriteA~,ABSORBED_FROZEN/pNone,PRE_FAIL,ABSORBED_EMPTY/pNone;ABSORBED_EMPTY/pNone;ABSORBED_EMPTY/pNone,None;None;None,False,False
2,B>A.reqwrite~A|B>B.reqwriteBA,ABSORBED_FROZEN/pNone,PRE_FAIL,ABSORBED_EMPTY/pNone;ABSORBED_EMPTY/pNone;ABSORBED_EMPTY/pNone,None;None;None,False,False
2,B>A.reqwrite~A|B>B.reqwriteBB,ABSORBED_FROZEN/pNone,PRE_FAIL,ABSORBED_EMPTY/pNone;ABSORBED_EMPTY/pNone;ABSORBED_EMPTY/pNone,None;None;None,False,False
2,B>A.reqwrite~A|B>B.reqwriteB~,ABSORBED_FROZEN/pNone,PRE_FAIL,ABSORBED_EMPTY/pNone;ABSORBED_EMPTY/pNone;ABSORBED_EMPTY/pNone,None;None;None,False,False
2,B>A.reqwrite~A|B>B.reqwrite~A,ABSORBED_FROZEN/pNone,PRE_FAIL,ABSORBED_EMPTY/pNone;ABSORBED_EMPTY/pNone;ABSORBED_EMPTY/pNone,None;None;None,False,False
2,B>A.reqwrite~A|B>B.reqwrite~B,ABSORBED_FROZEN/pNone,PRE_FAIL,ABSORBED_EMPTY/pNone;ABSORBED_EMPTY/pNone;ABSORBED_EMPTY/pNone,None;None;None,False,False
2,B>A.reqwrite~A|B>B.reqwrite~~,ABSORBED_FROZEN/pNone,PRE_FAIL,ABSORBED_EMPTY/pNone;ABSORBED_EMPTY/pNone;ABSORBED_EMPTY/pNone,None;None;None,False,False
2,B>A.reqwrite~A|B>B.req~,ABSORBED_FROZEN/pNone,PRE_FAIL,ABSORBED_EMPTY/pNone;ABSORBED_EMPTY/pNone;ABSORBED_EMPTY/pNone,None;None;None,False,False
2,B>A.reqwrite~A|B>B.self,ABSORBED_FROZEN/pNone,PRE_FAIL,ABSORBED_EMPTY/pNone;ABSORBED_EMPTY/pNone;ABSORBED_EMPTY/pNone,None;None;None,False,False
2,B>A.reqwrite~A|B>B.writeA,ABSORBED_FROZEN/pNone,PRE_FAIL,ABSORBED_EMPTY/pNone;ABSORBED_EMPTY/pNone;ABSORBED_EMPTY/pNone,None;None;None,False,False
2,B>A.reqwrite~A|B>B.writeB,ABSORBED_FROZEN/pNone,PRE_FAIL,ABSORBED_EMPTY/pNone;ABSORBED_EMPTY/pNone;ABSORBED_EMPTY/pNone,None;None;None,False,False
2,B>A.reqwrite~A|B>B.write~,ABSORBED_FROZEN/pNone,PRE_FAIL,ABSORBED_EMPTY/pNone;ABSORBED_EMPTY/pNone;ABSORBED_EMPTY/pNone,None;None;None,False,False
2,B>A.reqwrite~A|B>~.reqA,ABSORBED_FROZEN/pNone,PRE_FAIL,ABSORBED_EMPTY/pNone;ABSORBED_EMPTY/pNone;ABSORBED_EMPTY/pNone,None;None;None,False,False
2,B>A.reqwrite~A|B>~.reqB,ABSORBED_FROZEN/pNone,PRE_FAIL,ABSORBED_EMPTY/pNone;ABSORBED_EMPTY/pNone;ABSORBED_EMPTY/pNone,None;None;None,False,False
2,B>A.reqwrite~A|B>~.reqwriteAA,ABSORBED_FROZEN/pNone,PRE_FAIL,ABSORBED_EMPTY/pNone;ABSORBED_EMPTY/pNone;ABSORBED_EMPTY/pNone,None;None;None,False,False
2,B>A.reqwrite~A|B>~.reqwriteAB,ABSORBED_FROZEN/pNone,PRE_FAIL,ABSORBED_EMPTY/pNone;ABSORBED_EMPTY/pNone;ABSORBED_EMPTY/pNone,None;None;None,False,False
2,B>A.reqwrite~A|B>~.reqwriteA~,ABSORBED_FROZEN/pNone,PRE_FAIL,ABSORBED_EMPTY/pNone;ABSORBED_EMPTY/pNone;ABSORBED_EMPTY/pNone,None;None;None,False,False
2,B>A.reqwrite~A|B>~.reqwriteBA,ABSORBED_FROZEN/pNone,PRE_FAIL,ABSORBED_EMPTY/pNone;ABSORBED_EMPTY/pNone;ABSORBED_EMPTY/pNone,None;None;None,False,False
2,B>A.reqwrite~A|B>~.reqwriteBB,ABSORBED_FROZEN/pNone,PRE_FAIL,ABSORBED_EMPTY/pNone;ABSORBED_EMPTY/pNone;ABSORBED_EMPTY/pNone,None;None;None,False,False
2,B>A.reqwrite~A|B>~.reqwriteB~,ABSORBED_FROZEN/pNone,PRE_FAIL,ABSORBED_EMPTY/pNone;ABSORBED_EMPTY/pNone;ABSORBED_EMPTY/pNone,None;None;None,False,False
2,B>A.reqwrite~A|B>~.reqwrite~A,ABSORBED_FROZEN/pNone,PRE_FAIL,ABSORBED_EMPTY/pNone;ABSORBED_EMPTY/pNone;ABSORBED_EMPTY/pNone,None;None;None,False,False
2,B>A.reqwrite~A|B>~.reqwrite~B,ABSORBED_FROZEN/pNone,PRE_FAIL,ABSORBED_EMPTY/pNone;ABSORBED_EMPTY/pNone;ABSORBED_EMPTY/pNone,None;None;None,False,False
2,B>A.reqwrite~A|B>~.reqwrite~~,ABSORBED_FROZEN/pNone,PRE_FAIL,ABSORBED_EMPTY/pNone;ABSORBED_EMPTY/pNone;ABSORBED_EMPTY/pNone,None;None;None,False,False
2,B>A.reqwrite~A|B>~.req~,ABSORBED_FROZEN/pNone,PRE_FAIL,ABSORBED_EMPTY/pNone;ABSORBED_EMPTY/pNone;ABSORBED_EMPTY/pNone,None;None;None,False,False
2,B>A.reqwrite~A|B>~.self,ABSORBED_FROZEN/pNone,PRE_FAIL,ABSORBED_EMPTY/pNone;ABSORBED_EMPTY/pNone;ABSORBED_EMPTY/pNone,None;None;None,False,False
2,B>A.reqwrite~A|B>~.writeA,ABSORBED_FROZEN/pNone,PRE_FAIL,ABSORBED_EMPTY/pNone;ABSORBED_EMPTY/pNone;ABSORBED_EMPTY/pNone,None;None;None,False,False
2,B>A.reqwrite~A|B>~.writeB,ABSORBED_FROZEN/pNone,PRE_FAIL,ABSORBED_EMPTY/pNone;ABSORBED_EMPTY/pNone;ABSORBED_EMPTY/pNone,None;None;None,False,False
2,B>A.reqwrite~A|B>~.write~,ABSORBED_FROZEN/pNone,PRE_FAIL,ABSORBED_EMPTY/pNone;ABSORBED_EMPTY/pNone;ABSORBED_EMPTY/pNone,None;None;None,False,False
2,B>A.reqwrite~B|B>A.reqwrite~~,ABSORBED_FROZEN/pNone,PRE_FAIL,ABSORBED_EMPTY/pNone;ABSORBED_EMPTY/pNone;ABSORBED_EMPTY/pNone,None;None;None,False,False
2,B>A.reqwrite~B|B>A.self,ABSORBED_FROZEN/pNone,PRE_FAIL,ABSORBED_EMPTY/pNone;ABSORBED_EMPTY/pNone;ABSORBED_EMPTY/pNone,None;None;None,False,False
2,B>A.reqwrite~B|B>A.writeA,ABSORBED_FROZEN/pNone,PRE_FAIL,ABSORBED_EMPTY/pNone;ABSORBED_EMPTY/pNone;ABSORBED_EMPTY/pNone,None;None;None,False,False
2,B>A.reqwrite~B|B>A.writeB,ABSORBED_FROZEN/pNone,PRE_FAIL,ABSORBED_EMPTY/pNone;ABSORBED_EMPTY/pNone;ABSORBED_EMPTY/pNone,None;None;None,False,False
2,B>A.reqwrite~B|B>A.write~,ABSORBED_FROZEN/pNone,PRE_FAIL,ABSORBED_EMPTY/pNone;ABSORBED_EMPTY/pNone;ABSORBED_EMPTY/pNone,None;None;None,False,False
2,B>A.reqwrite~B|B>B.reqA,ABSORBED_FROZEN/pNone,PRE_FAIL,ABSORBED_EMPTY/pNone;ABSORBED_EMPTY/pNone;ABSORBED_EMPTY/pNone,None;None;None,False,False
2,B>A.reqwrite~B|B>B.reqB,ABSORBED_FROZEN/pNone,PRE_FAIL,ABSORBED_EMPTY/pNone;ABSORBED_EMPTY/pNone;ABSORBED_EMPTY/pNone,None;None;None,False,False
2,B>A.reqwrite~B|B>B.reqwriteAA,ABSORBED_FROZEN/pNone,PRE_FAIL,ABSORBED_EMPTY/pNone;ABSORBED_EMPTY/pNone;ABSORBED_EMPTY/pNone,None;None;None,False,False
2,B>A.reqwrite~B|B>B.reqwriteAB,ABSORBED_FROZEN/pNone,PRE_FAIL,ABSORBED_EMPTY/pNone;ABSORBED_EMPTY/pNone;ABSORBED_EMPTY/pNone,None;None;None,False,False
2,B>A.reqwrite~B|B>B.reqwriteA~,ABSORBED_FROZEN/pNone,PRE_FAIL,ABSORBED_EMPTY/pNone;ABSORBED_EMPTY/pNone;ABSORBED_EMPTY/pNone,None;None;None,False,False
2,B>A.reqwrite~B|B>B.reqwriteBA,ABSORBED_FROZEN/pNone,PRE_FAIL,ABSORBED_EMPTY/pNone;ABSORBED_EMPTY/pNone;ABSORBED_EMPTY/pNone,None;None;None,False,False
2,B>A.reqwrite~B|B>B.reqwriteBB,ABSORBED_FROZEN/pNone,PRE_FAIL,ABSORBED_EMPTY/pNone;ABSORBED_EMPTY/pNone;ABSORBED_EMPTY/pNone,None;None;None,False,False
2,B>A.reqwrite~B|B>B.reqwriteB~,ABSORBED_FROZEN/pNone,PRE_FAIL,ABSORBED_EMPTY/pNone;ABSORBED_EMPTY/pNone;ABSORBED_EMPTY/pNone,None;None;None,False,False
2,B>A.reqwrite~B|B>B.reqwrite~A,ABSORBED_FROZEN/pNone,PRE_FAIL,ABSORBED_EMPTY/pNone;ABSORBED_EMPTY/pNone;ABSORBED_EMPTY/pNone,None;None;None,False,False
2,B>A.reqwrite~B|B>B.reqwrite~B,ABSORBED_FROZEN/pNone,PRE_FAIL,ABSORBED_EMPTY/pNone;ABSORBED_EMPTY/pNone;ABSORBED_EMPTY/pNone,None;None;None,False,False
2,B>A.reqwrite~B|B>B.reqwrite~~,ABSORBED_FROZEN/pNone,PRE_FAIL,ABSORBED_EMPTY/pNone;ABSORBED_EMPTY/pNone;ABSORBED_EMPTY/pNone,None;None;None,False,False
2,B>A.reqwrite~B|B>B.req~,ABSORBED_FROZEN/pNone,PRE_FAIL,ABSORBED_EMPTY/pNone;ABSORBED_EMPTY/pNone;ABSORBED_EMPTY/pNone,None;None;None,False,False
2,B>A.reqwrite~B|B>B.self,ABSORBED_FROZEN/pNone,PRE_FAIL,ABSORBED_EMPTY/pNone;ABSORBED_EMPTY/pNone;ABSORBED_EMPTY/pNone,None;None;None,False,False
2,B>A.reqwrite~B|B>B.writeA,ABSORBED_FROZEN/pNone,PRE_FAIL,ABSORBED_EMPTY/pNone;ABSORBED_EMPTY/pNone;ABSORBED_EMPTY/pNone,None;None;None,False,False
2,B>A.reqwrite~B|B>B.writeB,ABSORBED_FROZEN/pNone,PRE_FAIL,ABSORBED_EMPTY/pNone;ABSORBED_EMPTY/pNone;ABSORBED_EMPTY/pNone,None;None;None,False,False
2,B>A.reqwrite~B|B>B.write~,ABSORBED_FROZEN/pNone,PRE_FAIL,ABSORBED_EMPTY/pNone;ABSORBED_EMPTY/pNone;ABSORBED_EMPTY/pNone,None;None;None,False,False
2,B>A.reqwrite~B|B>~.reqA,ABSORBED_FROZEN/pNone,PRE_FAIL,ABSORBED_EMPTY/pNone;ABSORBED_EMPTY/pNone;ABSORBED_EMPTY/pNone,None;None;None,False,False
2,B>A.reqwrite~B|B>~.reqB,ABSORBED_FROZEN/pNone,PRE_FAIL,ABSORBED_EMPTY/pNone;ABSORBED_EMPTY/pNone;ABSORBED_EMPTY/pNone,None;None;None,False,False
2,B>A.reqwrite~B|B>~.reqwriteAA,ABSORBED_FROZEN/pNone,PRE_FAIL,ABSORBED_EMPTY/pNone;ABSORBED_EMPTY/pNone;ABSORBED_EMPTY/pNone,None;None;None,False,False
2,B>A.reqwrite~B|B>~.reqwriteAB,ABSORBED_FROZEN/pNone,PRE_FAIL,ABSORBED_EMPTY/pNone;ABSORBED_EMPTY/pNone;ABSORBED_EMPTY/pNone,None;None;None,False,False
2,B>A.reqwrite~B|B>~.reqwriteA~,ABSORBED_FROZEN/pNone,PRE_FAIL,ABSORBED_EMPTY/pNone;ABSORBED_EMPTY/pNone;ABSORBED_EMPTY/pNone,None;None;None,False,False
2,B>A.reqwrite~B|B>~.reqwriteBA,ABSORBED_FROZEN/pNone,PRE_FAIL,ABSORBED_EMPTY/pNone;ABSORBED_EMPTY/pNone;ABSORBED_EMPTY/pNone,None;None;None,False,False
2,B>A.reqwrite~B|B>~.reqwriteBB,ABSORBED_FROZEN/pNone,PRE_FAIL,ABSORBED_EMPTY/pNone;ABSORBED_EMPTY/pNone;ABSORBED_EMPTY/pNone,None;None;None,False,False
2,B>A.reqwrite~B|B>~.reqwriteB~,ABSORBED_FROZEN/pNone,PRE_FAIL,ABSORBED_EMPTY/pNone;ABSORBED_EMPTY/pNone;ABSORBED_EMPTY/pNone,None;None;None,False,False
2,B>A.reqwrite~B|B>~.reqwrite~A,ABSORBED_FROZEN/pNone,PRE_FAIL,ABSORBED_EMPTY/pNone;ABSORBED_EMPTY/pNone;ABSORBED_EMPTY/pNone,None;None;None,False,False
2,B>A.reqwrite~B|B>~.reqwrite~B,ABSORBED_FROZEN/pNone,PRE_FAIL,ABSORBED_EMPTY/pNone;ABSORBED_EMPTY/pNone;ABSORBED_EMPTY/pNone,None;None;None,False,False
2,B>A.reqwrite~B|B>~.reqwrite~~,ABSORBED_FROZEN/pNone,PRE_FAIL,ABSORBED_EMPTY/pNone;ABSORBED_EMPTY/pNone;ABSORBED_EMPTY/pNone,None;None;None,False,False
2,B>A.reqwrite~B|B>~.req~,ABSORBED_FROZEN/pNone,PRE_FAIL,ABSORBED_EMPTY/pNone;ABSORBED_EMPTY/pNone;ABSORBED_EMPTY/pNone,None;None;None,False,False
2,B>A.reqwrite~B|B>~.self,ABSORBED_FROZEN/pNone,PRE_FAIL,ABSORBED_EMPTY/pNone;ABSORBED_EMPTY/pNone;ABSORBED_EMPTY/pNone,None;None;None,False,False
2,B>A.reqwrite~B|B>~.writeA,ABSORBED_FROZEN/pNone,PRE_FAIL,ABSORBED_EMPTY/pNone;ABSORBED_EMPTY/pNone;ABSORBED_EMPTY/pNone,None;None;None,False,False
2,B>A.reqwrite~B|B>~.writeB,ABSORBED_FROZEN/pNone,PRE_FAIL,ABSORBED_EMPTY/pNone;ABSORBED_EMPTY/pNone;ABSORBED_EMPTY/pNone,None;None;None,False,False
2,B>A.reqwrite~B|B>~.write~,ABSORBED_FROZEN/pNone,PRE_FAIL,ABSORBED_EMPTY/pNone;ABSORBED_EMPTY/pNone;ABSORBED_EMPTY/pNone,None;None;None,False,False
2,B>A.reqwrite~~|B>A.self,ABSORBED_FROZEN/pNone,PRE_FAIL,ABSORBED_EMPTY/pNone;ABSORBED_EMPTY/pNone;ABSORBED_EMPTY/pNone,None;None;None,False,False
2,B>A.reqwrite~~|B>A.writeA,ABSORBED_FROZEN/pNone,PRE_FAIL,ABSORBED_EMPTY/pNone;ABSORBED_EMPTY/pNone;ABSORBED_EMPTY/pNone,None;None;None,False,False
2,B>A.reqwrite~~|B>A.writeB,ABSORBED_FROZEN/pNone,PRE_FAIL,ABSORBED_EMPTY/pNone;ABSORBED_EMPTY/pNone;ABSORBED_EMPTY/pNone,None;None;None,False,False
2,B>A.reqwrite~~|B>A.write~,ABSORBED_FROZEN/pNone,PRE_FAIL,ABSORBED_EMPTY/pNone;ABSORBED_EMPTY/pNone;ABSORBED_EMPTY/pNone,None;None;None,False,False
2,B>A.reqwrite~~|B>B.reqA,ABSORBED_FROZEN/pNone,PRE_FAIL,ABSORBED_EMPTY/pNone;ABSORBED_EMPTY/pNone;ABSORBED_EMPTY/pNone,None;None;None,False,False
2,B>A.reqwrite~~|B>B.reqB,ABSORBED_FROZEN/pNone,PRE_FAIL,ABSORBED_EMPTY/pNone;ABSORBED_EMPTY/pNone;ABSORBED_EMPTY/pNone,None;None;None,False,False
2,B>A.reqwrite~~|B>B.reqwriteAA,ABSORBED_FROZEN/pNone,PRE_FAIL,ABSORBED_EMPTY/pNone;ABSORBED_EMPTY/pNone;ABSORBED_EMPTY/pNone,None;None;None,False,False
2,B>A.reqwrite~~|B>B.reqwriteAB,ABSORBED_FROZEN/pNone,PRE_FAIL,ABSORBED_EMPTY/pNone;ABSORBED_EMPTY/pNone;ABSORBED_EMPTY/pNone,None;None;None,False,False
2,B>A.reqwrite~~|B>B.reqwriteA~,ABSORBED_FROZEN/pNone,PRE_FAIL,ABSORBED_EMPTY/pNone;ABSORBED_EMPTY/pNone;ABSORBED_EMPTY/pNone,None;None;None,False,False
2,B>A.reqwrite~~|B>B.reqwriteBA,ABSORBED_FROZEN/pNone,PRE_FAIL,ABSORBED_EMPTY/pNone;ABSORBED_EMPTY/pNone;ABSORBED_EMPTY/pNone,None;None;None,False,False
2,B>A.reqwrite~~|B>B.reqwriteBB,ABSORBED_FROZEN/pNone,PRE_FAIL,ABSORBED_EMPTY/pNone;ABSORBED_EMPTY/pNone;ABSORBED_EMPTY/pNone,None;None;None,False,False
2,B>A.reqwrite~~|B>B.reqwriteB~,ABSORBED_FROZEN/pNone,PRE_FAIL,ABSORBED_EMPTY/pNone;ABSORBED_EMPTY/pNone;ABSORBED_EMPTY/pNone,None;None;None,False,False
2,B>A.reqwrite~~|B>B.reqwrite~A,ABSORBED_FROZEN/pNone,PRE_FAIL,ABSORBED_EMPTY/pNone;ABSORBED_EMPTY/pNone;ABSORBED_EMPTY/pNone,None;None;None,False,False
2,B>A.reqwrite~~|B>B.reqwrite~B,ABSORBED_FROZEN/pNone,PRE_FAIL,ABSORBED_EMPTY/pNone;ABSORBED_EMPTY/pNone;ABSORBED_EMPTY/pNone,None;None;None,False,False
2,B>A.reqwrite~~|B>B.reqwrite~~,ABSORBED_FROZEN/pNone,PRE_FAIL,ABSORBED_EMPTY/pNone;ABSORBED_EMPTY/pNone;ABSORBED_EMPTY/pNone,None;None;None,False,False
2,B>A.reqwrite~~|B>B.req~,ABSORBED_FROZEN/pNone,PRE_FAIL,ABSORBED_EMPTY/pNone;ABSORBED_EMPTY/pNone;ABSORBED_EMPTY/pNone,None;None;None,False,False
2,B>A.reqwrite~~|B>B.self,ABSORBED_FROZEN/pNone,PRE_FAIL,ABSORBED_EMPTY/pNone;ABSORBED_EMPTY/pNone;ABSORBED_EMPTY/pNone,None;None;None,False,False
2,B>A.reqwrite~~|B>B.writeA,ABSORBED_FROZEN/pNone,PRE_FAIL,ABSORBED_EMPTY/pNone;ABSORBED_EMPTY/pNone;ABSORBED_EMPTY/pNone,None;None;None,False,False
2,B>A.reqwrite~~|B>B.writeB,ABSORBED_FROZEN/pNone,PRE_FAIL,ABSORBED_EMPTY/pNone;ABSORBED_EMPTY/pNone;ABSORBED_EMPTY/pNone,None;None;None,False,False
2,B>A.reqwrite~~|B>B.write~,ABSORBED_FROZEN/pNone,PRE_FAIL,ABSORBED_EMPTY/pNone;ABSORBED_EMPTY/pNone;ABSORBED_EMPTY/pNone,None;None;None,False,False
2,B>A.reqwrite~~|B>~.reqA,ABSORBED_FROZEN/pNone,PRE_FAIL,ABSORBED_EMPTY/pNone;ABSORBED_EMPTY/pNone;ABSORBED_EMPTY/pNone,None;None;None,False,False
2,B>A.reqwrite~~|B>~.reqB,ABSORBED_FROZEN/pNone,PRE_FAIL,ABSORBED_EMPTY/pNone;ABSORBED_EMPTY/pNone;ABSORBED_EMPTY/pNone,None;None;None,False,False
2,B>A.reqwrite~~|B>~.reqwriteAA,ABSORBED_FROZEN/pNone,PRE_FAIL,ABSORBED_EMPTY/pNone;ABSORBED_EMPTY/pNone;ABSORBED_EMPTY/pNone,None;None;None,False,False
2,B>A.reqwrite~~|B>~.reqwriteAB,ABSORBED_FROZEN/pNone,PRE_FAIL,ABSORBED_EMPTY/pNone;ABSORBED_EMPTY/pNone;ABSORBED_EMPTY/pNone,None;None;None,False,False
2,B>A.reqwrite~~|B>~.reqwriteA~,ABSORBED_FROZEN/pNone,PRE_FAIL,ABSORBED_EMPTY/pNone;ABSORBED_EMPTY/pNone;ABSORBED_EMPTY/pNone,None;None;None,False,False
2,B>A.reqwrite~~|B>~.reqwriteBA,ABSORBED_FROZEN/pNone,PRE_FAIL,ABSORBED_EMPTY/pNone;ABSORBED_EMPTY/pNone;ABSORBED_EMPTY/pNone,None;None;None,False,False
2,B>A.reqwrite~~|B>~.reqwriteBB,ABSORBED_FROZEN/pNone,PRE_FAIL,ABSORBED_EMPTY/pNone;ABSORBED_EMPTY/pNone;ABSORBED_EMPTY/pNone,None;None;None,False,False
2,B>A.reqwrite~~|B>~.reqwriteB~,ABSORBED_FROZEN/pNone,PRE_FAIL,ABSORBED_EMPTY/pNone;ABSORBED_EMPTY/pNone;ABSORBED_EMPTY/pNone,None;None;None,False,False
2,B>A.reqwrite~~|B>~.reqwrite~A,ABSORBED_FROZEN/pNone,PRE_FAIL,ABSORBED_EMPTY/pNone;ABSORBED_EMPTY/pNone;ABSORBED_EMPTY/pNone,None;None;None,False,False
2,B>A.reqwrite~~|B>~.reqwrite~B,ABSORBED_FROZEN/pNone,PRE_FAIL,ABSORBED_EMPTY/pNone;ABSORBED_EMPTY/pNone;ABSORBED_EMPTY/pNone,None;None;None,False,False
2,B>A.reqwrite~~|B>~.reqwrite~~,ABSORBED_FROZEN/pNone,PRE_FAIL,ABSORBED_EMPTY/pNone;ABSORBED_EMPTY/pNone;ABSORBED_EMPTY/pNone,None;None;None,False,False
2,B>A.reqwrite~~|B>~.req~,ABSORBED_FROZEN/pNone,PRE_FAIL,ABSORBED_EMPTY/pNone;ABSORBED_EMPTY/pNone;ABSORBED_EMPTY/pNone,None;None;None,False,False
2,B>A.reqwrite~~|B>~.self,ABSORBED_FROZEN/pNone,PRE_FAIL,ABSORBED_EMPTY/pNone;ABSORBED_EMPTY/pNone;ABSORBED_EMPTY/pNone,None;None;None,False,False
2,B>A.reqwrite~~|B>~.writeA,ABSORBED_FROZEN/pNone,PRE_FAIL,ABSORBED_EMPTY/pNone;ABSORBED_EMPTY/pNone;ABSORBED_EMPTY/pNone,None;None;None,False,False
2,B>A.reqwrite~~|B>~.writeB,ABSORBED_FROZEN/pNone,PRE_FAIL,ABSORBED_EMPTY/pNone;ABSORBED_EMPTY/pNone;ABSORBED_EMPTY/pNone,None;None;None,False,False
2,B>A.reqwrite~~|B>~.write~,ABSORBED_FROZEN/pNone,PRE_FAIL,ABSORBED_EMPTY/pNone;ABSORBED_EMPTY/pNone;ABSORBED_EMPTY/pNone,None;None;None,False,False
2,B>A.req~|B>A.reqwriteAA,ABSORBED_FROZEN/pNone,PRE_FAIL,ABSORBED_EMPTY/pNone;ABSORBED_EMPTY/pNone;ABSORBED_EMPTY/pNone,None;None;None,False,False
2,B>A.req~|B>A.reqwriteAB,ABSORBED_FROZEN/pNone,PRE_FAIL,ABSORBED_EMPTY/pNone;ABSORBED_EMPTY/pNone;ABSORBED_EMPTY/pNone,None;None;None,False,False
2,B>A.req~|B>A.reqwriteA~,ABSORBED_FROZEN/pNone,PRE_FAIL,ABSORBED_EMPTY/pNone;ABSORBED_EMPTY/pNone;ABSORBED_EMPTY/pNone,None;None;None,False,False
2,B>A.req~|B>A.reqwriteBA,ABSORBED_FROZEN/pNone,PRE_FAIL,ABSORBED_EMPTY/pNone;ABSORBED_EMPTY/pNone;ABSORBED_EMPTY/pNone,None;None;None,False,False
2,B>A.req~|B>A.reqwriteBB,ABSORBED_FROZEN/pNone,PRE_FAIL,ABSORBED_EMPTY/pNone;ABSORBED_EMPTY/pNone;ABSORBED_EMPTY/pNone,None;None;None,False,False
2,B>A.req~|B>A.reqwriteB~,ABSORBED_FROZEN/pNone,PRE_FAIL,ABSORBED_EMPTY/pNone;ABSORBED_EMPTY/pNone;ABSORBED_EMPTY/pNone,None;None;None,False,False
2,B>A.req~|B>A.reqwrite~A,ABSORBED_FROZEN/pNone,PRE_FAIL,ABSORBED_EMPTY/pNone;ABSORBED_EMPTY/pNone;ABSORBED_EMPTY/pNone,None;None;None,False,False
2,B>A.req~|B>A.reqwrite~B,ABSORBED_FROZEN/pNone,PRE_FAIL,ABSORBED_EMPTY/pNone;ABSORBED_EMPTY/pNone;ABSORBED_EMPTY/pNone,None;None;None,False,False
2,B>A.req~|B>A.reqwrite~~,ABSORBED_FROZEN/pNone,PRE_FAIL,ABSORBED_EMPTY/pNone;ABSORBED_EMPTY/pNone;ABSORBED_EMPTY/pNone,None;None;None,False,False
2,B>A.req~|B>A.self,ABSORBED_FROZEN/pNone,PRE_FAIL,ABSORBED_EMPTY/pNone;ABSORBED_EMPTY/pNone;ABSORBED_EMPTY/pNone,None;None;None,False,False
2,B>A.req~|B>A.writeA,ABSORBED_FROZEN/pNone,PRE_FAIL,ABSORBED_EMPTY/pNone;ABSORBED_EMPTY/pNone;ABSORBED_EMPTY/pNone,None;None;None,False,False
2,B>A.req~|B>A.writeB,ABSORBED_FROZEN/pNone,PRE_FAIL,ABSORBED_EMPTY/pNone;ABSORBED_EMPTY/pNone;ABSORBED_EMPTY/pNone,None;None;None,False,False
2,B>A.req~|B>A.write~,ABSORBED_FROZEN/pNone,PRE_FAIL,ABSORBED_EMPTY/pNone;ABSORBED_EMPTY/pNone;ABSORBED_EMPTY/pNone,None;None;None,False,False
2,B>A.req~|B>B.reqA,ABSORBED_FROZEN/pNone,PRE_FAIL,ABSORBED_EMPTY/pNone;ABSORBED_EMPTY/pNone;ABSORBED_EMPTY/pNone,None;None;None,False,False
2,B>A.req~|B>B.reqB,ABSORBED_FROZEN/pNone,PRE_FAIL,ABSORBED_EMPTY/pNone;ABSORBED_EMPTY/pNone;ABSORBED_EMPTY/pNone,None;None;None,False,False
2,B>A.req~|B>B.reqwriteAA,ABSORBED_FROZEN/pNone,PRE_FAIL,ABSORBED_EMPTY/pNone;ABSORBED_EMPTY/pNone;ABSORBED_EMPTY/pNone,None;None;None,False,False
2,B>A.req~|B>B.reqwriteAB,ABSORBED_FROZEN/pNone,PRE_FAIL,ABSORBED_EMPTY/pNone;ABSORBED_EMPTY/pNone;ABSORBED_EMPTY/pNone,None;None;None,False,False
2,B>A.req~|B>B.reqwriteA~,ABSORBED_FROZEN/pNone,PRE_FAIL,ABSORBED_EMPTY/pNone;ABSORBED_EMPTY/pNone;ABSORBED_EMPTY/pNone,None;None;None,False,False
2,B>A.req~|B>B.reqwriteBA,ABSORBED_FROZEN/pNone,PRE_FAIL,ABSORBED_EMPTY/pNone;ABSORBED_EMPTY/pNone;ABSORBED_EMPTY/pNone,None;None;None,False,False
2,B>A.req~|B>B.reqwriteBB,ABSORBED_FROZEN/pNone,PRE_FAIL,ABSORBED_EMPTY/pNone;ABSORBED_EMPTY/pNone;ABSORBED_EMPTY/pNone,None;None;None,False,False
2,B>A.req~|B>B.reqwriteB~,ABSORBED_FROZEN/pNone,PRE_FAIL,ABSORBED_EMPTY/pNone;ABSORBED_EMPTY/pNone;ABSORBED_EMPTY/pNone,None;None;None,False,False
2,B>A.req~|B>B.reqwrite~A,ABSORBED_FROZEN/pNone,PRE_FAIL,ABSORBED_EMPTY/pNone;ABSORBED_EMPTY/pNone;ABSORBED_EMPTY/pNone,None;None;None,False,False
2,B>A.req~|B>B.reqwrite~B,ABSORBED_FROZEN/pNone,PRE_FAIL,ABSORBED_EMPTY/pNone;ABSORBED_EMPTY/pNone;ABSORBED_EMPTY/pNone,None;None;None,False,False
2,B>A.req~|B>B.reqwrite~~,ABSORBED_FROZEN/pNone,PRE_FAIL,ABSORBED_EMPTY/pNone;ABSORBED_EMPTY/pNone;ABSORBED_EMPTY/pNone,None;None;None,False,False
2,B>A.req~|B>B.req~,ABSORBED_FROZEN/pNone,PRE_FAIL,ABSORBED_EMPTY/pNone;ABSORBED_EMPTY/pNone;ABSORBED_EMPTY/pNone,None;None;None,False,False
2,B>A.req~|B>B.self,ABSORBED_FROZEN/pNone,PRE_FAIL,ABSORBED_EMPTY/pNone;ABSORBED_EMPTY/pNone;ABSORBED_EMPTY/pNone,None;None;None,False,False
2,B>A.req~|B>B.writeA,ABSORBED_FROZEN/pNone,PRE_FAIL,ABSORBED_EMPTY/pNone;ABSORBED_EMPTY/pNone;ABSORBED_EMPTY/pNone,None;None;None,False,False
2,B>A.req~|B>B.writeB,ABSORBED_FROZEN/pNone,PRE_FAIL,ABSORBED_EMPTY/pNone;ABSORBED_EMPTY/pNone;ABSORBED_EMPTY/pNone,None;None;None,False,False
2,B>A.req~|B>B.write~,ABSORBED_FROZEN/pNone,PRE_FAIL,ABSORBED_EMPTY/pNone;ABSORBED_EMPTY/pNone;ABSORBED_EMPTY/pNone,None;None;None,False,False
2,B>A.req~|B>~.reqA,ABSORBED_FROZEN/pNone,PRE_FAIL,ABSORBED_EMPTY/pNone;ABSORBED_EMPTY/pNone;ABSORBED_EMPTY/pNone,None;None;None,False,False
2,B>A.req~|B>~.reqB,ABSORBED_FROZEN/pNone,PRE_FAIL,ABSORBED_EMPTY/pNone;ABSORBED_EMPTY/pNone;ABSORBED_EMPTY/pNone,None;None;None,False,False
2,B>A.req~|B>~.reqwriteAA,ABSORBED_FROZEN/pNone,PRE_FAIL,ABSORBED_EMPTY/pNone;ABSORBED_EMPTY/pNone;ABSORBED_EMPTY/pNone,None;None;None,False,False
2,B>A.req~|B>~.reqwriteAB,ABSORBED_FROZEN/pNone,PRE_FAIL,ABSORBED_EMPTY/pNone;ABSORBED_EMPTY/pNone;ABSORBED_EMPTY/pNone,None;None;None,False,False
2,B>A.req~|B>~.reqwriteA~,ABSORBED_FROZEN/pNone,PRE_FAIL,ABSORBED_EMPTY/pNone;ABSORBED_EMPTY/pNone;ABSORBED_EMPTY/pNone,None;None;None,False,False
2,B>A.req~|B>~.reqwriteBA,ABSORBED_FROZEN/pNone,PRE_FAIL,ABSORBED_EMPTY/pNone;ABSORBED_EMPTY/pNone;ABSORBED_EMPTY/pNone,None;None;None,False,False
2,B>A.req~|B>~.reqwriteBB,ABSORBED_FROZEN/pNone,PRE_FAIL,ABSORBED_EMPTY/pNone;ABSORBED_EMPTY/pNone;ABSORBED_EMPTY/pNone,None;None;None,False,False
2,B>A.req~|B>~.reqwriteB~,ABSORBED_FROZEN/pNone,PRE_FAIL,ABSORBED_EMPTY/pNone;ABSORBED_EMPTY/pNone;ABSORBED_EMPTY/pNone,None;None;None,False,False
2,B>A.req~|B>~.reqwrite~A,ABSORBED_FROZEN/pNone,PRE_FAIL,ABSORBED_EMPTY/pNone;ABSORBED_EMPTY/pNone;ABSORBED_EMPTY/pNone,None;None;None,False,False
2,B>A.req~|B>~.reqwrite~B,ABSORBED_FROZEN/pNone,PRE_FAIL,ABSORBED_EMPTY/pNone;ABSORBED_EMPTY/pNone;ABSORBED_EMPTY/pNone,None;None;None,False,False
2,B>A.req~|B>~.reqwrite~~,ABSORBED_FROZEN/pNone,PRE_FAIL,ABSORBED_EMPTY/pNone;ABSORBED_EMPTY/pNone;ABSORBED_EMPTY/pNone,None;None;None,False,False
2,B>A.req~|B>~.req~,ABSORBED_FROZEN/pNone,PRE_FAIL,ABSORBED_EMPTY/pNone;ABSORBED_EMPTY/pNone;ABSORBED_EMPTY/pNone,None;None;None,False,False
2,B>A.req~|B>~.self,ABSORBED_FROZEN/pNone,PRE_FAIL,ABSORBED_EMPTY/pNone;ABSORBED_EMPTY/pNone;ABSORBED_EMPTY/pNone,None;None;None,False,False
2,B>A.req~|B>~.writeA,ABSORBED_FROZEN/pNone,PRE_FAIL,ABSORBED_EMPTY/pNone;ABSORBED_EMPTY/pNone;ABSORBED_EMPTY/pNone,None;None;None,False,False
2,B>A.req~|B>~.writeB,ABSORBED_FROZEN/pNone,PRE_FAIL,ABSORBED_EMPTY/pNone;ABSORBED_EMPTY/pNone;ABSORBED_EMPTY/pNone,None;None;None,False,False
2,B>A.req~|B>~.write~,ABSORBED_FROZEN/pNone,PRE_FAIL,ABSORBED_EMPTY/pNone;ABSORBED_EMPTY/pNone;ABSORBED_EMPTY/pNone,None;None;None,False,False
2,B>A.self|B>A.writeA,ABSORBED_FROZEN/pNone,PRE_FAIL,ABSORBED_EMPTY/pNone;ABSORBED_EMPTY/pNone;ABSORBED_EMPTY/pNone,None;None;None,False,False
2,B>A.self|B>A.writeB,ABSORBED_FROZEN/pNone,PRE_FAIL,ABSORBED_EMPTY/pNone;ABSORBED_EMPTY/pNone;ABSORBED_EMPTY/pNone,None;None;None,False,False
2,B>A.self|B>A.write~,ABSORBED_FROZEN/pNone,PRE_FAIL,ABSORBED_EMPTY/pNone;ABSORBED_EMPTY/pNone;ABSORBED_EMPTY/pNone,None;None;None,False,False
2,B>A.self|B>B.reqA,ABSORBED_FROZEN/pNone,PRE_FAIL,ABSORBED_EMPTY/pNone;ABSORBED_EMPTY/pNone;ABSORBED_EMPTY/pNone,None;None;None,False,False
2,B>A.self|B>B.reqB,ABSORBED_FROZEN/pNone,PRE_FAIL,ABSORBED_EMPTY/pNone;ABSORBED_EMPTY/pNone;ABSORBED_EMPTY/pNone,None;None;None,False,False
2,B>A.self|B>B.reqwriteAA,ABSORBED_FROZEN/pNone,PRE_FAIL,ABSORBED_EMPTY/pNone;ABSORBED_EMPTY/pNone;ABSORBED_EMPTY/pNone,None;None;None,False,False
2,B>A.self|B>B.reqwriteAB,ABSORBED_FROZEN/pNone,PRE_FAIL,ABSORBED_EMPTY/pNone;ABSORBED_EMPTY/pNone;ABSORBED_EMPTY/pNone,None;None;None,False,False
2,B>A.self|B>B.reqwriteA~,ABSORBED_FROZEN/pNone,PRE_FAIL,ABSORBED_EMPTY/pNone;ABSORBED_EMPTY/pNone;ABSORBED_EMPTY/pNone,None;None;None,False,False
2,B>A.self|B>B.reqwriteBA,ABSORBED_FROZEN/pNone,PRE_FAIL,ABSORBED_EMPTY/pNone;ABSORBED_EMPTY/pNone;ABSORBED_EMPTY/pNone,None;None;None,False,False
2,B>A.self|B>B.reqwriteBB,ABSORBED_FROZEN/pNone,PRE_FAIL,ABSORBED_EMPTY/pNone;ABSORBED_EMPTY/pNone;ABSORBED_EMPTY/pNone,None;None;None,False,False
2,B>A.self|B>B.reqwriteB~,ABSORBED_FROZEN/pNone,PRE_FAIL,ABSORBED_EMPTY/pNone;ABSORBED_EMPTY/pNone;ABSORBED_EMPTY/pNone,None;None;None,False,False
2,B>A.self|B>B.reqwrite~A,ABSORBED_FROZEN/pNone,PRE_FAIL,ABSORBED_EMPTY/pNone;ABSORBED_EMPTY/pNone;ABSORBED_EMPTY/pNone,None;None;None,False,False
2,B>A.self|B>B.reqwrite~B,ABSORBED_FROZEN/pNone,PRE_FAIL,ABSORBED_EMPTY/pNone;ABSORBED_EMPTY/pNone;ABSORBED_EMPTY/pNone,None;None;None,False,False
2,B>A.self|B>B.reqwrite~~,ABSORBED_FROZEN/pNone,PRE_FAIL,ABSORBED_EMPTY/pNone;ABSORBED_EMPTY/pNone;ABSORBED_EMPTY/pNone,None;None;None,False,False
2,B>A.self|B>B.req~,ABSORBED_FROZEN/pNone,PRE_FAIL,ABSORBED_EMPTY/pNone;ABSORBED_EMPTY/pNone;ABSORBED_EMPTY/pNone,None;None;None,False,False
2,B>A.self|B>B.self,ABSORBED_FROZEN/pNone,PRE_FAIL,ABSORBED_EMPTY/pNone;ABSORBED_EMPTY/pNone;ABSORBED_EMPTY/pNone,None;None;None,False,False
2,B>A.self|B>B.writeA,ABSORBED_FROZEN/pNone,PRE_FAIL,ABSORBED_EMPTY/pNone;ABSORBED_EMPTY/pNone;ABSORBED_EMPTY/pNone,None;None;None,False,False
2,B>A.self|B>B.writeB,ABSORBED_FROZEN/pNone,PRE_FAIL,ABSORBED_EMPTY/pNone;ABSORBED_EMPTY/pNone;ABSORBED_EMPTY/pNone,None;None;None,False,False
2,B>A.self|B>B.write~,ABSORBED_FROZEN/pNone,PRE_FAIL,ABSORBED_EMPTY/pNone;ABSORBED_EMPTY/pNone;ABSORBED_EMPTY/pNone,None;None;None,False,False
2,B>A.self|B>~.reqA,ABSORBED_FROZEN/pNone,PRE_FAIL,ABSORBED_EMPTY/pNone;ABSORBED_EMPTY/pNone;ABSORBED_EMPTY/pNone,None;None;None,False,False
2,B>A.self|B>~.reqB,ABSORBED_FROZEN/pNone,PRE_FAIL,ABSORBED_EMPTY/pNone;ABSORBED_EMPTY/pNone;ABSORBED_EMPTY/pNone,None;None;None,False,False
2,B>A.self|B>~.reqwriteAA,ABSORBED_FROZEN/pNone,PRE_FAIL,ABSORBED_EMPTY/pNone;ABSORBED_EMPTY/pNone;ABSORBED_EMPTY/pNone,None;None;None,False,False
2,B>A.self|B>~.reqwriteAB,ABSORBED_FROZEN/pNone,PRE_FAIL,ABSORBED_EMPTY/pNone;ABSORBED_EMPTY/pNone;ABSORBED_EMPTY/pNone,None;None;None,False,False
2,B>A.self|B>~.reqwriteA~,ABSORBED_FROZEN/pNone,PRE_FAIL,ABSORBED_EMPTY/pNone;ABSORBED_EMPTY/pNone;ABSORBED_EMPTY/pNone,None;None;None,False,False
2,B>A.self|B>~.reqwriteBA,ABSORBED_FROZEN/pNone,PRE_FAIL,ABSORBED_EMPTY/pNone;ABSORBED_EMPTY/pNone;ABSORBED_EMPTY/pNone,None;None;None,False,False
2,B>A.self|B>~.reqwriteBB,ABSORBED_FROZEN/pNone,PRE_FAIL,ABSORBED_EMPTY/pNone;ABSORBED_EMPTY/pNone;ABSORBED_EMPTY/pNone,None;None;None,False,False
2,B>A.self|B>~.reqwriteB~,ABSORBED_FROZEN/pNone,PRE_FAIL,ABSORBED_EMPTY/pNone;ABSORBED_EMPTY/pNone;ABSORBED_EMPTY/pNone,None;None;None,False,False
2,B>A.self|B>~.reqwrite~A,ABSORBED_FROZEN/pNone,PRE_FAIL,ABSORBED_EMPTY/pNone;ABSORBED_EMPTY/pNone;ABSORBED_EMPTY/pNone,None;None;None,False,False
2,B>A.self|B>~.reqwrite~B,ABSORBED_FROZEN/pNone,PRE_FAIL,ABSORBED_EMPTY/pNone;ABSORBED_EMPTY/pNone;ABSORBED_EMPTY/pNone,None;None;None,False,False
2,B>A.self|B>~.reqwrite~~,ABSORBED_FROZEN/pNone,PRE_FAIL,ABSORBED_EMPTY/pNone;ABSORBED_EMPTY/pNone;ABSORBED_EMPTY/pNone,None;None;None,False,False
2,B>A.self|B>~.req~,ABSORBED_FROZEN/pNone,PRE_FAIL,ABSORBED_EMPTY/pNone;ABSORBED_EMPTY/pNone;ABSORBED_EMPTY/pNone,None;None;None,False,False
2,B>A.self|B>~.self,ABSORBED_FROZEN/pNone,PRE_FAIL,ABSORBED_EMPTY/pNone;ABSORBED_EMPTY/pNone;ABSORBED_EMPTY/pNone,None;None;None,False,False
2,B>A.self|B>~.writeA,ABSORBED_FROZEN/pNone,PRE_FAIL,ABSORBED_EMPTY/pNone;ABSORBED_EMPTY/pNone;ABSORBED_EMPTY/pNone,None;None;None,False,False
2,B>A.self|B>~.writeB,ABSORBED_FROZEN/pNone,PRE_FAIL,ABSORBED_EMPTY/pNone;ABSORBED_EMPTY/pNone;ABSORBED_EMPTY/pNone,None;None;None,False,False
2,B>A.self|B>~.write~,ABSORBED_FROZEN/pNone,PRE_FAIL,ABSORBED_EMPTY/pNone;ABSORBED_EMPTY/pNone;ABSORBED_EMPTY/pNone,None;None;None,False,False
2,B>A.writeA|B>A.writeB,ABSORBED_FROZEN/pNone,PRE_FAIL,ABSORBED_EMPTY/pNone;ABSORBED_EMPTY/pNone;ABSORBED_EMPTY/pNone,None;None;None,False,False
2,B>A.writeA|B>A.write~,ABSORBED_FROZEN/pNone,PRE_FAIL,ABSORBED_EMPTY/pNone;ABSORBED_EMPTY/pNone;ABSORBED_EMPTY/pNone,None;None;None,False,False
2,B>A.writeA|B>B.reqA,ABSORBED_FROZEN/pNone,PRE_FAIL,ABSORBED_EMPTY/pNone;ABSORBED_EMPTY/pNone;ABSORBED_EMPTY/pNone,None;None;None,False,False
2,B>A.writeA|B>B.reqB,ABSORBED_FROZEN/pNone,PRE_FAIL,ABSORBED_EMPTY/pNone;ABSORBED_EMPTY/pNone;ABSORBED_EMPTY/pNone,None;None;None,False,False
2,B>A.writeA|B>B.reqwriteAA,ABSORBED_FROZEN/pNone,PRE_FAIL,ABSORBED_EMPTY/pNone;ABSORBED_EMPTY/pNone;ABSORBED_EMPTY/pNone,None;None;None,False,False
2,B>A.writeA|B>B.reqwriteAB,ABSORBED_FROZEN/pNone,PRE_FAIL,ABSORBED_EMPTY/pNone;ABSORBED_EMPTY/pNone;ABSORBED_EMPTY/pNone,None;None;None,False,False
2,B>A.writeA|B>B.reqwriteA~,ABSORBED_FROZEN/pNone,PRE_FAIL,ABSORBED_EMPTY/pNone;ABSORBED_EMPTY/pNone;ABSORBED_EMPTY/pNone,None;None;None,False,False
2,B>A.writeA|B>B.reqwriteBA,ABSORBED_FROZEN/pNone,PRE_FAIL,ABSORBED_EMPTY/pNone;ABSORBED_EMPTY/pNone;ABSORBED_EMPTY/pNone,None;None;None,False,False
2,B>A.writeA|B>B.reqwriteBB,ABSORBED_FROZEN/pNone,PRE_FAIL,ABSORBED_EMPTY/pNone;ABSORBED_EMPTY/pNone;ABSORBED_EMPTY/pNone,None;None;None,False,False
2,B>A.writeA|B>B.reqwriteB~,ABSORBED_FROZEN/pNone,PRE_FAIL,ABSORBED_EMPTY/pNone;ABSORBED_EMPTY/pNone;ABSORBED_EMPTY/pNone,None;None;None,False,False
2,B>A.writeA|B>B.reqwrite~A,ABSORBED_FROZEN/pNone,PRE_FAIL,ABSORBED_EMPTY/pNone;ABSORBED_EMPTY/pNone;ABSORBED_EMPTY/pNone,None;None;None,False,False
2,B>A.writeA|B>B.reqwrite~B,ABSORBED_FROZEN/pNone,PRE_FAIL,ABSORBED_EMPTY/pNone;ABSORBED_EMPTY/pNone;ABSORBED_EMPTY/pNone,None;None;None,False,False
2,B>A.writeA|B>B.reqwrite~~,ABSORBED_FROZEN/pNone,PRE_FAIL,ABSORBED_EMPTY/pNone;ABSORBED_EMPTY/pNone;ABSORBED_EMPTY/pNone,None;None;None,False,False
2,B>A.writeA|B>B.req~,ABSORBED_FROZEN/pNone,PRE_FAIL,ABSORBED_EMPTY/pNone;ABSORBED_EMPTY/pNone;ABSORBED_EMPTY/pNone,None;None;None,False,False
2,B>A.writeA|B>B.self,ABSORBED_FROZEN/pNone,PRE_FAIL,ABSORBED_EMPTY/pNone;ABSORBED_EMPTY/pNone;ABSORBED_EMPTY/pNone,None;None;None,False,False
2,B>A.writeA|B>B.writeA,ABSORBED_FROZEN/pNone,PRE_FAIL,ABSORBED_EMPTY/pNone;ABSORBED_EMPTY/pNone;ABSORBED_EMPTY/pNone,None;None;None,False,False
2,B>A.writeA|B>B.writeB,ABSORBED_FROZEN/pNone,PRE_FAIL,ABSORBED_EMPTY/pNone;ABSORBED_EMPTY/pNone;ABSORBED_EMPTY/pNone,None;None;None,False,False
2,B>A.writeA|B>B.write~,ABSORBED_FROZEN/pNone,PRE_FAIL,ABSORBED_EMPTY/pNone;ABSORBED_EMPTY/pNone;ABSORBED_EMPTY/pNone,None;None;None,False,False
2,B>A.writeA|B>~.reqA,ABSORBED_FROZEN/pNone,PRE_FAIL,ABSORBED_EMPTY/pNone;ABSORBED_EMPTY/pNone;ABSORBED_EMPTY/pNone,None;None;None,False,False
2,B>A.writeA|B>~.reqB,ABSORBED_FROZEN/pNone,PRE_FAIL,ABSORBED_EMPTY/pNone;ABSORBED_EMPTY/pNone;ABSORBED_EMPTY/pNone,None;None;None,False,False
2,B>A.writeA|B>~.reqwriteAA,ABSORBED_FROZEN/pNone,PRE_FAIL,ABSORBED_EMPTY/pNone;ABSORBED_EMPTY/pNone;ABSORBED_EMPTY/pNone,None;None;None,False,False
2,B>A.writeA|B>~.reqwriteAB,ABSORBED_FROZEN/pNone,PRE_FAIL,ABSORBED_EMPTY/pNone;ABSORBED_EMPTY/pNone;ABSORBED_EMPTY/pNone,None;None;None,False,False
2,B>A.writeA|B>~.reqwriteA~,ABSORBED_FROZEN/pNone,PRE_FAIL,ABSORBED_EMPTY/pNone;ABSORBED_EMPTY/pNone;ABSORBED_EMPTY/pNone,None;None;None,False,False
2,B>A.writeA|B>~.reqwriteBA,ABSORBED_FROZEN/pNone,PRE_FAIL,ABSORBED_EMPTY/pNone;ABSORBED_EMPTY/pNone;ABSORBED_EMPTY/pNone,None;None;None,False,False
2,B>A.writeA|B>~.reqwriteBB,ABSORBED_FROZEN/pNone,PRE_FAIL,ABSORBED_EMPTY/pNone;ABSORBED_EMPTY/pNone;ABSORBED_EMPTY/pNone,None;None;None,False,False
2,B>A.writeA|B>~.reqwriteB~,ABSORBED_FROZEN/pNone,PRE_FAIL,ABSORBED_EMPTY/pNone;ABSORBED_EMPTY/pNone;ABSORBED_EMPTY/pNone,None;None;None,False,False
2,B>A.writeA|B>~.reqwrite~A,ABSORBED_FROZEN/pNone,PRE_FAIL,ABSORBED_EMPTY/pNone;ABSORBED_EMPTY/pNone;ABSORBED_EMPTY/pNone,None;None;None,False,False
2,B>A.writeA|B>~.reqwrite~B,ABSORBED_FROZEN/pNone,PRE_FAIL,ABSORBED_EMPTY/pNone;ABSORBED_EMPTY/pNone;ABSORBED_EMPTY/pNone,None;None;None,False,False
2,B>A.writeA|B>~.reqwrite~~,ABSORBED_FROZEN/pNone,PRE_FAIL,ABSORBED_EMPTY/pNone;ABSORBED_EMPTY/pNone;ABSORBED_EMPTY/pNone,None;None;None,False,False
2,B>A.writeA|B>~.req~,ABSORBED_FROZEN/pNone,PRE_FAIL,ABSORBED_EMPTY/pNone;ABSORBED_EMPTY/pNone;ABSORBED_EMPTY/pNone,None;None;None,False,False
2,B>A.writeA|B>~.self,ABSORBED_FROZEN/pNone,PRE_FAIL,ABSORBED_EMPTY/pNone;ABSORBED_EMPTY/pNone;ABSORBED_EMPTY/pNone,None;None;None,False,False
2,B>A.writeA|B>~.writeA,ABSORBED_FROZEN/pNone,PRE_FAIL,ABSORBED_EMPTY/pNone;ABSORBED_EMPTY/pNone;ABSORBED_EMPTY/pNone,None;None;None,False,False
2,B>A.writeA|B>~.writeB,ABSORBED_FROZEN/pNone,PRE_FAIL,ABSORBED_EMPTY/pNone;ABSORBED_EMPTY/pNone;ABSORBED_EMPTY/pNone,None;None;None,False,False
2,B>A.writeA|B>~.write~,ABSORBED_FROZEN/pNone,PRE_FAIL,ABSORBED_EMPTY/pNone;ABSORBED_EMPTY/pNone;ABSORBED_EMPTY/pNone,None;None;None,False,False
2,B>A.writeB|B>A.write~,ABSORBED_FROZEN/pNone,PRE_FAIL,ABSORBED_EMPTY/pNone;ABSORBED_EMPTY/pNone;ABSORBED_EMPTY/pNone,None;None;None,False,False
2,B>A.writeB|B>B.reqA,ABSORBED_FROZEN/pNone,PRE_FAIL,ABSORBED_EMPTY/pNone;ABSORBED_EMPTY/pNone;ABSORBED_EMPTY/pNone,None;None;None,False,False
2,B>A.writeB|B>B.reqB,ABSORBED_FROZEN/pNone,PRE_FAIL,ABSORBED_EMPTY/pNone;ABSORBED_EMPTY/pNone;ABSORBED_EMPTY/pNone,None;None;None,False,False
2,B>A.writeB|B>B.reqwriteAA,ABSORBED_FROZEN/pNone,PRE_FAIL,ABSORBED_EMPTY/pNone;ABSORBED_EMPTY/pNone;ABSORBED_EMPTY/pNone,None;None;None,False,False
2,B>A.writeB|B>B.reqwriteAB,ABSORBED_FROZEN/pNone,PRE_FAIL,ABSORBED_EMPTY/pNone;ABSORBED_EMPTY/pNone;ABSORBED_EMPTY/pNone,None;None;None,False,False
2,B>A.writeB|B>B.reqwriteA~,ABSORBED_FROZEN/pNone,PRE_FAIL,ABSORBED_EMPTY/pNone;ABSORBED_EMPTY/pNone;ABSORBED_EMPTY/pNone,None;None;None,False,False
2,B>A.writeB|B>B.reqwriteBA,ABSORBED_FROZEN/pNone,PRE_FAIL,ABSORBED_EMPTY/pNone;ABSORBED_EMPTY/pNone;ABSORBED_EMPTY/pNone,None;None;None,False,False
2,B>A.writeB|B>B.reqwriteBB,ABSORBED_FROZEN/pNone,PRE_FAIL,ABSORBED_EMPTY/pNone;ABSORBED_EMPTY/pNone;ABSORBED_EMPTY/pNone,None;None;None,False,False
2,B>A.writeB|B>B.reqwriteB~,ABSORBED_FROZEN/pNone,PRE_FAIL,ABSORBED_EMPTY/pNone;ABSORBED_EMPTY/pNone;ABSORBED_EMPTY/pNone,None;None;None,False,False
2,B>A.writeB|B>B.reqwrite~A,ABSORBED_FROZEN/pNone,PRE_FAIL,ABSORBED_EMPTY/pNone;ABSORBED_EMPTY/pNone;ABSORBED_EMPTY/pNone,None;None;None,False,False
2,B>A.writeB|B>B.reqwrite~B,ABSORBED_FROZEN/pNone,PRE_FAIL,ABSORBED_EMPTY/pNone;ABSORBED_EMPTY/pNone;ABSORBED_EMPTY/pNone,None;None;None,False,False
2,B>A.writeB|B>B.reqwrite~~,ABSORBED_FROZEN/pNone,PRE_FAIL,ABSORBED_EMPTY/pNone;ABSORBED_EMPTY/pNone;ABSORBED_EMPTY/pNone,None;None;None,False,False
2,B>A.writeB|B>B.req~,ABSORBED_FROZEN/pNone,PRE_FAIL,ABSORBED_EMPTY/pNone;ABSORBED_EMPTY/pNone;ABSORBED_EMPTY/pNone,None;None;None,False,False
2,B>A.writeB|B>B.self,ABSORBED_FROZEN/pNone,PRE_FAIL,ABSORBED_EMPTY/pNone;ABSORBED_EMPTY/pNone;ABSORBED_EMPTY/pNone,None;None;None,False,False
2,B>A.writeB|B>B.writeA,ABSORBED_FROZEN/pNone,PRE_FAIL,ABSORBED_EMPTY/pNone;ABSORBED_EMPTY/pNone;ABSORBED_EMPTY/pNone,None;None;None,False,False
2,B>A.writeB|B>B.writeB,ABSORBED_FROZEN/pNone,PRE_FAIL,ABSORBED_EMPTY/pNone;ABSORBED_EMPTY/pNone;ABSORBED_EMPTY/pNone,None;None;None,False,False
2,B>A.writeB|B>B.write~,ABSORBED_FROZEN/pNone,PRE_FAIL,ABSORBED_EMPTY/pNone;ABSORBED_EMPTY/pNone;ABSORBED_EMPTY/pNone,None;None;None,False,False
2,B>A.writeB|B>~.reqA,ABSORBED_FROZEN/pNone,PRE_FAIL,ABSORBED_EMPTY/pNone;ABSORBED_EMPTY/pNone;ABSORBED_EMPTY/pNone,None;None;None,False,False
2,B>A.writeB|B>~.reqB,ABSORBED_FROZEN/pNone,PRE_FAIL,ABSORBED_EMPTY/pNone;ABSORBED_EMPTY/pNone;ABSORBED_EMPTY/pNone,None;None;None,False,False
2,B>A.writeB|B>~.reqwriteAA,ABSORBED_FROZEN/pNone,PRE_FAIL,ABSORBED_EMPTY/pNone;ABSORBED_EMPTY/pNone;ABSORBED_EMPTY/pNone,None;None;None,False,False
2,B>A.writeB|B>~.reqwriteAB,ABSORBED_FROZEN/pNone,PRE_FAIL,ABSORBED_EMPTY/pNone;ABSORBED_EMPTY/pNone;ABSORBED_EMPTY/pNone,None;None;None,False,False
2,B>A.writeB|B>~.reqwriteA~,ABSORBED_FROZEN/pNone,PRE_FAIL,ABSORBED_EMPTY/pNone;ABSORBED_EMPTY/pNone;ABSORBED_EMPTY/pNone,None;None;None,False,False
2,B>A.writeB|B>~.reqwriteBA,ABSORBED_FROZEN/pNone,PRE_FAIL,ABSORBED_EMPTY/pNone;ABSORBED_EMPTY/pNone;ABSORBED_EMPTY/pNone,None;None;None,False,False
2,B>A.writeB|B>~.reqwriteBB,ABSORBED_FROZEN/pNone,PRE_FAIL,ABSORBED_EMPTY/pNone;ABSORBED_EMPTY/pNone;ABSORBED_EMPTY/pNone,None;None;None,False,False
2,B>A.writeB|B>~.reqwriteB~,ABSORBED_FROZEN/pNone,PRE_FAIL,ABSORBED_EMPTY/pNone;ABSORBED_EMPTY/pNone;ABSORBED_EMPTY/pNone,None;None;None,False,False
2,B>A.writeB|B>~.reqwrite~A,ABSORBED_FROZEN/pNone,PRE_FAIL,ABSORBED_EMPTY/pNone;ABSORBED_EMPTY/pNone;ABSORBED_EMPTY/pNone,None;None;None,False,False
2,B>A.writeB|B>~.reqwrite~B,ABSORBED_FROZEN/pNone,PRE_FAIL,ABSORBED_EMPTY/pNone;ABSORBED_EMPTY/pNone;ABSORBED_EMPTY/pNone,None;None;None,False,False
2,B>A.writeB|B>~.reqwrite~~,ABSORBED_FROZEN/pNone,PRE_FAIL,ABSORBED_EMPTY/pNone;ABSORBED_EMPTY/pNone;ABSORBED_EMPTY/pNone,None;None;None,False,False
2,B>A.writeB|B>~.req~,ABSORBED_FROZEN/pNone,PRE_FAIL,ABSORBED_EMPTY/pNone;ABSORBED_EMPTY/pNone;ABSORBED_EMPTY/pNone,None;None;None,False,False
2,B>A.writeB|B>~.self,ABSORBED_FROZEN/pNone,PRE_FAIL,ABSORBED_EMPTY/pNone;ABSORBED_EMPTY/pNone;ABSORBED_EMPTY/pNone,None;None;None,False,False
2,B>A.writeB|B>~.writeA,ABSORBED_FROZEN/pNone,PRE_FAIL,ABSORBED_EMPTY/pNone;ABSORBED_EMPTY/pNone;ABSORBED_EMPTY/pNone,None;None;None,False,False
2,B>A.writeB|B>~.writeB,ABSORBED_FROZEN/pNone,PRE_FAIL,ABSORBED_EMPTY/pNone;ABSORBED_EMPTY/pNone;ABSORBED_EMPTY/pNone,None;None;None,False,False
2,B>A.writeB|B>~.write~,ABSORBED_FROZEN/pNone,PRE_FAIL,ABSORBED_EMPTY/pNone;ABSORBED_EMPTY/pNone;ABSORBED_EMPTY/pNone,None;None;None,False,False
2,B>A.write~|B>B.reqA,ABSORBED_FROZEN/pNone,PRE_FAIL,ABSORBED_EMPTY/pNone;ABSORBED_EMPTY/pNone;ABSORBED_EMPTY/pNone,None;None;None,False,False
2,B>A.write~|B>B.reqB,ABSORBED_FROZEN/pNone,PRE_FAIL,ABSORBED_EMPTY/pNone;ABSORBED_EMPTY/pNone;ABSORBED_EMPTY/pNone,None;None;None,False,False
2,B>A.write~|B>B.reqwriteAA,ABSORBED_FROZEN/pNone,PRE_FAIL,ABSORBED_EMPTY/pNone;ABSORBED_EMPTY/pNone;ABSORBED_EMPTY/pNone,None;None;None,False,False
2,B>A.write~|B>B.reqwriteAB,ABSORBED_FROZEN/pNone,PRE_FAIL,ABSORBED_EMPTY/pNone;ABSORBED_EMPTY/pNone;ABSORBED_EMPTY/pNone,None;None;None,False,False
2,B>A.write~|B>B.reqwriteA~,ABSORBED_FROZEN/pNone,PRE_FAIL,ABSORBED_EMPTY/pNone;ABSORBED_EMPTY/pNone;ABSORBED_EMPTY/pNone,None;None;None,False,False
2,B>A.write~|B>B.reqwriteBA,ABSORBED_FROZEN/pNone,PRE_FAIL,ABSORBED_EMPTY/pNone;ABSORBED_EMPTY/pNone;ABSORBED_EMPTY/pNone,None;None;None,False,False
2,B>A.write~|B>B.reqwriteBB,ABSORBED_FROZEN/pNone,PRE_FAIL,ABSORBED_EMPTY/pNone;ABSORBED_EMPTY/pNone;ABSORBED_EMPTY/pNone,None;None;None,False,False
2,B>A.write~|B>B.reqwriteB~,ABSORBED_FROZEN/pNone,PRE_FAIL,ABSORBED_EMPTY/pNone;ABSORBED_EMPTY/pNone;ABSORBED_EMPTY/pNone,None;None;None,False,False
2,B>A.write~|B>B.reqwrite~A,ABSORBED_FROZEN/pNone,PRE_FAIL,ABSORBED_EMPTY/pNone;ABSORBED_EMPTY/pNone;ABSORBED_EMPTY/pNone,None;None;None,False,False
2,B>A.write~|B>B.reqwrite~B,ABSORBED_FROZEN/pNone,PRE_FAIL,ABSORBED_EMPTY/pNone;ABSORBED_EMPTY/pNone;ABSORBED_EMPTY/pNone,None;None;None,False,False
2,B>A.write~|B>B.reqwrite~~,ABSORBED_FROZEN/pNone,PRE_FAIL,ABSORBED_EMPTY/pNone;ABSORBED_EMPTY/pNone;ABSORBED_EMPTY/pNone,None;None;None,False,False
2,B>A.write~|B>B.req~,ABSORBED_FROZEN/pNone,PRE_FAIL,ABSORBED_EMPTY/pNone;ABSORBED_EMPTY/pNone;ABSORBED_EMPTY/pNone,None;None;None,False,False
2,B>A.write~|B>B.self,ABSORBED_FROZEN/pNone,PRE_FAIL,ABSORBED_EMPTY/pNone;ABSORBED_EMPTY/pNone;ABSORBED_EMPTY/pNone,None;None;None,False,False
2,B>A.write~|B>B.writeA,ABSORBED_FROZEN/pNone,PRE_FAIL,ABSORBED_EMPTY/pNone;ABSORBED_EMPTY/pNone;ABSORBED_EMPTY/pNone,None;None;None,False,False
2,B>A.write~|B>B.writeB,ABSORBED_FROZEN/pNone,PRE_FAIL,ABSORBED_EMPTY/pNone;ABSORBED_EMPTY/pNone;ABSORBED_EMPTY/pNone,None;None;None,False,False
2,B>A.write~|B>B.write~,ABSORBED_FROZEN/pNone,PRE_FAIL,ABSORBED_EMPTY/pNone;ABSORBED_EMPTY/pNone;ABSORBED_EMPTY/pNone,None;None;None,False,False
2,B>A.write~|B>~.reqA,ABSORBED_FROZEN/pNone,PRE_FAIL,ABSORBED_EMPTY/pNone;ABSORBED_EMPTY/pNone;ABSORBED_EMPTY/pNone,None;None;None,False,False
2,B>A.write~|B>~.reqB,ABSORBED_FROZEN/pNone,PRE_FAIL,ABSORBED_EMPTY/pNone;ABSORBED_EMPTY/pNone;ABSORBED_EMPTY/pNone,None;None;None,False,False
2,B>A.write~|B>~.reqwriteAA,ABSORBED_FROZEN/pNone,PRE_FAIL,ABSORBED_EMPTY/pNone;ABSORBED_EMPTY/pNone;ABSORBED_EMPTY/pNone,None;None;None,False,False
2,B>A.write~|B>~.reqwriteAB,ABSORBED_FROZEN/pNone,PRE_FAIL,ABSORBED_EMPTY/pNone;ABSORBED_EMPTY/pNone;ABSORBED_EMPTY/pNone,None;None;None,False,False
2,B>A.write~|B>~.reqwriteA~,ABSORBED_FROZEN/pNone,PRE_FAIL,ABSORBED_EMPTY/pNone;ABSORBED_EMPTY/pNone;ABSORBED_EMPTY/pNone,None;None;None,False,False
2,B>A.write~|B>~.reqwriteBA,ABSORBED_FROZEN/pNone,PRE_FAIL,ABSORBED_EMPTY/pNone;ABSORBED_EMPTY/pNone;ABSORBED_EMPTY/pNone,None;None;None,False,False
2,B>A.write~|B>~.reqwriteBB,ABSORBED_FROZEN/pNone,PRE_FAIL,ABSORBED_EMPTY/pNone;ABSORBED_EMPTY/pNone;ABSORBED_EMPTY/pNone,None;None;None,False,False
2,B>A.write~|B>~.reqwriteB~,ABSORBED_FROZEN/pNone,PRE_FAIL,ABSORBED_EMPTY/pNone;ABSORBED_EMPTY/pNone;ABSORBED_EMPTY/pNone,None;None;None,False,False
2,B>A.write~|B>~.reqwrite~A,ABSORBED_FROZEN/pNone,PRE_FAIL,ABSORBED_EMPTY/pNone;ABSORBED_EMPTY/pNone;ABSORBED_EMPTY/pNone,None;None;None,False,False
2,B>A.write~|B>~.reqwrite~B,ABSORBED_FROZEN/pNone,PRE_FAIL,ABSORBED_EMPTY/pNone;ABSORBED_EMPTY/pNone;ABSORBED_EMPTY/pNone,None;None;None,False,False
2,B>A.write~|B>~.reqwrite~~,ABSORBED_FROZEN/pNone,PRE_FAIL,ABSORBED_EMPTY/pNone;ABSORBED_EMPTY/pNone;ABSORBED_EMPTY/pNone,None;None;None,False,False
2,B>A.write~|B>~.req~,ABSORBED_FROZEN/pNone,PRE_FAIL,ABSORBED_EMPTY/pNone;ABSORBED_EMPTY/pNone;ABSORBED_EMPTY/pNone,None;None;None,False,False
2,B>A.write~|B>~.self,ABSORBED_FROZEN/pNone,PRE_FAIL,ABSORBED_EMPTY/pNone;ABSORBED_EMPTY/pNone;ABSORBED_EMPTY/pNone,None;None;None,False,False
2,B>A.write~|B>~.writeA,ABSORBED_FROZEN/pNone,PRE_FAIL,ABSORBED_EMPTY/pNone;ABSORBED_EMPTY/pNone;ABSORBED_EMPTY/pNone,None;None;None,False,False
2,B>A.write~|B>~.writeB,ABSORBED_FROZEN/pNone,PRE_FAIL,ABSORBED_EMPTY/pNone;ABSORBED_EMPTY/pNone;ABSORBED_EMPTY/pNone,None;None;None,False,False
2,B>A.write~|B>~.write~,ABSORBED_FROZEN/pNone,PRE_FAIL,ABSORBED_EMPTY/pNone;ABSORBED_EMPTY/pNone;ABSORBED_EMPTY/pNone,None;None;None,False,False
2,B>B.reqA|B>B.reqB,ABSORBED_FROZEN/pNone,PRE_FAIL,ABSORBED_EMPTY/pNone;ABSORBED_EMPTY/pNone;ABSORBED_EMPTY/pNone,None;None;None,False,False
2,B>B.reqA|B>B.reqwriteAA,ABSORBED_FROZEN/pNone,PRE_FAIL,ABSORBED_EMPTY/pNone;ABSORBED_EMPTY/pNone;ABSORBED_EMPTY/pNone,None;None;None,False,False
2,B>B.reqA|B>B.reqwriteAB,ABSORBED_FROZEN/pNone,PRE_FAIL,ABSORBED_EMPTY/pNone;ABSORBED_EMPTY/pNone;ABSORBED_EMPTY/pNone,None;None;None,False,False
2,B>B.reqA|B>B.reqwriteA~,ABSORBED_FROZEN/pNone,PRE_FAIL,ABSORBED_EMPTY/pNone;ABSORBED_EMPTY/pNone;ABSORBED_EMPTY/pNone,None;None;None,False,False
2,B>B.reqA|B>B.reqwriteBA,ABSORBED_FROZEN/pNone,PRE_FAIL,ABSORBED_EMPTY/pNone;ABSORBED_EMPTY/pNone;ABSORBED_EMPTY/pNone,None;None;None,False,False
2,B>B.reqA|B>B.reqwriteBB,ABSORBED_FROZEN/pNone,PRE_FAIL,ABSORBED_EMPTY/pNone;ABSORBED_EMPTY/pNone;ABSORBED_EMPTY/pNone,None;None;None,False,False
2,B>B.reqA|B>B.reqwriteB~,ABSORBED_FROZEN/pNone,PRE_FAIL,ABSORBED_EMPTY/pNone;ABSORBED_EMPTY/pNone;ABSORBED_EMPTY/pNone,None;None;None,False,False
2,B>B.reqA|B>B.reqwrite~A,ABSORBED_FROZEN/pNone,PRE_FAIL,ABSORBED_EMPTY/pNone;ABSORBED_EMPTY/pNone;ABSORBED_EMPTY/pNone,None;None;None,False,False
2,B>B.reqA|B>B.reqwrite~B,ABSORBED_FROZEN/pNone,PRE_FAIL,ABSORBED_EMPTY/pNone;ABSORBED_EMPTY/pNone;ABSORBED_EMPTY/pNone,None;None;None,False,False
2,B>B.reqA|B>B.reqwrite~~,ABSORBED_FROZEN/pNone,PRE_FAIL,ABSORBED_EMPTY/pNone;ABSORBED_EMPTY/pNone;ABSORBED_EMPTY/pNone,None;None;None,False,False
2,B>B.reqA|B>B.req~,ABSORBED_FROZEN/pNone,PRE_FAIL,ABSORBED_EMPTY/pNone;ABSORBED_EMPTY/pNone;ABSORBED_EMPTY/pNone,None;None;None,False,False
2,B>B.reqA|B>B.self,ABSORBED_FROZEN/pNone,PRE_FAIL,ABSORBED_EMPTY/pNone;ABSORBED_EMPTY/pNone;ABSORBED_EMPTY/pNone,None;None;None,False,False
2,B>B.reqA|B>B.writeA,ABSORBED_FROZEN/pNone,PRE_FAIL,ABSORBED_EMPTY/pNone;ABSORBED_EMPTY/pNone;ABSORBED_EMPTY/pNone,None;None;None,False,False
2,B>B.reqA|B>B.writeB,ABSORBED_FROZEN/pNone,PRE_FAIL,ABSORBED_EMPTY/pNone;ABSORBED_EMPTY/pNone;ABSORBED_EMPTY/pNone,None;None;None,False,False
2,B>B.reqA|B>B.write~,ABSORBED_FROZEN/pNone,PRE_FAIL,ABSORBED_EMPTY/pNone;ABSORBED_EMPTY/pNone;ABSORBED_EMPTY/pNone,None;None;None,False,False
2,B>B.reqA|B>~.reqA,ABSORBED_FROZEN/pNone,PRE_FAIL,ABSORBED_EMPTY/pNone;ABSORBED_EMPTY/pNone;ABSORBED_EMPTY/pNone,None;None;None,False,False
2,B>B.reqA|B>~.reqB,ABSORBED_FROZEN/pNone,PRE_FAIL,ABSORBED_EMPTY/pNone;ABSORBED_EMPTY/pNone;ABSORBED_EMPTY/pNone,None;None;None,False,False
2,B>B.reqA|B>~.reqwriteAA,ABSORBED_FROZEN/pNone,PRE_FAIL,ABSORBED_EMPTY/pNone;ABSORBED_EMPTY/pNone;ABSORBED_EMPTY/pNone,None;None;None,False,False
2,B>B.reqA|B>~.reqwriteAB,ABSORBED_FROZEN/pNone,PRE_FAIL,ABSORBED_EMPTY/pNone;ABSORBED_EMPTY/pNone;ABSORBED_EMPTY/pNone,None;None;None,False,False
2,B>B.reqA|B>~.reqwriteA~,ABSORBED_FROZEN/pNone,PRE_FAIL,ABSORBED_EMPTY/pNone;ABSORBED_EMPTY/pNone;ABSORBED_EMPTY/pNone,None;None;None,False,False
2,B>B.reqA|B>~.reqwriteBA,ABSORBED_FROZEN/pNone,PRE_FAIL,ABSORBED_EMPTY/pNone;ABSORBED_EMPTY/pNone;ABSORBED_EMPTY/pNone,None;None;None,False,False
2,B>B.reqA|B>~.reqwriteBB,ABSORBED_FROZEN/pNone,PRE_FAIL,ABSORBED_EMPTY/pNone;ABSORBED_EMPTY/pNone;ABSORBED_EMPTY/pNone,None;None;None,False,False
2,B>B.reqA|B>~.reqwriteB~,ABSORBED_FROZEN/pNone,PRE_FAIL,ABSORBED_EMPTY/pNone;ABSORBED_EMPTY/pNone;ABSORBED_EMPTY/pNone,None;None;None,False,False
2,B>B.reqA|B>~.reqwrite~A,ABSORBED_FROZEN/pNone,PRE_FAIL,ABSORBED_EMPTY/pNone;ABSORBED_EMPTY/pNone;ABSORBED_EMPTY/pNone,None;None;None,False,False
2,B>B.reqA|B>~.reqwrite~B,ABSORBED_FROZEN/pNone,PRE_FAIL,ABSORBED_EMPTY/pNone;ABSORBED_EMPTY/pNone;ABSORBED_EMPTY/pNone,None;None;None,False,False
2,B>B.reqA|B>~.reqwrite~~,ABSORBED_FROZEN/pNone,PRE_FAIL,ABSORBED_EMPTY/pNone;ABSORBED_EMPTY/pNone;ABSORBED_EMPTY/pNone,None;None;None,False,False
2,B>B.reqA|B>~.req~,ABSORBED_FROZEN/pNone,PRE_FAIL,ABSORBED_EMPTY/pNone;ABSORBED_EMPTY/pNone;ABSORBED_EMPTY/pNone,None;None;None,False,False
2,B>B.reqA|B>~.self,ABSORBED_FROZEN/pNone,PRE_FAIL,ABSORBED_EMPTY/pNone;ABSORBED_EMPTY/pNone;ABSORBED_EMPTY/pNone,None;None;None,False,False
2,B>B.reqA|B>~.writeA,ABSORBED_FROZEN/pNone,PRE_FAIL,ABSORBED_EMPTY/pNone;ABSORBED_EMPTY/pNone;ABSORBED_EMPTY/pNone,None;None;None,False,False
2,B>B.reqA|B>~.writeB,ABSORBED_FROZEN/pNone,PRE_FAIL,ABSORBED_EMPTY/pNone;ABSORBED_EMPTY/pNone;ABSORBED_EMPTY/pNone,None;None;None,False,False
2,B>B.reqA|B>~.write~,ABSORBED_FROZEN/pNone,PRE_FAIL,ABSORBED_EMPTY/pNone;ABSORBED_EMPTY/pNone;ABSORBED_EMPTY/pNone,None;None;None,False,False
2,B>B.reqB|B>B.reqwriteAA,ABSORBED_FROZEN/pNone,PRE_FAIL,ABSORBED_EMPTY/pNone;ABSORBED_EMPTY/pNone;ABSORBED_EMPTY/pNone,None;None;None,False,False
2,B>B.reqB|B>B.reqwriteAB,ABSORBED_FROZEN/pNone,PRE_FAIL,ABSORBED_EMPTY/pNone;ABSORBED_EMPTY/pNone;ABSORBED_EMPTY/pNone,None;None;None,False,False
2,B>B.reqB|B>B.reqwriteA~,ABSORBED_FROZEN/pNone,PRE_FAIL,ABSORBED_EMPTY/pNone;ABSORBED_EMPTY/pNone;ABSORBED_EMPTY/pNone,None;None;None,False,False
2,B>B.reqB|B>B.reqwriteBA,ABSORBED_FROZEN/pNone,PRE_FAIL,ABSORBED_EMPTY/pNone;ABSORBED_EMPTY/pNone;ABSORBED_EMPTY/pNone,None;None;None,False,False
2,B>B.reqB|B>B.reqwriteBB,ABSORBED_FROZEN/pNone,PRE_FAIL,ABSORBED_EMPTY/pNone;ABSORBED_EMPTY/pNone;ABSORBED_EMPTY/pNone,None;None;None,False,False
2,B>B.reqB|B>B.reqwriteB~,ABSORBED_FROZEN/pNone,PRE_FAIL,ABSORBED_EMPTY/pNone;ABSORBED_EMPTY/pNone;ABSORBED_EMPTY/pNone,None;None;None,False,False
2,B>B.reqB|B>B.reqwrite~A,ABSORBED_FROZEN/pNone,PRE_FAIL,ABSORBED_EMPTY/pNone;ABSORBED_EMPTY/pNone;ABSORBED_EMPTY/pNone,None;None;None,False,False
2,B>B.reqB|B>B.reqwrite~B,ABSORBED_FROZEN/pNone,PRE_FAIL,ABSORBED_EMPTY/pNone;ABSORBED_EMPTY/pNone;ABSORBED_EMPTY/pNone,None;None;None,False,False
2,B>B.reqB|B>B.reqwrite~~,ABSORBED_FROZEN/pNone,PRE_FAIL,ABSORBED_EMPTY/pNone;ABSORBED_EMPTY/pNone;ABSORBED_EMPTY/pNone,None;None;None,False,False
2,B>B.reqB|B>B.req~,ABSORBED_FROZEN/pNone,PRE_FAIL,ABSORBED_EMPTY/pNone;ABSORBED_EMPTY/pNone;ABSORBED_EMPTY/pNone,None;None;None,False,False
2,B>B.reqB|B>B.self,ABSORBED_FROZEN/pNone,PRE_FAIL,ABSORBED_EMPTY/pNone;ABSORBED_EMPTY/pNone;ABSORBED_EMPTY/pNone,None;None;None,False,False
2,B>B.reqB|B>B.writeA,ABSORBED_FROZEN/pNone,PRE_FAIL,ABSORBED_EMPTY/pNone;ABSORBED_EMPTY/pNone;ABSORBED_EMPTY/pNone,None;None;None,False,False
2,B>B.reqB|B>B.writeB,ABSORBED_FROZEN/pNone,PRE_FAIL,ABSORBED_EMPTY/pNone;ABSORBED_EMPTY/pNone;ABSORBED_EMPTY/pNone,None;None;None,False,False
2,B>B.reqB|B>B.write~,ABSORBED_FROZEN/pNone,PRE_FAIL,ABSORBED_EMPTY/pNone;ABSORBED_EMPTY/pNone;ABSORBED_EMPTY/pNone,None;None;None,False,False
2,B>B.reqB|B>~.reqA,ABSORBED_FROZEN/pNone,PRE_FAIL,ABSORBED_EMPTY/pNone;ABSORBED_EMPTY/pNone;ABSORBED_EMPTY/pNone,None;None;None,False,False
2,B>B.reqB|B>~.reqB,ABSORBED_FROZEN/pNone,PRE_FAIL,ABSORBED_EMPTY/pNone;ABSORBED_EMPTY/pNone;ABSORBED_EMPTY/pNone,None;None;None,False,False
2,B>B.reqB|B>~.reqwriteAA,ABSORBED_FROZEN/pNone,PRE_FAIL,ABSORBED_EMPTY/pNone;ABSORBED_EMPTY/pNone;ABSORBED_EMPTY/pNone,None;None;None,False,False
2,B>B.reqB|B>~.reqwriteAB,ABSORBED_FROZEN/pNone,PRE_FAIL,ABSORBED_EMPTY/pNone;ABSORBED_EMPTY/pNone;ABSORBED_EMPTY/pNone,None;None;None,False,False
2,B>B.reqB|B>~.reqwriteA~,ABSORBED_FROZEN/pNone,PRE_FAIL,ABSORBED_EMPTY/pNone;ABSORBED_EMPTY/pNone;ABSORBED_EMPTY/pNone,None;None;None,False,False
2,B>B.reqB|B>~.reqwriteBA,ABSORBED_FROZEN/pNone,PRE_FAIL,ABSORBED_EMPTY/pNone;ABSORBED_EMPTY/pNone;ABSORBED_EMPTY/pNone,None;None;None,False,False
2,B>B.reqB|B>~.reqwriteBB,ABSORBED_FROZEN/pNone,PRE_FAIL,ABSORBED_EMPTY/pNone;ABSORBED_EMPTY/pNone;ABSORBED_EMPTY/pNone,None;None;None,False,False
2,B>B.reqB|B>~.reqwriteB~,ABSORBED_FROZEN/pNone,PRE_FAIL,ABSORBED_EMPTY/pNone;ABSORBED_EMPTY/pNone;ABSORBED_EMPTY/pNone,None;None;None,False,False
2,B>B.reqB|B>~.reqwrite~A,ABSORBED_FROZEN/pNone,PRE_FAIL,ABSORBED_EMPTY/pNone;ABSORBED_EMPTY/pNone;ABSORBED_EMPTY/pNone,None;None;None,False,False
2,B>B.reqB|B>~.reqwrite~B,ABSORBED_FROZEN/pNone,PRE_FAIL,ABSORBED_EMPTY/pNone;ABSORBED_EMPTY/pNone;ABSORBED_EMPTY/pNone,None;None;None,False,False
2,B>B.reqB|B>~.reqwrite~~,ABSORBED_FROZEN/pNone,PRE_FAIL,ABSORBED_EMPTY/pNone;ABSORBED_EMPTY/pNone;ABSORBED_EMPTY/pNone,None;None;None,False,False
2,B>B.reqB|B>~.req~,ABSORBED_FROZEN/pNone,PRE_FAIL,ABSORBED_EMPTY/pNone;ABSORBED_EMPTY/pNone;ABSORBED_EMPTY/pNone,None;None;None,False,False
2,B>B.reqB|B>~.self,ABSORBED_FROZEN/pNone,PRE_FAIL,ABSORBED_EMPTY/pNone;ABSORBED_EMPTY/pNone;ABSORBED_EMPTY/pNone,None;None;None,False,False
2,B>B.reqB|B>~.writeA,ABSORBED_FROZEN/pNone,PRE_FAIL,ABSORBED_EMPTY/pNone;ABSORBED_EMPTY/pNone;ABSORBED_EMPTY/pNone,None;None;None,False,False
2,B>B.reqB|B>~.writeB,ABSORBED_FROZEN/pNone,PRE_FAIL,ABSORBED_EMPTY/pNone;ABSORBED_EMPTY/pNone;ABSORBED_EMPTY/pNone,None;None;None,False,False
2,B>B.reqB|B>~.write~,ABSORBED_FROZEN/pNone,PRE_FAIL,ABSORBED_EMPTY/pNone;ABSORBED_EMPTY/pNone;ABSORBED_EMPTY/pNone,None;None;None,False,False
2,B>B.reqwriteAA|B>B.reqwriteAB,ABSORBED_FROZEN/pNone,PRE_FAIL,ABSORBED_EMPTY/pNone;ABSORBED_EMPTY/pNone;ABSORBED_EMPTY/pNone,None;None;None,False,False
2,B>B.reqwriteAA|B>B.reqwriteA~,ABSORBED_FROZEN/pNone,PRE_FAIL,ABSORBED_EMPTY/pNone;ABSORBED_EMPTY/pNone;ABSORBED_EMPTY/pNone,None;None;None,False,False
2,B>B.reqwriteAA|B>B.reqwriteBA,ABSORBED_FROZEN/pNone,PRE_FAIL,ABSORBED_EMPTY/pNone;ABSORBED_EMPTY/pNone;ABSORBED_EMPTY/pNone,None;None;None,False,False
2,B>B.reqwriteAA|B>B.reqwriteBB,ABSORBED_FROZEN/pNone,PRE_FAIL,ABSORBED_EMPTY/pNone;ABSORBED_EMPTY/pNone;ABSORBED_EMPTY/pNone,None;None;None,False,False
2,B>B.reqwriteAA|B>B.reqwriteB~,ABSORBED_FROZEN/pNone,PRE_FAIL,ABSORBED_EMPTY/pNone;ABSORBED_EMPTY/pNone;ABSORBED_EMPTY/pNone,None;None;None,False,False
2,B>B.reqwriteAA|B>B.reqwrite~A,ABSORBED_FROZEN/pNone,PRE_FAIL,ABSORBED_EMPTY/pNone;ABSORBED_EMPTY/pNone;ABSORBED_EMPTY/pNone,None;None;None,False,False
2,B>B.reqwriteAA|B>B.reqwrite~B,ABSORBED_FROZEN/pNone,PRE_FAIL,ABSORBED_EMPTY/pNone;ABSORBED_EMPTY/pNone;ABSORBED_EMPTY/pNone,None;None;None,False,False
2,B>B.reqwriteAA|B>B.reqwrite~~,ABSORBED_FROZEN/pNone,PRE_FAIL,ABSORBED_EMPTY/pNone;ABSORBED_EMPTY/pNone;ABSORBED_EMPTY/pNone,None;None;None,False,False
2,B>B.reqwriteAA|B>B.self,ABSORBED_FROZEN/pNone,PRE_FAIL,ABSORBED_EMPTY/pNone;ABSORBED_EMPTY/pNone;ABSORBED_EMPTY/pNone,None;None;None,False,False
2,B>B.reqwriteAA|B>B.writeA,ABSORBED_FROZEN/pNone,PRE_FAIL,ABSORBED_EMPTY/pNone;ABSORBED_EMPTY/pNone;ABSORBED_EMPTY/pNone,None;None;None,False,False
2,B>B.reqwriteAA|B>B.writeB,ABSORBED_FROZEN/pNone,PRE_FAIL,ABSORBED_EMPTY/pNone;ABSORBED_EMPTY/pNone;ABSORBED_EMPTY/pNone,None;None;None,False,False
2,B>B.reqwriteAA|B>B.write~,ABSORBED_FROZEN/pNone,PRE_FAIL,ABSORBED_EMPTY/pNone;ABSORBED_EMPTY/pNone;ABSORBED_EMPTY/pNone,None;None;None,False,False
2,B>B.reqwriteAA|B>~.reqA,ABSORBED_FROZEN/pNone,PRE_FAIL,ABSORBED_EMPTY/pNone;ABSORBED_EMPTY/pNone;ABSORBED_EMPTY/pNone,None;None;None,False,False
2,B>B.reqwriteAA|B>~.reqB,ABSORBED_FROZEN/pNone,PRE_FAIL,ABSORBED_EMPTY/pNone;ABSORBED_EMPTY/pNone;ABSORBED_EMPTY/pNone,None;None;None,False,False
2,B>B.reqwriteAA|B>~.reqwriteAA,ABSORBED_FROZEN/pNone,PRE_FAIL,ABSORBED_EMPTY/pNone;ABSORBED_EMPTY/pNone;ABSORBED_EMPTY/pNone,None;None;None,False,False
2,B>B.reqwriteAA|B>~.reqwriteAB,ABSORBED_FROZEN/pNone,PRE_FAIL,ABSORBED_EMPTY/pNone;ABSORBED_EMPTY/pNone;ABSORBED_EMPTY/pNone,None;None;None,False,False
2,B>B.reqwriteAA|B>~.reqwriteA~,ABSORBED_FROZEN/pNone,PRE_FAIL,ABSORBED_EMPTY/pNone;ABSORBED_EMPTY/pNone;ABSORBED_EMPTY/pNone,None;None;None,False,False
2,B>B.reqwriteAA|B>~.reqwriteBA,ABSORBED_FROZEN/pNone,PRE_FAIL,ABSORBED_EMPTY/pNone;ABSORBED_EMPTY/pNone;ABSORBED_EMPTY/pNone,None;None;None,False,False
2,B>B.reqwriteAA|B>~.reqwriteBB,ABSORBED_FROZEN/pNone,PRE_FAIL,ABSORBED_EMPTY/pNone;ABSORBED_EMPTY/pNone;ABSORBED_EMPTY/pNone,None;None;None,False,False
2,B>B.reqwriteAA|B>~.reqwriteB~,ABSORBED_FROZEN/pNone,PRE_FAIL,ABSORBED_EMPTY/pNone;ABSORBED_EMPTY/pNone;ABSORBED_EMPTY/pNone,None;None;None,False,False
2,B>B.reqwriteAA|B>~.reqwrite~A,ABSORBED_FROZEN/pNone,PRE_FAIL,ABSORBED_EMPTY/pNone;ABSORBED_EMPTY/pNone;ABSORBED_EMPTY/pNone,None;None;None,False,False
2,B>B.reqwriteAA|B>~.reqwrite~B,ABSORBED_FROZEN/pNone,PRE_FAIL,ABSORBED_EMPTY/pNone;ABSORBED_EMPTY/pNone;ABSORBED_EMPTY/pNone,None;None;None,False,False
2,B>B.reqwriteAA|B>~.reqwrite~~,ABSORBED_FROZEN/pNone,PRE_FAIL,ABSORBED_EMPTY/pNone;ABSORBED_EMPTY/pNone;ABSORBED_EMPTY/pNone,None;None;None,False,False
2,B>B.reqwriteAA|B>~.req~,ABSORBED_FROZEN/pNone,PRE_FAIL,ABSORBED_EMPTY/pNone;ABSORBED_EMPTY/pNone;ABSORBED_EMPTY/pNone,None;None;None,False,False
2,B>B.reqwriteAA|B>~.self,ABSORBED_FROZEN/pNone,PRE_FAIL,ABSORBED_EMPTY/pNone;ABSORBED_EMPTY/pNone;ABSORBED_EMPTY/pNone,None;None;None,False,False
2,B>B.reqwriteAA|B>~.writeA,ABSORBED_FROZEN/pNone,PRE_FAIL,ABSORBED_EMPTY/pNone;ABSORBED_EMPTY/pNone;ABSORBED_EMPTY/pNone,None;None;None,False,False
2,B>B.reqwriteAA|B>~.writeB,ABSORBED_FROZEN/pNone,PRE_FAIL,ABSORBED_EMPTY/pNone;ABSORBED_EMPTY/pNone;ABSORBED_EMPTY/pNone,None;None;None,False,False
2,B>B.reqwriteAA|B>~.write~,ABSORBED_FROZEN/pNone,PRE_FAIL,ABSORBED_EMPTY/pNone;ABSORBED_EMPTY/pNone;ABSORBED_EMPTY/pNone,None;None;None,False,False
2,B>B.reqwriteAB|B>B.reqwriteA~,ABSORBED_FROZEN/pNone,PRE_FAIL,ABSORBED_EMPTY/pNone;ABSORBED_EMPTY/pNone;ABSORBED_EMPTY/pNone,None;None;None,False,False
2,B>B.reqwriteAB|B>B.reqwriteBA,ABSORBED_FROZEN/pNone,PRE_FAIL,ABSORBED_EMPTY/pNone;ABSORBED_EMPTY/pNone;ABSORBED_EMPTY/pNone,None;None;None,False,False
2,B>B.reqwriteAB|B>B.reqwriteBB,ABSORBED_FROZEN/pNone,PRE_FAIL,ABSORBED_EMPTY/pNone;ABSORBED_EMPTY/pNone;ABSORBED_EMPTY/pNone,None;None;None,False,False
2,B>B.reqwriteAB|B>B.reqwriteB~,ABSORBED_FROZEN/pNone,PRE_FAIL,ABSORBED_EMPTY/pNone;ABSORBED_EMPTY/pNone;ABSORBED_EMPTY/pNone,None;None;None,False,False
2,B>B.reqwriteAB|B>B.reqwrite~A,ABSORBED_FROZEN/pNone,PRE_FAIL,ABSORBED_EMPTY/pNone;ABSORBED_EMPTY/pNone;ABSORBED_EMPTY/pNone,None;None;None,False,False
2,B>B.reqwriteAB|B>B.reqwrite~B,ABSORBED_FROZEN/pNone,PRE_FAIL,ABSORBED_EMPTY/pNone;ABSORBED_EMPTY/pNone;ABSORBED_EMPTY/pNone,None;None;None,False,False
2,B>B.reqwriteAB|B>B.reqwrite~~,ABSORBED_FROZEN/pNone,PRE_FAIL,ABSORBED_EMPTY/pNone;ABSORBED_EMPTY/pNone;ABSORBED_EMPTY/pNone,None;None;None,False,False
2,B>B.reqwriteAB|B>B.self,ABSORBED_FROZEN/pNone,PRE_FAIL,ABSORBED_EMPTY/pNone;ABSORBED_EMPTY/pNone;ABSORBED_EMPTY/pNone,None;None;None,False,False
2,B>B.reqwriteAB|B>B.writeA,ABSORBED_FROZEN/pNone,PRE_FAIL,ABSORBED_EMPTY/pNone;ABSORBED_EMPTY/pNone;ABSORBED_EMPTY/pNone,None;None;None,False,False
2,B>B.reqwriteAB|B>B.writeB,ABSORBED_FROZEN/pNone,PRE_FAIL,ABSORBED_EMPTY/pNone;ABSORBED_EMPTY/pNone;ABSORBED_EMPTY/pNone,None;None;None,False,False
2,B>B.reqwriteAB|B>B.write~,ABSORBED_FROZEN/pNone,PRE_FAIL,ABSORBED_EMPTY/pNone;ABSORBED_EMPTY/pNone;ABSORBED_EMPTY/pNone,None;None;None,False,False
2,B>B.reqwriteAB|B>~.reqA,ABSORBED_FROZEN/pNone,PRE_FAIL,ABSORBED_EMPTY/pNone;ABSORBED_EMPTY/pNone;ABSORBED_EMPTY/pNone,None;None;None,False,False
2,B>B.reqwriteAB|B>~.reqB,ABSORBED_FROZEN/pNone,PRE_FAIL,ABSORBED_EMPTY/pNone;ABSORBED_EMPTY/pNone;ABSORBED_EMPTY/pNone,None;None;None,False,False
2,B>B.reqwriteAB|B>~.reqwriteAA,ABSORBED_FROZEN/pNone,PRE_FAIL,ABSORBED_EMPTY/pNone;ABSORBED_EMPTY/pNone;ABSORBED_EMPTY/pNone,None;None;None,False,False
2,B>B.reqwriteAB|B>~.reqwriteAB,ABSORBED_FROZEN/pNone,PRE_FAIL,ABSORBED_EMPTY/pNone;ABSORBED_EMPTY/pNone;ABSORBED_EMPTY/pNone,None;None;None,False,False
2,B>B.reqwriteAB|B>~.reqwriteA~,ABSORBED_FROZEN/pNone,PRE_FAIL,ABSORBED_EMPTY/pNone;ABSORBED_EMPTY/pNone;ABSORBED_EMPTY/pNone,None;None;None,False,False
2,B>B.reqwriteAB|B>~.reqwriteBA,ABSORBED_FROZEN/pNone,PRE_FAIL,ABSORBED_EMPTY/pNone;ABSORBED_EMPTY/pNone;ABSORBED_EMPTY/pNone,None;None;None,False,False
2,B>B.reqwriteAB|B>~.reqwriteBB,ABSORBED_FROZEN/pNone,PRE_FAIL,ABSORBED_EMPTY/pNone;ABSORBED_EMPTY/pNone;ABSORBED_EMPTY/pNone,None;None;None,False,False
2,B>B.reqwriteAB|B>~.reqwriteB~,ABSORBED_FROZEN/pNone,PRE_FAIL,ABSORBED_EMPTY/pNone;ABSORBED_EMPTY/pNone;ABSORBED_EMPTY/pNone,None;None;None,False,False
2,B>B.reqwriteAB|B>~.reqwrite~A,ABSORBED_FROZEN/pNone,PRE_FAIL,ABSORBED_EMPTY/pNone;ABSORBED_EMPTY/pNone;ABSORBED_EMPTY/pNone,None;None;None,False,False
2,B>B.reqwriteAB|B>~.reqwrite~B,ABSORBED_FROZEN/pNone,PRE_FAIL,ABSORBED_EMPTY/pNone;ABSORBED_EMPTY/pNone;ABSORBED_EMPTY/pNone,None;None;None,False,False
2,B>B.reqwriteAB|B>~.reqwrite~~,ABSORBED_FROZEN/pNone,PRE_FAIL,ABSORBED_EMPTY/pNone;ABSORBED_EMPTY/pNone;ABSORBED_EMPTY/pNone,None;None;None,False,False
2,B>B.reqwriteAB|B>~.req~,ABSORBED_FROZEN/pNone,PRE_FAIL,ABSORBED_EMPTY/pNone;ABSORBED_EMPTY/pNone;ABSORBED_EMPTY/pNone,None;None;None,False,False
2,B>B.reqwriteAB|B>~.self,ABSORBED_FROZEN/pNone,PRE_FAIL,ABSORBED_EMPTY/pNone;ABSORBED_EMPTY/pNone;ABSORBED_EMPTY/pNone,None;None;None,False,False
2,B>B.reqwriteAB|B>~.writeA,ABSORBED_FROZEN/pNone,PRE_FAIL,ABSORBED_EMPTY/pNone;ABSORBED_EMPTY/pNone;ABSORBED_EMPTY/pNone,None;None;None,False,False
2,B>B.reqwriteAB|B>~.writeB,ABSORBED_FROZEN/pNone,PRE_FAIL,ABSORBED_EMPTY/pNone;ABSORBED_EMPTY/pNone;ABSORBED_EMPTY/pNone,None;None;None,False,False
2,B>B.reqwriteAB|B>~.write~,ABSORBED_FROZEN/pNone,PRE_FAIL,ABSORBED_EMPTY/pNone;ABSORBED_EMPTY/pNone;ABSORBED_EMPTY/pNone,None;None;None,False,False
2,B>B.reqwriteA~|B>B.reqwriteBA,ABSORBED_FROZEN/pNone,PRE_FAIL,ABSORBED_EMPTY/pNone;ABSORBED_EMPTY/pNone;ABSORBED_EMPTY/pNone,None;None;None,False,False
2,B>B.reqwriteA~|B>B.reqwriteBB,ABSORBED_FROZEN/pNone,PRE_FAIL,ABSORBED_EMPTY/pNone;ABSORBED_EMPTY/pNone;ABSORBED_EMPTY/pNone,None;None;None,False,False
2,B>B.reqwriteA~|B>B.reqwriteB~,ABSORBED_FROZEN/pNone,PRE_FAIL,ABSORBED_EMPTY/pNone;ABSORBED_EMPTY/pNone;ABSORBED_EMPTY/pNone,None;None;None,False,False
2,B>B.reqwriteA~|B>B.reqwrite~A,ABSORBED_FROZEN/pNone,PRE_FAIL,ABSORBED_EMPTY/pNone;ABSORBED_EMPTY/pNone;ABSORBED_EMPTY/pNone,None;None;None,False,False
2,B>B.reqwriteA~|B>B.reqwrite~B,ABSORBED_FROZEN/pNone,PRE_FAIL,ABSORBED_EMPTY/pNone;ABSORBED_EMPTY/pNone;ABSORBED_EMPTY/pNone,None;None;None,False,False
2,B>B.reqwriteA~|B>B.reqwrite~~,ABSORBED_FROZEN/pNone,PRE_FAIL,ABSORBED_EMPTY/pNone;ABSORBED_EMPTY/pNone;ABSORBED_EMPTY/pNone,None;None;None,False,False
2,B>B.reqwriteA~|B>B.self,ABSORBED_FROZEN/pNone,PRE_FAIL,ABSORBED_EMPTY/pNone;ABSORBED_EMPTY/pNone;ABSORBED_EMPTY/pNone,None;None;None,False,False
2,B>B.reqwriteA~|B>B.writeA,ABSORBED_FROZEN/pNone,PRE_FAIL,ABSORBED_EMPTY/pNone;ABSORBED_EMPTY/pNone;ABSORBED_EMPTY/pNone,None;None;None,False,False
2,B>B.reqwriteA~|B>B.writeB,ABSORBED_FROZEN/pNone,PRE_FAIL,ABSORBED_EMPTY/pNone;ABSORBED_EMPTY/pNone;ABSORBED_EMPTY/pNone,None;None;None,False,False
2,B>B.reqwriteA~|B>B.write~,ABSORBED_FROZEN/pNone,PRE_FAIL,ABSORBED_EMPTY/pNone;ABSORBED_EMPTY/pNone;ABSORBED_EMPTY/pNone,None;None;None,False,False
2,B>B.reqwriteA~|B>~.reqA,ABSORBED_FROZEN/pNone,PRE_FAIL,ABSORBED_EMPTY/pNone;ABSORBED_EMPTY/pNone;ABSORBED_EMPTY/pNone,None;None;None,False,False
2,B>B.reqwriteA~|B>~.reqB,ABSORBED_FROZEN/pNone,PRE_FAIL,ABSORBED_EMPTY/pNone;ABSORBED_EMPTY/pNone;ABSORBED_EMPTY/pNone,None;None;None,False,False
2,B>B.reqwriteA~|B>~.reqwriteAA,ABSORBED_FROZEN/pNone,PRE_FAIL,ABSORBED_EMPTY/pNone;ABSORBED_EMPTY/pNone;ABSORBED_EMPTY/pNone,None;None;None,False,False
2,B>B.reqwriteA~|B>~.reqwriteAB,ABSORBED_FROZEN/pNone,PRE_FAIL,ABSORBED_EMPTY/pNone;ABSORBED_EMPTY/pNone;ABSORBED_EMPTY/pNone,None;None;None,False,False
2,B>B.reqwriteA~|B>~.reqwriteA~,ABSORBED_FROZEN/pNone,PRE_FAIL,ABSORBED_EMPTY/pNone;ABSORBED_EMPTY/pNone;ABSORBED_EMPTY/pNone,None;None;None,False,False
2,B>B.reqwriteA~|B>~.reqwriteBA,ABSORBED_FROZEN/pNone,PRE_FAIL,ABSORBED_EMPTY/pNone;ABSORBED_EMPTY/pNone;ABSORBED_EMPTY/pNone,None;None;None,False,False
2,B>B.reqwriteA~|B>~.reqwriteBB,ABSORBED_FROZEN/pNone,PRE_FAIL,ABSORBED_EMPTY/pNone;ABSORBED_EMPTY/pNone;ABSORBED_EMPTY/pNone,None;None;None,False,False
2,B>B.reqwriteA~|B>~.reqwriteB~,ABSORBED_FROZEN/pNone,PRE_FAIL,ABSORBED_EMPTY/pNone;ABSORBED_EMPTY/pNone;ABSORBED_EMPTY/pNone,None;None;None,False,False
2,B>B.reqwriteA~|B>~.reqwrite~A,ABSORBED_FROZEN/pNone,PRE_FAIL,ABSORBED_EMPTY/pNone;ABSORBED_EMPTY/pNone;ABSORBED_EMPTY/pNone,None;None;None,False,False
2,B>B.reqwriteA~|B>~.reqwrite~B,ABSORBED_FROZEN/pNone,PRE_FAIL,ABSORBED_EMPTY/pNone;ABSORBED_EMPTY/pNone;ABSORBED_EMPTY/pNone,None;None;None,False,False
2,B>B.reqwriteA~|B>~.reqwrite~~,ABSORBED_FROZEN/pNone,PRE_FAIL,ABSORBED_EMPTY/pNone;ABSORBED_EMPTY/pNone;ABSORBED_EMPTY/pNone,None;None;None,False,False
2,B>B.reqwriteA~|B>~.req~,ABSORBED_FROZEN/pNone,PRE_FAIL,ABSORBED_EMPTY/pNone;ABSORBED_EMPTY/pNone;ABSORBED_EMPTY/pNone,None;None;None,False,False
2,B>B.reqwriteA~|B>~.self,ABSORBED_FROZEN/pNone,PRE_FAIL,ABSORBED_EMPTY/pNone;ABSORBED_EMPTY/pNone;ABSORBED_EMPTY/pNone,None;None;None,False,False
2,B>B.reqwriteA~|B>~.writeA,ABSORBED_FROZEN/pNone,PRE_FAIL,ABSORBED_EMPTY/pNone;ABSORBED_EMPTY/pNone;ABSORBED_EMPTY/pNone,None;None;None,False,False
2,B>B.reqwriteA~|B>~.writeB,ABSORBED_FROZEN/pNone,PRE_FAIL,ABSORBED_EMPTY/pNone;ABSORBED_EMPTY/pNone;ABSORBED_EMPTY/pNone,None;None;None,False,False
2,B>B.reqwriteA~|B>~.write~,ABSORBED_FROZEN/pNone,PRE_FAIL,ABSORBED_EMPTY/pNone;ABSORBED_EMPTY/pNone;ABSORBED_EMPTY/pNone,None;None;None,False,False
2,B>B.reqwriteBA|B>B.reqwriteBB,ABSORBED_FROZEN/pNone,PRE_FAIL,ABSORBED_EMPTY/pNone;ABSORBED_EMPTY/pNone;ABSORBED_EMPTY/pNone,None;None;None,False,False
2,B>B.reqwriteBA|B>B.reqwriteB~,ABSORBED_FROZEN/pNone,PRE_FAIL,ABSORBED_EMPTY/pNone;ABSORBED_EMPTY/pNone;ABSORBED_EMPTY/pNone,None;None;None,False,False
2,B>B.reqwriteBA|B>B.reqwrite~A,ABSORBED_FROZEN/pNone,PRE_FAIL,ABSORBED_EMPTY/pNone;ABSORBED_EMPTY/pNone;ABSORBED_EMPTY/pNone,None;None;None,False,False
2,B>B.reqwriteBA|B>B.reqwrite~B,ABSORBED_FROZEN/pNone,PRE_FAIL,ABSORBED_EMPTY/pNone;ABSORBED_EMPTY/pNone;ABSORBED_EMPTY/pNone,None;None;None,False,False
2,B>B.reqwriteBA|B>B.reqwrite~~,ABSORBED_FROZEN/pNone,PRE_FAIL,ABSORBED_EMPTY/pNone;ABSORBED_EMPTY/pNone;ABSORBED_EMPTY/pNone,None;None;None,False,False
2,B>B.reqwriteBA|B>B.self,ABSORBED_FROZEN/pNone,PRE_FAIL,ABSORBED_EMPTY/pNone;ABSORBED_EMPTY/pNone;ABSORBED_EMPTY/pNone,None;None;None,False,False
2,B>B.reqwriteBA|B>B.writeA,ABSORBED_FROZEN/pNone,PRE_FAIL,ABSORBED_EMPTY/pNone;ABSORBED_EMPTY/pNone;ABSORBED_EMPTY/pNone,None;None;None,False,False
2,B>B.reqwriteBA|B>B.writeB,ABSORBED_FROZEN/pNone,PRE_FAIL,ABSORBED_EMPTY/pNone;ABSORBED_EMPTY/pNone;ABSORBED_EMPTY/pNone,None;None;None,False,False
2,B>B.reqwriteBA|B>B.write~,ABSORBED_FROZEN/pNone,PRE_FAIL,ABSORBED_EMPTY/pNone;ABSORBED_EMPTY/pNone;ABSORBED_EMPTY/pNone,None;None;None,False,False
2,B>B.reqwriteBA|B>~.reqA,ABSORBED_FROZEN/pNone,PRE_FAIL,ABSORBED_EMPTY/pNone;ABSORBED_EMPTY/pNone;ABSORBED_EMPTY/pNone,None;None;None,False,False
2,B>B.reqwriteBA|B>~.reqB,ABSORBED_FROZEN/pNone,PRE_FAIL,ABSORBED_EMPTY/pNone;ABSORBED_EMPTY/pNone;ABSORBED_EMPTY/pNone,None;None;None,False,False
2,B>B.reqwriteBA|B>~.reqwriteAA,ABSORBED_FROZEN/pNone,PRE_FAIL,ABSORBED_EMPTY/pNone;ABSORBED_EMPTY/pNone;ABSORBED_EMPTY/pNone,None;None;None,False,False
2,B>B.reqwriteBA|B>~.reqwriteAB,ABSORBED_FROZEN/pNone,PRE_FAIL,ABSORBED_EMPTY/pNone;ABSORBED_EMPTY/pNone;ABSORBED_EMPTY/pNone,None;None;None,False,False
2,B>B.reqwriteBA|B>~.reqwriteA~,ABSORBED_FROZEN/pNone,PRE_FAIL,ABSORBED_EMPTY/pNone;ABSORBED_EMPTY/pNone;ABSORBED_EMPTY/pNone,None;None;None,False,False
2,B>B.reqwriteBA|B>~.reqwriteBA,ABSORBED_FROZEN/pNone,PRE_FAIL,ABSORBED_EMPTY/pNone;ABSORBED_EMPTY/pNone;ABSORBED_EMPTY/pNone,None;None;None,False,False
2,B>B.reqwriteBA|B>~.reqwriteBB,ABSORBED_FROZEN/pNone,PRE_FAIL,ABSORBED_EMPTY/pNone;ABSORBED_EMPTY/pNone;ABSORBED_EMPTY/pNone,None;None;None,False,False
2,B>B.reqwriteBA|B>~.reqwriteB~,ABSORBED_FROZEN/pNone,PRE_FAIL,ABSORBED_EMPTY/pNone;ABSORBED_EMPTY/pNone;ABSORBED_EMPTY/pNone,None;None;None,False,False
2,B>B.reqwriteBA|B>~.reqwrite~A,ABSORBED_FROZEN/pNone,PRE_FAIL,ABSORBED_EMPTY/pNone;ABSORBED_EMPTY/pNone;ABSORBED_EMPTY/pNone,None;None;None,False,False
2,B>B.reqwriteBA|B>~.reqwrite~B,ABSORBED_FROZEN/pNone,PRE_FAIL,ABSORBED_EMPTY/pNone;ABSORBED_EMPTY/pNone;ABSORBED_EMPTY/pNone,None;None;None,False,False
2,B>B.reqwriteBA|B>~.reqwrite~~,ABSORBED_FROZEN/pNone,PRE_FAIL,ABSORBED_EMPTY/pNone;ABSORBED_EMPTY/pNone;ABSORBED_EMPTY/pNone,None;None;None,False,False
2,B>B.reqwriteBA|B>~.req~,ABSORBED_FROZEN/pNone,PRE_FAIL,ABSORBED_EMPTY/pNone;ABSORBED_EMPTY/pNone;ABSORBED_EMPTY/pNone,None;None;None,False,False
2,B>B.reqwriteBA|B>~.self,ABSORBED_FROZEN/pNone,PRE_FAIL,ABSORBED_EMPTY/pNone;ABSORBED_EMPTY/pNone;ABSORBED_EMPTY/pNone,None;None;None,False,False
2,B>B.reqwriteBA|B>~.writeA,ABSORBED_FROZEN/pNone,PRE_FAIL,ABSORBED_EMPTY/pNone;ABSORBED_EMPTY/pNone;ABSORBED_EMPTY/pNone,None;None;None,False,False
2,B>B.reqwriteBA|B>~.writeB,ABSORBED_FROZEN/pNone,PRE_FAIL,ABSORBED_EMPTY/pNone;ABSORBED_EMPTY/pNone;ABSORBED_EMPTY/pNone,None;None;None,False,False
2,B>B.reqwriteBA|B>~.write~,ABSORBED_FROZEN/pNone,PRE_FAIL,ABSORBED_EMPTY/pNone;ABSORBED_EMPTY/pNone;ABSORBED_EMPTY/pNone,None;None;None,False,False
2,B>B.reqwriteBB|B>B.reqwriteB~,ABSORBED_FROZEN/pNone,PRE_FAIL,ABSORBED_EMPTY/pNone;ABSORBED_EMPTY/pNone;ABSORBED_EMPTY/pNone,None;None;None,False,False
2,B>B.reqwriteBB|B>B.reqwrite~A,ABSORBED_FROZEN/pNone,PRE_FAIL,ABSORBED_EMPTY/pNone;ABSORBED_EMPTY/pNone;ABSORBED_EMPTY/pNone,None;None;None,False,False
2,B>B.reqwriteBB|B>B.reqwrite~B,ABSORBED_FROZEN/pNone,PRE_FAIL,ABSORBED_EMPTY/pNone;ABSORBED_EMPTY/pNone;ABSORBED_EMPTY/pNone,None;None;None,False,False
2,B>B.reqwriteBB|B>B.reqwrite~~,ABSORBED_FROZEN/pNone,PRE_FAIL,ABSORBED_EMPTY/pNone;ABSORBED_EMPTY/pNone;ABSORBED_EMPTY/pNone,None;None;None,False,False
2,B>B.reqwriteBB|B>B.self,ABSORBED_FROZEN/pNone,PRE_FAIL,ABSORBED_EMPTY/pNone;ABSORBED_EMPTY/pNone;ABSORBED_EMPTY/pNone,None;None;None,False,False
2,B>B.reqwriteBB|B>B.writeA,ABSORBED_FROZEN/pNone,PRE_FAIL,ABSORBED_EMPTY/pNone;ABSORBED_EMPTY/pNone;ABSORBED_EMPTY/pNone,None;None;None,False,False
2,B>B.reqwriteBB|B>B.writeB,ABSORBED_FROZEN/pNone,PRE_FAIL,ABSORBED_EMPTY/pNone;ABSORBED_EMPTY/pNone;ABSORBED_EMPTY/pNone,None;None;None,False,False
2,B>B.reqwriteBB|B>B.write~,ABSORBED_FROZEN/pNone,PRE_FAIL,ABSORBED_EMPTY/pNone;ABSORBED_EMPTY/pNone;ABSORBED_EMPTY/pNone,None;None;None,False,False
2,B>B.reqwriteBB|B>~.reqA,ABSORBED_FROZEN/pNone,PRE_FAIL,ABSORBED_EMPTY/pNone;ABSORBED_EMPTY/pNone;ABSORBED_EMPTY/pNone,None;None;None,False,False
2,B>B.reqwriteBB|B>~.reqB,ABSORBED_FROZEN/pNone,PRE_FAIL,ABSORBED_EMPTY/pNone;ABSORBED_EMPTY/pNone;ABSORBED_EMPTY/pNone,None;None;None,False,False
2,B>B.reqwriteBB|B>~.reqwriteAA,ABSORBED_FROZEN/pNone,PRE_FAIL,ABSORBED_EMPTY/pNone;ABSORBED_EMPTY/pNone;ABSORBED_EMPTY/pNone,None;None;None,False,False
2,B>B.reqwriteBB|B>~.reqwriteAB,ABSORBED_FROZEN/pNone,PRE_FAIL,ABSORBED_EMPTY/pNone;ABSORBED_EMPTY/pNone;ABSORBED_EMPTY/pNone,None;None;None,False,False
2,B>B.reqwriteBB|B>~.reqwriteA~,ABSORBED_FROZEN/pNone,PRE_FAIL,ABSORBED_EMPTY/pNone;ABSORBED_EMPTY/pNone;ABSORBED_EMPTY/pNone,None;None;None,False,False
2,B>B.reqwriteBB|B>~.reqwriteBA,ABSORBED_FROZEN/pNone,PRE_FAIL,ABSORBED_EMPTY/pNone;ABSORBED_EMPTY/pNone;ABSORBED_EMPTY/pNone,None;None;None,False,False
2,B>B.reqwriteBB|B>~.reqwriteBB,ABSORBED_FROZEN/pNone,PRE_FAIL,ABSORBED_EMPTY/pNone;ABSORBED_EMPTY/pNone;ABSORBED_EMPTY/pNone,None;None;None,False,False
2,B>B.reqwriteBB|B>~.reqwriteB~,ABSORBED_FROZEN/pNone,PRE_FAIL,ABSORBED_EMPTY/pNone;ABSORBED_EMPTY/pNone;ABSORBED_EMPTY/pNone,None;None;None,False,False
2,B>B.reqwriteBB|B>~.reqwrite~A,ABSORBED_FROZEN/pNone,PRE_FAIL,ABSORBED_EMPTY/pNone;ABSORBED_EMPTY/pNone;ABSORBED_EMPTY/pNone,None;None;None,False,False
2,B>B.reqwriteBB|B>~.reqwrite~B,ABSORBED_FROZEN/pNone,PRE_FAIL,ABSORBED_EMPTY/pNone;ABSORBED_EMPTY/pNone;ABSORBED_EMPTY/pNone,None;None;None,False,False
2,B>B.reqwriteBB|B>~.reqwrite~~,ABSORBED_FROZEN/pNone,PRE_FAIL,ABSORBED_EMPTY/pNone;ABSORBED_EMPTY/pNone;ABSORBED_EMPTY/pNone,None;None;None,False,False
2,B>B.reqwriteBB|B>~.req~,ABSORBED_FROZEN/pNone,PRE_FAIL,ABSORBED_EMPTY/pNone;ABSORBED_EMPTY/pNone;ABSORBED_EMPTY/pNone,None;None;None,False,False
2,B>B.reqwriteBB|B>~.self,ABSORBED_FROZEN/pNone,PRE_FAIL,ABSORBED_EMPTY/pNone;ABSORBED_EMPTY/pNone;ABSORBED_EMPTY/pNone,None;None;None,False,False
2,B>B.reqwriteBB|B>~.writeA,ABSORBED_FROZEN/pNone,PRE_FAIL,ABSORBED_EMPTY/pNone;ABSORBED_EMPTY/pNone;ABSORBED_EMPTY/pNone,None;None;None,False,False
2,B>B.reqwriteBB|B>~.writeB,ABSORBED_FROZEN/pNone,PRE_FAIL,ABSORBED_EMPTY/pNone;ABSORBED_EMPTY/pNone;ABSORBED_EMPTY/pNone,None;None;None,False,False
2,B>B.reqwriteBB|B>~.write~,ABSORBED_FROZEN/pNone,PRE_FAIL,ABSORBED_EMPTY/pNone;ABSORBED_EMPTY/pNone;ABSORBED_EMPTY/pNone,None;None;None,False,False
2,B>B.reqwriteB~|B>B.reqwrite~A,ABSORBED_FROZEN/pNone,PRE_FAIL,ABSORBED_EMPTY/pNone;ABSORBED_EMPTY/pNone;ABSORBED_EMPTY/pNone,None;None;None,False,False
2,B>B.reqwriteB~|B>B.reqwrite~B,ABSORBED_FROZEN/pNone,PRE_FAIL,ABSORBED_EMPTY/pNone;ABSORBED_EMPTY/pNone;ABSORBED_EMPTY/pNone,None;None;None,False,False
2,B>B.reqwriteB~|B>B.reqwrite~~,ABSORBED_FROZEN/pNone,PRE_FAIL,ABSORBED_EMPTY/pNone;ABSORBED_EMPTY/pNone;ABSORBED_EMPTY/pNone,None;None;None,False,False
2,B>B.reqwriteB~|B>B.self,ABSORBED_FROZEN/pNone,PRE_FAIL,ABSORBED_EMPTY/pNone;ABSORBED_EMPTY/pNone;ABSORBED_EMPTY/pNone,None;None;None,False,False
2,B>B.reqwriteB~|B>B.writeA,ABSORBED_FROZEN/pNone,PRE_FAIL,ABSORBED_EMPTY/pNone;ABSORBED_EMPTY/pNone;ABSORBED_EMPTY/pNone,None;None;None,False,False
2,B>B.reqwriteB~|B>B.writeB,ABSORBED_FROZEN/pNone,PRE_FAIL,ABSORBED_EMPTY/pNone;ABSORBED_EMPTY/pNone;ABSORBED_EMPTY/pNone,None;None;None,False,False
2,B>B.reqwriteB~|B>B.write~,ABSORBED_FROZEN/pNone,PRE_FAIL,ABSORBED_EMPTY/pNone;ABSORBED_EMPTY/pNone;ABSORBED_EMPTY/pNone,None;None;None,False,False
2,B>B.reqwriteB~|B>~.reqA,ABSORBED_FROZEN/pNone,PRE_FAIL,ABSORBED_EMPTY/pNone;ABSORBED_EMPTY/pNone;ABSORBED_EMPTY/pNone,None;None;None,False,False
2,B>B.reqwriteB~|B>~.reqB,ABSORBED_FROZEN/pNone,PRE_FAIL,ABSORBED_EMPTY/pNone;ABSORBED_EMPTY/pNone;ABSORBED_EMPTY/pNone,None;None;None,False,False
2,B>B.reqwriteB~|B>~.reqwriteAA,ABSORBED_FROZEN/pNone,PRE_FAIL,ABSORBED_EMPTY/pNone;ABSORBED_EMPTY/pNone;ABSORBED_EMPTY/pNone,None;None;None,False,False
2,B>B.reqwriteB~|B>~.reqwriteAB,ABSORBED_FROZEN/pNone,PRE_FAIL,ABSORBED_EMPTY/pNone;ABSORBED_EMPTY/pNone;ABSORBED_EMPTY/pNone,None;None;None,False,False
2,B>B.reqwriteB~|B>~.reqwriteA~,ABSORBED_FROZEN/pNone,PRE_FAIL,ABSORBED_EMPTY/pNone;ABSORBED_EMPTY/pNone;ABSORBED_EMPTY/pNone,None;None;None,False,False
2,B>B.reqwriteB~|B>~.reqwriteBA,ABSORBED_FROZEN/pNone,PRE_FAIL,ABSORBED_EMPTY/pNone;ABSORBED_EMPTY/pNone;ABSORBED_EMPTY/pNone,None;None;None,False,False
2,B>B.reqwriteB~|B>~.reqwriteBB,ABSORBED_FROZEN/pNone,PRE_FAIL,ABSORBED_EMPTY/pNone;ABSORBED_EMPTY/pNone;ABSORBED_EMPTY/pNone,None;None;None,False,False
2,B>B.reqwriteB~|B>~.reqwriteB~,ABSORBED_FROZEN/pNone,PRE_FAIL,ABSORBED_EMPTY/pNone;ABSORBED_EMPTY/pNone;ABSORBED_EMPTY/pNone,None;None;None,False,False
2,B>B.reqwriteB~|B>~.reqwrite~A,ABSORBED_FROZEN/pNone,PRE_FAIL,ABSORBED_EMPTY/pNone;ABSORBED_EMPTY/pNone;ABSORBED_EMPTY/pNone,None;None;None,False,False
2,B>B.reqwriteB~|B>~.reqwrite~B,ABSORBED_FROZEN/pNone,PRE_FAIL,ABSORBED_EMPTY/pNone;ABSORBED_EMPTY/pNone;ABSORBED_EMPTY/pNone,None;None;None,False,False
2,B>B.reqwriteB~|B>~.reqwrite~~,ABSORBED_FROZEN/pNone,PRE_FAIL,ABSORBED_EMPTY/pNone;ABSORBED_EMPTY/pNone;ABSORBED_EMPTY/pNone,None;None;None,False,False
2,B>B.reqwriteB~|B>~.req~,ABSORBED_FROZEN/pNone,PRE_FAIL,ABSORBED_EMPTY/pNone;ABSORBED_EMPTY/pNone;ABSORBED_EMPTY/pNone,None;None;None,False,False
2,B>B.reqwriteB~|B>~.self,ABSORBED_FROZEN/pNone,PRE_FAIL,ABSORBED_EMPTY/pNone;ABSORBED_EMPTY/pNone;ABSORBED_EMPTY/pNone,None;None;None,False,False
2,B>B.reqwriteB~|B>~.writeA,ABSORBED_FROZEN/pNone,PRE_FAIL,ABSORBED_EMPTY/pNone;ABSORBED_EMPTY/pNone;ABSORBED_EMPTY/pNone,None;None;None,False,False
2,B>B.reqwriteB~|B>~.writeB,ABSORBED_FROZEN/pNone,PRE_FAIL,ABSORBED_EMPTY/pNone;ABSORBED_EMPTY/pNone;ABSORBED_EMPTY/pNone,None;None;None,False,False
2,B>B.reqwriteB~|B>~.write~,ABSORBED_FROZEN/pNone,PRE_FAIL,ABSORBED_EMPTY/pNone;ABSORBED_EMPTY/pNone;ABSORBED_EMPTY/pNone,None;None;None,False,False
2,B>B.reqwrite~A|B>B.reqwrite~B,ABSORBED_FROZEN/pNone,PRE_FAIL,ABSORBED_EMPTY/pNone;ABSORBED_EMPTY/pNone;ABSORBED_EMPTY/pNone,None;None;None,False,False
2,B>B.reqwrite~A|B>B.reqwrite~~,ABSORBED_FROZEN/pNone,PRE_FAIL,ABSORBED_EMPTY/pNone;ABSORBED_EMPTY/pNone;ABSORBED_EMPTY/pNone,None;None;None,False,False
2,B>B.reqwrite~A|B>B.self,ABSORBED_FROZEN/pNone,PRE_FAIL,ABSORBED_EMPTY/pNone;ABSORBED_EMPTY/pNone;ABSORBED_EMPTY/pNone,None;None;None,False,False
2,B>B.reqwrite~A|B>B.writeA,ABSORBED_FROZEN/pNone,PRE_FAIL,ABSORBED_EMPTY/pNone;ABSORBED_EMPTY/pNone;ABSORBED_EMPTY/pNone,None;None;None,False,False
2,B>B.reqwrite~A|B>B.writeB,ABSORBED_FROZEN/pNone,PRE_FAIL,ABSORBED_EMPTY/pNone;ABSORBED_EMPTY/pNone;ABSORBED_EMPTY/pNone,None;None;None,False,False
2,B>B.reqwrite~A|B>B.write~,ABSORBED_FROZEN/pNone,PRE_FAIL,ABSORBED_EMPTY/pNone;ABSORBED_EMPTY/pNone;ABSORBED_EMPTY/pNone,None;None;None,False,False
2,B>B.reqwrite~A|B>~.reqA,ABSORBED_FROZEN/pNone,PRE_FAIL,ABSORBED_EMPTY/pNone;ABSORBED_EMPTY/pNone;ABSORBED_EMPTY/pNone,None;None;None,False,False
2,B>B.reqwrite~A|B>~.reqB,ABSORBED_FROZEN/pNone,PRE_FAIL,ABSORBED_EMPTY/pNone;ABSORBED_EMPTY/pNone;ABSORBED_EMPTY/pNone,None;None;None,False,False
2,B>B.reqwrite~A|B>~.reqwriteAA,ABSORBED_FROZEN/pNone,PRE_FAIL,ABSORBED_EMPTY/pNone;ABSORBED_EMPTY/pNone;ABSORBED_EMPTY/pNone,None;None;None,False,False
2,B>B.reqwrite~A|B>~.reqwriteAB,ABSORBED_FROZEN/pNone,PRE_FAIL,ABSORBED_EMPTY/pNone;ABSORBED_EMPTY/pNone;ABSORBED_EMPTY/pNone,None;None;None,False,False
2,B>B.reqwrite~A|B>~.reqwriteA~,ABSORBED_FROZEN/pNone,PRE_FAIL,ABSORBED_EMPTY/pNone;ABSORBED_EMPTY/pNone;ABSORBED_EMPTY/pNone,None;None;None,False,False
2,B>B.reqwrite~A|B>~.reqwriteBA,ABSORBED_FROZEN/pNone,PRE_FAIL,ABSORBED_EMPTY/pNone;ABSORBED_EMPTY/pNone;ABSORBED_EMPTY/pNone,None;None;None,False,False
2,B>B.reqwrite~A|B>~.reqwriteBB,ABSORBED_FROZEN/pNone,PRE_FAIL,ABSORBED_EMPTY/pNone;ABSORBED_EMPTY/pNone;ABSORBED_EMPTY/pNone,None;None;None,False,False
2,B>B.reqwrite~A|B>~.reqwriteB~,ABSORBED_FROZEN/pNone,PRE_FAIL,ABSORBED_EMPTY/pNone;ABSORBED_EMPTY/pNone;ABSORBED_EMPTY/pNone,None;None;None,False,False
2,B>B.reqwrite~A|B>~.reqwrite~A,ABSORBED_FROZEN/pNone,PRE_FAIL,ABSORBED_EMPTY/pNone;ABSORBED_EMPTY/pNone;ABSORBED_EMPTY/pNone,None;None;None,False,False
2,B>B.reqwrite~A|B>~.reqwrite~B,ABSORBED_FROZEN/pNone,PRE_FAIL,ABSORBED_EMPTY/pNone;ABSORBED_EMPTY/pNone;ABSORBED_EMPTY/pNone,None;None;None,False,False
2,B>B.reqwrite~A|B>~.reqwrite~~,ABSORBED_FROZEN/pNone,PRE_FAIL,ABSORBED_EMPTY/pNone;ABSORBED_EMPTY/pNone;ABSORBED_EMPTY/pNone,None;None;None,False,False
2,B>B.reqwrite~A|B>~.req~,ABSORBED_FROZEN/pNone,PRE_FAIL,ABSORBED_EMPTY/pNone;ABSORBED_EMPTY/pNone;ABSORBED_EMPTY/pNone,None;None;None,False,False
2,B>B.reqwrite~A|B>~.self,ABSORBED_FROZEN/pNone,PRE_FAIL,ABSORBED_EMPTY/pNone;ABSORBED_EMPTY/pNone;ABSORBED_EMPTY/pNone,None;None;None,False,False
2,B>B.reqwrite~A|B>~.writeA,ABSORBED_FROZEN/pNone,PRE_FAIL,ABSORBED_EMPTY/pNone;ABSORBED_EMPTY/pNone;ABSORBED_EMPTY/pNone,None;None;None,False,False
2,B>B.reqwrite~A|B>~.writeB,ABSORBED_FROZEN/pNone,PRE_FAIL,ABSORBED_EMPTY/pNone;ABSORBED_EMPTY/pNone;ABSORBED_EMPTY/pNone,None;None;None,False,False
2,B>B.reqwrite~A|B>~.write~,ABSORBED_FROZEN/pNone,PRE_FAIL,ABSORBED_EMPTY/pNone;ABSORBED_EMPTY/pNone;ABSORBED_EMPTY/pNone,None;None;None,False,False
2,B>B.reqwrite~B|B>B.reqwrite~~,ABSORBED_FROZEN/pNone,PRE_FAIL,ABSORBED_EMPTY/pNone;ABSORBED_EMPTY/pNone;ABSORBED_EMPTY/pNone,None;None;None,False,False
2,B>B.reqwrite~B|B>B.self,ABSORBED_FROZEN/pNone,PRE_FAIL,ABSORBED_EMPTY/pNone;ABSORBED_EMPTY/pNone;ABSORBED_EMPTY/pNone,None;None;None,False,False
2,B>B.reqwrite~B|B>B.writeA,ABSORBED_FROZEN/pNone,PRE_FAIL,ABSORBED_EMPTY/pNone;ABSORBED_EMPTY/pNone;ABSORBED_EMPTY/pNone,None;None;None,False,False
2,B>B.reqwrite~B|B>B.writeB,ABSORBED_FROZEN/pNone,PRE_FAIL,ABSORBED_EMPTY/pNone;ABSORBED_EMPTY/pNone;ABSORBED_EMPTY/pNone,None;None;None,False,False
2,B>B.reqwrite~B|B>B.write~,ABSORBED_FROZEN/pNone,PRE_FAIL,ABSORBED_EMPTY/pNone;ABSORBED_EMPTY/pNone;ABSORBED_EMPTY/pNone,None;None;None,False,False
2,B>B.reqwrite~B|B>~.reqA,ABSORBED_FROZEN/pNone,PRE_FAIL,ABSORBED_EMPTY/pNone;ABSORBED_EMPTY/pNone;ABSORBED_EMPTY/pNone,None;None;None,False,False
2,B>B.reqwrite~B|B>~.reqB,ABSORBED_FROZEN/pNone,PRE_FAIL,ABSORBED_EMPTY/pNone;ABSORBED_EMPTY/pNone;ABSORBED_EMPTY/pNone,None;None;None,False,False
2,B>B.reqwrite~B|B>~.reqwriteAA,ABSORBED_FROZEN/pNone,PRE_FAIL,ABSORBED_EMPTY/pNone;ABSORBED_EMPTY/pNone;ABSORBED_EMPTY/pNone,None;None;None,False,False
2,B>B.reqwrite~B|B>~.reqwriteAB,ABSORBED_FROZEN/pNone,PRE_FAIL,ABSORBED_EMPTY/pNone;ABSORBED_EMPTY/pNone;ABSORBED_EMPTY/pNone,None;None;None,False,False
2,B>B.reqwrite~B|B>~.reqwriteA~,ABSORBED_FROZEN/pNone,PRE_FAIL,ABSORBED_EMPTY/pNone;ABSORBED_EMPTY/pNone;ABSORBED_EMPTY/pNone,None;None;None,False,False
2,B>B.reqwrite~B|B>~.reqwriteBA,ABSORBED_FROZEN/pNone,PRE_FAIL,ABSORBED_EMPTY/pNone;ABSORBED_EMPTY/pNone;ABSORBED_EMPTY/pNone,None;None;None,False,False
2,B>B.reqwrite~B|B>~.reqwriteBB,ABSORBED_FROZEN/pNone,PRE_FAIL,ABSORBED_EMPTY/pNone;ABSORBED_EMPTY/pNone;ABSORBED_EMPTY/pNone,None;None;None,False,False
2,B>B.reqwrite~B|B>~.reqwriteB~,ABSORBED_FROZEN/pNone,PRE_FAIL,ABSORBED_EMPTY/pNone;ABSORBED_EMPTY/pNone;ABSORBED_EMPTY/pNone,None;None;None,False,False
2,B>B.reqwrite~B|B>~.reqwrite~A,ABSORBED_FROZEN/pNone,PRE_FAIL,ABSORBED_EMPTY/pNone;ABSORBED_EMPTY/pNone;ABSORBED_EMPTY/pNone,None;None;None,False,False
2,B>B.reqwrite~B|B>~.reqwrite~B,ABSORBED_FROZEN/pNone,PRE_FAIL,ABSORBED_EMPTY/pNone;ABSORBED_EMPTY/pNone;ABSORBED_EMPTY/pNone,None;None;None,False,False
2,B>B.reqwrite~B|B>~.reqwrite~~,ABSORBED_FROZEN/pNone,PRE_FAIL,ABSORBED_EMPTY/pNone;ABSORBED_EMPTY/pNone;ABSORBED_EMPTY/pNone,None;None;None,False,False
2,B>B.reqwrite~B|B>~.req~,ABSORBED_FROZEN/pNone,PRE_FAIL,ABSORBED_EMPTY/pNone;ABSORBED_EMPTY/pNone;ABSORBED_EMPTY/pNone,None;None;None,False,False
2,B>B.reqwrite~B|B>~.self,ABSORBED_FROZEN/pNone,PRE_FAIL,ABSORBED_EMPTY/pNone;ABSORBED_EMPTY/pNone;ABSORBED_EMPTY/pNone,None;None;None,False,False
2,B>B.reqwrite~B|B>~.writeA,ABSORBED_FROZEN/pNone,PRE_FAIL,ABSORBED_EMPTY/pNone;ABSORBED_EMPTY/pNone;ABSORBED_EMPTY/pNone,None;None;None,False,False
2,B>B.reqwrite~B|B>~.writeB,ABSORBED_FROZEN/pNone,PRE_FAIL,ABSORBED_EMPTY/pNone;ABSORBED_EMPTY/pNone;ABSORBED_EMPTY/pNone,None;None;None,False,False
2,B>B.reqwrite~B|B>~.write~,ABSORBED_FROZEN/pNone,PRE_FAIL,ABSORBED_EMPTY/pNone;ABSORBED_EMPTY/pNone;ABSORBED_EMPTY/pNone,None;None;None,False,False
2,B>B.reqwrite~~|B>B.self,ABSORBED_FROZEN/pNone,PRE_FAIL,ABSORBED_EMPTY/pNone;ABSORBED_EMPTY/pNone;ABSORBED_EMPTY/pNone,None;None;None,False,False
2,B>B.reqwrite~~|B>B.writeA,ABSORBED_FROZEN/pNone,PRE_FAIL,ABSORBED_EMPTY/pNone;ABSORBED_EMPTY/pNone;ABSORBED_EMPTY/pNone,None;None;None,False,False
2,B>B.reqwrite~~|B>B.writeB,ABSORBED_FROZEN/pNone,PRE_FAIL,ABSORBED_EMPTY/pNone;ABSORBED_EMPTY/pNone;ABSORBED_EMPTY/pNone,None;None;None,False,False
2,B>B.reqwrite~~|B>B.write~,ABSORBED_FROZEN/pNone,PRE_FAIL,ABSORBED_EMPTY/pNone;ABSORBED_EMPTY/pNone;ABSORBED_EMPTY/pNone,None;None;None,False,False
2,B>B.reqwrite~~|B>~.reqA,ABSORBED_FROZEN/pNone,PRE_FAIL,ABSORBED_EMPTY/pNone;ABSORBED_EMPTY/pNone;ABSORBED_EMPTY/pNone,None;None;None,False,False
2,B>B.reqwrite~~|B>~.reqB,ABSORBED_FROZEN/pNone,PRE_FAIL,ABSORBED_EMPTY/pNone;ABSORBED_EMPTY/pNone;ABSORBED_EMPTY/pNone,None;None;None,False,False
2,B>B.reqwrite~~|B>~.reqwriteAA,ABSORBED_FROZEN/pNone,PRE_FAIL,ABSORBED_EMPTY/pNone;ABSORBED_EMPTY/pNone;ABSORBED_EMPTY/pNone,None;None;None,False,False
2,B>B.reqwrite~~|B>~.reqwriteAB,ABSORBED_FROZEN/pNone,PRE_FAIL,ABSORBED_EMPTY/pNone;ABSORBED_EMPTY/pNone;ABSORBED_EMPTY/pNone,None;None;None,False,False
2,B>B.reqwrite~~|B>~.reqwriteA~,ABSORBED_FROZEN/pNone,PRE_FAIL,ABSORBED_EMPTY/pNone;ABSORBED_EMPTY/pNone;ABSORBED_EMPTY/pNone,None;None;None,False,False
2,B>B.reqwrite~~|B>~.reqwriteBA,ABSORBED_FROZEN/pNone,PRE_FAIL,ABSORBED_EMPTY/pNone;ABSORBED_EMPTY/pNone;ABSORBED_EMPTY/pNone,None;None;None,False,False
2,B>B.reqwrite~~|B>~.reqwriteBB,ABSORBED_FROZEN/pNone,PRE_FAIL,ABSORBED_EMPTY/pNone;ABSORBED_EMPTY/pNone;ABSORBED_EMPTY/pNone,None;None;None,False,False
2,B>B.reqwrite~~|B>~.reqwriteB~,ABSORBED_FROZEN/pNone,PRE_FAIL,ABSORBED_EMPTY/pNone;ABSORBED_EMPTY/pNone;ABSORBED_EMPTY/pNone,None;None;None,False,False
2,B>B.reqwrite~~|B>~.reqwrite~A,ABSORBED_FROZEN/pNone,PRE_FAIL,ABSORBED_EMPTY/pNone;ABSORBED_EMPTY/pNone;ABSORBED_EMPTY/pNone,None;None;None,False,False
2,B>B.reqwrite~~|B>~.reqwrite~B,ABSORBED_FROZEN/pNone,PRE_FAIL,ABSORBED_EMPTY/pNone;ABSORBED_EMPTY/pNone;ABSORBED_EMPTY/pNone,None;None;None,False,False
2,B>B.reqwrite~~|B>~.reqwrite~~,ABSORBED_FROZEN/pNone,PRE_FAIL,ABSORBED_EMPTY/pNone;ABSORBED_EMPTY/pNone;ABSORBED_EMPTY/pNone,None;None;None,False,False
2,B>B.reqwrite~~|B>~.req~,ABSORBED_FROZEN/pNone,PRE_FAIL,ABSORBED_EMPTY/pNone;ABSORBED_EMPTY/pNone;ABSORBED_EMPTY/pNone,None;None;None,False,False
2,B>B.reqwrite~~|B>~.self,ABSORBED_FROZEN/pNone,PRE_FAIL,ABSORBED_EMPTY/pNone;ABSORBED_EMPTY/pNone;ABSORBED_EMPTY/pNone,None;None;None,False,False
2,B>B.reqwrite~~|B>~.writeA,ABSORBED_FROZEN/pNone,PRE_FAIL,ABSORBED_EMPTY/pNone;ABSORBED_EMPTY/pNone;ABSORBED_EMPTY/pNone,None;None;None,False,False
2,B>B.reqwrite~~|B>~.writeB,ABSORBED_FROZEN/pNone,PRE_FAIL,ABSORBED_EMPTY/pNone;ABSORBED_EMPTY/pNone;ABSORBED_EMPTY/pNone,None;None;None,False,False
2,B>B.reqwrite~~|B>~.write~,ABSORBED_FROZEN/pNone,PRE_FAIL,ABSORBED_EMPTY/pNone;ABSORBED_EMPTY/pNone;ABSORBED_EMPTY/pNone,None;None;None,False,False
2,B>B.req~|B>B.reqwriteAA,ABSORBED_FROZEN/pNone,PRE_FAIL,ABSORBED_EMPTY/pNone;ABSORBED_EMPTY/pNone;ABSORBED_EMPTY/pNone,None;None;None,False,False
2,B>B.req~|B>B.reqwriteAB,ABSORBED_FROZEN/pNone,PRE_FAIL,ABSORBED_EMPTY/pNone;ABSORBED_EMPTY/pNone;ABSORBED_EMPTY/pNone,None;None;None,False,False
2,B>B.req~|B>B.reqwriteA~,ABSORBED_FROZEN/pNone,PRE_FAIL,ABSORBED_EMPTY/pNone;ABSORBED_EMPTY/pNone;ABSORBED_EMPTY/pNone,None;None;None,False,False
2,B>B.req~|B>B.reqwriteBA,ABSORBED_FROZEN/pNone,PRE_FAIL,ABSORBED_EMPTY/pNone;ABSORBED_EMPTY/pNone;ABSORBED_EMPTY/pNone,None;None;None,False,False
2,B>B.req~|B>B.reqwriteBB,ABSORBED_FROZEN/pNone,PRE_FAIL,ABSORBED_EMPTY/pNone;ABSORBED_EMPTY/pNone;ABSORBED_EMPTY/pNone,None;None;None,False,False
2,B>B.req~|B>B.reqwriteB~,ABSORBED_FROZEN/pNone,PRE_FAIL,ABSORBED_EMPTY/pNone;ABSORBED_EMPTY/pNone;ABSORBED_EMPTY/pNone,None;None;None,False,False
2,B>B.req~|B>B.reqwrite~A,ABSORBED_FROZEN/pNone,PRE_FAIL,ABSORBED_EMPTY/pNone;ABSORBED_EMPTY/pNone;ABSORBED_EMPTY/pNone,None;None;None,False,False
2,B>B.req~|B>B.reqwrite~B,ABSORBED_FROZEN/pNone,PRE_FAIL,ABSORBED_EMPTY/pNone;ABSORBED_EMPTY/pNone;ABSORBED_EMPTY/pNone,None;None;None,False,False
2,B>B.req~|B>B.reqwrite~~,ABSORBED_FROZEN/pNone,PRE_FAIL,ABSORBED_EMPTY/pNone;ABSORBED_EMPTY/pNone;ABSORBED_EMPTY/pNone,None;None;None,False,False
2,B>B.req~|B>B.self,ABSORBED_FROZEN/pNone,PRE_FAIL,ABSORBED_EMPTY/pNone;ABSORBED_EMPTY/pNone;ABSORBED_EMPTY/pNone,None;None;None,False,False
2,B>B.req~|B>B.writeA,ABSORBED_FROZEN/pNone,PRE_FAIL,ABSORBED_EMPTY/pNone;ABSORBED_EMPTY/pNone;ABSORBED_EMPTY/pNone,None;None;None,False,False
2,B>B.req~|B>B.writeB,ABSORBED_FROZEN/pNone,PRE_FAIL,ABSORBED_EMPTY/pNone;ABSORBED_EMPTY/pNone;ABSORBED_EMPTY/pNone,None;None;None,False,False
2,B>B.req~|B>B.write~,ABSORBED_FROZEN/pNone,PRE_FAIL,ABSORBED_EMPTY/pNone;ABSORBED_EMPTY/pNone;ABSORBED_EMPTY/pNone,None;None;None,False,False
2,B>B.req~|B>~.reqA,ABSORBED_FROZEN/pNone,PRE_FAIL,ABSORBED_EMPTY/pNone;ABSORBED_EMPTY/pNone;ABSORBED_EMPTY/pNone,None;None;None,False,False
2,B>B.req~|B>~.reqB,ABSORBED_FROZEN/pNone,PRE_FAIL,ABSORBED_EMPTY/pNone;ABSORBED_EMPTY/pNone;ABSORBED_EMPTY/pNone,None;None;None,False,False
2,B>B.req~|B>~.reqwriteAA,ABSORBED_FROZEN/pNone,PRE_FAIL,ABSORBED_EMPTY/pNone;ABSORBED_EMPTY/pNone;ABSORBED_EMPTY/pNone,None;None;None,False,False
2,B>B.req~|B>~.reqwriteAB,ABSORBED_FROZEN/pNone,PRE_FAIL,ABSORBED_EMPTY/pNone;ABSORBED_EMPTY/pNone;ABSORBED_EMPTY/pNone,None;None;None,False,False
2,B>B.req~|B>~.reqwriteA~,ABSORBED_FROZEN/pNone,PRE_FAIL,ABSORBED_EMPTY/pNone;ABSORBED_EMPTY/pNone;ABSORBED_EMPTY/pNone,None;None;None,False,False
2,B>B.req~|B>~.reqwriteBA,ABSORBED_FROZEN/pNone,PRE_FAIL,ABSORBED_EMPTY/pNone;ABSORBED_EMPTY/pNone;ABSORBED_EMPTY/pNone,None;None;None,False,False
2,B>B.req~|B>~.reqwriteBB,ABSORBED_FROZEN/pNone,PRE_FAIL,ABSORBED_EMPTY/pNone;ABSORBED_EMPTY/pNone;ABSORBED_EMPTY/pNone,None;None;None,False,False
2,B>B.req~|B>~.reqwriteB~,ABSORBED_FROZEN/pNone,PRE_FAIL,ABSORBED_EMPTY/pNone;ABSORBED_EMPTY/pNone;ABSORBED_EMPTY/pNone,None;None;None,False,False
2,B>B.req~|B>~.reqwrite~A,ABSORBED_FROZEN/pNone,PRE_FAIL,ABSORBED_EMPTY/pNone;ABSORBED_EMPTY/pNone;ABSORBED_EMPTY/pNone,None;None;None,False,False
2,B>B.req~|B>~.reqwrite~B,ABSORBED_FROZEN/pNone,PRE_FAIL,ABSORBED_EMPTY/pNone;ABSORBED_EMPTY/pNone;ABSORBED_EMPTY/pNone,None;None;None,False,False
2,B>B.req~|B>~.reqwrite~~,ABSORBED_FROZEN/pNone,PRE_FAIL,ABSORBED_EMPTY/pNone;ABSORBED_EMPTY/pNone;ABSORBED_EMPTY/pNone,None;None;None,False,False
2,B>B.req~|B>~.req~,ABSORBED_FROZEN/pNone,PRE_FAIL,ABSORBED_EMPTY/pNone;ABSORBED_EMPTY/pNone;ABSORBED_EMPTY/pNone,None;None;None,False,False
2,B>B.req~|B>~.self,ABSORBED_FROZEN/pNone,PRE_FAIL,ABSORBED_EMPTY/pNone;ABSORBED_EMPTY/pNone;ABSORBED_EMPTY/pNone,None;None;None,False,False
2,B>B.req~|B>~.writeA,ABSORBED_FROZEN/pNone,PRE_FAIL,ABSORBED_EMPTY/pNone;ABSORBED_EMPTY/pNone;ABSORBED_EMPTY/pNone,None;None;None,False,False
2,B>B.req~|B>~.writeB,ABSORBED_FROZEN/pNone,PRE_FAIL,ABSORBED_EMPTY/pNone;ABSORBED_EMPTY/pNone;ABSORBED_EMPTY/pNone,None;None;None,False,False
2,B>B.req~|B>~.write~,ABSORBED_FROZEN/pNone,PRE_FAIL,ABSORBED_EMPTY/pNone;ABSORBED_EMPTY/pNone;ABSORBED_EMPTY/pNone,None;None;None,False,False
2,B>B.self|B>B.writeA,ABSORBED_FROZEN/pNone,PRE_FAIL,ABSORBED_EMPTY/pNone;ABSORBED_EMPTY/pNone;ABSORBED_EMPTY/pNone,None;None;None,False,False
2,B>B.self|B>B.writeB,ABSORBED_FROZEN/pNone,PRE_FAIL,ABSORBED_EMPTY/pNone;ABSORBED_EMPTY/pNone;ABSORBED_EMPTY/pNone,None;None;None,False,False
2,B>B.self|B>B.write~,ABSORBED_FROZEN/pNone,PRE_FAIL,ABSORBED_EMPTY/pNone;ABSORBED_EMPTY/pNone;ABSORBED_EMPTY/pNone,None;None;None,False,False
2,B>B.self|B>~.reqA,ABSORBED_FROZEN/pNone,PRE_FAIL,ABSORBED_EMPTY/pNone;ABSORBED_EMPTY/pNone;ABSORBED_EMPTY/pNone,None;None;None,False,False
2,B>B.self|B>~.reqB,ABSORBED_FROZEN/pNone,PRE_FAIL,ABSORBED_EMPTY/pNone;ABSORBED_EMPTY/pNone;ABSORBED_EMPTY/pNone,None;None;None,False,False
2,B>B.self|B>~.reqwriteAA,ABSORBED_FROZEN/pNone,PRE_FAIL,ABSORBED_EMPTY/pNone;ABSORBED_EMPTY/pNone;ABSORBED_EMPTY/pNone,None;None;None,False,False
2,B>B.self|B>~.reqwriteAB,ABSORBED_FROZEN/pNone,PRE_FAIL,ABSORBED_EMPTY/pNone;ABSORBED_EMPTY/pNone;ABSORBED_EMPTY/pNone,None;None;None,False,False
2,B>B.self|B>~.reqwriteA~,ABSORBED_FROZEN/pNone,PRE_FAIL,ABSORBED_EMPTY/pNone;ABSORBED_EMPTY/pNone;ABSORBED_EMPTY/pNone,None;None;None,False,False
2,B>B.self|B>~.reqwriteBA,ABSORBED_FROZEN/pNone,PRE_FAIL,ABSORBED_EMPTY/pNone;ABSORBED_EMPTY/pNone;ABSORBED_EMPTY/pNone,None;None;None,False,False
2,B>B.self|B>~.reqwriteBB,ABSORBED_FROZEN/pNone,PRE_FAIL,ABSORBED_EMPTY/pNone;ABSORBED_EMPTY/pNone;ABSORBED_EMPTY/pNone,None;None;None,False,False
2,B>B.self|B>~.reqwriteB~,ABSORBED_FROZEN/pNone,PRE_FAIL,ABSORBED_EMPTY/pNone;ABSORBED_EMPTY/pNone;ABSORBED_EMPTY/pNone,None;None;None,False,False
2,B>B.self|B>~.reqwrite~A,ABSORBED_FROZEN/pNone,PRE_FAIL,ABSORBED_EMPTY/pNone;ABSORBED_EMPTY/pNone;ABSORBED_EMPTY/pNone,None;None;None,False,False
2,B>B.self|B>~.reqwrite~B,ABSORBED_FROZEN/pNone,PRE_FAIL,ABSORBED_EMPTY/pNone;ABSORBED_EMPTY/pNone;ABSORBED_EMPTY/pNone,None;None;None,False,False
2,B>B.self|B>~.reqwrite~~,ABSORBED_FROZEN/pNone,PRE_FAIL,ABSORBED_EMPTY/pNone;ABSORBED_EMPTY/pNone;ABSORBED_EMPTY/pNone,None;None;None,False,False
2,B>B.self|B>~.req~,ABSORBED_FROZEN/pNone,PRE_FAIL,ABSORBED_EMPTY/pNone;ABSORBED_EMPTY/pNone;ABSORBED_EMPTY/pNone,None;None;None,False,False
2,B>B.self|B>~.self,ABSORBED_FROZEN/pNone,PRE_FAIL,ABSORBED_EMPTY/pNone;ABSORBED_EMPTY/pNone;ABSORBED_EMPTY/pNone,None;None;None,False,False
2,B>B.self|B>~.writeA,ABSORBED_FROZEN/pNone,PRE_FAIL,ABSORBED_EMPTY/pNone;ABSORBED_EMPTY/pNone;ABSORBED_EMPTY/pNone,None;None;None,False,False
2,B>B.self|B>~.writeB,ABSORBED_FROZEN/pNone,PRE_FAIL,ABSORBED_EMPTY/pNone;ABSORBED_EMPTY/pNone;ABSORBED_EMPTY/pNone,None;None;None,False,False
2,B>B.self|B>~.write~,ABSORBED_FROZEN/pNone,PRE_FAIL,ABSORBED_EMPTY/pNone;ABSORBED_EMPTY/pNone;ABSORBED_EMPTY/pNone,None;None;None,False,False
2,B>B.writeA|B>B.writeB,ABSORBED_FROZEN/pNone,PRE_FAIL,ABSORBED_EMPTY/pNone;ABSORBED_EMPTY/pNone;ABSORBED_EMPTY/pNone,None;None;None,False,False
2,B>B.writeA|B>B.write~,ABSORBED_FROZEN/pNone,PRE_FAIL,ABSORBED_EMPTY/pNone;ABSORBED_EMPTY/pNone;ABSORBED_EMPTY/pNone,None;None;None,False,False
2,B>B.writeA|B>~.reqA,ABSORBED_FROZEN/pNone,PRE_FAIL,ABSORBED_EMPTY/pNone;ABSORBED_EMPTY/pNone;ABSORBED_EMPTY/pNone,None;None;None,False,False
2,B>B.writeA|B>~.reqB,ABSORBED_FROZEN/pNone,PRE_FAIL,ABSORBED_EMPTY/pNone;ABSORBED_EMPTY/pNone;ABSORBED_EMPTY/pNone,None;None;None,False,False
2,B>B.writeA|B>~.reqwriteAA,ABSORBED_FROZEN/pNone,PRE_FAIL,ABSORBED_EMPTY/pNone;ABSORBED_EMPTY/pNone;ABSORBED_EMPTY/pNone,None;None;None,False,False
2,B>B.writeA|B>~.reqwriteAB,ABSORBED_FROZEN/pNone,PRE_FAIL,ABSORBED_EMPTY/pNone;ABSORBED_EMPTY/pNone;ABSORBED_EMPTY/pNone,None;None;None,False,False
2,B>B.writeA|B>~.reqwriteA~,ABSORBED_FROZEN/pNone,PRE_FAIL,ABSORBED_EMPTY/pNone;ABSORBED_EMPTY/pNone;ABSORBED_EMPTY/pNone,None;None;None,False,False
2,B>B.writeA|B>~.reqwriteBA,ABSORBED_FROZEN/pNone,PRE_FAIL,ABSORBED_EMPTY/pNone;ABSORBED_EMPTY/pNone;ABSORBED_EMPTY/pNone,None;None;None,False,False
2,B>B.writeA|B>~.reqwriteBB,ABSORBED_FROZEN/pNone,PRE_FAIL,ABSORBED_EMPTY/pNone;ABSORBED_EMPTY/pNone;ABSORBED_EMPTY/pNone,None;None;None,False,False
2,B>B.writeA|B>~.reqwriteB~,ABSORBED_FROZEN/pNone,PRE_FAIL,ABSORBED_EMPTY/pNone;ABSORBED_EMPTY/pNone;ABSORBED_EMPTY/pNone,None;None;None,False,False
2,B>B.writeA|B>~.reqwrite~A,ABSORBED_FROZEN/pNone,PRE_FAIL,ABSORBED_EMPTY/pNone;ABSORBED_EMPTY/pNone;ABSORBED_EMPTY/pNone,None;None;None,False,False
2,B>B.writeA|B>~.reqwrite~B,ABSORBED_FROZEN/pNone,PRE_FAIL,ABSORBED_EMPTY/pNone;ABSORBED_EMPTY/pNone;ABSORBED_EMPTY/pNone,None;None;None,False,False
2,B>B.writeA|B>~.reqwrite~~,ABSORBED_FROZEN/pNone,PRE_FAIL,ABSORBED_EMPTY/pNone;ABSORBED_EMPTY/pNone;ABSORBED_EMPTY/pNone,None;None;None,False,False
2,B>B.writeA|B>~.req~,ABSORBED_FROZEN/pNone,PRE_FAIL,ABSORBED_EMPTY/pNone;ABSORBED_EMPTY/pNone;ABSORBED_EMPTY/pNone,None;None;None,False,False
2,B>B.writeA|B>~.self,ABSORBED_FROZEN/pNone,PRE_FAIL,ABSORBED_EMPTY/pNone;ABSORBED_EMPTY/pNone;ABSORBED_EMPTY/pNone,None;None;None,False,False
2,B>B.writeA|B>~.writeA,ABSORBED_FROZEN/pNone,PRE_FAIL,ABSORBED_EMPTY/pNone;ABSORBED_EMPTY/pNone;ABSORBED_EMPTY/pNone,None;None;None,False,False
2,B>B.writeA|B>~.writeB,ABSORBED_FROZEN/pNone,PRE_FAIL,ABSORBED_EMPTY/pNone;ABSORBED_EMPTY/pNone;ABSORBED_EMPTY/pNone,None;None;None,False,False
2,B>B.writeA|B>~.write~,ABSORBED_FROZEN/pNone,PRE_FAIL,ABSORBED_EMPTY/pNone;ABSORBED_EMPTY/pNone;ABSORBED_EMPTY/pNone,None;None;None,False,False
2,B>B.writeB|B>B.write~,ABSORBED_FROZEN/pNone,PRE_FAIL,ABSORBED_EMPTY/pNone;ABSORBED_EMPTY/pNone;ABSORBED_EMPTY/pNone,None;None;None,False,False
2,B>B.writeB|B>~.reqA,ABSORBED_FROZEN/pNone,PRE_FAIL,ABSORBED_EMPTY/pNone;ABSORBED_EMPTY/pNone;ABSORBED_EMPTY/pNone,None;None;None,False,False
2,B>B.writeB|B>~.reqB,ABSORBED_FROZEN/pNone,PRE_FAIL,ABSORBED_EMPTY/pNone;ABSORBED_EMPTY/pNone;ABSORBED_EMPTY/pNone,None;None;None,False,False
2,B>B.writeB|B>~.reqwriteAA,ABSORBED_FROZEN/pNone,PRE_FAIL,ABSORBED_EMPTY/pNone;ABSORBED_EMPTY/pNone;ABSORBED_EMPTY/pNone,None;None;None,False,False
2,B>B.writeB|B>~.reqwriteAB,ABSORBED_FROZEN/pNone,PRE_FAIL,ABSORBED_EMPTY/pNone;ABSORBED_EMPTY/pNone;ABSORBED_EMPTY/pNone,None;None;None,False,False
2,B>B.writeB|B>~.reqwriteA~,ABSORBED_FROZEN/pNone,PRE_FAIL,ABSORBED_EMPTY/pNone;ABSORBED_EMPTY/pNone;ABSORBED_EMPTY/pNone,None;None;None,False,False
2,B>B.writeB|B>~.reqwriteBA,ABSORBED_FROZEN/pNone,PRE_FAIL,ABSORBED_EMPTY/pNone;ABSORBED_EMPTY/pNone;ABSORBED_EMPTY/pNone,None;None;None,False,False
2,B>B.writeB|B>~.reqwriteBB,ABSORBED_FROZEN/pNone,PRE_FAIL,ABSORBED_EMPTY/pNone;ABSORBED_EMPTY/pNone;ABSORBED_EMPTY/pNone,None;None;None,False,False
2,B>B.writeB|B>~.reqwriteB~,ABSORBED_FROZEN/pNone,PRE_FAIL,ABSORBED_EMPTY/pNone;ABSORBED_EMPTY/pNone;ABSORBED_EMPTY/pNone,None;None;None,False,False
2,B>B.writeB|B>~.reqwrite~A,ABSORBED_FROZEN/pNone,PRE_FAIL,ABSORBED_EMPTY/pNone;ABSORBED_EMPTY/pNone;ABSORBED_EMPTY/pNone,None;None;None,False,False
2,B>B.writeB|B>~.reqwrite~B,ABSORBED_FROZEN/pNone,PRE_FAIL,ABSORBED_EMPTY/pNone;ABSORBED_EMPTY/pNone;ABSORBED_EMPTY/pNone,None;None;None,False,False
2,B>B.writeB|B>~.reqwrite~~,ABSORBED_FROZEN/pNone,PRE_FAIL,ABSORBED_EMPTY/pNone;ABSORBED_EMPTY/pNone;ABSORBED_EMPTY/pNone,None;None;None,False,False
2,B>B.writeB|B>~.req~,ABSORBED_FROZEN/pNone,PRE_FAIL,ABSORBED_EMPTY/pNone;ABSORBED_EMPTY/pNone;ABSORBED_EMPTY/pNone,None;None;None,False,False
2,B>B.writeB|B>~.self,ABSORBED_FROZEN/pNone,PRE_FAIL,ABSORBED_EMPTY/pNone;ABSORBED_EMPTY/pNone;ABSORBED_EMPTY/pNone,None;None;None,False,False
2,B>B.writeB|B>~.writeA,ABSORBED_FROZEN/pNone,PRE_FAIL,ABSORBED_EMPTY/pNone;ABSORBED_EMPTY/pNone;ABSORBED_EMPTY/pNone,None;None;None,False,False
2,B>B.writeB|B>~.writeB,ABSORBED_FROZEN/pNone,PRE_FAIL,ABSORBED_EMPTY/pNone;ABSORBED_EMPTY/pNone;ABSORBED_EMPTY/pNone,None;None;None,False,False
2,B>B.writeB|B>~.write~,ABSORBED_FROZEN/pNone,PRE_FAIL,ABSORBED_EMPTY/pNone;ABSORBED_EMPTY/pNone;ABSORBED_EMPTY/pNone,None;None;None,False,False
2,B>B.write~|B>~.reqA,ABSORBED_FROZEN/pNone,PRE_FAIL,ABSORBED_EMPTY/pNone;ABSORBED_EMPTY/pNone;ABSORBED_EMPTY/pNone,None;None;None,False,False
2,B>B.write~|B>~.reqB,ABSORBED_FROZEN/pNone,PRE_FAIL,ABSORBED_EMPTY/pNone;ABSORBED_EMPTY/pNone;ABSORBED_EMPTY/pNone,None;None;None,False,False
2,B>B.write~|B>~.reqwriteAA,ABSORBED_FROZEN/pNone,PRE_FAIL,ABSORBED_EMPTY/pNone;ABSORBED_EMPTY/pNone;ABSORBED_EMPTY/pNone,None;None;None,False,False
2,B>B.write~|B>~.reqwriteAB,ABSORBED_FROZEN/pNone,PRE_FAIL,ABSORBED_EMPTY/pNone;ABSORBED_EMPTY/pNone;ABSORBED_EMPTY/pNone,None;None;None,False,False
2,B>B.write~|B>~.reqwriteA~,ABSORBED_FROZEN/pNone,PRE_FAIL,ABSORBED_EMPTY/pNone;ABSORBED_EMPTY/pNone;ABSORBED_EMPTY/pNone,None;None;None,False,False
2,B>B.write~|B>~.reqwriteBA,ABSORBED_FROZEN/pNone,PRE_FAIL,ABSORBED_EMPTY/pNone;ABSORBED_EMPTY/pNone;ABSORBED_EMPTY/pNone,None;None;None,False,False
2,B>B.write~|B>~.reqwriteBB,ABSORBED_FROZEN/pNone,PRE_FAIL,ABSORBED_EMPTY/pNone;ABSORBED_EMPTY/pNone;ABSORBED_EMPTY/pNone,None;None;None,False,False
2,B>B.write~|B>~.reqwriteB~,ABSORBED_FROZEN/pNone,PRE_FAIL,ABSORBED_EMPTY/pNone;ABSORBED_EMPTY/pNone;ABSORBED_EMPTY/pNone,None;None;None,False,False
2,B>B.write~|B>~.reqwrite~A,ABSORBED_FROZEN/pNone,PRE_FAIL,ABSORBED_EMPTY/pNone;ABSORBED_EMPTY/pNone;ABSORBED_EMPTY/pNone,None;None;None,False,False
2,B>B.write~|B>~.reqwrite~B,ABSORBED_FROZEN/pNone,PRE_FAIL,ABSORBED_EMPTY/pNone;ABSORBED_EMPTY/pNone;ABSORBED_EMPTY/pNone,None;None;None,False,False
2,B>B.write~|B>~.reqwrite~~,ABSORBED_FROZEN/pNone,PRE_FAIL,ABSORBED_EMPTY/pNone;ABSORBED_EMPTY/pNone;ABSORBED_EMPTY/pNone,None;None;None,False,False
2,B>B.write~|B>~.req~,ABSORBED_FROZEN/pNone,PRE_FAIL,ABSORBED_EMPTY/pNone;ABSORBED_EMPTY/pNone;ABSORBED_EMPTY/pNone,None;None;None,False,False
2,B>B.write~|B>~.self,ABSORBED_FROZEN/pNone,PRE_FAIL,ABSORBED_EMPTY/pNone;ABSORBED_EMPTY/pNone;ABSORBED_EMPTY/pNone,None;None;None,False,False
2,B>B.write~|B>~.writeA,ABSORBED_FROZEN/pNone,PRE_FAIL,ABSORBED_EMPTY/pNone;ABSORBED_EMPTY/pNone;ABSORBED_EMPTY/pNone,None;None;None,False,False
2,B>B.write~|B>~.writeB,ABSORBED_FROZEN/pNone,PRE_FAIL,ABSORBED_EMPTY/pNone;ABSORBED_EMPTY/pNone;ABSORBED_EMPTY/pNone,None;None;None,False,False
2,B>B.write~|B>~.write~,ABSORBED_FROZEN/pNone,PRE_FAIL,ABSORBED_EMPTY/pNone;ABSORBED_EMPTY/pNone;ABSORBED_EMPTY/pNone,None;None;None,False,False
2,B>~.reqA|B>~.reqB,ABSORBED_FROZEN/pNone,PRE_FAIL,ABSORBED_EMPTY/pNone;ABSORBED_EMPTY/pNone;ABSORBED_EMPTY/pNone,None;None;None,False,False
2,B>~.reqA|B>~.reqwriteAA,ABSORBED_FROZEN/pNone,PRE_FAIL,ABSORBED_EMPTY/pNone;ABSORBED_EMPTY/pNone;ABSORBED_EMPTY/pNone,None;None;None,False,False
2,B>~.reqA|B>~.reqwriteAB,ABSORBED_FROZEN/pNone,PRE_FAIL,ABSORBED_EMPTY/pNone;ABSORBED_EMPTY/pNone;ABSORBED_EMPTY/pNone,None;None;None,False,False
2,B>~.reqA|B>~.reqwriteA~,ABSORBED_FROZEN/pNone,PRE_FAIL,ABSORBED_EMPTY/pNone;ABSORBED_EMPTY/pNone;ABSORBED_EMPTY/pNone,None;None;None,False,False
2,B>~.reqA|B>~.reqwriteBA,ABSORBED_FROZEN/pNone,PRE_FAIL,ABSORBED_EMPTY/pNone;ABSORBED_EMPTY/pNone;ABSORBED_EMPTY/pNone,None;None;None,False,False
2,B>~.reqA|B>~.reqwriteBB,ABSORBED_FROZEN/pNone,PRE_FAIL,ABSORBED_EMPTY/pNone;ABSORBED_EMPTY/pNone;ABSORBED_EMPTY/pNone,None;None;None,False,False
2,B>~.reqA|B>~.reqwriteB~,ABSORBED_FROZEN/pNone,PRE_FAIL,ABSORBED_EMPTY/pNone;ABSORBED_EMPTY/pNone;ABSORBED_EMPTY/pNone,None;None;None,False,False
2,B>~.reqA|B>~.reqwrite~A,ABSORBED_FROZEN/pNone,PRE_FAIL,ABSORBED_EMPTY/pNone;ABSORBED_EMPTY/pNone;ABSORBED_EMPTY/pNone,None;None;None,False,False
2,B>~.reqA|B>~.reqwrite~B,ABSORBED_FROZEN/pNone,PRE_FAIL,ABSORBED_EMPTY/pNone;ABSORBED_EMPTY/pNone;ABSORBED_EMPTY/pNone,None;None;None,False,False
2,B>~.reqA|B>~.reqwrite~~,ABSORBED_FROZEN/pNone,PRE_FAIL,ABSORBED_EMPTY/pNone;ABSORBED_EMPTY/pNone;ABSORBED_EMPTY/pNone,None;None;None,False,False
2,B>~.reqA|B>~.req~,ABSORBED_FROZEN/pNone,PRE_FAIL,ABSORBED_EMPTY/pNone;ABSORBED_EMPTY/pNone;ABSORBED_EMPTY/pNone,None;None;None,False,False
2,B>~.reqA|B>~.self,ABSORBED_FROZEN/pNone,PRE_FAIL,ABSORBED_EMPTY/pNone;ABSORBED_EMPTY/pNone;ABSORBED_EMPTY/pNone,None;None;None,False,False
2,B>~.reqA|B>~.writeA,ABSORBED_FROZEN/pNone,PRE_FAIL,ABSORBED_EMPTY/pNone;ABSORBED_EMPTY/pNone;ABSORBED_EMPTY/pNone,None;None;None,False,False
2,B>~.reqA|B>~.writeB,ABSORBED_FROZEN/pNone,PRE_FAIL,ABSORBED_EMPTY/pNone;ABSORBED_EMPTY/pNone;ABSORBED_EMPTY/pNone,None;None;None,False,False
2,B>~.reqA|B>~.write~,ABSORBED_FROZEN/pNone,PRE_FAIL,ABSORBED_EMPTY/pNone;ABSORBED_EMPTY/pNone;ABSORBED_EMPTY/pNone,None;None;None,False,False
2,B>~.reqB|B>~.reqwriteAA,ABSORBED_FROZEN/pNone,PRE_FAIL,ABSORBED_EMPTY/pNone;ABSORBED_EMPTY/pNone;ABSORBED_EMPTY/pNone,None;None;None,False,False
2,B>~.reqB|B>~.reqwriteAB,ABSORBED_FROZEN/pNone,PRE_FAIL,ABSORBED_EMPTY/pNone;ABSORBED_EMPTY/pNone;ABSORBED_EMPTY/pNone,None;None;None,False,False
2,B>~.reqB|B>~.reqwriteA~,ABSORBED_FROZEN/pNone,PRE_FAIL,ABSORBED_EMPTY/pNone;ABSORBED_EMPTY/pNone;ABSORBED_EMPTY/pNone,None;None;None,False,False
2,B>~.reqB|B>~.reqwriteBA,ABSORBED_FROZEN/pNone,PRE_FAIL,ABSORBED_EMPTY/pNone;ABSORBED_EMPTY/pNone;ABSORBED_EMPTY/pNone,None;None;None,False,False
2,B>~.reqB|B>~.reqwriteBB,ABSORBED_FROZEN/pNone,PRE_FAIL,ABSORBED_EMPTY/pNone;ABSORBED_EMPTY/pNone;ABSORBED_EMPTY/pNone,None;None;None,False,False
2,B>~.reqB|B>~.reqwriteB~,ABSORBED_FROZEN/pNone,PRE_FAIL,ABSORBED_EMPTY/pNone;ABSORBED_EMPTY/pNone;ABSORBED_EMPTY/pNone,None;None;None,False,False
2,B>~.reqB|B>~.reqwrite~A,ABSORBED_FROZEN/pNone,PRE_FAIL,ABSORBED_EMPTY/pNone;ABSORBED_EMPTY/pNone;ABSORBED_EMPTY/pNone,None;None;None,False,False
2,B>~.reqB|B>~.reqwrite~B,ABSORBED_FROZEN/pNone,PRE_FAIL,ABSORBED_EMPTY/pNone;ABSORBED_EMPTY/pNone;ABSORBED_EMPTY/pNone,None;None;None,False,False
2,B>~.reqB|B>~.reqwrite~~,ABSORBED_FROZEN/pNone,PRE_FAIL,ABSORBED_EMPTY/pNone;ABSORBED_EMPTY/pNone;ABSORBED_EMPTY/pNone,None;None;None,False,False
2,B>~.reqB|B>~.req~,ABSORBED_FROZEN/pNone,PRE_FAIL,ABSORBED_EMPTY/pNone;ABSORBED_EMPTY/pNone;ABSORBED_EMPTY/pNone,None;None;None,False,False
2,B>~.reqB|B>~.self,ABSORBED_FROZEN/pNone,PRE_FAIL,ABSORBED_EMPTY/pNone;ABSORBED_EMPTY/pNone;ABSORBED_EMPTY/pNone,None;None;None,False,False
2,B>~.reqB|B>~.writeA,ABSORBED_FROZEN/pNone,PRE_FAIL,ABSORBED_EMPTY/pNone;ABSORBED_EMPTY/pNone;ABSORBED_EMPTY/pNone,None;None;None,False,False
2,B>~.reqB|B>~.writeB,ABSORBED_FROZEN/pNone,PRE_FAIL,ABSORBED_EMPTY/pNone;ABSORBED_EMPTY/pNone;ABSORBED_EMPTY/pNone,None;None;None,False,False
2,B>~.reqB|B>~.write~,ABSORBED_FROZEN/pNone,PRE_FAIL,ABSORBED_EMPTY/pNone;ABSORBED_EMPTY/pNone;ABSORBED_EMPTY/pNone,None;None;None,False,False
2,B>~.reqwriteAA|B>~.reqwriteAB,ABSORBED_FROZEN/pNone,PRE_FAIL,ABSORBED_EMPTY/pNone;ABSORBED_EMPTY/pNone;ABSORBED_EMPTY/pNone,None;None;None,False,False
2,B>~.reqwriteAA|B>~.reqwriteA~,ABSORBED_FROZEN/pNone,PRE_FAIL,ABSORBED_EMPTY/pNone;ABSORBED_EMPTY/pNone;ABSORBED_EMPTY/pNone,None;None;None,False,False
2,B>~.reqwriteAA|B>~.reqwriteBA,ABSORBED_FROZEN/pNone,PRE_FAIL,ABSORBED_EMPTY/pNone;ABSORBED_EMPTY/pNone;ABSORBED_EMPTY/pNone,None;None;None,False,False
2,B>~.reqwriteAA|B>~.reqwriteBB,ABSORBED_FROZEN/pNone,PRE_FAIL,ABSORBED_EMPTY/pNone;ABSORBED_EMPTY/pNone;ABSORBED_EMPTY/pNone,None;None;None,False,False
2,B>~.reqwriteAA|B>~.reqwriteB~,ABSORBED_FROZEN/pNone,PRE_FAIL,ABSORBED_EMPTY/pNone;ABSORBED_EMPTY/pNone;ABSORBED_EMPTY/pNone,None;None;None,False,False
2,B>~.reqwriteAA|B>~.reqwrite~A,ABSORBED_FROZEN/pNone,PRE_FAIL,ABSORBED_EMPTY/pNone;ABSORBED_EMPTY/pNone;ABSORBED_EMPTY/pNone,None;None;None,False,False
2,B>~.reqwriteAA|B>~.reqwrite~B,ABSORBED_FROZEN/pNone,PRE_FAIL,ABSORBED_EMPTY/pNone;ABSORBED_EMPTY/pNone;ABSORBED_EMPTY/pNone,None;None;None,False,False
2,B>~.reqwriteAA|B>~.reqwrite~~,ABSORBED_FROZEN/pNone,PRE_FAIL,ABSORBED_EMPTY/pNone;ABSORBED_EMPTY/pNone;ABSORBED_EMPTY/pNone,None;None;None,False,False
2,B>~.reqwriteAA|B>~.self,ABSORBED_FROZEN/pNone,PRE_FAIL,ABSORBED_EMPTY/pNone;ABSORBED_EMPTY/pNone;ABSORBED_EMPTY/pNone,None;None;None,False,False
2,B>~.reqwriteAA|B>~.writeA,ABSORBED_FROZEN/pNone,PRE_FAIL,ABSORBED_EMPTY/pNone;ABSORBED_EMPTY/pNone;ABSORBED_EMPTY/pNone,None;None;None,False,False
2,B>~.reqwriteAA|B>~.writeB,ABSORBED_FROZEN/pNone,PRE_FAIL,ABSORBED_EMPTY/pNone;ABSORBED_EMPTY/pNone;ABSORBED_EMPTY/pNone,None;None;None,False,False
2,B>~.reqwriteAA|B>~.write~,ABSORBED_FROZEN/pNone,PRE_FAIL,ABSORBED_EMPTY/pNone;ABSORBED_EMPTY/pNone;ABSORBED_EMPTY/pNone,None;None;None,False,False
2,B>~.reqwriteAB|B>~.reqwriteA~,ABSORBED_FROZEN/pNone,PRE_FAIL,ABSORBED_EMPTY/pNone;ABSORBED_EMPTY/pNone;ABSORBED_EMPTY/pNone,None;None;None,False,False
2,B>~.reqwriteAB|B>~.reqwriteBA,ABSORBED_FROZEN/pNone,PRE_FAIL,ABSORBED_EMPTY/pNone;ABSORBED_EMPTY/pNone;ABSORBED_EMPTY/pNone,None;None;None,False,False
2,B>~.reqwriteAB|B>~.reqwriteBB,ABSORBED_FROZEN/pNone,PRE_FAIL,ABSORBED_EMPTY/pNone;ABSORBED_EMPTY/pNone;ABSORBED_EMPTY/pNone,None;None;None,False,False
2,B>~.reqwriteAB|B>~.reqwriteB~,ABSORBED_FROZEN/pNone,PRE_FAIL,ABSORBED_EMPTY/pNone;ABSORBED_EMPTY/pNone;ABSORBED_EMPTY/pNone,None;None;None,False,False
2,B>~.reqwriteAB|B>~.reqwrite~A,ABSORBED_FROZEN/pNone,PRE_FAIL,ABSORBED_EMPTY/pNone;ABSORBED_EMPTY/pNone;ABSORBED_EMPTY/pNone,None;None;None,False,False
2,B>~.reqwriteAB|B>~.reqwrite~B,ABSORBED_FROZEN/pNone,PRE_FAIL,ABSORBED_EMPTY/pNone;ABSORBED_EMPTY/pNone;ABSORBED_EMPTY/pNone,None;None;None,False,False
2,B>~.reqwriteAB|B>~.reqwrite~~,ABSORBED_FROZEN/pNone,PRE_FAIL,ABSORBED_EMPTY/pNone;ABSORBED_EMPTY/pNone;ABSORBED_EMPTY/pNone,None;None;None,False,False
2,B>~.reqwriteAB|B>~.self,ABSORBED_FROZEN/pNone,PRE_FAIL,ABSORBED_EMPTY/pNone;ABSORBED_EMPTY/pNone;ABSORBED_EMPTY/pNone,None;None;None,False,False
2,B>~.reqwriteAB|B>~.writeA,ABSORBED_FROZEN/pNone,PRE_FAIL,ABSORBED_EMPTY/pNone;ABSORBED_EMPTY/pNone;ABSORBED_EMPTY/pNone,None;None;None,False,False
2,B>~.reqwriteAB|B>~.writeB,ABSORBED_FROZEN/pNone,PRE_FAIL,ABSORBED_EMPTY/pNone;ABSORBED_EMPTY/pNone;ABSORBED_EMPTY/pNone,None;None;None,False,False
2,B>~.reqwriteAB|B>~.write~,ABSORBED_FROZEN/pNone,PRE_FAIL,ABSORBED_EMPTY/pNone;ABSORBED_EMPTY/pNone;ABSORBED_EMPTY/pNone,None;None;None,False,False
2,B>~.reqwriteA~|B>~.reqwriteBA,ABSORBED_FROZEN/pNone,PRE_FAIL,ABSORBED_EMPTY/pNone;ABSORBED_EMPTY/pNone;ABSORBED_EMPTY/pNone,None;None;None,False,False
2,B>~.reqwriteA~|B>~.reqwriteBB,ABSORBED_FROZEN/pNone,PRE_FAIL,ABSORBED_EMPTY/pNone;ABSORBED_EMPTY/pNone;ABSORBED_EMPTY/pNone,None;None;None,False,False
2,B>~.reqwriteA~|B>~.reqwriteB~,ABSORBED_FROZEN/pNone,PRE_FAIL,ABSORBED_EMPTY/pNone;ABSORBED_EMPTY/pNone;ABSORBED_EMPTY/pNone,None;None;None,False,False
2,B>~.reqwriteA~|B>~.reqwrite~A,ABSORBED_FROZEN/pNone,PRE_FAIL,ABSORBED_EMPTY/pNone;ABSORBED_EMPTY/pNone;ABSORBED_EMPTY/pNone,None;None;None,False,False
2,B>~.reqwriteA~|B>~.reqwrite~B,ABSORBED_FROZEN/pNone,PRE_FAIL,ABSORBED_EMPTY/pNone;ABSORBED_EMPTY/pNone;ABSORBED_EMPTY/pNone,None;None;None,False,False
2,B>~.reqwriteA~|B>~.reqwrite~~,ABSORBED_FROZEN/pNone,PRE_FAIL,ABSORBED_EMPTY/pNone;ABSORBED_EMPTY/pNone;ABSORBED_EMPTY/pNone,None;None;None,False,False
2,B>~.reqwriteA~|B>~.self,ABSORBED_FROZEN/pNone,PRE_FAIL,ABSORBED_EMPTY/pNone;ABSORBED_EMPTY/pNone;ABSORBED_EMPTY/pNone,None;None;None,False,False
2,B>~.reqwriteA~|B>~.writeA,ABSORBED_FROZEN/pNone,PRE_FAIL,ABSORBED_EMPTY/pNone;ABSORBED_EMPTY/pNone;ABSORBED_EMPTY/pNone,None;None;None,False,False
2,B>~.reqwriteA~|B>~.writeB,ABSORBED_FROZEN/pNone,PRE_FAIL,ABSORBED_EMPTY/pNone;ABSORBED_EMPTY/pNone;ABSORBED_EMPTY/pNone,None;None;None,False,False
2,B>~.reqwriteA~|B>~.write~,ABSORBED_FROZEN/pNone,PRE_FAIL,ABSORBED_EMPTY/pNone;ABSORBED_EMPTY/pNone;ABSORBED_EMPTY/pNone,None;None;None,False,False
2,B>~.reqwriteBA|B>~.reqwriteBB,ABSORBED_FROZEN/pNone,PRE_FAIL,ABSORBED_EMPTY/pNone;ABSORBED_EMPTY/pNone;ABSORBED_EMPTY/pNone,None;None;None,False,False
2,B>~.reqwriteBA|B>~.reqwriteB~,ABSORBED_FROZEN/pNone,PRE_FAIL,ABSORBED_EMPTY/pNone;ABSORBED_EMPTY/pNone;ABSORBED_EMPTY/pNone,None;None;None,False,False
2,B>~.reqwriteBA|B>~.reqwrite~A,ABSORBED_FROZEN/pNone,PRE_FAIL,ABSORBED_EMPTY/pNone;ABSORBED_EMPTY/pNone;ABSORBED_EMPTY/pNone,None;None;None,False,False
2,B>~.reqwriteBA|B>~.reqwrite~B,ABSORBED_FROZEN/pNone,PRE_FAIL,ABSORBED_EMPTY/pNone;ABSORBED_EMPTY/pNone;ABSORBED_EMPTY/pNone,None;None;None,False,False
2,B>~.reqwriteBA|B>~.reqwrite~~,ABSORBED_FROZEN/pNone,PRE_FAIL,ABSORBED_EMPTY/pNone;ABSORBED_EMPTY/pNone;ABSORBED_EMPTY/pNone,None;None;None,False,False
2,B>~.reqwriteBA|B>~.self,ABSORBED_FROZEN/pNone,PRE_FAIL,ABSORBED_EMPTY/pNone;ABSORBED_EMPTY/pNone;ABSORBED_EMPTY/pNone,None;None;None,False,False
2,B>~.reqwriteBA|B>~.writeA,ABSORBED_FROZEN/pNone,PRE_FAIL,ABSORBED_EMPTY/pNone;ABSORBED_EMPTY/pNone;ABSORBED_EMPTY/pNone,None;None;None,False,False
2,B>~.reqwriteBA|B>~.writeB,ABSORBED_FROZEN/pNone,PRE_FAIL,ABSORBED_EMPTY/pNone;ABSORBED_EMPTY/pNone;ABSORBED_EMPTY/pNone,None;None;None,False,False
2,B>~.reqwriteBA|B>~.write~,ABSORBED_FROZEN/pNone,PRE_FAIL,ABSORBED_EMPTY/pNone;ABSORBED_EMPTY/pNone;ABSORBED_EMPTY/pNone,None;None;None,False,False
2,B>~.reqwriteBB|B>~.reqwriteB~,ABSORBED_FROZEN/pNone,PRE_FAIL,ABSORBED_EMPTY/pNone;ABSORBED_EMPTY/pNone;ABSORBED_EMPTY/pNone,None;None;None,False,False
2,B>~.reqwriteBB|B>~.reqwrite~A,ABSORBED_FROZEN/pNone,PRE_FAIL,ABSORBED_EMPTY/pNone;ABSORBED_EMPTY/pNone;ABSORBED_EMPTY/pNone,None;None;None,False,False
2,B>~.reqwriteBB|B>~.reqwrite~B,ABSORBED_FROZEN/pNone,PRE_FAIL,ABSORBED_EMPTY/pNone;ABSORBED_EMPTY/pNone;ABSORBED_EMPTY/pNone,None;None;None,False,False
2,B>~.reqwriteBB|B>~.reqwrite~~,ABSORBED_FROZEN/pNone,PRE_FAIL,ABSORBED_EMPTY/pNone;ABSORBED_EMPTY/pNone;ABSORBED_EMPTY/pNone,None;None;None,False,False
2,B>~.reqwriteBB|B>~.self,ABSORBED_FROZEN/pNone,PRE_FAIL,ABSORBED_EMPTY/pNone;ABSORBED_EMPTY/pNone;ABSORBED_EMPTY/pNone,None;None;None,False,False
2,B>~.reqwriteBB|B>~.writeA,ABSORBED_FROZEN/pNone,PRE_FAIL,ABSORBED_EMPTY/pNone;ABSORBED_EMPTY/pNone;ABSORBED_EMPTY/pNone,None;None;None,False,False
2,B>~.reqwriteBB|B>~.writeB,ABSORBED_FROZEN/pNone,PRE_FAIL,ABSORBED_EMPTY/pNone;ABSORBED_EMPTY/pNone;ABSORBED_EMPTY/pNone,None;None;None,False,False
2,B>~.reqwriteBB|B>~.write~,ABSORBED_FROZEN/pNone,PRE_FAIL,ABSORBED_EMPTY/pNone;ABSORBED_EMPTY/pNone;ABSORBED_EMPTY/pNone,None;None;None,False,False
2,B>~.reqwriteB~|B>~.reqwrite~A,ABSORBED_FROZEN/pNone,PRE_FAIL,ABSORBED_EMPTY/pNone;ABSORBED_EMPTY/pNone;ABSORBED_EMPTY/pNone,None;None;None,False,False
2,B>~.reqwriteB~|B>~.reqwrite~B,ABSORBED_FROZEN/pNone,PRE_FAIL,ABSORBED_EMPTY/pNone;ABSORBED_EMPTY/pNone;ABSORBED_EMPTY/pNone,None;None;None,False,False
2,B>~.reqwriteB~|B>~.reqwrite~~,ABSORBED_FROZEN/pNone,PRE_FAIL,ABSORBED_EMPTY/pNone;ABSORBED_EMPTY/pNone;ABSORBED_EMPTY/pNone,None;None;None,False,False
2,B>~.reqwriteB~|B>~.self,ABSORBED_FROZEN/pNone,PRE_FAIL,ABSORBED_EMPTY/pNone;ABSORBED_EMPTY/pNone;ABSORBED_EMPTY/pNone,None;None;None,False,False
2,B>~.reqwriteB~|B>~.writeA,ABSORBED_FROZEN/pNone,PRE_FAIL,ABSORBED_EMPTY/pNone;ABSORBED_EMPTY/pNone;ABSORBED_EMPTY/pNone,None;None;None,False,False
2,B>~.reqwriteB~|B>~.writeB,ABSORBED_FROZEN/pNone,PRE_FAIL,ABSORBED_EMPTY/pNone;ABSORBED_EMPTY/pNone;ABSORBED_EMPTY/pNone,None;None;None,False,False
2,B>~.reqwriteB~|B>~.write~,ABSORBED_FROZEN/pNone,PRE_FAIL,ABSORBED_EMPTY/pNone;ABSORBED_EMPTY/pNone;ABSORBED_EMPTY/pNone,None;None;None,False,False
2,B>~.reqwrite~A|B>~.reqwrite~B,ABSORBED_FROZEN/pNone,PRE_FAIL,ABSORBED_EMPTY/pNone;ABSORBED_EMPTY/pNone;ABSORBED_EMPTY/pNone,None;None;None,False,False
2,B>~.reqwrite~A|B>~.reqwrite~~,ABSORBED_FROZEN/pNone,PRE_FAIL,ABSORBED_EMPTY/pNone;ABSORBED_EMPTY/pNone;ABSORBED_EMPTY/pNone,None;None;None,False,False
2,B>~.reqwrite~A|B>~.self,ABSORBED_FROZEN/pNone,PRE_FAIL,ABSORBED_EMPTY/pNone;ABSORBED_EMPTY/pNone;ABSORBED_EMPTY/pNone,None;None;None,False,False
2,B>~.reqwrite~A|B>~.writeA,ABSORBED_FROZEN/pNone,PRE_FAIL,ABSORBED_EMPTY/pNone;ABSORBED_EMPTY/pNone;ABSORBED_EMPTY/pNone,None;None;None,False,False
2,B>~.reqwrite~A|B>~.writeB,ABSORBED_FROZEN/pNone,PRE_FAIL,ABSORBED_EMPTY/pNone;ABSORBED_EMPTY/pNone;ABSORBED_EMPTY/pNone,None;None;None,False,False
2,B>~.reqwrite~A|B>~.write~,ABSORBED_FROZEN/pNone,PRE_FAIL,ABSORBED_EMPTY/pNone;ABSORBED_EMPTY/pNone;ABSORBED_EMPTY/pNone,None;None;None,False,False
2,B>~.reqwrite~B|B>~.reqwrite~~,ABSORBED_FROZEN/pNone,PRE_FAIL,ABSORBED_EMPTY/pNone;ABSORBED_EMPTY/pNone;ABSORBED_EMPTY/pNone,None;None;None,False,False
2,B>~.reqwrite~B|B>~.self,ABSORBED_FROZEN/pNone,PRE_FAIL,ABSORBED_EMPTY/pNone;ABSORBED_EMPTY/pNone;ABSORBED_EMPTY/pNone,None;None;None,False,False
2,B>~.reqwrite~B|B>~.writeA,ABSORBED_FROZEN/pNone,PRE_FAIL,ABSORBED_EMPTY/pNone;ABSORBED_EMPTY/pNone;ABSORBED_EMPTY/pNone,None;None;None,False,False
2,B>~.reqwrite~B|B>~.writeB,ABSORBED_FROZEN/pNone,PRE_FAIL,ABSORBED_EMPTY/pNone;ABSORBED_EMPTY/pNone;ABSORBED_EMPTY/pNone,None;None;None,False,False
2,B>~.reqwrite~B|B>~.write~,ABSORBED_FROZEN/pNone,PRE_FAIL,ABSORBED_EMPTY/pNone;ABSORBED_EMPTY/pNone;ABSORBED_EMPTY/pNone,None;None;None,False,False
2,B>~.reqwrite~~|B>~.self,ABSORBED_FROZEN/pNone,PRE_FAIL,ABSORBED_EMPTY/pNone;ABSORBED_EMPTY/pNone;ABSORBED_EMPTY/pNone,None;None;None,False,False
2,B>~.reqwrite~~|B>~.writeA,ABSORBED_FROZEN/pNone,PRE_FAIL,ABSORBED_EMPTY/pNone;ABSORBED_EMPTY/pNone;ABSORBED_EMPTY/pNone,None;None;None,False,False
2,B>~.reqwrite~~|B>~.writeB,ABSORBED_FROZEN/pNone,PRE_FAIL,ABSORBED_EMPTY/pNone;ABSORBED_EMPTY/pNone;ABSORBED_EMPTY/pNone,None;None;None,False,False
2,B>~.reqwrite~~|B>~.write~,ABSORBED_FROZEN/pNone,PRE_FAIL,ABSORBED_EMPTY/pNone;ABSORBED_EMPTY/pNone;ABSORBED_EMPTY/pNone,None;None;None,False,False
2,B>~.req~|B>~.reqwriteAA,ABSORBED_FROZEN/pNone,PRE_FAIL,ABSORBED_EMPTY/pNone;ABSORBED_EMPTY/pNone;ABSORBED_EMPTY/pNone,None;None;None,False,False
2,B>~.req~|B>~.reqwriteAB,ABSORBED_FROZEN/pNone,PRE_FAIL,ABSORBED_EMPTY/pNone;ABSORBED_EMPTY/pNone;ABSORBED_EMPTY/pNone,None;None;None,False,False
2,B>~.req~|B>~.reqwriteA~,ABSORBED_FROZEN/pNone,PRE_FAIL,ABSORBED_EMPTY/pNone;ABSORBED_EMPTY/pNone;ABSORBED_EMPTY/pNone,None;None;None,False,False
2,B>~.req~|B>~.reqwriteBA,ABSORBED_FROZEN/pNone,PRE_FAIL,ABSORBED_EMPTY/pNone;ABSORBED_EMPTY/pNone;ABSORBED_EMPTY/pNone,None;None;None,False,False
2,B>~.req~|B>~.reqwriteBB,ABSORBED_FROZEN/pNone,PRE_FAIL,ABSORBED_EMPTY/pNone;ABSORBED_EMPTY/pNone;ABSORBED_EMPTY/pNone,None;None;None,False,False
2,B>~.req~|B>~.reqwriteB~,ABSORBED_FROZEN/pNone,PRE_FAIL,ABSORBED_EMPTY/pNone;ABSORBED_EMPTY/pNone;ABSORBED_EMPTY/pNone,None;None;None,False,False
2,B>~.req~|B>~.reqwrite~A,ABSORBED_FROZEN/pNone,PRE_FAIL,ABSORBED_EMPTY/pNone;ABSORBED_EMPTY/pNone;ABSORBED_EMPTY/pNone,None;None;None,False,False
2,B>~.req~|B>~.reqwrite~B,ABSORBED_FROZEN/pNone,PRE_FAIL,ABSORBED_EMPTY/pNone;ABSORBED_EMPTY/pNone;ABSORBED_EMPTY/pNone,None;None;None,False,False
2,B>~.req~|B>~.reqwrite~~,ABSORBED_FROZEN/pNone,PRE_FAIL,ABSORBED_EMPTY/pNone;ABSORBED_EMPTY/pNone;ABSORBED_EMPTY/pNone,None;None;None,False,False
2,B>~.req~|B>~.self,ABSORBED_FROZEN/pNone,PRE_FAIL,ABSORBED_EMPTY/pNone;ABSORBED_EMPTY/pNone;ABSORBED_EMPTY/pNone,None;None;None,False,False
2,B>~.req~|B>~.writeA,ABSORBED_FROZEN/pNone,PRE_FAIL,ABSORBED_EMPTY/pNone;ABSORBED_EMPTY/pNone;ABSORBED_EMPTY/pNone,None;None;None,False,False
2,B>~.req~|B>~.writeB,ABSORBED_FROZEN/pNone,PRE_FAIL,ABSORBED_EMPTY/pNone;ABSORBED_EMPTY/pNone;ABSORBED_EMPTY/pNone,None;None;None,False,False
2,B>~.req~|B>~.write~,ABSORBED_FROZEN/pNone,PRE_FAIL,ABSORBED_EMPTY/pNone;ABSORBED_EMPTY/pNone;ABSORBED_EMPTY/pNone,None;None;None,False,False
2,B>~.self|B>~.writeA,ABSORBED_FROZEN/pNone,PRE_FAIL,ABSORBED_EMPTY/pNone;ABSORBED_EMPTY/pNone;ABSORBED_EMPTY/pNone,None;None;None,False,False
2,B>~.self|B>~.writeB,ABSORBED_FROZEN/pNone,PRE_FAIL,ABSORBED_EMPTY/pNone;ABSORBED_EMPTY/pNone;ABSORBED_EMPTY/pNone,None;None;None,False,False
2,B>~.self|B>~.write~,ABSORBED_FROZEN/pNone,PRE_FAIL,ABSORBED_EMPTY/pNone;ABSORBED_EMPTY/pNone;ABSORBED_EMPTY/pNone,None;None;None,False,False
2,B>~.writeA|B>~.writeB,ABSORBED_FROZEN/pNone,PRE_FAIL,ABSORBED_EMPTY/pNone;ABSORBED_EMPTY/pNone;ABSORBED_EMPTY/pNone,None;None;None,False,False
2,B>~.writeA|B>~.write~,ABSORBED_FROZEN/pNone,PRE_FAIL,ABSORBED_EMPTY/pNone;ABSORBED_EMPTY/pNone;ABSORBED_EMPTY/pNone,None;None;None,False,False
2,B>~.writeB|B>~.write~,ABSORBED_FROZEN/pNone,PRE_FAIL,ABSORBED_EMPTY/pNone;ABSORBED_EMPTY/pNone;ABSORBED_EMPTY/pNone,None;None;None,False,False
