glyph,arm,cad,seed,outcome,alive,active,qmarks,copiers,matter_events,total_events,exact
α,f3,1,1,REPAIR,6,6,0,0,1603,1603,True
α,f3,1,2,REPAIR,6,6,0,0,1603,1603,True
α,f3,1,3,REPAIR,6,6,0,0,1603,1603,True
α,f3,1,4,REPAIR,6,6,0,0,1603,1603,True
α,f3,1,5,REPAIR,6,6,0,0,1603,1603,True
α,f3,1,6,REPAIR,6,6,0,0,1603,1603,True
α,f3,1,7,REPAIR,6,6,0,0,1603,1603,True
α,f3,1,8,REPAIR,6,6,0,0,1603,1603,True
α,f3,1,9,REPAIR,6,6,0,0,1603,1603,True
α,f3,1,10,REPAIR,6,6,0,0,1603,1603,True
α,f3,1,11,REPAIR,6,6,0,0,1603,1603,True
α,f3,1,12,REPAIR,6,6,0,0,1603,1603,True
α,f3,1,13,REPAIR,6,6,0,0,1603,1603,True
α,f3,1,14,REPAIR,6,6,0,0,1603,1603,True
α,f3,1,15,REPAIR,6,6,0,0,1603,1603,True
α,f3,1,16,REPAIR,6,6,0,0,1603,1603,True
α,f3,1,17,REPAIR,6,6,0,0,1603,1603,True
α,f3,1,18,REPAIR,6,6,0,0,1603,1603,True
α,f3,1,19,REPAIR,6,6,0,0,1603,1603,True
α,f3,1,20,REPAIR,6,6,0,0,1603,1603,True
α,f3,1,21,REPAIR,6,6,0,0,1603,1603,True
α,f3,1,22,REPAIR,6,6,0,0,1603,1603,True
α,f3,1,23,REPAIR,6,6,0,0,1603,1603,True
α,f3,1,24,REPAIR,6,6,0,0,1603,1603,True
α,f3,1,25,REPAIR,6,6,0,0,1603,1603,True
α,f3,1,26,REPAIR,6,6,0,0,1603,1603,True
α,f3,1,27,REPAIR,6,6,0,0,1603,1603,True
α,f3,1,28,REPAIR,6,6,0,0,1603,1603,True
α,f3,1,29,REPAIR,6,6,0,0,1603,1603,True
α,f3,1,30,REPAIR,6,6,0,0,1603,1603,True
α,f3,1,31,REPAIR,6,6,0,0,1603,1603,True
α,f3,1,32,REPAIR,6,6,0,0,1603,1603,True
α,f3,1,33,REPAIR,6,6,0,0,1603,1603,True
α,f3,1,34,REPAIR,6,6,0,0,1603,1603,True
α,f3,1,35,REPAIR,6,6,0,0,1603,1603,True
α,f3,1,36,REPAIR,6,6,0,0,1603,1603,True
α,f3,1,37,REPAIR,6,6,0,0,1603,1603,True
α,f3,1,38,REPAIR,6,6,0,0,1603,1603,True
α,f3,1,39,REPAIR,6,6,0,0,1603,1603,True
α,f3,1,40,REPAIR,6,6,0,0,1603,1603,True
α,f3,1,41,REPAIR,6,6,0,0,1603,1603,True
α,f3,1,42,REPAIR,6,6,0,0,1603,1603,True
α,f3,1,43,REPAIR,6,6,0,0,1603,1603,True
α,f3,1,44,REPAIR,6,6,0,0,1603,1603,True
α,f3,1,45,REPAIR,6,6,0,0,1603,1603,True
α,f3,1,46,REPAIR,6,6,0,0,1603,1603,True
α,f3,1,47,REPAIR,6,6,0,0,1603,1603,True
α,f3,1,48,REPAIR,6,6,0,0,1603,1603,True
α,f3,1,49,REPAIR,6,6,0,0,1603,1603,True
α,f3,1,50,REPAIR,6,6,0,0,1603,1603,True
α,f3,1,51,REPAIR,6,6,0,0,1603,1603,True
α,f3,1,52,REPAIR,6,6,0,0,1603,1603,True
α,f3,1,53,REPAIR,6,6,0,0,1603,1603,True
α,f3,1,54,REPAIR,6,6,0,0,1603,1603,True
α,f3,1,55,REPAIR,6,6,0,0,1603,1603,True
α,f3,1,56,REPAIR,6,6,0,0,1603,1603,True
α,f3,1,57,REPAIR,6,6,0,0,1603,1603,True
α,f3,1,58,REPAIR,6,6,0,0,1603,1603,True
α,f3,1,59,REPAIR,6,6,0,0,1603,1603,True
α,f3,1,60,REPAIR,6,6,0,0,1603,1603,True
α,f3,1,61,REPAIR,6,6,0,0,1603,1603,True
α,f3,1,62,REPAIR,6,6,0,0,1603,1603,True
α,f3,1,63,REPAIR,6,6,0,0,1603,1603,True
α,f3,1,64,REPAIR,6,6,0,0,1603,1603,True
α,f3,1,65,REPAIR,6,6,0,0,1603,1603,True
α,f3,1,66,REPAIR,6,6,0,0,1603,1603,True
α,f3,1,67,REPAIR,6,6,0,0,1603,1603,True
α,f3,1,68,REPAIR,6,6,0,0,1603,1603,True
α,f3,1,69,REPAIR,6,6,0,0,1603,1603,True
α,f3,1,70,REPAIR,6,6,0,0,1603,1603,True
α,f3,1,71,REPAIR,6,6,0,0,1603,1603,True
α,f3,1,72,REPAIR,6,6,0,0,1603,1603,True
α,f3,1,73,REPAIR,6,6,0,0,1603,1603,True
α,f3,1,74,REPAIR,6,6,0,0,1603,1603,True
α,f3,1,75,REPAIR,6,6,0,0,1603,1603,True
α,f3,1,76,REPAIR,6,6,0,0,1603,1603,True
α,f3,1,77,REPAIR,6,6,0,0,1603,1603,True
α,f3,1,78,REPAIR,6,6,0,0,1603,1603,True
α,f3,1,79,REPAIR,6,6,0,0,1603,1603,True
α,f3,1,80,REPAIR,6,6,0,0,1603,1603,True
α,f3,1,81,REPAIR,6,6,0,0,1603,1603,True
α,f3,1,82,REPAIR,6,6,0,0,1603,1603,True
α,f3,1,83,REPAIR,6,6,0,0,1603,1603,True
α,f3,1,84,REPAIR,6,6,0,0,1603,1603,True
α,f3,1,85,REPAIR,6,6,0,0,1603,1603,True
α,f3,1,86,REPAIR,6,6,0,0,1603,1603,True
α,f3,1,87,REPAIR,6,6,0,0,1603,1603,True
α,f3,1,88,REPAIR,6,6,0,0,1603,1603,True
α,f3,1,89,REPAIR,6,6,0,0,1603,1603,True
α,f3,1,90,REPAIR,6,6,0,0,1603,1603,True
α,f3,1,91,REPAIR,6,6,0,0,1603,1603,True
α,f3,1,92,REPAIR,6,6,0,0,1603,1603,True
α,f3,1,93,REPAIR,6,6,0,0,1603,1603,True
α,f3,1,94,REPAIR,6,6,0,0,1603,1603,True
α,f3,1,95,REPAIR,6,6,0,0,1603,1603,True
α,f3,1,96,REPAIR,6,6,0,0,1603,1603,True
α,f3,1,97,REPAIR,6,6,0,0,1603,1603,True
α,f3,1,98,REPAIR,6,6,0,0,1603,1603,True
α,f3,1,99,REPAIR,6,6,0,0,1603,1603,True
α,f3,1,100,REPAIR,6,6,0,0,1603,1603,True
α,f3,1,101,REPAIR,6,6,0,0,1603,1603,True
α,f3,1,102,REPAIR,6,6,0,0,1603,1603,True
α,f3,1,103,REPAIR,6,6,0,0,1603,1603,True
α,f3,1,104,REPAIR,6,6,0,0,1603,1603,True
α,f3,1,105,REPAIR,6,6,0,0,1603,1603,True
α,f3,1,106,REPAIR,6,6,0,0,1603,1603,True
α,f3,1,107,REPAIR,6,6,0,0,1603,1603,True
α,f3,1,108,REPAIR,6,6,0,0,1603,1603,True
α,f3,1,109,REPAIR,6,6,0,0,1603,1603,True
α,f3,1,110,REPAIR,6,6,0,0,1603,1603,True
α,f3,1,111,REPAIR,6,6,0,0,1603,1603,True
α,f3,1,112,REPAIR,6,6,0,0,1603,1603,True
α,f3,1,113,REPAIR,6,6,0,0,1603,1603,True
α,f3,1,114,REPAIR,6,6,0,0,1603,1603,True
α,f3,1,115,REPAIR,6,6,0,0,1603,1603,True
α,f3,1,116,REPAIR,6,6,0,0,1603,1603,True
α,f3,1,117,REPAIR,6,6,0,0,1603,1603,True
α,f3,1,118,REPAIR,6,6,0,0,1603,1603,True
α,f3,1,119,REPAIR,6,6,0,0,1603,1603,True
α,f3,1,120,REPAIR,6,6,0,0,1603,1603,True
α,f3,1,121,REPAIR,6,6,0,0,1603,1603,True
α,f3,1,122,REPAIR,6,6,0,0,1603,1603,True
α,f3,1,123,REPAIR,6,6,0,0,1603,1603,True
α,f3,1,124,REPAIR,6,6,0,0,1603,1603,True
α,f3,1,125,REPAIR,6,6,0,0,1603,1603,True
α,f3,1,126,REPAIR,6,6,0,0,1603,1603,True
α,f3,1,127,REPAIR,6,6,0,0,1603,1603,True
α,f3,1,128,REPAIR,6,6,0,0,1603,1603,True
α,f3,1,129,REPAIR,6,6,0,0,1603,1603,True
α,f3,1,130,REPAIR,6,6,0,0,1603,1603,True
α,f3,1,131,REPAIR,6,6,0,0,1603,1603,True
α,f3,1,132,REPAIR,6,6,0,0,1603,1603,True
α,f3,1,133,REPAIR,6,6,0,0,1603,1603,True
α,f3,1,134,REPAIR,6,6,0,0,1603,1603,True
α,f3,1,135,REPAIR,6,6,0,0,1603,1603,True
α,f3,1,136,REPAIR,6,6,0,0,1603,1603,True
α,f3,1,137,REPAIR,6,6,0,0,1603,1603,True
α,f3,1,138,REPAIR,6,6,0,0,1603,1603,True
α,f3,1,139,REPAIR,6,6,0,0,1603,1603,True
α,f3,1,140,REPAIR,6,6,0,0,1603,1603,True
α,f3,1,141,REPAIR,6,6,0,0,1603,1603,True
α,f3,1,142,REPAIR,6,6,0,0,1603,1603,True
α,f3,1,143,REPAIR,6,6,0,0,1603,1603,True
α,f3,1,144,REPAIR,6,6,0,0,1603,1603,True
α,f3,1,145,REPAIR,6,6,0,0,1603,1603,True
α,f3,1,146,REPAIR,6,6,0,0,1603,1603,True
α,f3,1,147,REPAIR,6,6,0,0,1603,1603,True
α,f3,1,148,REPAIR,6,6,0,0,1603,1603,True
α,f3,1,149,REPAIR,6,6,0,0,1603,1603,True
α,f3,1,150,REPAIR,6,6,0,0,1603,1603,True
α,f3,1,151,REPAIR,6,6,0,0,1603,1603,True
α,f3,1,152,REPAIR,6,6,0,0,1603,1603,True
α,f3,1,153,REPAIR,6,6,0,0,1603,1603,True
α,f3,1,154,REPAIR,6,6,0,0,1603,1603,True
α,f3,1,155,REPAIR,6,6,0,0,1603,1603,True
α,f3,1,156,REPAIR,6,6,0,0,1603,1603,True
α,f3,1,157,REPAIR,6,6,0,0,1603,1603,True
α,f3,1,158,REPAIR,6,6,0,0,1603,1603,True
α,f3,1,159,REPAIR,6,6,0,0,1603,1603,True
α,f3,1,160,REPAIR,6,6,0,0,1603,1603,True
α,f3,1,161,REPAIR,6,6,0,0,1603,1603,True
α,f3,1,162,REPAIR,6,6,0,0,1603,1603,True
α,f3,1,163,REPAIR,6,6,0,0,1603,1603,True
α,f3,1,164,REPAIR,6,6,0,0,1603,1603,True
α,f3,1,165,REPAIR,6,6,0,0,1603,1603,True
α,f3,1,166,REPAIR,6,6,0,0,1603,1603,True
α,f3,1,167,REPAIR,6,6,0,0,1603,1603,True
α,f3,1,168,REPAIR,6,6,0,0,1603,1603,True
α,f3,1,169,REPAIR,6,6,0,0,1603,1603,True
α,f3,1,170,REPAIR,6,6,0,0,1603,1603,True
α,f3,1,171,REPAIR,6,6,0,0,1603,1603,True
α,f3,1,172,REPAIR,6,6,0,0,1603,1603,True
α,f3,1,173,REPAIR,6,6,0,0,1603,1603,True
α,f3,1,174,REPAIR,6,6,0,0,1603,1603,True
α,f3,1,175,REPAIR,6,6,0,0,1603,1603,True
α,f3,1,176,REPAIR,6,6,0,0,1603,1603,True
α,f3,1,177,REPAIR,6,6,0,0,1603,1603,True
α,f3,1,178,REPAIR,6,6,0,0,1603,1603,True
α,f3,1,179,REPAIR,6,6,0,0,1603,1603,True
α,f3,1,180,REPAIR,6,6,0,0,1603,1603,True
α,f3,1,181,REPAIR,6,6,0,0,1603,1603,True
α,f3,1,182,REPAIR,6,6,0,0,1603,1603,True
α,f3,1,183,REPAIR,6,6,0,0,1603,1603,True
α,f3,1,184,REPAIR,6,6,0,0,1603,1603,True
α,f3,1,185,REPAIR,6,6,0,0,1603,1603,True
α,f3,1,186,REPAIR,6,6,0,0,1603,1603,True
α,f3,1,187,REPAIR,6,6,0,0,1603,1603,True
α,f3,1,188,REPAIR,6,6,0,0,1603,1603,True
α,f3,1,189,REPAIR,6,6,0,0,1603,1603,True
α,f3,1,190,REPAIR,6,6,0,0,1603,1603,True
α,f3,1,191,REPAIR,6,6,0,0,1603,1603,True
α,f3,1,192,REPAIR,6,6,0,0,1603,1603,True
α,f3,1,193,REPAIR,6,6,0,0,1603,1603,True
α,f3,1,194,REPAIR,6,6,0,0,1603,1603,True
α,f3,1,195,REPAIR,6,6,0,0,1603,1603,True
α,f3,1,196,REPAIR,6,6,0,0,1603,1603,True
α,f3,1,197,REPAIR,6,6,0,0,1603,1603,True
α,f3,1,198,REPAIR,6,6,0,0,1603,1603,True
α,f3,1,199,REPAIR,6,6,0,0,1603,1603,True
α,f3,1,200,REPAIR,6,6,0,0,1603,1603,True
α,f4none,1,1,REPAIR,2,1,1,0,1603,1603,True
α,f4none,1,2,DIED,0,0,1,0,402,402,True
α,f4none,1,3,DIED,0,0,1,0,803,803,True
α,f4none,1,4,DIED,1,0,1,0,1203,1203,True
α,f4none,1,5,DIED,0,0,1,0,803,803,True
α,f4none,1,6,DIED,0,0,1,0,803,803,True
α,f4none,1,7,DIED,0,0,1,0,402,402,True
α,f4none,1,8,DIED,1,0,1,0,1203,1203,True
α,f4none,1,9,DIED,0,0,1,0,803,803,True
α,f4none,1,10,DIED,1,0,1,0,1203,1203,True
α,f4none,1,11,DIED,1,0,1,0,1203,1203,True
α,f4none,1,12,DIED,0,0,1,0,803,803,True
α,f4none,1,13,DIED,0,0,1,0,803,803,True
α,f4none,1,14,DIED,1,0,1,0,1203,1203,True
α,f4none,1,15,DIED,0,0,1,0,803,803,True
α,f4none,1,16,DIED,0,0,1,0,402,402,True
α,f4none,1,17,DIED,0,0,1,0,803,803,True
α,f4none,1,18,DIED,0,0,1,0,402,402,True
α,f4none,1,19,DIED,0,0,1,0,803,803,True
α,f4none,1,20,DIED,0,0,1,0,402,402,True
α,f4none,1,21,DIED,0,0,1,0,803,803,True
α,f4none,1,22,REPAIR,2,1,1,0,1603,1603,True
α,f4none,1,23,DIED,0,0,1,0,402,402,True
α,f4none,1,24,REPAIR,2,1,1,0,1603,1603,True
α,f4none,1,25,REPAIR,2,1,1,0,1603,1603,True
α,f4none,1,26,DIED,0,0,1,0,402,402,True
α,f4none,1,27,DIED,0,0,1,0,803,803,True
α,f4none,1,28,DIED,0,0,1,0,803,803,True
α,f4none,1,29,DIED,0,0,1,0,803,803,True
α,f4none,1,30,DIED,0,0,1,0,402,402,True
α,f4none,1,31,DIED,0,0,1,0,402,402,True
α,f4none,1,32,DIED,0,0,1,0,803,803,True
α,f4none,1,33,DIED,0,0,1,0,402,402,True
α,f4none,1,34,DIED,0,0,1,0,402,402,True
α,f4none,1,35,DIED,0,0,1,0,402,402,True
α,f4none,1,36,DIED,0,0,1,0,402,402,True
α,f4none,1,37,DIED,0,0,1,0,402,402,True
α,f4none,1,38,DIED,1,0,1,0,1203,1203,True
α,f4none,1,39,DIED,1,0,1,0,1203,1203,True
α,f4none,1,40,DIED,0,0,1,0,803,803,True
α,f4none,1,41,DIED,1,0,1,0,1203,1203,True
α,f4none,1,42,DIED,0,0,1,0,402,402,True
α,f4none,1,43,DIED,0,0,1,0,803,803,True
α,f4none,1,44,DIED,0,0,1,0,402,402,True
α,f4none,1,45,DIED,1,0,1,0,1203,1203,True
α,f4none,1,46,DIED,0,0,1,0,402,402,True
α,f4none,1,47,DIED,0,0,1,0,402,402,True
α,f4none,1,48,DIED,0,0,1,0,402,402,True
α,f4none,1,49,DIED,0,0,1,0,402,402,True
α,f4none,1,50,REPAIR,2,1,1,0,1603,1603,True
α,f4none,1,51,REPAIR,2,1,1,0,1603,1603,True
α,f4none,1,52,DIED,0,0,1,0,402,402,True
α,f4none,1,53,DIED,1,0,1,0,1203,1203,True
α,f4none,1,54,DIED,0,0,1,0,402,402,True
α,f4none,1,55,DIED,0,0,1,0,402,402,True
α,f4none,1,56,DIED,0,0,1,0,402,402,True
α,f4none,1,57,DIED,0,0,1,0,402,402,True
α,f4none,1,58,DIED,0,0,1,0,803,803,True
α,f4none,1,59,DIED,0,0,1,0,402,402,True
α,f4none,1,60,DIED,0,0,1,0,402,402,True
α,f4none,1,61,DIED,0,0,1,0,402,402,True
α,f4none,1,62,REPAIR,2,1,1,0,1603,1603,True
α,f4none,1,63,DIED,0,0,1,0,402,402,True
α,f4none,1,64,DIED,0,0,1,0,803,803,True
α,f4none,1,65,DIED,0,0,1,0,402,402,True
α,f4none,1,66,DIED,0,0,1,0,803,803,True
α,f4none,1,67,REPAIR,2,1,1,0,1603,1603,True
α,f4none,1,68,DIED,0,0,1,0,402,402,True
α,f4none,1,69,DIED,0,0,1,0,402,402,True
α,f4none,1,70,DIED,0,0,1,0,402,402,True
α,f4none,1,71,DIED,0,0,1,0,402,402,True
α,f4none,1,72,DIED,1,0,1,0,1203,1203,True
α,f4none,1,73,DIED,0,0,1,0,402,402,True
α,f4none,1,74,DIED,1,0,1,0,1203,1203,True
α,f4none,1,75,DIED,0,0,1,0,803,803,True
α,f4none,1,76,DIED,1,0,1,0,1203,1203,True
α,f4none,1,77,DIED,0,0,1,0,803,803,True
α,f4none,1,78,DIED,0,0,1,0,402,402,True
α,f4none,1,79,DIED,0,0,1,0,803,803,True
α,f4none,1,80,REPAIR,2,1,1,0,1603,1603,True
α,f4none,1,81,DIED,0,0,1,0,402,402,True
α,f4none,1,82,DIED,0,0,1,0,803,803,True
α,f4none,1,83,REPAIR,2,1,1,0,1603,1603,True
α,f4none,1,84,DIED,1,0,1,0,1203,1203,True
α,f4none,1,85,DIED,1,0,1,0,1203,1203,True
α,f4none,1,86,DIED,0,0,1,0,402,402,True
α,f4none,1,87,DIED,0,0,1,0,803,803,True
α,f4none,1,88,DIED,1,0,1,0,1203,1203,True
α,f4none,1,89,DIED,0,0,1,0,402,402,True
α,f4none,1,90,DIED,0,0,1,0,803,803,True
α,f4none,1,91,DIED,0,0,1,0,402,402,True
α,f4none,1,92,DIED,0,0,1,0,402,402,True
α,f4none,1,93,DIED,0,0,1,0,402,402,True
α,f4none,1,94,DIED,0,0,1,0,402,402,True
α,f4none,1,95,DIED,0,0,1,0,803,803,True
α,f4none,1,96,DIED,1,0,1,0,1203,1203,True
α,f4none,1,97,DIED,0,0,1,0,402,402,True
α,f4none,1,98,DIED,0,0,1,0,402,402,True
α,f4none,1,99,REPAIR,2,1,1,0,1603,1603,True
α,f4none,1,100,DIED,0,0,1,0,803,803,True
α,f4none,1,101,DIED,0,0,1,0,402,402,True
α,f4none,1,102,DIED,0,0,1,0,803,803,True
α,f4none,1,103,REPAIR,2,1,1,0,1603,1603,True
α,f4none,1,104,REPAIR,2,1,1,0,1603,1603,True
α,f4none,1,105,DIED,0,0,1,0,803,803,True
α,f4none,1,106,DIED,0,0,1,0,402,402,True
α,f4none,1,107,DIED,0,0,1,0,402,402,True
α,f4none,1,108,DIED,0,0,1,0,402,402,True
α,f4none,1,109,DIED,0,0,1,0,402,402,True
α,f4none,1,110,REPAIR,2,1,1,0,1603,1603,True
α,f4none,1,111,DIED,0,0,1,0,402,402,True
α,f4none,1,112,DIED,0,0,1,0,402,402,True
α,f4none,1,113,DIED,0,0,1,0,402,402,True
α,f4none,1,114,DIED,0,0,1,0,803,803,True
α,f4none,1,115,DIED,0,0,1,0,803,803,True
α,f4none,1,116,DIED,0,0,1,0,402,402,True
α,f4none,1,117,DIED,0,0,1,0,402,402,True
α,f4none,1,118,DIED,0,0,1,0,803,803,True
α,f4none,1,119,DIED,0,0,1,0,402,402,True
α,f4none,1,120,DIED,0,0,1,0,402,402,True
α,f4none,1,121,DIED,0,0,1,0,803,803,True
α,f4none,1,122,DIED,0,0,1,0,402,402,True
α,f4none,1,123,DIED,0,0,1,0,402,402,True
α,f4none,1,124,DIED,0,0,1,0,803,803,True
α,f4none,1,125,DIED,0,0,1,0,402,402,True
α,f4none,1,126,REPAIR,2,1,1,0,1603,1603,True
α,f4none,1,127,DIED,0,0,1,0,402,402,True
α,f4none,1,128,DIED,0,0,1,0,803,803,True
α,f4none,1,129,DIED,0,0,1,0,402,402,True
α,f4none,1,130,REPAIR,2,1,1,0,1603,1603,True
α,f4none,1,131,DIED,0,0,1,0,402,402,True
α,f4none,1,132,DIED,0,0,1,0,402,402,True
α,f4none,1,133,DIED,1,0,1,0,1203,1203,True
α,f4none,1,134,DIED,0,0,1,0,402,402,True
α,f4none,1,135,DIED,1,0,1,0,1203,1203,True
α,f4none,1,136,DIED,0,0,1,0,402,402,True
α,f4none,1,137,DIED,0,0,1,0,402,402,True
α,f4none,1,138,DIED,0,0,1,0,803,803,True
α,f4none,1,139,DIED,1,0,1,0,1203,1203,True
α,f4none,1,140,DIED,0,0,1,0,803,803,True
α,f4none,1,141,DIED,0,0,1,0,803,803,True
α,f4none,1,142,DIED,0,0,1,0,402,402,True
α,f4none,1,143,DIED,0,0,1,0,803,803,True
α,f4none,1,144,DIED,1,0,1,0,1203,1203,True
α,f4none,1,145,DIED,0,0,1,0,803,803,True
α,f4none,1,146,REPAIR,2,1,1,0,1603,1603,True
α,f4none,1,147,DIED,0,0,1,0,803,803,True
α,f4none,1,148,DIED,1,0,1,0,1203,1203,True
α,f4none,1,149,DIED,0,0,1,0,803,803,True
α,f4none,1,150,DIED,0,0,1,0,402,402,True
α,f4none,1,151,DIED,0,0,1,0,803,803,True
α,f4none,1,152,DIED,0,0,1,0,803,803,True
α,f4none,1,153,DIED,1,0,1,0,1203,1203,True
α,f4none,1,154,DIED,1,0,1,0,1203,1203,True
α,f4none,1,155,DIED,0,0,1,0,803,803,True
α,f4none,1,156,DIED,0,0,1,0,803,803,True
α,f4none,1,157,DIED,0,0,1,0,402,402,True
α,f4none,1,158,DIED,0,0,1,0,402,402,True
α,f4none,1,159,DIED,0,0,1,0,402,402,True
α,f4none,1,160,DIED,0,0,1,0,803,803,True
α,f4none,1,161,DIED,0,0,1,0,402,402,True
α,f4none,1,162,DIED,0,0,1,0,803,803,True
α,f4none,1,163,DIED,0,0,1,0,803,803,True
α,f4none,1,164,DIED,0,0,1,0,402,402,True
α,f4none,1,165,DIED,0,0,1,0,402,402,True
α,f4none,1,166,DIED,0,0,1,0,402,402,True
α,f4none,1,167,DIED,0,0,1,0,402,402,True
α,f4none,1,168,DIED,0,0,1,0,402,402,True
α,f4none,1,169,DIED,0,0,1,0,803,803,True
α,f4none,1,170,DIED,0,0,1,0,402,402,True
α,f4none,1,171,DIED,0,0,1,0,803,803,True
α,f4none,1,172,DIED,0,0,1,0,803,803,True
α,f4none,1,173,REPAIR,2,1,1,0,1603,1603,True
α,f4none,1,174,DIED,0,0,1,0,402,402,True
α,f4none,1,175,DIED,0,0,1,0,402,402,True
α,f4none,1,176,DIED,0,0,1,0,402,402,True
α,f4none,1,177,DIED,0,0,1,0,803,803,True
α,f4none,1,178,DIED,1,0,1,0,1203,1203,True
α,f4none,1,179,DIED,0,0,1,0,402,402,True
α,f4none,1,180,DIED,0,0,1,0,803,803,True
α,f4none,1,181,DIED,0,0,1,0,803,803,True
α,f4none,1,182,DIED,0,0,1,0,402,402,True
α,f4none,1,183,DIED,1,0,1,0,1203,1203,True
α,f4none,1,184,DIED,1,0,1,0,1203,1203,True
α,f4none,1,185,DIED,0,0,1,0,402,402,True
α,f4none,1,186,DIED,0,0,1,0,402,402,True
α,f4none,1,187,REPAIR,2,1,1,0,1603,1603,True
α,f4none,1,188,REPAIR,2,1,1,0,1603,1603,True
α,f4none,1,189,DIED,0,0,1,0,402,402,True
α,f4none,1,190,DIED,0,0,1,0,803,803,True
α,f4none,1,191,DIED,1,0,1,0,1203,1203,True
α,f4none,1,192,DIED,0,0,1,0,402,402,True
α,f4none,1,193,DIED,0,0,1,0,402,402,True
α,f4none,1,194,DIED,0,0,1,0,803,803,True
α,f4none,1,195,DIED,0,0,1,0,402,402,True
α,f4none,1,196,DIED,0,0,1,0,803,803,True
α,f4none,1,197,DIED,0,0,1,0,402,402,True
α,f4none,1,198,DIED,0,0,1,0,803,803,True
α,f4none,1,199,DIED,0,0,1,0,402,402,True
α,f4none,1,200,DIED,1,0,1,0,1203,1203,True
α,f4sat,1,1,REPAIR,6,6,0,3,1603,3204,True
α,f4sat,1,2,REPAIR,6,6,0,3,1603,3204,True
α,f4sat,1,3,REPAIR,6,6,0,3,1603,3204,True
α,f4sat,1,4,REPAIR,6,6,0,3,1603,3204,True
α,f4sat,1,5,REPAIR,6,6,0,3,1603,3204,True
α,f4sat,1,6,REPAIR,6,6,0,3,1603,3204,True
α,f4sat,1,7,REPAIR,6,6,0,3,1603,3204,True
α,f4sat,1,8,REPAIR,6,6,0,3,1603,3204,True
α,f4sat,1,9,REPAIR,6,6,0,3,1603,3204,True
α,f4sat,1,10,REPAIR,6,6,0,3,1603,3204,True
α,f4sat,1,11,REPAIR,6,6,0,3,1603,3204,True
α,f4sat,1,12,REPAIR,6,6,0,3,1603,3204,True
α,f4sat,1,13,REPAIR,6,6,0,3,1603,3204,True
α,f4sat,1,14,REPAIR,6,6,0,3,1603,3204,True
α,f4sat,1,15,REPAIR,6,6,0,3,1603,3204,True
α,f4sat,1,16,REPAIR,6,6,0,3,1603,3204,True
α,f4sat,1,17,REPAIR,6,6,0,3,1603,3204,True
α,f4sat,1,18,REPAIR,6,6,0,3,1603,3204,True
α,f4sat,1,19,REPAIR,6,6,0,3,1603,3204,True
α,f4sat,1,20,REPAIR,6,6,0,3,1603,3204,True
α,f4sat,1,21,REPAIR,6,6,0,3,1603,3204,True
α,f4sat,1,22,REPAIR,6,6,0,3,1603,3204,True
α,f4sat,1,23,REPAIR,6,6,0,3,1603,3204,True
α,f4sat,1,24,REPAIR,6,6,0,3,1603,3204,True
α,f4sat,1,25,REPAIR,6,6,0,3,1603,3204,True
α,f4sat,1,26,REPAIR,6,6,0,3,1603,3204,True
α,f4sat,1,27,REPAIR,6,6,0,3,1603,3204,True
α,f4sat,1,28,REPAIR,6,6,0,3,1603,3204,True
α,f4sat,1,29,REPAIR,6,6,0,3,1603,3204,True
α,f4sat,1,30,REPAIR,6,6,0,3,1603,3204,True
α,f4sat,1,31,REPAIR,6,6,0,3,1603,3204,True
α,f4sat,1,32,REPAIR,6,6,0,3,1603,3204,True
α,f4sat,1,33,REPAIR,6,6,0,3,1603,3204,True
α,f4sat,1,34,REPAIR,6,6,0,3,1603,3204,True
α,f4sat,1,35,REPAIR,6,6,0,3,1603,3204,True
α,f4sat,1,36,REPAIR,6,6,0,3,1603,3204,True
α,f4sat,1,37,REPAIR,6,6,0,3,1603,3204,True
α,f4sat,1,38,REPAIR,6,6,0,3,1603,3204,True
α,f4sat,1,39,REPAIR,6,6,0,3,1603,3204,True
α,f4sat,1,40,REPAIR,6,6,0,3,1603,3204,True
α,f4sat,1,41,REPAIR,6,6,0,3,1603,3204,True
α,f4sat,1,42,REPAIR,6,6,0,3,1603,3204,True
α,f4sat,1,43,REPAIR,6,6,0,3,1603,3204,True
α,f4sat,1,44,REPAIR,6,6,0,3,1603,3204,True
α,f4sat,1,45,REPAIR,6,6,0,3,1603,3204,True
α,f4sat,1,46,REPAIR,6,6,0,3,1603,3204,True
α,f4sat,1,47,REPAIR,6,6,0,3,1603,3204,True
α,f4sat,1,48,REPAIR,6,6,0,3,1603,3204,True
α,f4sat,1,49,REPAIR,6,6,0,3,1603,3204,True
α,f4sat,1,50,REPAIR,6,6,0,3,1603,3204,True
α,f4sat,1,51,REPAIR,6,6,0,3,1603,3204,True
α,f4sat,1,52,REPAIR,6,6,0,3,1603,3204,True
α,f4sat,1,53,REPAIR,6,6,0,3,1603,3204,True
α,f4sat,1,54,REPAIR,6,6,0,3,1603,3204,True
α,f4sat,1,55,REPAIR,6,6,0,3,1603,3204,True
α,f4sat,1,56,REPAIR,6,6,0,3,1603,3204,True
α,f4sat,1,57,REPAIR,6,6,0,3,1603,3204,True
α,f4sat,1,58,REPAIR,6,6,0,3,1603,3204,True
α,f4sat,1,59,REPAIR,6,6,0,3,1603,3204,True
α,f4sat,1,60,REPAIR,6,6,0,3,1603,3204,True
α,f4sat,1,61,REPAIR,6,6,0,3,1603,3204,True
α,f4sat,1,62,REPAIR,6,6,0,3,1603,3204,True
α,f4sat,1,63,REPAIR,6,6,0,3,1603,3204,True
α,f4sat,1,64,REPAIR,6,6,0,3,1603,3204,True
α,f4sat,1,65,REPAIR,6,6,0,3,1603,3204,True
α,f4sat,1,66,REPAIR,6,6,0,3,1603,3204,True
α,f4sat,1,67,REPAIR,6,6,0,3,1603,3204,True
α,f4sat,1,68,REPAIR,6,6,0,3,1603,3204,True
α,f4sat,1,69,REPAIR,6,6,0,3,1603,3204,True
α,f4sat,1,70,REPAIR,6,6,0,3,1603,3204,True
α,f4sat,1,71,REPAIR,6,6,0,3,1603,3204,True
α,f4sat,1,72,REPAIR,6,6,0,3,1603,3204,True
α,f4sat,1,73,REPAIR,6,6,0,3,1603,3204,True
α,f4sat,1,74,REPAIR,6,6,0,3,1603,3204,True
α,f4sat,1,75,REPAIR,6,6,0,3,1603,3204,True
α,f4sat,1,76,REPAIR,6,6,0,3,1603,3204,True
α,f4sat,1,77,REPAIR,6,6,0,3,1603,3204,True
α,f4sat,1,78,REPAIR,6,6,0,3,1603,3204,True
α,f4sat,1,79,REPAIR,6,6,0,3,1603,3204,True
α,f4sat,1,80,REPAIR,6,6,0,3,1603,3204,True
α,f4sat,1,81,REPAIR,6,6,0,3,1603,3204,True
α,f4sat,1,82,REPAIR,6,6,0,3,1603,3204,True
α,f4sat,1,83,REPAIR,6,6,0,3,1603,3204,True
α,f4sat,1,84,REPAIR,6,6,0,3,1603,3204,True
α,f4sat,1,85,REPAIR,6,6,0,3,1603,3204,True
α,f4sat,1,86,REPAIR,6,6,0,3,1603,3204,True
α,f4sat,1,87,REPAIR,6,6,0,3,1603,3204,True
α,f4sat,1,88,REPAIR,6,6,0,3,1603,3204,True
α,f4sat,1,89,REPAIR,6,6,0,3,1603,3204,True
α,f4sat,1,90,REPAIR,6,6,0,3,1603,3204,True
α,f4sat,1,91,REPAIR,6,6,0,3,1603,3204,True
α,f4sat,1,92,REPAIR,6,6,0,3,1603,3204,True
α,f4sat,1,93,REPAIR,6,6,0,3,1603,3204,True
α,f4sat,1,94,REPAIR,6,6,0,3,1603,3204,True
α,f4sat,1,95,REPAIR,6,6,0,3,1603,3204,True
α,f4sat,1,96,REPAIR,6,6,0,3,1603,3204,True
α,f4sat,1,97,REPAIR,6,6,0,3,1603,3204,True
α,f4sat,1,98,REPAIR,6,6,0,3,1603,3204,True
α,f4sat,1,99,REPAIR,6,6,0,3,1603,3204,True
α,f4sat,1,100,REPAIR,6,6,0,3,1603,3204,True
α,f4sat,1,101,REPAIR,6,6,0,3,1603,3204,True
α,f4sat,1,102,REPAIR,6,6,0,3,1603,3204,True
α,f4sat,1,103,REPAIR,6,6,0,3,1603,3204,True
α,f4sat,1,104,REPAIR,6,6,0,3,1603,3204,True
α,f4sat,1,105,REPAIR,6,6,0,3,1603,3204,True
α,f4sat,1,106,REPAIR,6,6,0,3,1603,3204,True
α,f4sat,1,107,REPAIR,6,6,0,3,1603,3204,True
α,f4sat,1,108,REPAIR,6,6,0,3,1603,3204,True
α,f4sat,1,109,REPAIR,6,6,0,3,1603,3204,True
α,f4sat,1,110,REPAIR,6,6,0,3,1603,3204,True
α,f4sat,1,111,REPAIR,6,6,0,3,1603,3204,True
α,f4sat,1,112,REPAIR,6,6,0,3,1603,3204,True
α,f4sat,1,113,REPAIR,6,6,0,3,1603,3204,True
α,f4sat,1,114,REPAIR,6,6,0,3,1603,3204,True
α,f4sat,1,115,REPAIR,6,6,0,3,1603,3204,True
α,f4sat,1,116,REPAIR,6,6,0,3,1603,3204,True
α,f4sat,1,117,REPAIR,6,6,0,3,1603,3204,True
α,f4sat,1,118,REPAIR,6,6,0,3,1603,3204,True
α,f4sat,1,119,REPAIR,6,6,0,3,1603,3204,True
α,f4sat,1,120,REPAIR,6,6,0,3,1603,3204,True
α,f4sat,1,121,REPAIR,6,6,0,3,1603,3204,True
α,f4sat,1,122,REPAIR,6,6,0,3,1603,3204,True
α,f4sat,1,123,REPAIR,6,6,0,3,1603,3204,True
α,f4sat,1,124,REPAIR,6,6,0,3,1603,3204,True
α,f4sat,1,125,REPAIR,6,6,0,3,1603,3204,True
α,f4sat,1,126,REPAIR,6,6,0,3,1603,3204,True
α,f4sat,1,127,REPAIR,6,6,0,3,1603,3204,True
α,f4sat,1,128,REPAIR,6,6,0,3,1603,3204,True
α,f4sat,1,129,REPAIR,6,6,0,3,1603,3204,True
α,f4sat,1,130,REPAIR,6,6,0,3,1603,3204,True
α,f4sat,1,131,REPAIR,6,6,0,3,1603,3204,True
α,f4sat,1,132,REPAIR,6,6,0,3,1603,3204,True
α,f4sat,1,133,REPAIR,6,6,0,3,1603,3204,True
α,f4sat,1,134,REPAIR,6,6,0,3,1603,3204,True
α,f4sat,1,135,REPAIR,6,6,0,3,1603,3204,True
α,f4sat,1,136,REPAIR,6,6,0,3,1603,3204,True
α,f4sat,1,137,REPAIR,6,6,0,3,1603,3204,True
α,f4sat,1,138,REPAIR,6,6,0,3,1603,3204,True
α,f4sat,1,139,REPAIR,6,6,0,3,1603,3204,True
α,f4sat,1,140,REPAIR,6,6,0,3,1603,3204,True
α,f4sat,1,141,REPAIR,6,6,0,3,1603,3204,True
α,f4sat,1,142,REPAIR,6,6,0,3,1603,3204,True
α,f4sat,1,143,REPAIR,6,6,0,3,1603,3204,True
α,f4sat,1,144,REPAIR,6,6,0,3,1603,3204,True
α,f4sat,1,145,REPAIR,6,6,0,3,1603,3204,True
α,f4sat,1,146,REPAIR,6,6,0,3,1603,3204,True
α,f4sat,1,147,REPAIR,6,6,0,3,1603,3204,True
α,f4sat,1,148,REPAIR,6,6,0,3,1603,3204,True
α,f4sat,1,149,REPAIR,6,6,0,3,1603,3204,True
α,f4sat,1,150,REPAIR,6,6,0,3,1603,3204,True
α,f4sat,1,151,REPAIR,6,6,0,3,1603,3204,True
α,f4sat,1,152,REPAIR,6,6,0,3,1603,3204,True
α,f4sat,1,153,REPAIR,6,6,0,3,1603,3204,True
α,f4sat,1,154,REPAIR,6,6,0,3,1603,3204,True
α,f4sat,1,155,REPAIR,6,6,0,3,1603,3204,True
α,f4sat,1,156,REPAIR,6,6,0,3,1603,3204,True
α,f4sat,1,157,REPAIR,6,6,0,3,1603,3204,True
α,f4sat,1,158,REPAIR,6,6,0,3,1603,3204,True
α,f4sat,1,159,REPAIR,6,6,0,3,1603,3204,True
α,f4sat,1,160,REPAIR,6,6,0,3,1603,3204,True
α,f4sat,1,161,REPAIR,6,6,0,3,1603,3204,True
α,f4sat,1,162,REPAIR,6,6,0,3,1603,3204,True
α,f4sat,1,163,REPAIR,6,6,0,3,1603,3204,True
α,f4sat,1,164,REPAIR,6,6,0,3,1603,3204,True
α,f4sat,1,165,REPAIR,6,6,0,3,1603,3204,True
α,f4sat,1,166,REPAIR,6,6,0,3,1603,3204,True
α,f4sat,1,167,REPAIR,6,6,0,3,1603,3204,True
α,f4sat,1,168,REPAIR,6,6,0,3,1603,3204,True
α,f4sat,1,169,REPAIR,6,6,0,3,1603,3204,True
α,f4sat,1,170,REPAIR,6,6,0,3,1603,3204,True
α,f4sat,1,171,REPAIR,6,6,0,3,1603,3204,True
α,f4sat,1,172,REPAIR,6,6,0,3,1603,3204,True
α,f4sat,1,173,REPAIR,6,6,0,3,1603,3204,True
α,f4sat,1,174,REPAIR,6,6,0,3,1603,3204,True
α,f4sat,1,175,REPAIR,6,6,0,3,1603,3204,True
α,f4sat,1,176,REPAIR,6,6,0,3,1603,3204,True
α,f4sat,1,177,REPAIR,6,6,0,3,1603,3204,True
α,f4sat,1,178,REPAIR,6,6,0,3,1603,3204,True
α,f4sat,1,179,REPAIR,6,6,0,3,1603,3204,True
α,f4sat,1,180,REPAIR,6,6,0,3,1603,3204,True
α,f4sat,1,181,REPAIR,6,6,0,3,1603,3204,True
α,f4sat,1,182,REPAIR,6,6,0,3,1603,3204,True
α,f4sat,1,183,REPAIR,6,6,0,3,1603,3204,True
α,f4sat,1,184,REPAIR,6,6,0,3,1603,3204,True
α,f4sat,1,185,REPAIR,6,6,0,3,1603,3204,True
α,f4sat,1,186,REPAIR,6,6,0,3,1603,3204,True
α,f4sat,1,187,REPAIR,6,6,0,3,1603,3204,True
α,f4sat,1,188,REPAIR,6,6,0,3,1603,3204,True
α,f4sat,1,189,REPAIR,6,6,0,3,1603,3204,True
α,f4sat,1,190,REPAIR,6,6,0,3,1603,3204,True
α,f4sat,1,191,REPAIR,6,6,0,3,1603,3204,True
α,f4sat,1,192,REPAIR,6,6,0,3,1603,3204,True
α,f4sat,1,193,REPAIR,6,6,0,3,1603,3204,True
α,f4sat,1,194,REPAIR,6,6,0,3,1603,3204,True
α,f4sat,1,195,REPAIR,6,6,0,3,1603,3204,True
α,f4sat,1,196,REPAIR,6,6,0,3,1603,3204,True
α,f4sat,1,197,REPAIR,6,6,0,3,1603,3204,True
α,f4sat,1,198,REPAIR,6,6,0,3,1603,3204,True
α,f4sat,1,199,REPAIR,6,6,0,3,1603,3204,True
α,f4sat,1,200,REPAIR,6,6,0,3,1603,3204,True
α,f4sat,2,1,REPAIR,6,6,0,3,1603,4804,True
α,f4sat,2,2,REPAIR,6,6,0,3,1603,4804,True
α,f4sat,2,3,REPAIR,6,6,0,3,1603,4804,True
α,f4sat,2,4,REPAIR,6,6,0,3,1603,4804,True
α,f4sat,2,5,REPAIR,6,6,0,3,1603,4804,True
α,f4sat,2,6,REPAIR,6,6,0,3,1603,4804,True
α,f4sat,2,7,REPAIR,6,6,0,3,1603,4804,True
α,f4sat,2,8,REPAIR,6,6,0,3,1603,4804,True
α,f4sat,2,9,REPAIR,6,6,0,3,1603,4804,True
α,f4sat,2,10,REPAIR,6,6,0,3,1603,4804,True
α,f4sat,2,11,REPAIR,6,6,0,3,1603,4804,True
α,f4sat,2,12,REPAIR,6,6,0,3,1603,4804,True
α,f4sat,2,13,REPAIR,6,6,0,3,1603,4804,True
α,f4sat,2,14,REPAIR,6,6,0,3,1603,4804,True
α,f4sat,2,15,REPAIR,6,6,0,3,1603,4804,True
α,f4sat,2,16,REPAIR,6,6,0,3,1603,4804,True
α,f4sat,2,17,REPAIR,6,6,0,3,1603,4804,True
α,f4sat,2,18,REPAIR,6,6,0,3,1603,4804,True
α,f4sat,2,19,REPAIR,6,6,0,3,1603,4804,True
α,f4sat,2,20,REPAIR,6,6,0,3,1603,4804,True
α,f4sat,2,21,REPAIR,6,6,0,3,1603,4804,True
α,f4sat,2,22,REPAIR,6,6,0,3,1603,4804,True
α,f4sat,2,23,REPAIR,6,6,0,3,1603,4804,True
α,f4sat,2,24,REPAIR,6,6,0,3,1603,4804,True
α,f4sat,2,25,REPAIR,6,6,0,3,1603,4804,True
α,f4sat,2,26,REPAIR,6,6,0,3,1603,4804,True
α,f4sat,2,27,REPAIR,6,6,0,3,1603,4804,True
α,f4sat,2,28,REPAIR,6,6,0,3,1603,4804,True
α,f4sat,2,29,REPAIR,6,6,0,3,1603,4804,True
α,f4sat,2,30,REPAIR,6,6,0,3,1603,4804,True
α,f4sat,2,31,REPAIR,6,6,0,3,1603,4804,True
α,f4sat,2,32,REPAIR,6,6,0,3,1603,4804,True
α,f4sat,2,33,REPAIR,6,6,0,3,1603,4804,True
α,f4sat,2,34,REPAIR,6,6,0,3,1603,4804,True
α,f4sat,2,35,REPAIR,6,6,0,3,1603,4804,True
α,f4sat,2,36,REPAIR,6,6,0,3,1603,4804,True
α,f4sat,2,37,REPAIR,6,6,0,3,1603,4804,True
α,f4sat,2,38,REPAIR,6,6,0,3,1603,4804,True
α,f4sat,2,39,REPAIR,6,6,0,3,1603,4804,True
α,f4sat,2,40,REPAIR,6,6,0,3,1603,4804,True
α,f4sat,2,41,REPAIR,6,6,0,3,1603,4804,True
α,f4sat,2,42,REPAIR,6,6,0,3,1603,4804,True
α,f4sat,2,43,REPAIR,6,6,0,3,1603,4804,True
α,f4sat,2,44,REPAIR,6,6,0,3,1603,4804,True
α,f4sat,2,45,REPAIR,6,6,0,3,1603,4804,True
α,f4sat,2,46,REPAIR,6,6,0,3,1603,4804,True
α,f4sat,2,47,REPAIR,6,6,0,3,1603,4804,True
α,f4sat,2,48,REPAIR,6,6,0,3,1603,4804,True
α,f4sat,2,49,REPAIR,6,6,0,3,1603,4804,True
α,f4sat,2,50,REPAIR,6,6,0,3,1603,4804,True
α,f4sat,2,51,REPAIR,6,6,0,3,1603,4804,True
α,f4sat,2,52,REPAIR,6,6,0,3,1603,4804,True
α,f4sat,2,53,REPAIR,6,6,0,3,1603,4804,True
α,f4sat,2,54,REPAIR,6,6,0,3,1603,4804,True
α,f4sat,2,55,REPAIR,6,6,0,3,1603,4804,True
α,f4sat,2,56,REPAIR,6,6,0,3,1603,4804,True
α,f4sat,2,57,REPAIR,6,6,0,3,1603,4804,True
α,f4sat,2,58,REPAIR,6,6,0,3,1603,4804,True
α,f4sat,2,59,REPAIR,6,6,0,3,1603,4804,True
α,f4sat,2,60,REPAIR,6,6,0,3,1603,4804,True
α,f4sat,2,61,REPAIR,6,6,0,3,1603,4804,True
α,f4sat,2,62,REPAIR,6,6,0,3,1603,4804,True
α,f4sat,2,63,REPAIR,6,6,0,3,1603,4804,True
α,f4sat,2,64,REPAIR,6,6,0,3,1603,4804,True
α,f4sat,2,65,REPAIR,6,6,0,3,1603,4804,True
α,f4sat,2,66,REPAIR,6,6,0,3,1603,4804,True
α,f4sat,2,67,REPAIR,6,6,0,3,1603,4804,True
α,f4sat,2,68,REPAIR,6,6,0,3,1603,4804,True
α,f4sat,2,69,REPAIR,6,6,0,3,1603,4804,True
α,f4sat,2,70,REPAIR,6,6,0,3,1603,4804,True
α,f4sat,2,71,REPAIR,6,6,0,3,1603,4804,True
α,f4sat,2,72,REPAIR,6,6,0,3,1603,4804,True
α,f4sat,2,73,REPAIR,6,6,0,3,1603,4804,True
α,f4sat,2,74,REPAIR,6,6,0,3,1603,4804,True
α,f4sat,2,75,REPAIR,6,6,0,3,1603,4804,True
α,f4sat,2,76,REPAIR,6,6,0,3,1603,4804,True
α,f4sat,2,77,REPAIR,6,6,0,3,1603,4804,True
α,f4sat,2,78,REPAIR,6,6,0,3,1603,4804,True
α,f4sat,2,79,REPAIR,6,6,0,3,1603,4804,True
α,f4sat,2,80,REPAIR,6,6,0,3,1603,4804,True
α,f4sat,2,81,REPAIR,6,6,0,3,1603,4804,True
α,f4sat,2,82,REPAIR,6,6,0,3,1603,4804,True
α,f4sat,2,83,REPAIR,6,6,0,3,1603,4804,True
α,f4sat,2,84,REPAIR,6,6,0,3,1603,4804,True
α,f4sat,2,85,REPAIR,6,6,0,3,1603,4804,True
α,f4sat,2,86,REPAIR,6,6,0,3,1603,4804,True
α,f4sat,2,87,REPAIR,6,6,0,3,1603,4804,True
α,f4sat,2,88,REPAIR,6,6,0,3,1603,4804,True
α,f4sat,2,89,REPAIR,6,6,0,3,1603,4804,True
α,f4sat,2,90,REPAIR,6,6,0,3,1603,4804,True
α,f4sat,2,91,REPAIR,6,6,0,3,1603,4804,True
α,f4sat,2,92,REPAIR,6,6,0,3,1603,4804,True
α,f4sat,2,93,REPAIR,6,6,0,3,1603,4804,True
α,f4sat,2,94,REPAIR,6,6,0,3,1603,4804,True
α,f4sat,2,95,REPAIR,6,6,0,3,1603,4804,True
α,f4sat,2,96,REPAIR,6,6,0,3,1603,4804,True
α,f4sat,2,97,REPAIR,6,6,0,3,1603,4804,True
α,f4sat,2,98,REPAIR,6,6,0,3,1603,4804,True
α,f4sat,2,99,REPAIR,6,6,0,3,1603,4804,True
α,f4sat,2,100,REPAIR,6,6,0,3,1603,4804,True
α,f4sat,2,101,REPAIR,6,6,0,3,1603,4804,True
α,f4sat,2,102,REPAIR,6,6,0,3,1603,4804,True
α,f4sat,2,103,REPAIR,6,6,0,3,1603,4804,True
α,f4sat,2,104,REPAIR,6,6,0,3,1603,4804,True
α,f4sat,2,105,REPAIR,6,6,0,3,1603,4804,True
α,f4sat,2,106,REPAIR,6,6,0,3,1603,4804,True
α,f4sat,2,107,REPAIR,6,6,0,3,1603,4804,True
α,f4sat,2,108,REPAIR,6,6,0,3,1603,4804,True
α,f4sat,2,109,REPAIR,6,6,0,3,1603,4804,True
α,f4sat,2,110,REPAIR,6,6,0,3,1603,4804,True
α,f4sat,2,111,REPAIR,6,6,0,3,1603,4804,True
α,f4sat,2,112,REPAIR,6,6,0,3,1603,4804,True
α,f4sat,2,113,REPAIR,6,6,0,3,1603,4804,True
α,f4sat,2,114,REPAIR,6,6,0,3,1603,4804,True
α,f4sat,2,115,REPAIR,6,6,0,3,1603,4804,True
α,f4sat,2,116,REPAIR,6,6,0,3,1603,4804,True
α,f4sat,2,117,REPAIR,6,6,0,3,1603,4804,True
α,f4sat,2,118,REPAIR,6,6,0,3,1603,4804,True
α,f4sat,2,119,REPAIR,6,6,0,3,1603,4804,True
α,f4sat,2,120,REPAIR,6,6,0,3,1603,4804,True
α,f4sat,2,121,REPAIR,6,6,0,3,1603,4804,True
α,f4sat,2,122,REPAIR,6,6,0,3,1603,4804,True
α,f4sat,2,123,REPAIR,6,6,0,3,1603,4804,True
α,f4sat,2,124,REPAIR,6,6,0,3,1603,4804,True
α,f4sat,2,125,REPAIR,6,6,0,3,1603,4804,True
α,f4sat,2,126,REPAIR,6,6,0,3,1603,4804,True
α,f4sat,2,127,REPAIR,6,6,0,3,1603,4804,True
α,f4sat,2,128,REPAIR,6,6,0,3,1603,4804,True
α,f4sat,2,129,REPAIR,6,6,0,3,1603,4804,True
α,f4sat,2,130,REPAIR,6,6,0,3,1603,4804,True
α,f4sat,2,131,REPAIR,6,6,0,3,1603,4804,True
α,f4sat,2,132,REPAIR,6,6,0,3,1603,4804,True
α,f4sat,2,133,REPAIR,6,6,0,3,1603,4804,True
α,f4sat,2,134,REPAIR,6,6,0,3,1603,4804,True
α,f4sat,2,135,REPAIR,6,6,0,3,1603,4804,True
α,f4sat,2,136,REPAIR,6,6,0,3,1603,4804,True
α,f4sat,2,137,REPAIR,6,6,0,3,1603,4804,True
α,f4sat,2,138,REPAIR,6,6,0,3,1603,4804,True
α,f4sat,2,139,REPAIR,6,6,0,3,1603,4804,True
α,f4sat,2,140,REPAIR,6,6,0,3,1603,4804,True
α,f4sat,2,141,REPAIR,6,6,0,3,1603,4804,True
α,f4sat,2,142,REPAIR,6,6,0,3,1603,4804,True
α,f4sat,2,143,REPAIR,6,6,0,3,1603,4804,True
α,f4sat,2,144,REPAIR,6,6,0,3,1603,4804,True
α,f4sat,2,145,REPAIR,6,6,0,3,1603,4804,True
α,f4sat,2,146,REPAIR,6,6,0,3,1603,4804,True
α,f4sat,2,147,REPAIR,6,6,0,3,1603,4804,True
α,f4sat,2,148,REPAIR,6,6,0,3,1603,4804,True
α,f4sat,2,149,REPAIR,6,6,0,3,1603,4804,True
α,f4sat,2,150,REPAIR,6,6,0,3,1603,4804,True
α,f4sat,2,151,REPAIR,6,6,0,3,1603,4804,True
α,f4sat,2,152,REPAIR,6,6,0,3,1603,4804,True
α,f4sat,2,153,REPAIR,6,6,0,3,1603,4804,True
α,f4sat,2,154,REPAIR,6,6,0,3,1603,4804,True
α,f4sat,2,155,REPAIR,6,6,0,3,1603,4804,True
α,f4sat,2,156,REPAIR,6,6,0,3,1603,4804,True
α,f4sat,2,157,REPAIR,6,6,0,3,1603,4804,True
α,f4sat,2,158,REPAIR,6,6,0,3,1603,4804,True
α,f4sat,2,159,REPAIR,6,6,0,3,1603,4804,True
α,f4sat,2,160,REPAIR,6,6,0,3,1603,4804,True
α,f4sat,2,161,REPAIR,6,6,0,3,1603,4804,True
α,f4sat,2,162,REPAIR,6,6,0,3,1603,4804,True
α,f4sat,2,163,REPAIR,6,6,0,3,1603,4804,True
α,f4sat,2,164,REPAIR,6,6,0,3,1603,4804,True
α,f4sat,2,165,REPAIR,6,6,0,3,1603,4804,True
α,f4sat,2,166,REPAIR,6,6,0,3,1603,4804,True
α,f4sat,2,167,REPAIR,6,6,0,3,1603,4804,True
α,f4sat,2,168,REPAIR,6,6,0,3,1603,4804,True
α,f4sat,2,169,REPAIR,6,6,0,3,1603,4804,True
α,f4sat,2,170,REPAIR,6,6,0,3,1603,4804,True
α,f4sat,2,171,REPAIR,6,6,0,3,1603,4804,True
α,f4sat,2,172,REPAIR,6,6,0,3,1603,4804,True
α,f4sat,2,173,REPAIR,6,6,0,3,1603,4804,True
α,f4sat,2,174,REPAIR,6,6,0,3,1603,4804,True
α,f4sat,2,175,REPAIR,6,6,0,3,1603,4804,True
α,f4sat,2,176,REPAIR,6,6,0,3,1603,4804,True
α,f4sat,2,177,REPAIR,6,6,0,3,1603,4804,True
α,f4sat,2,178,REPAIR,6,6,0,3,1603,4804,True
α,f4sat,2,179,REPAIR,6,6,0,3,1603,4804,True
α,f4sat,2,180,REPAIR,6,6,0,3,1603,4804,True
α,f4sat,2,181,REPAIR,6,6,0,3,1603,4804,True
α,f4sat,2,182,REPAIR,6,6,0,3,1603,4804,True
α,f4sat,2,183,REPAIR,6,6,0,3,1603,4804,True
α,f4sat,2,184,REPAIR,6,6,0,3,1603,4804,True
α,f4sat,2,185,REPAIR,6,6,0,3,1603,4804,True
α,f4sat,2,186,REPAIR,6,6,0,3,1603,4804,True
α,f4sat,2,187,REPAIR,6,6,0,3,1603,4804,True
α,f4sat,2,188,REPAIR,6,6,0,3,1603,4804,True
α,f4sat,2,189,REPAIR,6,6,0,3,1603,4804,True
α,f4sat,2,190,REPAIR,6,6,0,3,1603,4804,True
α,f4sat,2,191,REPAIR,6,6,0,3,1603,4804,True
α,f4sat,2,192,REPAIR,6,6,0,3,1603,4804,True
α,f4sat,2,193,REPAIR,6,6,0,3,1603,4804,True
α,f4sat,2,194,REPAIR,6,6,0,3,1603,4804,True
α,f4sat,2,195,REPAIR,6,6,0,3,1603,4804,True
α,f4sat,2,196,REPAIR,6,6,0,3,1603,4804,True
α,f4sat,2,197,REPAIR,6,6,0,3,1603,4804,True
α,f4sat,2,198,REPAIR,6,6,0,3,1603,4804,True
α,f4sat,2,199,REPAIR,6,6,0,3,1603,4804,True
α,f4sat,2,200,REPAIR,6,6,0,3,1603,4804,True
α,f4sat,4,1,REPAIR,6,6,0,3,1603,8004,True
α,f4sat,4,2,REPAIR,6,6,0,3,1603,8004,True
α,f4sat,4,3,REPAIR,6,6,0,3,1603,8004,True
α,f4sat,4,4,REPAIR,6,6,0,3,1603,8004,True
α,f4sat,4,5,REPAIR,6,6,0,3,1603,8004,True
α,f4sat,4,6,REPAIR,6,6,0,3,1603,8004,True
α,f4sat,4,7,REPAIR,6,6,0,3,1603,8004,True
α,f4sat,4,8,REPAIR,6,6,0,3,1603,8004,True
α,f4sat,4,9,REPAIR,6,6,0,3,1603,8004,True
α,f4sat,4,10,REPAIR,6,6,0,3,1603,8004,True
α,f4sat,4,11,REPAIR,6,6,0,3,1603,8004,True
α,f4sat,4,12,REPAIR,6,6,0,3,1603,8004,True
α,f4sat,4,13,REPAIR,6,6,0,3,1603,8004,True
α,f4sat,4,14,REPAIR,6,6,0,3,1603,8004,True
α,f4sat,4,15,REPAIR,6,6,0,3,1603,8004,True
α,f4sat,4,16,REPAIR,6,6,0,3,1603,8004,True
α,f4sat,4,17,REPAIR,6,6,0,3,1603,8004,True
α,f4sat,4,18,REPAIR,6,6,0,3,1603,8004,True
α,f4sat,4,19,REPAIR,6,6,0,3,1603,8004,True
α,f4sat,4,20,REPAIR,6,6,0,3,1603,8004,True
α,f4sat,4,21,REPAIR,6,6,0,3,1603,8004,True
α,f4sat,4,22,REPAIR,6,6,0,3,1603,8004,True
α,f4sat,4,23,REPAIR,6,6,0,3,1603,8004,True
α,f4sat,4,24,REPAIR,6,6,0,3,1603,8004,True
α,f4sat,4,25,REPAIR,6,6,0,3,1603,8004,True
α,f4sat,4,26,REPAIR,6,6,0,3,1603,8004,True
α,f4sat,4,27,REPAIR,6,6,0,3,1603,8004,True
α,f4sat,4,28,REPAIR,6,6,0,3,1603,8004,True
α,f4sat,4,29,REPAIR,6,6,0,3,1603,8004,True
α,f4sat,4,30,REPAIR,6,6,0,3,1603,8004,True
α,f4sat,4,31,REPAIR,6,6,0,3,1603,8004,True
α,f4sat,4,32,REPAIR,6,6,0,3,1603,8004,True
α,f4sat,4,33,REPAIR,6,6,0,3,1603,8004,True
α,f4sat,4,34,REPAIR,6,6,0,3,1603,8004,True
α,f4sat,4,35,REPAIR,6,6,0,3,1603,8004,True
α,f4sat,4,36,REPAIR,6,6,0,3,1603,8004,True
α,f4sat,4,37,REPAIR,6,6,0,3,1603,8004,True
α,f4sat,4,38,REPAIR,6,6,0,3,1603,8004,True
α,f4sat,4,39,REPAIR,6,6,0,3,1603,8004,True
α,f4sat,4,40,REPAIR,6,6,0,3,1603,8004,True
α,f4sat,4,41,REPAIR,6,6,0,3,1603,8004,True
α,f4sat,4,42,REPAIR,6,6,0,3,1603,8004,True
α,f4sat,4,43,REPAIR,6,6,0,3,1603,8004,True
α,f4sat,4,44,REPAIR,6,6,0,3,1603,8004,True
α,f4sat,4,45,REPAIR,6,6,0,3,1603,8004,True
α,f4sat,4,46,REPAIR,6,6,0,3,1603,8004,True
α,f4sat,4,47,REPAIR,6,6,0,3,1603,8004,True
α,f4sat,4,48,REPAIR,6,6,0,3,1603,8004,True
α,f4sat,4,49,REPAIR,6,6,0,3,1603,8004,True
α,f4sat,4,50,REPAIR,6,6,0,3,1603,8004,True
α,f4sat,4,51,REPAIR,6,6,0,3,1603,8004,True
α,f4sat,4,52,REPAIR,6,6,0,3,1603,8004,True
α,f4sat,4,53,REPAIR,6,6,0,3,1603,8004,True
α,f4sat,4,54,REPAIR,6,6,0,3,1603,8004,True
α,f4sat,4,55,REPAIR,6,6,0,3,1603,8004,True
α,f4sat,4,56,REPAIR,6,6,0,3,1603,8004,True
α,f4sat,4,57,REPAIR,6,6,0,3,1603,8004,True
α,f4sat,4,58,REPAIR,6,6,0,3,1603,8004,True
α,f4sat,4,59,REPAIR,6,6,0,3,1603,8004,True
α,f4sat,4,60,REPAIR,6,6,0,3,1603,8004,True
α,f4sat,4,61,REPAIR,6,6,0,3,1603,8004,True
α,f4sat,4,62,REPAIR,6,6,0,3,1603,8004,True
α,f4sat,4,63,REPAIR,6,6,0,3,1603,8004,True
α,f4sat,4,64,REPAIR,6,6,0,3,1603,8004,True
α,f4sat,4,65,REPAIR,6,6,0,3,1603,8004,True
α,f4sat,4,66,REPAIR,6,6,0,3,1603,8004,True
α,f4sat,4,67,REPAIR,6,6,0,3,1603,8004,True
α,f4sat,4,68,REPAIR,6,6,0,3,1603,8004,True
α,f4sat,4,69,REPAIR,6,6,0,3,1603,8004,True
α,f4sat,4,70,REPAIR,6,6,0,3,1603,8004,True
α,f4sat,4,71,REPAIR,6,6,0,3,1603,8004,True
α,f4sat,4,72,REPAIR,6,6,0,3,1603,8004,True
α,f4sat,4,73,REPAIR,6,6,0,3,1603,8004,True
α,f4sat,4,74,REPAIR,6,6,0,3,1603,8004,True
α,f4sat,4,75,REPAIR,6,6,0,3,1603,8004,True
α,f4sat,4,76,REPAIR,6,6,0,3,1603,8004,True
α,f4sat,4,77,REPAIR,6,6,0,3,1603,8004,True
α,f4sat,4,78,REPAIR,6,6,0,3,1603,8004,True
α,f4sat,4,79,REPAIR,6,6,0,3,1603,8004,True
α,f4sat,4,80,REPAIR,6,6,0,3,1603,8004,True
α,f4sat,4,81,REPAIR,6,6,0,3,1603,8004,True
α,f4sat,4,82,REPAIR,6,6,0,3,1603,8004,True
α,f4sat,4,83,REPAIR,6,6,0,3,1603,8004,True
α,f4sat,4,84,REPAIR,6,6,0,3,1603,8004,True
α,f4sat,4,85,REPAIR,6,6,0,3,1603,8004,True
α,f4sat,4,86,REPAIR,6,6,0,3,1603,8004,True
α,f4sat,4,87,REPAIR,6,6,0,3,1603,8004,True
α,f4sat,4,88,REPAIR,6,6,0,3,1603,8004,True
α,f4sat,4,89,REPAIR,6,6,0,3,1603,8004,True
α,f4sat,4,90,REPAIR,6,6,0,3,1603,8004,True
α,f4sat,4,91,REPAIR,6,6,0,3,1603,8004,True
α,f4sat,4,92,REPAIR,6,6,0,3,1603,8004,True
α,f4sat,4,93,REPAIR,6,6,0,3,1603,8004,True
α,f4sat,4,94,REPAIR,6,6,0,3,1603,8004,True
α,f4sat,4,95,REPAIR,6,6,0,3,1603,8004,True
α,f4sat,4,96,REPAIR,6,6,0,3,1603,8004,True
α,f4sat,4,97,REPAIR,6,6,0,3,1603,8004,True
α,f4sat,4,98,REPAIR,6,6,0,3,1603,8004,True
α,f4sat,4,99,REPAIR,6,6,0,3,1603,8004,True
α,f4sat,4,100,REPAIR,6,6,0,3,1603,8004,True
α,f4sat,4,101,REPAIR,6,6,0,3,1603,8004,True
α,f4sat,4,102,REPAIR,6,6,0,3,1603,8004,True
α,f4sat,4,103,REPAIR,6,6,0,3,1603,8004,True
α,f4sat,4,104,REPAIR,6,6,0,3,1603,8004,True
α,f4sat,4,105,REPAIR,6,6,0,3,1603,8004,True
α,f4sat,4,106,REPAIR,6,6,0,3,1603,8004,True
α,f4sat,4,107,REPAIR,6,6,0,3,1603,8004,True
α,f4sat,4,108,REPAIR,6,6,0,3,1603,8004,True
α,f4sat,4,109,REPAIR,6,6,0,3,1603,8004,True
α,f4sat,4,110,REPAIR,6,6,0,3,1603,8004,True
α,f4sat,4,111,REPAIR,6,6,0,3,1603,8004,True
α,f4sat,4,112,REPAIR,6,6,0,3,1603,8004,True
α,f4sat,4,113,REPAIR,6,6,0,3,1603,8004,True
α,f4sat,4,114,REPAIR,6,6,0,3,1603,8004,True
α,f4sat,4,115,REPAIR,6,6,0,3,1603,8004,True
α,f4sat,4,116,REPAIR,6,6,0,3,1603,8004,True
α,f4sat,4,117,REPAIR,6,6,0,3,1603,8004,True
α,f4sat,4,118,REPAIR,6,6,0,3,1603,8004,True
α,f4sat,4,119,REPAIR,6,6,0,3,1603,8004,True
α,f4sat,4,120,REPAIR,6,6,0,3,1603,8004,True
α,f4sat,4,121,REPAIR,6,6,0,3,1603,8004,True
α,f4sat,4,122,REPAIR,6,6,0,3,1603,8004,True
α,f4sat,4,123,REPAIR,6,6,0,3,1603,8004,True
α,f4sat,4,124,REPAIR,6,6,0,3,1603,8004,True
α,f4sat,4,125,REPAIR,6,6,0,3,1603,8004,True
α,f4sat,4,126,REPAIR,6,6,0,3,1603,8004,True
α,f4sat,4,127,REPAIR,6,6,0,3,1603,8004,True
α,f4sat,4,128,REPAIR,6,6,0,3,1603,8004,True
α,f4sat,4,129,REPAIR,6,6,0,3,1603,8004,True
α,f4sat,4,130,REPAIR,6,6,0,3,1603,8004,True
α,f4sat,4,131,REPAIR,6,6,0,3,1603,8004,True
α,f4sat,4,132,REPAIR,6,6,0,3,1603,8004,True
α,f4sat,4,133,REPAIR,6,6,0,3,1603,8004,True
α,f4sat,4,134,REPAIR,6,6,0,3,1603,8004,True
α,f4sat,4,135,REPAIR,6,6,0,3,1603,8004,True
α,f4sat,4,136,REPAIR,6,6,0,3,1603,8004,True
α,f4sat,4,137,REPAIR,6,6,0,3,1603,8004,True
α,f4sat,4,138,REPAIR,6,6,0,3,1603,8004,True
α,f4sat,4,139,REPAIR,6,6,0,3,1603,8004,True
α,f4sat,4,140,REPAIR,6,6,0,3,1603,8004,True
α,f4sat,4,141,REPAIR,6,6,0,3,1603,8004,True
α,f4sat,4,142,REPAIR,6,6,0,3,1603,8004,True
α,f4sat,4,143,REPAIR,6,6,0,3,1603,8004,True
α,f4sat,4,144,REPAIR,6,6,0,3,1603,8004,True
α,f4sat,4,145,REPAIR,6,6,0,3,1603,8004,True
α,f4sat,4,146,REPAIR,6,6,0,3,1603,8004,True
α,f4sat,4,147,REPAIR,6,6,0,3,1603,8004,True
α,f4sat,4,148,REPAIR,6,6,0,3,1603,8004,True
α,f4sat,4,149,REPAIR,6,6,0,3,1603,8004,True
α,f4sat,4,150,REPAIR,6,6,0,3,1603,8004,True
α,f4sat,4,151,REPAIR,6,6,0,3,1603,8004,True
α,f4sat,4,152,REPAIR,6,6,0,3,1603,8004,True
α,f4sat,4,153,REPAIR,6,6,0,3,1603,8004,True
α,f4sat,4,154,REPAIR,6,6,0,3,1603,8004,True
α,f4sat,4,155,REPAIR,6,6,0,3,1603,8004,True
α,f4sat,4,156,REPAIR,6,6,0,3,1603,8004,True
α,f4sat,4,157,REPAIR,6,6,0,3,1603,8004,True
α,f4sat,4,158,REPAIR,6,6,0,3,1603,8004,True
α,f4sat,4,159,REPAIR,6,6,0,3,1603,8004,True
α,f4sat,4,160,REPAIR,6,6,0,3,1603,8004,True
α,f4sat,4,161,REPAIR,6,6,0,3,1603,8004,True
α,f4sat,4,162,REPAIR,6,6,0,3,1603,8004,True
α,f4sat,4,163,REPAIR,6,6,0,3,1603,8004,True
α,f4sat,4,164,REPAIR,6,6,0,3,1603,8004,True
α,f4sat,4,165,REPAIR,6,6,0,3,1603,8004,True
α,f4sat,4,166,REPAIR,6,6,0,3,1603,8004,True
α,f4sat,4,167,REPAIR,6,6,0,3,1603,8004,True
α,f4sat,4,168,REPAIR,6,6,0,3,1603,8004,True
α,f4sat,4,169,REPAIR,6,6,0,3,1603,8004,True
α,f4sat,4,170,REPAIR,6,6,0,3,1603,8004,True
α,f4sat,4,171,REPAIR,6,6,0,3,1603,8004,True
α,f4sat,4,172,REPAIR,6,6,0,3,1603,8004,True
α,f4sat,4,173,REPAIR,6,6,0,3,1603,8004,True
α,f4sat,4,174,REPAIR,6,6,0,3,1603,8004,True
α,f4sat,4,175,REPAIR,6,6,0,3,1603,8004,True
α,f4sat,4,176,REPAIR,6,6,0,3,1603,8004,True
α,f4sat,4,177,REPAIR,6,6,0,3,1603,8004,True
α,f4sat,4,178,REPAIR,6,6,0,3,1603,8004,True
α,f4sat,4,179,REPAIR,6,6,0,3,1603,8004,True
α,f4sat,4,180,REPAIR,6,6,0,3,1603,8004,True
α,f4sat,4,181,REPAIR,6,6,0,3,1603,8004,True
α,f4sat,4,182,REPAIR,6,6,0,3,1603,8004,True
α,f4sat,4,183,REPAIR,6,6,0,3,1603,8004,True
α,f4sat,4,184,REPAIR,6,6,0,3,1603,8004,True
α,f4sat,4,185,REPAIR,6,6,0,3,1603,8004,True
α,f4sat,4,186,REPAIR,6,6,0,3,1603,8004,True
α,f4sat,4,187,REPAIR,6,6,0,3,1603,8004,True
α,f4sat,4,188,REPAIR,6,6,0,3,1603,8004,True
α,f4sat,4,189,REPAIR,6,6,0,3,1603,8004,True
α,f4sat,4,190,REPAIR,6,6,0,3,1603,8004,True
α,f4sat,4,191,REPAIR,6,6,0,3,1603,8004,True
α,f4sat,4,192,REPAIR,6,6,0,3,1603,8004,True
α,f4sat,4,193,REPAIR,6,6,0,3,1603,8004,True
α,f4sat,4,194,REPAIR,6,6,0,3,1603,8004,True
α,f4sat,4,195,REPAIR,6,6,0,3,1603,8004,True
α,f4sat,4,196,REPAIR,6,6,0,3,1603,8004,True
α,f4sat,4,197,REPAIR,6,6,0,3,1603,8004,True
α,f4sat,4,198,REPAIR,6,6,0,3,1603,8004,True
α,f4sat,4,199,REPAIR,6,6,0,3,1603,8004,True
α,f4sat,4,200,REPAIR,6,6,0,3,1603,8004,True
α,f4sat,8,1,REPAIR,6,6,0,3,1603,14404,True
α,f4sat,8,2,REPAIR,6,6,0,3,1603,14404,True
α,f4sat,8,3,REPAIR,6,6,0,3,1603,14404,True
α,f4sat,8,4,REPAIR,6,6,0,3,1603,14404,True
α,f4sat,8,5,REPAIR,6,6,0,3,1603,14404,True
α,f4sat,8,6,REPAIR,6,6,0,3,1603,14404,True
α,f4sat,8,7,REPAIR,6,6,0,3,1603,14404,True
α,f4sat,8,8,REPAIR,6,6,0,3,1603,14404,True
α,f4sat,8,9,REPAIR,6,6,0,3,1603,14404,True
α,f4sat,8,10,REPAIR,6,6,0,3,1603,14404,True
α,f4sat,8,11,REPAIR,6,6,0,3,1603,14404,True
α,f4sat,8,12,REPAIR,6,6,0,3,1603,14404,True
α,f4sat,8,13,REPAIR,6,6,0,3,1603,14404,True
α,f4sat,8,14,REPAIR,6,6,0,3,1603,14404,True
α,f4sat,8,15,REPAIR,6,6,0,3,1603,14404,True
α,f4sat,8,16,REPAIR,6,6,0,3,1603,14404,True
α,f4sat,8,17,REPAIR,6,6,0,3,1603,14404,True
α,f4sat,8,18,REPAIR,6,6,0,3,1603,14404,True
α,f4sat,8,19,REPAIR,6,6,0,3,1603,14404,True
α,f4sat,8,20,REPAIR,6,6,0,3,1603,14404,True
α,f4sat,8,21,REPAIR,6,6,0,3,1603,14404,True
α,f4sat,8,22,REPAIR,6,6,0,3,1603,14404,True
α,f4sat,8,23,REPAIR,6,6,0,3,1603,14404,True
α,f4sat,8,24,REPAIR,6,6,0,3,1603,14404,True
α,f4sat,8,25,REPAIR,6,6,0,3,1603,14404,True
α,f4sat,8,26,REPAIR,6,6,0,3,1603,14404,True
α,f4sat,8,27,REPAIR,6,6,0,3,1603,14404,True
α,f4sat,8,28,REPAIR,6,6,0,3,1603,14404,True
α,f4sat,8,29,REPAIR,6,6,0,3,1603,14404,True
α,f4sat,8,30,REPAIR,6,6,0,3,1603,14404,True
α,f4sat,8,31,REPAIR,6,6,0,3,1603,14404,True
α,f4sat,8,32,REPAIR,6,6,0,3,1603,14404,True
α,f4sat,8,33,REPAIR,6,6,0,3,1603,14404,True
α,f4sat,8,34,REPAIR,6,6,0,3,1603,14404,True
α,f4sat,8,35,REPAIR,6,6,0,3,1603,14404,True
α,f4sat,8,36,REPAIR,6,6,0,3,1603,14404,True
α,f4sat,8,37,REPAIR,6,6,0,3,1603,14404,True
α,f4sat,8,38,REPAIR,6,6,0,3,1603,14404,True
α,f4sat,8,39,REPAIR,6,6,0,3,1603,14404,True
α,f4sat,8,40,REPAIR,6,6,0,3,1603,14404,True
α,f4sat,8,41,REPAIR,6,6,0,3,1603,14404,True
α,f4sat,8,42,REPAIR,6,6,0,3,1603,14404,True
α,f4sat,8,43,REPAIR,6,6,0,3,1603,14404,True
α,f4sat,8,44,REPAIR,6,6,0,3,1603,14404,True
α,f4sat,8,45,REPAIR,6,6,0,3,1603,14404,True
α,f4sat,8,46,REPAIR,6,6,0,3,1603,14404,True
α,f4sat,8,47,REPAIR,6,6,0,3,1603,14404,True
α,f4sat,8,48,REPAIR,6,6,0,3,1603,14404,True
α,f4sat,8,49,REPAIR,6,6,0,3,1603,14404,True
α,f4sat,8,50,REPAIR,6,6,0,3,1603,14404,True
α,f4sat,8,51,REPAIR,6,6,0,3,1603,14404,True
α,f4sat,8,52,REPAIR,6,6,0,3,1603,14404,True
α,f4sat,8,53,REPAIR,6,6,0,3,1603,14404,True
α,f4sat,8,54,REPAIR,6,6,0,3,1603,14404,True
α,f4sat,8,55,REPAIR,6,6,0,3,1603,14404,True
α,f4sat,8,56,REPAIR,6,6,0,3,1603,14404,True
α,f4sat,8,57,REPAIR,6,6,0,3,1603,14404,True
α,f4sat,8,58,REPAIR,6,6,0,3,1603,14404,True
α,f4sat,8,59,REPAIR,6,6,0,3,1603,14404,True
α,f4sat,8,60,REPAIR,6,6,0,3,1603,14404,True
α,f4sat,8,61,REPAIR,6,6,0,3,1603,14404,True
α,f4sat,8,62,REPAIR,6,6,0,3,1603,14404,True
α,f4sat,8,63,REPAIR,6,6,0,3,1603,14404,True
α,f4sat,8,64,REPAIR,6,6,0,3,1603,14404,True
α,f4sat,8,65,REPAIR,6,6,0,3,1603,14404,True
α,f4sat,8,66,REPAIR,6,6,0,3,1603,14404,True
α,f4sat,8,67,REPAIR,6,6,0,3,1603,14404,True
α,f4sat,8,68,REPAIR,6,6,0,3,1603,14404,True
α,f4sat,8,69,REPAIR,6,6,0,3,1603,14404,True
α,f4sat,8,70,REPAIR,6,6,0,3,1603,14404,True
α,f4sat,8,71,REPAIR,6,6,0,3,1603,14404,True
α,f4sat,8,72,REPAIR,6,6,0,3,1603,14404,True
α,f4sat,8,73,REPAIR,6,6,0,3,1603,14404,True
α,f4sat,8,74,REPAIR,6,6,0,3,1603,14404,True
α,f4sat,8,75,REPAIR,6,6,0,3,1603,14404,True
α,f4sat,8,76,REPAIR,6,6,0,3,1603,14404,True
α,f4sat,8,77,REPAIR,6,6,0,3,1603,14404,True
α,f4sat,8,78,REPAIR,6,6,0,3,1603,14404,True
α,f4sat,8,79,REPAIR,6,6,0,3,1603,14404,True
α,f4sat,8,80,REPAIR,6,6,0,3,1603,14404,True
α,f4sat,8,81,REPAIR,6,6,0,3,1603,14404,True
α,f4sat,8,82,REPAIR,6,6,0,3,1603,14404,True
α,f4sat,8,83,REPAIR,6,6,0,3,1603,14404,True
α,f4sat,8,84,REPAIR,6,6,0,3,1603,14404,True
α,f4sat,8,85,REPAIR,6,6,0,3,1603,14404,True
α,f4sat,8,86,REPAIR,6,6,0,3,1603,14404,True
α,f4sat,8,87,REPAIR,6,6,0,3,1603,14404,True
α,f4sat,8,88,REPAIR,6,6,0,3,1603,14404,True
α,f4sat,8,89,REPAIR,6,6,0,3,1603,14404,True
α,f4sat,8,90,REPAIR,6,6,0,3,1603,14404,True
α,f4sat,8,91,REPAIR,6,6,0,3,1603,14404,True
α,f4sat,8,92,REPAIR,6,6,0,3,1603,14404,True
α,f4sat,8,93,REPAIR,6,6,0,3,1603,14404,True
α,f4sat,8,94,REPAIR,6,6,0,3,1603,14404,True
α,f4sat,8,95,REPAIR,6,6,0,3,1603,14404,True
α,f4sat,8,96,REPAIR,6,6,0,3,1603,14404,True
α,f4sat,8,97,REPAIR,6,6,0,3,1603,14404,True
α,f4sat,8,98,REPAIR,6,6,0,3,1603,14404,True
α,f4sat,8,99,REPAIR,6,6,0,3,1603,14404,True
α,f4sat,8,100,REPAIR,6,6,0,3,1603,14404,True
α,f4sat,8,101,REPAIR,6,6,0,3,1603,14404,True
α,f4sat,8,102,REPAIR,6,6,0,3,1603,14404,True
α,f4sat,8,103,REPAIR,6,6,0,3,1603,14404,True
α,f4sat,8,104,REPAIR,6,6,0,3,1603,14404,True
α,f4sat,8,105,REPAIR,6,6,0,3,1603,14404,True
α,f4sat,8,106,REPAIR,6,6,0,3,1603,14404,True
α,f4sat,8,107,REPAIR,6,6,0,3,1603,14404,True
α,f4sat,8,108,REPAIR,6,6,0,3,1603,14404,True
α,f4sat,8,109,REPAIR,6,6,0,3,1603,14404,True
α,f4sat,8,110,REPAIR,6,6,0,3,1603,14404,True
α,f4sat,8,111,REPAIR,6,6,0,3,1603,14404,True
α,f4sat,8,112,REPAIR,6,6,0,3,1603,14404,True
α,f4sat,8,113,REPAIR,6,6,0,3,1603,14404,True
α,f4sat,8,114,REPAIR,6,6,0,3,1603,14404,True
α,f4sat,8,115,REPAIR,6,6,0,3,1603,14404,True
α,f4sat,8,116,REPAIR,6,6,0,3,1603,14404,True
α,f4sat,8,117,REPAIR,6,6,0,3,1603,14404,True
α,f4sat,8,118,REPAIR,6,6,0,3,1603,14404,True
α,f4sat,8,119,REPAIR,6,6,0,3,1603,14404,True
α,f4sat,8,120,REPAIR,6,6,0,3,1603,14404,True
α,f4sat,8,121,REPAIR,6,6,0,3,1603,14404,True
α,f4sat,8,122,REPAIR,6,6,0,3,1603,14404,True
α,f4sat,8,123,REPAIR,6,6,0,3,1603,14404,True
α,f4sat,8,124,REPAIR,6,6,0,3,1603,14404,True
α,f4sat,8,125,REPAIR,6,6,0,3,1603,14404,True
α,f4sat,8,126,REPAIR,6,6,0,3,1603,14404,True
α,f4sat,8,127,REPAIR,6,6,0,3,1603,14404,True
α,f4sat,8,128,REPAIR,6,6,0,3,1603,14404,True
α,f4sat,8,129,REPAIR,6,6,0,3,1603,14404,True
α,f4sat,8,130,REPAIR,6,6,0,3,1603,14404,True
α,f4sat,8,131,REPAIR,6,6,0,3,1603,14404,True
α,f4sat,8,132,REPAIR,6,6,0,3,1603,14404,True
α,f4sat,8,133,REPAIR,6,6,0,3,1603,14404,True
α,f4sat,8,134,REPAIR,6,6,0,3,1603,14404,True
α,f4sat,8,135,REPAIR,6,6,0,3,1603,14404,True
α,f4sat,8,136,REPAIR,6,6,0,3,1603,14404,True
α,f4sat,8,137,REPAIR,6,6,0,3,1603,14404,True
α,f4sat,8,138,REPAIR,6,6,0,3,1603,14404,True
α,f4sat,8,139,REPAIR,6,6,0,3,1603,14404,True
α,f4sat,8,140,REPAIR,6,6,0,3,1603,14404,True
α,f4sat,8,141,REPAIR,6,6,0,3,1603,14404,True
α,f4sat,8,142,REPAIR,6,6,0,3,1603,14404,True
α,f4sat,8,143,REPAIR,6,6,0,3,1603,14404,True
α,f4sat,8,144,REPAIR,6,6,0,3,1603,14404,True
α,f4sat,8,145,REPAIR,6,6,0,3,1603,14404,True
α,f4sat,8,146,REPAIR,6,6,0,3,1603,14404,True
α,f4sat,8,147,REPAIR,6,6,0,3,1603,14404,True
α,f4sat,8,148,REPAIR,6,6,0,3,1603,14404,True
α,f4sat,8,149,REPAIR,6,6,0,3,1603,14404,True
α,f4sat,8,150,REPAIR,6,6,0,3,1603,14404,True
α,f4sat,8,151,REPAIR,6,6,0,3,1603,14404,True
α,f4sat,8,152,REPAIR,6,6,0,3,1603,14404,True
α,f4sat,8,153,REPAIR,6,6,0,3,1603,14404,True
α,f4sat,8,154,REPAIR,6,6,0,3,1603,14404,True
α,f4sat,8,155,REPAIR,6,6,0,3,1603,14404,True
α,f4sat,8,156,REPAIR,6,6,0,3,1603,14404,True
α,f4sat,8,157,REPAIR,6,6,0,3,1603,14404,True
α,f4sat,8,158,REPAIR,6,6,0,3,1603,14404,True
α,f4sat,8,159,REPAIR,6,6,0,3,1603,14404,True
α,f4sat,8,160,REPAIR,6,6,0,3,1603,14404,True
α,f4sat,8,161,REPAIR,6,6,0,3,1603,14404,True
α,f4sat,8,162,REPAIR,6,6,0,3,1603,14404,True
α,f4sat,8,163,REPAIR,6,6,0,3,1603,14404,True
α,f4sat,8,164,REPAIR,6,6,0,3,1603,14404,True
α,f4sat,8,165,REPAIR,6,6,0,3,1603,14404,True
α,f4sat,8,166,REPAIR,6,6,0,3,1603,14404,True
α,f4sat,8,167,REPAIR,6,6,0,3,1603,14404,True
α,f4sat,8,168,REPAIR,6,6,0,3,1603,14404,True
α,f4sat,8,169,REPAIR,6,6,0,3,1603,14404,True
α,f4sat,8,170,REPAIR,6,6,0,3,1603,14404,True
α,f4sat,8,171,REPAIR,6,6,0,3,1603,14404,True
α,f4sat,8,172,REPAIR,6,6,0,3,1603,14404,True
α,f4sat,8,173,REPAIR,6,6,0,3,1603,14404,True
α,f4sat,8,174,REPAIR,6,6,0,3,1603,14404,True
α,f4sat,8,175,REPAIR,6,6,0,3,1603,14404,True
α,f4sat,8,176,REPAIR,6,6,0,3,1603,14404,True
α,f4sat,8,177,REPAIR,6,6,0,3,1603,14404,True
α,f4sat,8,178,REPAIR,6,6,0,3,1603,14404,True
α,f4sat,8,179,REPAIR,6,6,0,3,1603,14404,True
α,f4sat,8,180,REPAIR,6,6,0,3,1603,14404,True
α,f4sat,8,181,REPAIR,6,6,0,3,1603,14404,True
α,f4sat,8,182,REPAIR,6,6,0,3,1603,14404,True
α,f4sat,8,183,REPAIR,6,6,0,3,1603,14404,True
α,f4sat,8,184,REPAIR,6,6,0,3,1603,14404,True
α,f4sat,8,185,REPAIR,6,6,0,3,1603,14404,True
α,f4sat,8,186,REPAIR,6,6,0,3,1603,14404,True
α,f4sat,8,187,REPAIR,6,6,0,3,1603,14404,True
α,f4sat,8,188,REPAIR,6,6,0,3,1603,14404,True
α,f4sat,8,189,REPAIR,6,6,0,3,1603,14404,True
α,f4sat,8,190,REPAIR,6,6,0,3,1603,14404,True
α,f4sat,8,191,REPAIR,6,6,0,3,1603,14404,True
α,f4sat,8,192,REPAIR,6,6,0,3,1603,14404,True
α,f4sat,8,193,REPAIR,6,6,0,3,1603,14404,True
α,f4sat,8,194,REPAIR,6,6,0,3,1603,14404,True
α,f4sat,8,195,REPAIR,6,6,0,3,1603,14404,True
α,f4sat,8,196,REPAIR,6,6,0,3,1603,14404,True
α,f4sat,8,197,REPAIR,6,6,0,3,1603,14404,True
α,f4sat,8,198,REPAIR,6,6,0,3,1603,14404,True
α,f4sat,8,199,REPAIR,6,6,0,3,1603,14404,True
α,f4sat,8,200,REPAIR,6,6,0,3,1603,14404,True
α,f4sat,16,1,REPAIR,6,6,0,3,1603,27204,True
α,f4sat,16,2,REPAIR,6,6,0,3,1603,27204,True
α,f4sat,16,3,REPAIR,6,6,0,3,1603,27204,True
α,f4sat,16,4,REPAIR,6,6,0,3,1603,27204,True
α,f4sat,16,5,REPAIR,6,6,0,3,1603,27204,True
α,f4sat,16,6,REPAIR,6,6,0,3,1603,27204,True
α,f4sat,16,7,REPAIR,6,6,0,3,1603,27204,True
α,f4sat,16,8,REPAIR,6,6,0,3,1603,27204,True
α,f4sat,16,9,REPAIR,6,6,0,3,1603,27204,True
α,f4sat,16,10,REPAIR,6,6,0,3,1603,27204,True
α,f4sat,16,11,REPAIR,6,6,0,3,1603,27204,True
α,f4sat,16,12,REPAIR,6,6,0,3,1603,27204,True
α,f4sat,16,13,REPAIR,6,6,0,3,1603,27204,True
α,f4sat,16,14,REPAIR,6,6,0,3,1603,27204,True
α,f4sat,16,15,REPAIR,6,6,0,3,1603,27204,True
α,f4sat,16,16,REPAIR,6,6,0,3,1603,27204,True
α,f4sat,16,17,REPAIR,6,6,0,3,1603,27204,True
α,f4sat,16,18,REPAIR,6,6,0,3,1603,27204,True
α,f4sat,16,19,REPAIR,6,6,0,3,1603,27204,True
α,f4sat,16,20,REPAIR,6,6,0,3,1603,27204,True
α,f4sat,16,21,REPAIR,6,6,0,3,1603,27204,True
α,f4sat,16,22,REPAIR,6,6,0,3,1603,27204,True
α,f4sat,16,23,REPAIR,6,6,0,3,1603,27204,True
α,f4sat,16,24,REPAIR,6,6,0,3,1603,27204,True
α,f4sat,16,25,REPAIR,6,6,0,3,1603,27204,True
α,f4sat,16,26,REPAIR,6,6,0,3,1603,27204,True
α,f4sat,16,27,REPAIR,6,6,0,3,1603,27204,True
α,f4sat,16,28,REPAIR,6,6,0,3,1603,27204,True
α,f4sat,16,29,REPAIR,6,6,0,3,1603,27204,True
α,f4sat,16,30,REPAIR,6,6,0,3,1603,27204,True
α,f4sat,16,31,REPAIR,6,6,0,3,1603,27204,True
α,f4sat,16,32,REPAIR,6,6,0,3,1603,27204,True
α,f4sat,16,33,REPAIR,6,6,0,3,1603,27204,True
α,f4sat,16,34,REPAIR,6,6,0,3,1603,27204,True
α,f4sat,16,35,REPAIR,6,6,0,3,1603,27204,True
α,f4sat,16,36,REPAIR,6,6,0,3,1603,27204,True
α,f4sat,16,37,REPAIR,6,6,0,3,1603,27204,True
α,f4sat,16,38,REPAIR,6,6,0,3,1603,27204,True
α,f4sat,16,39,REPAIR,6,6,0,3,1603,27204,True
α,f4sat,16,40,REPAIR,6,6,0,3,1603,27204,True
α,f4sat,16,41,REPAIR,6,6,0,3,1603,27204,True
α,f4sat,16,42,REPAIR,6,6,0,3,1603,27204,True
α,f4sat,16,43,REPAIR,6,6,0,3,1603,27204,True
α,f4sat,16,44,REPAIR,6,6,0,3,1603,27204,True
α,f4sat,16,45,REPAIR,6,6,0,3,1603,27204,True
α,f4sat,16,46,REPAIR,6,6,0,3,1603,27204,True
α,f4sat,16,47,REPAIR,6,6,0,3,1603,27204,True
α,f4sat,16,48,REPAIR,6,6,0,3,1603,27204,True
α,f4sat,16,49,REPAIR,6,6,0,3,1603,27204,True
α,f4sat,16,50,REPAIR,6,6,0,3,1603,27204,True
α,f4sat,16,51,REPAIR,6,6,0,3,1603,27204,True
α,f4sat,16,52,REPAIR,6,6,0,3,1603,27204,True
α,f4sat,16,53,REPAIR,6,6,0,3,1603,27204,True
α,f4sat,16,54,REPAIR,6,6,0,3,1603,27204,True
α,f4sat,16,55,REPAIR,6,6,0,3,1603,27204,True
α,f4sat,16,56,REPAIR,6,6,0,3,1603,27204,True
α,f4sat,16,57,REPAIR,6,6,0,3,1603,27204,True
α,f4sat,16,58,REPAIR,6,6,0,3,1603,27204,True
α,f4sat,16,59,REPAIR,6,6,0,3,1603,27204,True
α,f4sat,16,60,REPAIR,6,6,0,3,1603,27204,True
α,f4sat,16,61,REPAIR,6,6,0,3,1603,27204,True
α,f4sat,16,62,REPAIR,6,6,0,3,1603,27204,True
α,f4sat,16,63,REPAIR,6,6,0,3,1603,27204,True
α,f4sat,16,64,REPAIR,6,6,0,3,1603,27204,True
α,f4sat,16,65,REPAIR,6,6,0,3,1603,27204,True
α,f4sat,16,66,REPAIR,6,6,0,3,1603,27204,True
α,f4sat,16,67,REPAIR,6,6,0,3,1603,27204,True
α,f4sat,16,68,REPAIR,6,6,0,3,1603,27204,True
α,f4sat,16,69,REPAIR,6,6,0,3,1603,27204,True
α,f4sat,16,70,REPAIR,6,6,0,3,1603,27204,True
α,f4sat,16,71,REPAIR,6,6,0,3,1603,27204,True
α,f4sat,16,72,REPAIR,6,6,0,3,1603,27204,True
α,f4sat,16,73,REPAIR,6,6,0,3,1603,27204,True
α,f4sat,16,74,REPAIR,6,6,0,3,1603,27204,True
α,f4sat,16,75,REPAIR,6,6,0,3,1603,27204,True
α,f4sat,16,76,REPAIR,6,6,0,3,1603,27204,True
α,f4sat,16,77,REPAIR,6,6,0,3,1603,27204,True
α,f4sat,16,78,REPAIR,6,6,0,3,1603,27204,True
α,f4sat,16,79,REPAIR,6,6,0,3,1603,27204,True
α,f4sat,16,80,REPAIR,6,6,0,3,1603,27204,True
α,f4sat,16,81,REPAIR,6,6,0,3,1603,27204,True
α,f4sat,16,82,REPAIR,6,6,0,3,1603,27204,True
α,f4sat,16,83,REPAIR,6,6,0,3,1603,27204,True
α,f4sat,16,84,REPAIR,6,6,0,3,1603,27204,True
α,f4sat,16,85,REPAIR,6,6,0,3,1603,27204,True
α,f4sat,16,86,REPAIR,6,6,0,3,1603,27204,True
α,f4sat,16,87,REPAIR,6,6,0,3,1603,27204,True
α,f4sat,16,88,REPAIR,6,6,0,3,1603,27204,True
α,f4sat,16,89,REPAIR,6,6,0,3,1603,27204,True
α,f4sat,16,90,REPAIR,6,6,0,3,1603,27204,True
α,f4sat,16,91,REPAIR,6,6,0,3,1603,27204,True
α,f4sat,16,92,REPAIR,6,6,0,3,1603,27204,True
α,f4sat,16,93,REPAIR,6,6,0,3,1603,27204,True
α,f4sat,16,94,REPAIR,6,6,0,3,1603,27204,True
α,f4sat,16,95,REPAIR,6,6,0,3,1603,27204,True
α,f4sat,16,96,REPAIR,6,6,0,3,1603,27204,True
α,f4sat,16,97,REPAIR,6,6,0,3,1603,27204,True
α,f4sat,16,98,REPAIR,6,6,0,3,1603,27204,True
α,f4sat,16,99,REPAIR,6,6,0,3,1603,27204,True
α,f4sat,16,100,REPAIR,6,6,0,3,1603,27204,True
α,f4sat,16,101,REPAIR,6,6,0,3,1603,27204,True
α,f4sat,16,102,REPAIR,6,6,0,3,1603,27204,True
α,f4sat,16,103,REPAIR,6,6,0,3,1603,27204,True
α,f4sat,16,104,REPAIR,6,6,0,3,1603,27204,True
α,f4sat,16,105,REPAIR,6,6,0,3,1603,27204,True
α,f4sat,16,106,REPAIR,6,6,0,3,1603,27204,True
α,f4sat,16,107,REPAIR,6,6,0,3,1603,27204,True
α,f4sat,16,108,REPAIR,6,6,0,3,1603,27204,True
α,f4sat,16,109,REPAIR,6,6,0,3,1603,27204,True
α,f4sat,16,110,REPAIR,6,6,0,3,1603,27204,True
α,f4sat,16,111,REPAIR,6,6,0,3,1603,27204,True
α,f4sat,16,112,REPAIR,6,6,0,3,1603,27204,True
α,f4sat,16,113,REPAIR,6,6,0,3,1603,27204,True
α,f4sat,16,114,REPAIR,6,6,0,3,1603,27204,True
α,f4sat,16,115,REPAIR,6,6,0,3,1603,27204,True
α,f4sat,16,116,REPAIR,6,6,0,3,1603,27204,True
α,f4sat,16,117,REPAIR,6,6,0,3,1603,27204,True
α,f4sat,16,118,REPAIR,6,6,0,3,1603,27204,True
α,f4sat,16,119,REPAIR,6,6,0,3,1603,27204,True
α,f4sat,16,120,REPAIR,6,6,0,3,1603,27204,True
α,f4sat,16,121,REPAIR,6,6,0,3,1603,27204,True
α,f4sat,16,122,REPAIR,6,6,0,3,1603,27204,True
α,f4sat,16,123,REPAIR,6,6,0,3,1603,27204,True
α,f4sat,16,124,REPAIR,6,6,0,3,1603,27204,True
α,f4sat,16,125,REPAIR,6,6,0,3,1603,27204,True
α,f4sat,16,126,REPAIR,6,6,0,3,1603,27204,True
α,f4sat,16,127,REPAIR,6,6,0,3,1603,27204,True
α,f4sat,16,128,REPAIR,6,6,0,3,1603,27204,True
α,f4sat,16,129,REPAIR,6,6,0,3,1603,27204,True
α,f4sat,16,130,REPAIR,6,6,0,3,1603,27204,True
α,f4sat,16,131,REPAIR,6,6,0,3,1603,27204,True
α,f4sat,16,132,REPAIR,6,6,0,3,1603,27204,True
α,f4sat,16,133,REPAIR,6,6,0,3,1603,27204,True
α,f4sat,16,134,REPAIR,6,6,0,3,1603,27204,True
α,f4sat,16,135,REPAIR,6,6,0,3,1603,27204,True
α,f4sat,16,136,REPAIR,6,6,0,3,1603,27204,True
α,f4sat,16,137,REPAIR,6,6,0,3,1603,27204,True
α,f4sat,16,138,REPAIR,6,6,0,3,1603,27204,True
α,f4sat,16,139,REPAIR,6,6,0,3,1603,27204,True
α,f4sat,16,140,REPAIR,6,6,0,3,1603,27204,True
α,f4sat,16,141,REPAIR,6,6,0,3,1603,27204,True
α,f4sat,16,142,REPAIR,6,6,0,3,1603,27204,True
α,f4sat,16,143,REPAIR,6,6,0,3,1603,27204,True
α,f4sat,16,144,REPAIR,6,6,0,3,1603,27204,True
α,f4sat,16,145,REPAIR,6,6,0,3,1603,27204,True
α,f4sat,16,146,REPAIR,6,6,0,3,1603,27204,True
α,f4sat,16,147,REPAIR,6,6,0,3,1603,27204,True
α,f4sat,16,148,REPAIR,6,6,0,3,1603,27204,True
α,f4sat,16,149,REPAIR,6,6,0,3,1603,27204,True
α,f4sat,16,150,REPAIR,6,6,0,3,1603,27204,True
α,f4sat,16,151,REPAIR,6,6,0,3,1603,27204,True
α,f4sat,16,152,REPAIR,6,6,0,3,1603,27204,True
α,f4sat,16,153,REPAIR,6,6,0,3,1603,27204,True
α,f4sat,16,154,REPAIR,6,6,0,3,1603,27204,True
α,f4sat,16,155,REPAIR,6,6,0,3,1603,27204,True
α,f4sat,16,156,REPAIR,6,6,0,3,1603,27204,True
α,f4sat,16,157,REPAIR,6,6,0,3,1603,27204,True
α,f4sat,16,158,REPAIR,6,6,0,3,1603,27204,True
α,f4sat,16,159,REPAIR,6,6,0,3,1603,27204,True
α,f4sat,16,160,REPAIR,6,6,0,3,1603,27204,True
α,f4sat,16,161,REPAIR,6,6,0,3,1603,27204,True
α,f4sat,16,162,REPAIR,6,6,0,3,1603,27204,True
α,f4sat,16,163,REPAIR,6,6,0,3,1603,27204,True
α,f4sat,16,164,REPAIR,6,6,0,3,1603,27204,True
α,f4sat,16,165,REPAIR,6,6,0,3,1603,27204,True
α,f4sat,16,166,REPAIR,6,6,0,3,1603,27204,True
α,f4sat,16,167,REPAIR,6,6,0,3,1603,27204,True
α,f4sat,16,168,REPAIR,6,6,0,3,1603,27204,True
α,f4sat,16,169,REPAIR,6,6,0,3,1603,27204,True
α,f4sat,16,170,REPAIR,6,6,0,3,1603,27204,True
α,f4sat,16,171,REPAIR,6,6,0,3,1603,27204,True
α,f4sat,16,172,REPAIR,6,6,0,3,1603,27204,True
α,f4sat,16,173,REPAIR,6,6,0,3,1603,27204,True
α,f4sat,16,174,REPAIR,6,6,0,3,1603,27204,True
α,f4sat,16,175,REPAIR,6,6,0,3,1603,27204,True
α,f4sat,16,176,REPAIR,6,6,0,3,1603,27204,True
α,f4sat,16,177,REPAIR,6,6,0,3,1603,27204,True
α,f4sat,16,178,REPAIR,6,6,0,3,1603,27204,True
α,f4sat,16,179,REPAIR,6,6,0,3,1603,27204,True
α,f4sat,16,180,REPAIR,6,6,0,3,1603,27204,True
α,f4sat,16,181,REPAIR,6,6,0,3,1603,27204,True
α,f4sat,16,182,REPAIR,6,6,0,3,1603,27204,True
α,f4sat,16,183,REPAIR,6,6,0,3,1603,27204,True
α,f4sat,16,184,REPAIR,6,6,0,3,1603,27204,True
α,f4sat,16,185,REPAIR,6,6,0,3,1603,27204,True
α,f4sat,16,186,REPAIR,6,6,0,3,1603,27204,True
α,f4sat,16,187,REPAIR,6,6,0,3,1603,27204,True
α,f4sat,16,188,REPAIR,6,6,0,3,1603,27204,True
α,f4sat,16,189,REPAIR,6,6,0,3,1603,27204,True
α,f4sat,16,190,REPAIR,6,6,0,3,1603,27204,True
α,f4sat,16,191,REPAIR,6,6,0,3,1603,27204,True
α,f4sat,16,192,REPAIR,6,6,0,3,1603,27204,True
α,f4sat,16,193,REPAIR,6,6,0,3,1603,27204,True
α,f4sat,16,194,REPAIR,6,6,0,3,1603,27204,True
α,f4sat,16,195,REPAIR,6,6,0,3,1603,27204,True
α,f4sat,16,196,REPAIR,6,6,0,3,1603,27204,True
α,f4sat,16,197,REPAIR,6,6,0,3,1603,27204,True
α,f4sat,16,198,REPAIR,6,6,0,3,1603,27204,True
α,f4sat,16,199,REPAIR,6,6,0,3,1603,27204,True
α,f4sat,16,200,REPAIR,6,6,0,3,1603,27204,True
α,f4sat,32,1,REPAIR,6,6,0,3,1603,52804,True
α,f4sat,32,2,REPAIR,6,6,0,3,1603,52804,True
α,f4sat,32,3,REPAIR,6,6,0,3,1603,52804,True
α,f4sat,32,4,REPAIR,6,6,0,3,1603,52804,True
α,f4sat,32,5,REPAIR,6,6,0,3,1603,52804,True
α,f4sat,32,6,REPAIR,6,6,0,3,1603,52804,True
α,f4sat,32,7,REPAIR,6,6,0,3,1603,52804,True
α,f4sat,32,8,REPAIR,6,6,0,3,1603,52804,True
α,f4sat,32,9,REPAIR,6,6,0,3,1603,52804,True
α,f4sat,32,10,REPAIR,6,6,0,3,1603,52804,True
α,f4sat,32,11,REPAIR,6,6,0,3,1603,52804,True
α,f4sat,32,12,REPAIR,6,6,0,3,1603,52804,True
α,f4sat,32,13,REPAIR,6,6,0,3,1603,52804,True
α,f4sat,32,14,REPAIR,6,6,0,3,1603,52804,True
α,f4sat,32,15,REPAIR,6,6,0,3,1603,52804,True
α,f4sat,32,16,REPAIR,6,6,0,3,1603,52804,True
α,f4sat,32,17,REPAIR,6,6,0,3,1603,52804,True
α,f4sat,32,18,REPAIR,6,6,0,3,1603,52804,True
α,f4sat,32,19,REPAIR,6,6,0,3,1603,52804,True
α,f4sat,32,20,REPAIR,6,6,0,3,1603,52804,True
α,f4sat,32,21,REPAIR,6,6,0,3,1603,52804,True
α,f4sat,32,22,REPAIR,6,6,0,3,1603,52804,True
α,f4sat,32,23,REPAIR,6,6,0,3,1603,52804,True
α,f4sat,32,24,REPAIR,6,6,0,3,1603,52804,True
α,f4sat,32,25,REPAIR,6,6,0,3,1603,52804,True
α,f4sat,32,26,REPAIR,6,6,0,3,1603,52804,True
α,f4sat,32,27,REPAIR,6,6,0,3,1603,52804,True
α,f4sat,32,28,REPAIR,6,6,0,3,1603,52804,True
α,f4sat,32,29,REPAIR,6,6,0,3,1603,52804,True
α,f4sat,32,30,REPAIR,6,6,0,3,1603,52804,True
α,f4sat,32,31,REPAIR,6,6,0,3,1603,52804,True
α,f4sat,32,32,REPAIR,6,6,0,3,1603,52804,True
α,f4sat,32,33,REPAIR,6,6,0,3,1603,52804,True
α,f4sat,32,34,REPAIR,6,6,0,3,1603,52804,True
α,f4sat,32,35,REPAIR,6,6,0,3,1603,52804,True
α,f4sat,32,36,REPAIR,6,6,0,3,1603,52804,True
α,f4sat,32,37,REPAIR,6,6,0,3,1603,52804,True
α,f4sat,32,38,REPAIR,6,6,0,3,1603,52804,True
α,f4sat,32,39,REPAIR,6,6,0,3,1603,52804,True
α,f4sat,32,40,REPAIR,6,6,0,3,1603,52804,True
α,f4sat,32,41,REPAIR,6,6,0,3,1603,52804,True
α,f4sat,32,42,REPAIR,6,6,0,3,1603,52804,True
α,f4sat,32,43,REPAIR,6,6,0,3,1603,52804,True
α,f4sat,32,44,REPAIR,6,6,0,3,1603,52804,True
α,f4sat,32,45,REPAIR,6,6,0,3,1603,52804,True
α,f4sat,32,46,REPAIR,6,6,0,3,1603,52804,True
α,f4sat,32,47,REPAIR,6,6,0,3,1603,52804,True
α,f4sat,32,48,REPAIR,6,6,0,3,1603,52804,True
α,f4sat,32,49,REPAIR,6,6,0,3,1603,52804,True
α,f4sat,32,50,REPAIR,6,6,0,3,1603,52804,True
α,f4sat,32,51,REPAIR,6,6,0,3,1603,52804,True
α,f4sat,32,52,REPAIR,6,6,0,3,1603,52804,True
α,f4sat,32,53,REPAIR,6,6,0,3,1603,52804,True
α,f4sat,32,54,REPAIR,6,6,0,3,1603,52804,True
α,f4sat,32,55,REPAIR,6,6,0,3,1603,52804,True
α,f4sat,32,56,REPAIR,6,6,0,3,1603,52804,True
α,f4sat,32,57,REPAIR,6,6,0,3,1603,52804,True
α,f4sat,32,58,REPAIR,6,6,0,3,1603,52804,True
α,f4sat,32,59,REPAIR,6,6,0,3,1603,52804,True
α,f4sat,32,60,REPAIR,6,6,0,3,1603,52804,True
α,f4sat,32,61,REPAIR,6,6,0,3,1603,52804,True
α,f4sat,32,62,REPAIR,6,6,0,3,1603,52804,True
α,f4sat,32,63,REPAIR,6,6,0,3,1603,52804,True
α,f4sat,32,64,REPAIR,6,6,0,3,1603,52804,True
α,f4sat,32,65,REPAIR,6,6,0,3,1603,52804,True
α,f4sat,32,66,REPAIR,6,6,0,3,1603,52804,True
α,f4sat,32,67,REPAIR,6,6,0,3,1603,52804,True
α,f4sat,32,68,REPAIR,6,6,0,3,1603,52804,True
α,f4sat,32,69,REPAIR,6,6,0,3,1603,52804,True
α,f4sat,32,70,REPAIR,6,6,0,3,1603,52804,True
α,f4sat,32,71,REPAIR,6,6,0,3,1603,52804,True
α,f4sat,32,72,REPAIR,6,6,0,3,1603,52804,True
α,f4sat,32,73,REPAIR,6,6,0,3,1603,52804,True
α,f4sat,32,74,REPAIR,6,6,0,3,1603,52804,True
α,f4sat,32,75,REPAIR,6,6,0,3,1603,52804,True
α,f4sat,32,76,REPAIR,6,6,0,3,1603,52804,True
α,f4sat,32,77,REPAIR,6,6,0,3,1603,52804,True
α,f4sat,32,78,REPAIR,6,6,0,3,1603,52804,True
α,f4sat,32,79,REPAIR,6,6,0,3,1603,52804,True
α,f4sat,32,80,REPAIR,6,6,0,3,1603,52804,True
α,f4sat,32,81,REPAIR,6,6,0,3,1603,52804,True
α,f4sat,32,82,REPAIR,6,6,0,3,1603,52804,True
α,f4sat,32,83,REPAIR,6,6,0,3,1603,52804,True
α,f4sat,32,84,REPAIR,6,6,0,3,1603,52804,True
α,f4sat,32,85,REPAIR,6,6,0,3,1603,52804,True
α,f4sat,32,86,REPAIR,6,6,0,3,1603,52804,True
α,f4sat,32,87,REPAIR,6,6,0,3,1603,52804,True
α,f4sat,32,88,REPAIR,6,6,0,3,1603,52804,True
α,f4sat,32,89,REPAIR,6,6,0,3,1603,52804,True
α,f4sat,32,90,REPAIR,6,6,0,3,1603,52804,True
α,f4sat,32,91,REPAIR,6,6,0,3,1603,52804,True
α,f4sat,32,92,REPAIR,6,6,0,3,1603,52804,True
α,f4sat,32,93,REPAIR,6,6,0,3,1603,52804,True
α,f4sat,32,94,REPAIR,6,6,0,3,1603,52804,True
α,f4sat,32,95,REPAIR,6,6,0,3,1603,52804,True
α,f4sat,32,96,REPAIR,6,6,0,3,1603,52804,True
α,f4sat,32,97,REPAIR,6,6,0,3,1603,52804,True
α,f4sat,32,98,REPAIR,6,6,0,3,1603,52804,True
α,f4sat,32,99,REPAIR,6,6,0,3,1603,52804,True
α,f4sat,32,100,REPAIR,6,6,0,3,1603,52804,True
α,f4sat,32,101,REPAIR,6,6,0,3,1603,52804,True
α,f4sat,32,102,REPAIR,6,6,0,3,1603,52804,True
α,f4sat,32,103,REPAIR,6,6,0,3,1603,52804,True
α,f4sat,32,104,REPAIR,6,6,0,3,1603,52804,True
α,f4sat,32,105,REPAIR,6,6,0,3,1603,52804,True
α,f4sat,32,106,REPAIR,6,6,0,3,1603,52804,True
α,f4sat,32,107,REPAIR,6,6,0,3,1603,52804,True
α,f4sat,32,108,REPAIR,6,6,0,3,1603,52804,True
α,f4sat,32,109,REPAIR,6,6,0,3,1603,52804,True
α,f4sat,32,110,REPAIR,6,6,0,3,1603,52804,True
α,f4sat,32,111,REPAIR,6,6,0,3,1603,52804,True
α,f4sat,32,112,REPAIR,6,6,0,3,1603,52804,True
α,f4sat,32,113,REPAIR,6,6,0,3,1603,52804,True
α,f4sat,32,114,REPAIR,6,6,0,3,1603,52804,True
α,f4sat,32,115,REPAIR,6,6,0,3,1603,52804,True
α,f4sat,32,116,REPAIR,6,6,0,3,1603,52804,True
α,f4sat,32,117,REPAIR,6,6,0,3,1603,52804,True
α,f4sat,32,118,REPAIR,6,6,0,3,1603,52804,True
α,f4sat,32,119,REPAIR,6,6,0,3,1603,52804,True
α,f4sat,32,120,REPAIR,6,6,0,3,1603,52804,True
α,f4sat,32,121,REPAIR,6,6,0,3,1603,52804,True
α,f4sat,32,122,REPAIR,6,6,0,3,1603,52804,True
α,f4sat,32,123,REPAIR,6,6,0,3,1603,52804,True
α,f4sat,32,124,REPAIR,6,6,0,3,1603,52804,True
α,f4sat,32,125,REPAIR,6,6,0,3,1603,52804,True
α,f4sat,32,126,REPAIR,6,6,0,3,1603,52804,True
α,f4sat,32,127,REPAIR,6,6,0,3,1603,52804,True
α,f4sat,32,128,REPAIR,6,6,0,3,1603,52804,True
α,f4sat,32,129,REPAIR,6,6,0,3,1603,52804,True
α,f4sat,32,130,REPAIR,6,6,0,3,1603,52804,True
α,f4sat,32,131,REPAIR,6,6,0,3,1603,52804,True
α,f4sat,32,132,REPAIR,6,6,0,3,1603,52804,True
α,f4sat,32,133,REPAIR,6,6,0,3,1603,52804,True
α,f4sat,32,134,REPAIR,6,6,0,3,1603,52804,True
α,f4sat,32,135,REPAIR,6,6,0,3,1603,52804,True
α,f4sat,32,136,REPAIR,6,6,0,3,1603,52804,True
α,f4sat,32,137,REPAIR,6,6,0,3,1603,52804,True
α,f4sat,32,138,REPAIR,6,6,0,3,1603,52804,True
α,f4sat,32,139,REPAIR,6,6,0,3,1603,52804,True
α,f4sat,32,140,REPAIR,6,6,0,3,1603,52804,True
α,f4sat,32,141,REPAIR,6,6,0,3,1603,52804,True
α,f4sat,32,142,REPAIR,6,6,0,3,1603,52804,True
α,f4sat,32,143,REPAIR,6,6,0,3,1603,52804,True
α,f4sat,32,144,REPAIR,6,6,0,3,1603,52804,True
α,f4sat,32,145,REPAIR,6,6,0,3,1603,52804,True
α,f4sat,32,146,REPAIR,6,6,0,3,1603,52804,True
α,f4sat,32,147,REPAIR,6,6,0,3,1603,52804,True
α,f4sat,32,148,REPAIR,6,6,0,3,1603,52804,True
α,f4sat,32,149,REPAIR,6,6,0,3,1603,52804,True
α,f4sat,32,150,REPAIR,6,6,0,3,1603,52804,True
α,f4sat,32,151,REPAIR,6,6,0,3,1603,52804,True
α,f4sat,32,152,REPAIR,6,6,0,3,1603,52804,True
α,f4sat,32,153,REPAIR,6,6,0,3,1603,52804,True
α,f4sat,32,154,REPAIR,6,6,0,3,1603,52804,True
α,f4sat,32,155,REPAIR,6,6,0,3,1603,52804,True
α,f4sat,32,156,REPAIR,6,6,0,3,1603,52804,True
α,f4sat,32,157,REPAIR,6,6,0,3,1603,52804,True
α,f4sat,32,158,REPAIR,6,6,0,3,1603,52804,True
α,f4sat,32,159,REPAIR,6,6,0,3,1603,52804,True
α,f4sat,32,160,REPAIR,6,6,0,3,1603,52804,True
α,f4sat,32,161,REPAIR,6,6,0,3,1603,52804,True
α,f4sat,32,162,REPAIR,6,6,0,3,1603,52804,True
α,f4sat,32,163,REPAIR,6,6,0,3,1603,52804,True
α,f4sat,32,164,REPAIR,6,6,0,3,1603,52804,True
α,f4sat,32,165,REPAIR,6,6,0,3,1603,52804,True
α,f4sat,32,166,REPAIR,6,6,0,3,1603,52804,True
α,f4sat,32,167,REPAIR,6,6,0,3,1603,52804,True
α,f4sat,32,168,REPAIR,6,6,0,3,1603,52804,True
α,f4sat,32,169,REPAIR,6,6,0,3,1603,52804,True
α,f4sat,32,170,REPAIR,6,6,0,3,1603,52804,True
α,f4sat,32,171,REPAIR,6,6,0,3,1603,52804,True
α,f4sat,32,172,REPAIR,6,6,0,3,1603,52804,True
α,f4sat,32,173,REPAIR,6,6,0,3,1603,52804,True
α,f4sat,32,174,REPAIR,6,6,0,3,1603,52804,True
α,f4sat,32,175,REPAIR,6,6,0,3,1603,52804,True
α,f4sat,32,176,REPAIR,6,6,0,3,1603,52804,True
α,f4sat,32,177,REPAIR,6,6,0,3,1603,52804,True
α,f4sat,32,178,REPAIR,6,6,0,3,1603,52804,True
α,f4sat,32,179,REPAIR,6,6,0,3,1603,52804,True
α,f4sat,32,180,REPAIR,6,6,0,3,1603,52804,True
α,f4sat,32,181,REPAIR,6,6,0,3,1603,52804,True
α,f4sat,32,182,REPAIR,6,6,0,3,1603,52804,True
α,f4sat,32,183,REPAIR,6,6,0,3,1603,52804,True
α,f4sat,32,184,REPAIR,6,6,0,3,1603,52804,True
α,f4sat,32,185,REPAIR,6,6,0,3,1603,52804,True
α,f4sat,32,186,REPAIR,6,6,0,3,1603,52804,True
α,f4sat,32,187,REPAIR,6,6,0,3,1603,52804,True
α,f4sat,32,188,REPAIR,6,6,0,3,1603,52804,True
α,f4sat,32,189,REPAIR,6,6,0,3,1603,52804,True
α,f4sat,32,190,REPAIR,6,6,0,3,1603,52804,True
α,f4sat,32,191,REPAIR,6,6,0,3,1603,52804,True
α,f4sat,32,192,REPAIR,6,6,0,3,1603,52804,True
α,f4sat,32,193,REPAIR,6,6,0,3,1603,52804,True
α,f4sat,32,194,REPAIR,6,6,0,3,1603,52804,True
α,f4sat,32,195,REPAIR,6,6,0,3,1603,52804,True
α,f4sat,32,196,REPAIR,6,6,0,3,1603,52804,True
α,f4sat,32,197,REPAIR,6,6,0,3,1603,52804,True
α,f4sat,32,198,REPAIR,6,6,0,3,1603,52804,True
α,f4sat,32,199,REPAIR,6,6,0,3,1603,52804,True
α,f4sat,32,200,REPAIR,6,6,0,3,1603,52804,True
β,f3,1,1,REPAIR,6,6,0,0,1603,1603,True
β,f3,1,2,REPAIR,6,6,0,0,1603,1603,True
β,f3,1,3,REPAIR,6,6,0,0,1603,1603,True
β,f3,1,4,REPAIR,6,6,0,0,1603,1603,True
β,f3,1,5,REPAIR,6,6,0,0,1603,1603,True
β,f3,1,6,REPAIR,6,6,0,0,1603,1603,True
β,f3,1,7,REPAIR,6,6,0,0,1603,1603,True
β,f3,1,8,REPAIR,6,6,0,0,1603,1603,True
β,f3,1,9,REPAIR,6,6,0,0,1603,1603,True
β,f3,1,10,REPAIR,6,6,0,0,1603,1603,True
β,f3,1,11,REPAIR,6,6,0,0,1603,1603,True
β,f3,1,12,REPAIR,6,6,0,0,1603,1603,True
β,f3,1,13,REPAIR,6,6,0,0,1603,1603,True
β,f3,1,14,REPAIR,6,6,0,0,1603,1603,True
β,f3,1,15,REPAIR,6,6,0,0,1603,1603,True
β,f3,1,16,REPAIR,6,6,0,0,1603,1603,True
β,f3,1,17,REPAIR,6,6,0,0,1603,1603,True
β,f3,1,18,REPAIR,6,6,0,0,1603,1603,True
β,f3,1,19,REPAIR,6,6,0,0,1603,1603,True
β,f3,1,20,REPAIR,6,6,0,0,1603,1603,True
β,f3,1,21,REPAIR,6,6,0,0,1603,1603,True
β,f3,1,22,REPAIR,6,6,0,0,1603,1603,True
β,f3,1,23,REPAIR,6,6,0,0,1603,1603,True
β,f3,1,24,REPAIR,6,6,0,0,1603,1603,True
β,f3,1,25,REPAIR,6,6,0,0,1603,1603,True
β,f3,1,26,REPAIR,6,6,0,0,1603,1603,True
β,f3,1,27,REPAIR,6,6,0,0,1603,1603,True
β,f3,1,28,REPAIR,6,6,0,0,1603,1603,True
β,f3,1,29,REPAIR,6,6,0,0,1603,1603,True
β,f3,1,30,REPAIR,6,6,0,0,1603,1603,True
β,f3,1,31,REPAIR,6,6,0,0,1603,1603,True
β,f3,1,32,REPAIR,6,6,0,0,1603,1603,True
β,f3,1,33,REPAIR,6,6,0,0,1603,1603,True
β,f3,1,34,REPAIR,6,6,0,0,1603,1603,True
β,f3,1,35,REPAIR,6,6,0,0,1603,1603,True
β,f3,1,36,REPAIR,6,6,0,0,1603,1603,True
β,f3,1,37,REPAIR,6,6,0,0,1603,1603,True
β,f3,1,38,REPAIR,6,6,0,0,1603,1603,True
β,f3,1,39,REPAIR,6,6,0,0,1603,1603,True
β,f3,1,40,REPAIR,6,6,0,0,1603,1603,True
β,f3,1,41,REPAIR,6,6,0,0,1603,1603,True
β,f3,1,42,REPAIR,6,6,0,0,1603,1603,True
β,f3,1,43,REPAIR,6,6,0,0,1603,1603,True
β,f3,1,44,REPAIR,6,6,0,0,1603,1603,True
β,f3,1,45,REPAIR,6,6,0,0,1603,1603,True
β,f3,1,46,REPAIR,6,6,0,0,1603,1603,True
β,f3,1,47,REPAIR,6,6,0,0,1603,1603,True
β,f3,1,48,REPAIR,6,6,0,0,1603,1603,True
β,f3,1,49,REPAIR,6,6,0,0,1603,1603,True
β,f3,1,50,REPAIR,6,6,0,0,1603,1603,True
β,f3,1,51,REPAIR,6,6,0,0,1603,1603,True
β,f3,1,52,REPAIR,6,6,0,0,1603,1603,True
β,f3,1,53,REPAIR,6,6,0,0,1603,1603,True
β,f3,1,54,REPAIR,6,6,0,0,1603,1603,True
β,f3,1,55,REPAIR,6,6,0,0,1603,1603,True
β,f3,1,56,REPAIR,6,6,0,0,1603,1603,True
β,f3,1,57,REPAIR,6,6,0,0,1603,1603,True
β,f3,1,58,REPAIR,6,6,0,0,1603,1603,True
β,f3,1,59,REPAIR,6,6,0,0,1603,1603,True
β,f3,1,60,REPAIR,6,6,0,0,1603,1603,True
β,f3,1,61,REPAIR,6,6,0,0,1603,1603,True
β,f3,1,62,REPAIR,6,6,0,0,1603,1603,True
β,f3,1,63,REPAIR,6,6,0,0,1603,1603,True
β,f3,1,64,REPAIR,6,6,0,0,1603,1603,True
β,f3,1,65,REPAIR,6,6,0,0,1603,1603,True
β,f3,1,66,REPAIR,6,6,0,0,1603,1603,True
β,f3,1,67,REPAIR,6,6,0,0,1603,1603,True
β,f3,1,68,REPAIR,6,6,0,0,1603,1603,True
β,f3,1,69,REPAIR,6,6,0,0,1603,1603,True
β,f3,1,70,REPAIR,6,6,0,0,1603,1603,True
β,f3,1,71,REPAIR,6,6,0,0,1603,1603,True
β,f3,1,72,REPAIR,6,6,0,0,1603,1603,True
β,f3,1,73,REPAIR,6,6,0,0,1603,1603,True
β,f3,1,74,REPAIR,6,6,0,0,1603,1603,True
β,f3,1,75,REPAIR,6,6,0,0,1603,1603,True
β,f3,1,76,REPAIR,6,6,0,0,1603,1603,True
β,f3,1,77,REPAIR,6,6,0,0,1603,1603,True
β,f3,1,78,REPAIR,6,6,0,0,1603,1603,True
β,f3,1,79,REPAIR,6,6,0,0,1603,1603,True
β,f3,1,80,REPAIR,6,6,0,0,1603,1603,True
β,f3,1,81,REPAIR,6,6,0,0,1603,1603,True
β,f3,1,82,REPAIR,6,6,0,0,1603,1603,True
β,f3,1,83,REPAIR,6,6,0,0,1603,1603,True
β,f3,1,84,REPAIR,6,6,0,0,1603,1603,True
β,f3,1,85,REPAIR,6,6,0,0,1603,1603,True
β,f3,1,86,REPAIR,6,6,0,0,1603,1603,True
β,f3,1,87,REPAIR,6,6,0,0,1603,1603,True
β,f3,1,88,REPAIR,6,6,0,0,1603,1603,True
β,f3,1,89,REPAIR,6,6,0,0,1603,1603,True
β,f3,1,90,REPAIR,6,6,0,0,1603,1603,True
β,f3,1,91,REPAIR,6,6,0,0,1603,1603,True
β,f3,1,92,REPAIR,6,6,0,0,1603,1603,True
β,f3,1,93,REPAIR,6,6,0,0,1603,1603,True
β,f3,1,94,REPAIR,6,6,0,0,1603,1603,True
β,f3,1,95,REPAIR,6,6,0,0,1603,1603,True
β,f3,1,96,REPAIR,6,6,0,0,1603,1603,True
β,f3,1,97,REPAIR,6,6,0,0,1603,1603,True
β,f3,1,98,REPAIR,6,6,0,0,1603,1603,True
β,f3,1,99,REPAIR,6,6,0,0,1603,1603,True
β,f3,1,100,REPAIR,6,6,0,0,1603,1603,True
β,f3,1,101,REPAIR,6,6,0,0,1603,1603,True
β,f3,1,102,REPAIR,6,6,0,0,1603,1603,True
β,f3,1,103,REPAIR,6,6,0,0,1603,1603,True
β,f3,1,104,REPAIR,6,6,0,0,1603,1603,True
β,f3,1,105,REPAIR,6,6,0,0,1603,1603,True
β,f3,1,106,REPAIR,6,6,0,0,1603,1603,True
β,f3,1,107,REPAIR,6,6,0,0,1603,1603,True
β,f3,1,108,REPAIR,6,6,0,0,1603,1603,True
β,f3,1,109,REPAIR,6,6,0,0,1603,1603,True
β,f3,1,110,REPAIR,6,6,0,0,1603,1603,True
β,f3,1,111,REPAIR,6,6,0,0,1603,1603,True
β,f3,1,112,REPAIR,6,6,0,0,1603,1603,True
β,f3,1,113,REPAIR,6,6,0,0,1603,1603,True
β,f3,1,114,REPAIR,6,6,0,0,1603,1603,True
β,f3,1,115,REPAIR,6,6,0,0,1603,1603,True
β,f3,1,116,REPAIR,6,6,0,0,1603,1603,True
β,f3,1,117,REPAIR,6,6,0,0,1603,1603,True
β,f3,1,118,REPAIR,6,6,0,0,1603,1603,True
β,f3,1,119,REPAIR,6,6,0,0,1603,1603,True
β,f3,1,120,REPAIR,6,6,0,0,1603,1603,True
β,f3,1,121,REPAIR,6,6,0,0,1603,1603,True
β,f3,1,122,REPAIR,6,6,0,0,1603,1603,True
β,f3,1,123,REPAIR,6,6,0,0,1603,1603,True
β,f3,1,124,REPAIR,6,6,0,0,1603,1603,True
β,f3,1,125,REPAIR,6,6,0,0,1603,1603,True
β,f3,1,126,REPAIR,6,6,0,0,1603,1603,True
β,f3,1,127,REPAIR,6,6,0,0,1603,1603,True
β,f3,1,128,REPAIR,6,6,0,0,1603,1603,True
β,f3,1,129,REPAIR,6,6,0,0,1603,1603,True
β,f3,1,130,REPAIR,6,6,0,0,1603,1603,True
β,f3,1,131,REPAIR,6,6,0,0,1603,1603,True
β,f3,1,132,REPAIR,6,6,0,0,1603,1603,True
β,f3,1,133,REPAIR,6,6,0,0,1603,1603,True
β,f3,1,134,REPAIR,6,6,0,0,1603,1603,True
β,f3,1,135,REPAIR,6,6,0,0,1603,1603,True
β,f3,1,136,REPAIR,6,6,0,0,1603,1603,True
β,f3,1,137,REPAIR,6,6,0,0,1603,1603,True
β,f3,1,138,REPAIR,6,6,0,0,1603,1603,True
β,f3,1,139,REPAIR,6,6,0,0,1603,1603,True
β,f3,1,140,REPAIR,6,6,0,0,1603,1603,True
β,f3,1,141,REPAIR,6,6,0,0,1603,1603,True
β,f3,1,142,REPAIR,6,6,0,0,1603,1603,True
β,f3,1,143,REPAIR,6,6,0,0,1603,1603,True
β,f3,1,144,REPAIR,6,6,0,0,1603,1603,True
β,f3,1,145,REPAIR,6,6,0,0,1603,1603,True
β,f3,1,146,REPAIR,6,6,0,0,1603,1603,True
β,f3,1,147,REPAIR,6,6,0,0,1603,1603,True
β,f3,1,148,REPAIR,6,6,0,0,1603,1603,True
β,f3,1,149,REPAIR,6,6,0,0,1603,1603,True
β,f3,1,150,REPAIR,6,6,0,0,1603,1603,True
β,f3,1,151,REPAIR,6,6,0,0,1603,1603,True
β,f3,1,152,REPAIR,6,6,0,0,1603,1603,True
β,f3,1,153,REPAIR,6,6,0,0,1603,1603,True
β,f3,1,154,REPAIR,6,6,0,0,1603,1603,True
β,f3,1,155,REPAIR,6,6,0,0,1603,1603,True
β,f3,1,156,REPAIR,6,6,0,0,1603,1603,True
β,f3,1,157,REPAIR,6,6,0,0,1603,1603,True
β,f3,1,158,REPAIR,6,6,0,0,1603,1603,True
β,f3,1,159,REPAIR,6,6,0,0,1603,1603,True
β,f3,1,160,REPAIR,6,6,0,0,1603,1603,True
β,f3,1,161,REPAIR,6,6,0,0,1603,1603,True
β,f3,1,162,REPAIR,6,6,0,0,1603,1603,True
β,f3,1,163,REPAIR,6,6,0,0,1603,1603,True
β,f3,1,164,REPAIR,6,6,0,0,1603,1603,True
β,f3,1,165,REPAIR,6,6,0,0,1603,1603,True
β,f3,1,166,REPAIR,6,6,0,0,1603,1603,True
β,f3,1,167,REPAIR,6,6,0,0,1603,1603,True
β,f3,1,168,REPAIR,6,6,0,0,1603,1603,True
β,f3,1,169,REPAIR,6,6,0,0,1603,1603,True
β,f3,1,170,REPAIR,6,6,0,0,1603,1603,True
β,f3,1,171,REPAIR,6,6,0,0,1603,1603,True
β,f3,1,172,REPAIR,6,6,0,0,1603,1603,True
β,f3,1,173,REPAIR,6,6,0,0,1603,1603,True
β,f3,1,174,REPAIR,6,6,0,0,1603,1603,True
β,f3,1,175,REPAIR,6,6,0,0,1603,1603,True
β,f3,1,176,REPAIR,6,6,0,0,1603,1603,True
β,f3,1,177,REPAIR,6,6,0,0,1603,1603,True
β,f3,1,178,REPAIR,6,6,0,0,1603,1603,True
β,f3,1,179,REPAIR,6,6,0,0,1603,1603,True
β,f3,1,180,REPAIR,6,6,0,0,1603,1603,True
β,f3,1,181,REPAIR,6,6,0,0,1603,1603,True
β,f3,1,182,REPAIR,6,6,0,0,1603,1603,True
β,f3,1,183,REPAIR,6,6,0,0,1603,1603,True
β,f3,1,184,REPAIR,6,6,0,0,1603,1603,True
β,f3,1,185,REPAIR,6,6,0,0,1603,1603,True
β,f3,1,186,REPAIR,6,6,0,0,1603,1603,True
β,f3,1,187,REPAIR,6,6,0,0,1603,1603,True
β,f3,1,188,REPAIR,6,6,0,0,1603,1603,True
β,f3,1,189,REPAIR,6,6,0,0,1603,1603,True
β,f3,1,190,REPAIR,6,6,0,0,1603,1603,True
β,f3,1,191,REPAIR,6,6,0,0,1603,1603,True
β,f3,1,192,REPAIR,6,6,0,0,1603,1603,True
β,f3,1,193,REPAIR,6,6,0,0,1603,1603,True
β,f3,1,194,REPAIR,6,6,0,0,1603,1603,True
β,f3,1,195,REPAIR,6,6,0,0,1603,1603,True
β,f3,1,196,REPAIR,6,6,0,0,1603,1603,True
β,f3,1,197,REPAIR,6,6,0,0,1603,1603,True
β,f3,1,198,REPAIR,6,6,0,0,1603,1603,True
β,f3,1,199,REPAIR,6,6,0,0,1603,1603,True
β,f3,1,200,REPAIR,6,6,0,0,1603,1603,True
β,f4none,1,1,PRE_FAIL,0,0,1,0,6,6,True
β,f4none,1,2,PRE_FAIL,0,0,1,0,3,3,True
β,f4none,1,3,PRE_FAIL,0,0,1,0,3,3,True
β,f4none,1,4,PRE_FAIL,0,0,1,0,3,3,True
β,f4none,1,5,PRE_FAIL,0,0,1,0,6,6,True
β,f4none,1,6,PRE_FAIL,1,0,1,0,8,8,True
β,f4none,1,7,PRE_FAIL,2,1,1,0,10,10,True
β,f4none,1,8,PRE_FAIL,0,0,1,0,6,6,True
β,f4none,1,9,PRE_FAIL,0,0,1,0,3,3,True
β,f4none,1,10,PRE_FAIL,0,0,1,0,6,6,True
β,f4none,1,11,PRE_FAIL,0,0,1,0,3,3,True
β,f4none,1,12,PRE_FAIL,0,0,1,0,3,3,True
β,f4none,1,13,PRE_FAIL,0,0,1,0,6,6,True
β,f4none,1,14,PRE_FAIL,0,0,1,0,3,3,True
β,f4none,1,15,PRE_FAIL,1,0,1,0,8,8,True
β,f4none,1,16,PRE_FAIL,0,0,1,0,3,3,True
β,f4none,1,17,PRE_FAIL,0,0,1,0,3,3,True
β,f4none,1,18,PRE_FAIL,1,0,1,0,8,8,True
β,f4none,1,19,PRE_FAIL,0,0,1,0,3,3,True
β,f4none,1,20,PRE_FAIL,0,0,1,0,6,6,True
β,f4none,1,21,PRE_FAIL,0,0,1,0,3,3,True
β,f4none,1,22,PRE_FAIL,1,0,1,0,8,8,True
β,f4none,1,23,PRE_FAIL,2,1,1,0,10,10,True
β,f4none,1,24,PRE_FAIL,0,0,1,0,3,3,True
β,f4none,1,25,PRE_FAIL,0,0,1,0,3,3,True
β,f4none,1,26,PRE_FAIL,0,0,1,0,3,3,True
β,f4none,1,27,PRE_FAIL,0,0,1,0,3,3,True
β,f4none,1,28,PRE_FAIL,0,0,1,0,3,3,True
β,f4none,1,29,PRE_FAIL,0,0,1,0,6,6,True
β,f4none,1,30,PRE_FAIL,2,1,1,0,10,10,True
β,f4none,1,31,PRE_FAIL,0,0,1,0,6,6,True
β,f4none,1,32,PRE_FAIL,2,1,1,0,10,10,True
β,f4none,1,33,PRE_FAIL,0,0,1,0,3,3,True
β,f4none,1,34,PRE_FAIL,0,0,1,0,6,6,True
β,f4none,1,35,PRE_FAIL,0,0,1,0,3,3,True
β,f4none,1,36,PRE_FAIL,1,0,1,0,8,8,True
β,f4none,1,37,PRE_FAIL,0,0,1,0,3,3,True
β,f4none,1,38,PRE_FAIL,0,0,1,0,3,3,True
β,f4none,1,39,PRE_FAIL,0,0,1,0,3,3,True
β,f4none,1,40,PRE_FAIL,0,0,1,0,3,3,True
β,f4none,1,41,PRE_FAIL,0,0,1,0,3,3,True
β,f4none,1,42,PRE_FAIL,0,0,1,0,6,6,True
β,f4none,1,43,PRE_FAIL,0,0,1,0,3,3,True
β,f4none,1,44,PRE_FAIL,0,0,1,0,6,6,True
β,f4none,1,45,PRE_FAIL,1,0,1,0,8,8,True
β,f4none,1,46,PRE_FAIL,0,0,1,0,3,3,True
β,f4none,1,47,PRE_FAIL,0,0,1,0,3,3,True
β,f4none,1,48,PRE_FAIL,0,0,1,0,3,3,True
β,f4none,1,49,PRE_FAIL,0,0,1,0,3,3,True
β,f4none,1,50,PRE_FAIL,0,0,1,0,3,3,True
β,f4none,1,51,PRE_FAIL,1,0,1,0,8,8,True
β,f4none,1,52,PRE_FAIL,0,0,1,0,3,3,True
β,f4none,1,53,PRE_FAIL,0,0,1,0,6,6,True
β,f4none,1,54,PRE_FAIL,0,0,1,0,6,6,True
β,f4none,1,55,PRE_FAIL,0,0,1,0,6,6,True
β,f4none,1,56,PRE_FAIL,0,0,1,0,3,3,True
β,f4none,1,57,PRE_FAIL,1,0,1,0,8,8,True
β,f4none,1,58,PRE_FAIL,0,0,1,0,3,3,True
β,f4none,1,59,PRE_FAIL,0,0,1,0,3,3,True
β,f4none,1,60,PRE_FAIL,0,0,1,0,3,3,True
β,f4none,1,61,PRE_FAIL,0,0,1,0,6,6,True
β,f4none,1,62,PRE_FAIL,0,0,1,0,6,6,True
β,f4none,1,63,PRE_FAIL,1,0,1,0,8,8,True
β,f4none,1,64,PRE_FAIL,0,0,1,0,6,6,True
β,f4none,1,65,PRE_FAIL,0,0,1,0,6,6,True
β,f4none,1,66,PRE_FAIL,0,0,1,0,3,3,True
β,f4none,1,67,PRE_FAIL,0,0,1,0,3,3,True
β,f4none,1,68,PRE_FAIL,1,0,1,0,8,8,True
β,f4none,1,69,PRE_FAIL,1,0,1,0,8,8,True
β,f4none,1,70,PRE_FAIL,0,0,1,0,3,3,True
β,f4none,1,71,PRE_FAIL,2,1,1,0,10,10,True
β,f4none,1,72,PRE_FAIL,0,0,1,0,3,3,True
β,f4none,1,73,PRE_FAIL,0,0,1,0,6,6,True
β,f4none,1,74,PRE_FAIL,0,0,1,0,6,6,True
β,f4none,1,75,PRE_FAIL,0,0,1,0,3,3,True
β,f4none,1,76,PRE_FAIL,0,0,1,0,3,3,True
β,f4none,1,77,PRE_FAIL,0,0,1,0,6,6,True
β,f4none,1,78,PRE_FAIL,0,0,1,0,6,6,True
β,f4none,1,79,PRE_FAIL,0,0,1,0,3,3,True
β,f4none,1,80,PRE_FAIL,0,0,1,0,3,3,True
β,f4none,1,81,PRE_FAIL,0,0,1,0,3,3,True
β,f4none,1,82,PRE_FAIL,0,0,1,0,6,6,True
β,f4none,1,83,PRE_FAIL,0,0,1,0,3,3,True
β,f4none,1,84,PRE_FAIL,0,0,1,0,3,3,True
β,f4none,1,85,PRE_FAIL,1,0,1,0,8,8,True
β,f4none,1,86,PRE_FAIL,0,0,1,0,6,6,True
β,f4none,1,87,PRE_FAIL,0,0,1,0,3,3,True
β,f4none,1,88,PRE_FAIL,0,0,1,0,3,3,True
β,f4none,1,89,PRE_FAIL,1,0,1,0,8,8,True
β,f4none,1,90,PRE_FAIL,0,0,1,0,3,3,True
β,f4none,1,91,PRE_FAIL,0,0,1,0,3,3,True
β,f4none,1,92,PRE_FAIL,1,0,1,0,8,8,True
β,f4none,1,93,PRE_FAIL,2,1,1,0,10,10,True
β,f4none,1,94,PRE_FAIL,0,0,1,0,6,6,True
β,f4none,1,95,PRE_FAIL,0,0,1,0,3,3,True
β,f4none,1,96,PRE_FAIL,0,0,1,0,3,3,True
β,f4none,1,97,PRE_FAIL,2,1,1,0,10,10,True
β,f4none,1,98,PRE_FAIL,1,0,1,0,8,8,True
β,f4none,1,99,PRE_FAIL,1,0,1,0,8,8,True
β,f4none,1,100,PRE_FAIL,0,0,1,0,3,3,True
β,f4none,1,101,PRE_FAIL,0,0,1,0,3,3,True
β,f4none,1,102,PRE_FAIL,0,0,1,0,3,3,True
β,f4none,1,103,PRE_FAIL,0,0,1,0,3,3,True
β,f4none,1,104,PRE_FAIL,0,0,1,0,6,6,True
β,f4none,1,105,PRE_FAIL,0,0,1,0,3,3,True
β,f4none,1,106,PRE_FAIL,1,0,1,0,8,8,True
β,f4none,1,107,PRE_FAIL,0,0,1,0,3,3,True
β,f4none,1,108,PRE_FAIL,0,0,1,0,6,6,True
β,f4none,1,109,PRE_FAIL,1,0,1,0,8,8,True
β,f4none,1,110,PRE_FAIL,0,0,1,0,3,3,True
β,f4none,1,111,PRE_FAIL,2,1,1,0,10,10,True
β,f4none,1,112,PRE_FAIL,0,0,1,0,6,6,True
β,f4none,1,113,PRE_FAIL,0,0,1,0,3,3,True
β,f4none,1,114,PRE_FAIL,0,0,1,0,3,3,True
β,f4none,1,115,PRE_FAIL,0,0,1,0,6,6,True
β,f4none,1,116,PRE_FAIL,0,0,1,0,3,3,True
β,f4none,1,117,PRE_FAIL,0,0,1,0,3,3,True
β,f4none,1,118,PRE_FAIL,0,0,1,0,3,3,True
β,f4none,1,119,PRE_FAIL,0,0,1,0,3,3,True
β,f4none,1,120,PRE_FAIL,1,0,1,0,8,8,True
β,f4none,1,121,PRE_FAIL,0,0,1,0,6,6,True
β,f4none,1,122,PRE_FAIL,0,0,1,0,6,6,True
β,f4none,1,123,PRE_FAIL,0,0,1,0,3,3,True
β,f4none,1,124,PRE_FAIL,2,1,1,0,10,10,True
β,f4none,1,125,PRE_FAIL,0,0,1,0,6,6,True
β,f4none,1,126,PRE_FAIL,2,1,1,0,10,10,True
β,f4none,1,127,PRE_FAIL,0,0,1,0,6,6,True
β,f4none,1,128,PRE_FAIL,0,0,1,0,3,3,True
β,f4none,1,129,PRE_FAIL,0,0,1,0,3,3,True
β,f4none,1,130,PRE_FAIL,0,0,1,0,3,3,True
β,f4none,1,131,PRE_FAIL,0,0,1,0,6,6,True
β,f4none,1,132,PRE_FAIL,0,0,1,0,3,3,True
β,f4none,1,133,PRE_FAIL,0,0,1,0,3,3,True
β,f4none,1,134,PRE_FAIL,0,0,1,0,3,3,True
β,f4none,1,135,PRE_FAIL,0,0,1,0,6,6,True
β,f4none,1,136,PRE_FAIL,0,0,1,0,3,3,True
β,f4none,1,137,PRE_FAIL,0,0,1,0,3,3,True
β,f4none,1,138,PRE_FAIL,2,1,1,0,10,10,True
β,f4none,1,139,PRE_FAIL,1,0,1,0,8,8,True
β,f4none,1,140,PRE_FAIL,0,0,1,0,3,3,True
β,f4none,1,141,PRE_FAIL,0,0,1,0,3,3,True
β,f4none,1,142,PRE_FAIL,0,0,1,0,6,6,True
β,f4none,1,143,PRE_FAIL,2,1,1,0,10,10,True
β,f4none,1,144,PRE_FAIL,0,0,1,0,3,3,True
β,f4none,1,145,PRE_FAIL,0,0,1,0,6,6,True
β,f4none,1,146,PRE_FAIL,0,0,1,0,3,3,True
β,f4none,1,147,PRE_FAIL,0,0,1,0,3,3,True
β,f4none,1,148,PRE_FAIL,0,0,1,0,3,3,True
β,f4none,1,149,PRE_FAIL,0,0,1,0,3,3,True
β,f4none,1,150,PRE_FAIL,0,0,1,0,3,3,True
β,f4none,1,151,PRE_FAIL,0,0,1,0,3,3,True
β,f4none,1,152,PRE_FAIL,0,0,1,0,3,3,True
β,f4none,1,153,PRE_FAIL,0,0,1,0,3,3,True
β,f4none,1,154,PRE_FAIL,2,1,1,0,10,10,True
β,f4none,1,155,PRE_FAIL,0,0,1,0,6,6,True
β,f4none,1,156,PRE_FAIL,0,0,1,0,3,3,True
β,f4none,1,157,PRE_FAIL,0,0,1,0,3,3,True
β,f4none,1,158,PRE_FAIL,1,0,1,0,8,8,True
β,f4none,1,159,PRE_FAIL,0,0,1,0,3,3,True
β,f4none,1,160,PRE_FAIL,0,0,1,0,3,3,True
β,f4none,1,161,PRE_FAIL,0,0,1,0,6,6,True
β,f4none,1,162,PRE_FAIL,0,0,1,0,3,3,True
β,f4none,1,163,PRE_FAIL,2,1,1,0,10,10,True
β,f4none,1,164,PRE_FAIL,0,0,1,0,3,3,True
β,f4none,1,165,PRE_FAIL,0,0,1,0,6,6,True
β,f4none,1,166,PRE_FAIL,0,0,1,0,3,3,True
β,f4none,1,167,PRE_FAIL,2,1,1,0,10,10,True
β,f4none,1,168,PRE_FAIL,2,1,1,0,10,10,True
β,f4none,1,169,PRE_FAIL,0,0,1,0,6,6,True
β,f4none,1,170,PRE_FAIL,0,0,1,0,6,6,True
β,f4none,1,171,PRE_FAIL,0,0,1,0,3,3,True
β,f4none,1,172,PRE_FAIL,0,0,1,0,3,3,True
β,f4none,1,173,PRE_FAIL,0,0,1,0,3,3,True
β,f4none,1,174,PRE_FAIL,2,1,1,0,10,10,True
β,f4none,1,175,PRE_FAIL,0,0,1,0,6,6,True
β,f4none,1,176,PRE_FAIL,2,1,1,0,10,10,True
β,f4none,1,177,PRE_FAIL,2,1,1,0,10,10,True
β,f4none,1,178,PRE_FAIL,0,0,1,0,3,3,True
β,f4none,1,179,PRE_FAIL,0,0,1,0,6,6,True
β,f4none,1,180,PRE_FAIL,0,0,1,0,6,6,True
β,f4none,1,181,PRE_FAIL,0,0,1,0,3,3,True
β,f4none,1,182,PRE_FAIL,0,0,1,0,3,3,True
β,f4none,1,183,PRE_FAIL,0,0,1,0,6,6,True
β,f4none,1,184,PRE_FAIL,0,0,1,0,3,3,True
β,f4none,1,185,PRE_FAIL,1,0,1,0,8,8,True
β,f4none,1,186,PRE_FAIL,0,0,1,0,6,6,True
β,f4none,1,187,PRE_FAIL,2,1,1,0,10,10,True
β,f4none,1,188,PRE_FAIL,2,1,1,0,10,10,True
β,f4none,1,189,PRE_FAIL,2,1,1,0,10,10,True
β,f4none,1,190,PRE_FAIL,0,0,1,0,3,3,True
β,f4none,1,191,PRE_FAIL,0,0,1,0,3,3,True
β,f4none,1,192,PRE_FAIL,0,0,1,0,3,3,True
β,f4none,1,193,PRE_FAIL,2,1,1,0,10,10,True
β,f4none,1,194,PRE_FAIL,0,0,1,0,6,6,True
β,f4none,1,195,PRE_FAIL,1,0,1,0,8,8,True
β,f4none,1,196,PRE_FAIL,0,0,1,0,3,3,True
β,f4none,1,197,PRE_FAIL,0,0,1,0,6,6,True
β,f4none,1,198,PRE_FAIL,0,0,1,0,3,3,True
β,f4none,1,199,PRE_FAIL,0,0,1,0,3,3,True
β,f4none,1,200,PRE_FAIL,0,0,1,0,3,3,True
β,f4sat,1,1,PRE_FAIL,6,4,2,3,275,1080,True
β,f4sat,1,2,PRE_FAIL,5,3,2,3,271,1073,True
β,f4sat,1,3,PRE_FAIL,6,5,1,3,539,2140,True
β,f4sat,1,4,PRE_FAIL,5,2,3,3,140,543,True
β,f4sat,1,5,PRE_FAIL,4,3,2,3,138,541,True
β,f4sat,1,6,PRE_FAIL,6,3,3,3,147,556,True
β,f4sat,1,7,PRE_FAIL,5,2,3,3,143,549,True
β,f4sat,1,8,PRE_FAIL,6,3,3,3,142,545,True
β,f4sat,1,9,PRE_FAIL,5,2,3,3,152,576,True
β,f4sat,1,10,PRE_FAIL,5,2,3,3,144,553,True
β,f4sat,1,11,PRE_FAIL,6,4,2,3,276,1081,True
β,f4sat,1,12,PRE_FAIL,5,3,3,3,149,567,True
β,f4sat,1,13,PRE_FAIL,6,3,3,3,275,1080,True
β,f4sat,1,14,PRE_FAIL,5,3,3,3,143,549,True
β,f4sat,1,15,PRE_FAIL,5,3,3,3,143,552,True
β,f4sat,1,16,PRE_FAIL,6,2,4,3,144,550,True
β,f4sat,1,17,PRE_FAIL,5,2,3,3,151,572,True
β,f4sat,1,18,PRE_FAIL,6,3,3,3,276,1081,True
β,f4sat,1,19,PRE_FAIL,6,3,3,3,143,546,True
β,f4sat,1,20,PRE_FAIL,6,3,3,3,275,1080,True
β,f4sat,1,21,PRE_FAIL,6,3,3,3,147,559,True
β,f4sat,1,22,PRE_FAIL,5,3,2,3,277,1088,True
β,f4sat,1,23,PRE_FAIL,5,3,3,3,142,548,True
β,f4sat,1,24,PRE_FAIL,5,3,3,3,142,548,True
β,f4sat,1,25,PRE_FAIL,6,5,1,3,543,2144,True
β,f4sat,1,26,PRE_FAIL,6,5,1,3,540,2141,True
β,f4sat,1,27,PRE_FAIL,6,3,3,3,276,1084,True
β,f4sat,1,28,PRE_FAIL,6,3,3,3,142,545,True
β,f4sat,1,29,PRE_FAIL,6,2,4,3,150,565,True
β,f4sat,1,30,PRE_FAIL,5,2,3,3,145,554,True
β,f4sat,1,31,PRE_FAIL,4,3,2,3,142,554,True
β,f4sat,1,32,PRE_FAIL,6,3,3,3,142,545,True
β,f4sat,1,33,PRE_FAIL,6,3,3,3,277,1088,True
β,f4sat,1,34,PRE_FAIL,6,4,2,3,408,1615,True
β,f4sat,1,35,PRE_FAIL,5,3,3,3,145,557,True
β,f4sat,1,36,PRE_FAIL,5,4,2,3,275,1080,True
β,f4sat,1,37,PRE_FAIL,6,4,2,3,406,1610,True
β,f4sat,1,38,PRE_FAIL,6,5,1,3,540,2141,True
β,f4sat,1,39,PRE_FAIL,6,4,2,3,280,1091,True
β,f4sat,1,40,PRE_FAIL,4,2,2,3,143,552,True
β,f4sat,1,41,PRE_FAIL,5,4,2,3,150,568,True
β,f4sat,1,42,PRE_FAIL,6,3,3,3,285,1105,True
β,f4sat,1,43,PRE_FAIL,6,5,1,3,542,2143,True
β,f4sat,1,44,PRE_FAIL,6,3,3,3,146,555,True
β,f4sat,1,45,PRE_FAIL,6,3,3,3,280,1094,True
β,f4sat,1,46,PRE_FAIL,4,3,2,3,143,555,True
β,f4sat,1,47,PRE_FAIL,5,3,2,3,149,564,True
β,f4sat,1,48,PRE_FAIL,5,3,2,3,276,1087,True
β,f4sat,1,49,PRE_FAIL,4,3,2,3,142,548,True
β,f4sat,1,50,PRE_FAIL,6,2,4,3,150,562,True
β,f4sat,1,51,PRE_FAIL,5,4,2,3,277,1085,True
β,f4sat,1,52,PRE_FAIL,6,3,3,3,278,1089,True
β,f4sat,1,53,PRE_FAIL,6,4,2,3,408,1612,True
β,f4sat,1,54,PRE_FAIL,6,4,2,3,412,1625,True
β,f4sat,1,55,PRE_FAIL,5,3,2,3,276,1084,True
β,f4sat,1,56,PRE_FAIL,5,3,3,3,140,546,True
β,f4sat,1,57,PRE_FAIL,4,3,2,3,140,546,True
β,f4sat,1,58,PRE_FAIL,6,5,1,3,537,2138,True
β,f4sat,1,59,PRE_FAIL,6,2,4,3,144,550,True
β,f4sat,1,60,PRE_FAIL,6,3,3,3,146,555,True
β,f4sat,1,61,PRE_FAIL,5,4,2,3,141,544,True
β,f4sat,1,62,PRE_FAIL,6,2,4,3,145,551,True
β,f4sat,1,63,PRE_FAIL,5,3,3,3,140,543,True
β,f4sat,1,64,PRE_FAIL,5,3,3,3,163,599,True
β,f4sat,1,65,PRE_FAIL,6,4,2,3,413,1626,True
β,f4sat,1,66,PRE_FAIL,6,5,1,3,540,2141,True
β,f4sat,1,67,PRE_FAIL,6,3,3,3,147,556,True
β,f4sat,1,68,PRE_FAIL,5,3,3,3,141,547,True
β,f4sat,1,69,PRE_FAIL,6,3,3,3,150,565,True
β,f4sat,1,70,PRE_FAIL,6,3,3,3,150,565,True
β,f4sat,1,71,PRE_FAIL,6,3,3,3,146,555,True
β,f4sat,1,72,PRE_FAIL,6,3,3,3,278,1083,True
β,f4sat,1,73,PRE_FAIL,6,4,2,3,405,1612,True
β,f4sat,1,74,PRE_FAIL,5,3,2,3,275,1083,True
β,f4sat,1,75,PRE_FAIL,6,5,1,3,538,2139,True
β,f4sat,1,76,PRE_FAIL,5,3,3,3,153,577,True
β,f4sat,1,77,PRE_FAIL,5,2,3,3,146,558,True
β,f4sat,1,78,PRE_FAIL,4,3,2,3,142,551,True
β,f4sat,1,79,PRE_FAIL,5,3,2,3,148,563,True
β,f4sat,1,80,PRE_FAIL,6,3,3,3,148,560,True
β,f4sat,1,81,PRE_FAIL,6,2,4,3,145,551,True
β,f4sat,1,82,PRE_FAIL,6,3,3,3,275,1080,True
β,f4sat,1,83,PRE_FAIL,6,2,4,3,151,566,True
β,f4sat,1,84,PRE_FAIL,5,3,3,3,148,563,True
β,f4sat,1,85,PRE_FAIL,5,3,2,3,146,558,True
β,f4sat,1,86,PRE_FAIL,6,3,3,3,150,565,True
β,f4sat,1,87,PRE_FAIL,6,3,3,3,277,1085,True
β,f4sat,1,88,PRE_FAIL,5,4,2,3,142,551,True
β,f4sat,1,89,PRE_FAIL,5,4,2,3,273,1078,True
β,f4sat,1,90,PRE_FAIL,6,3,3,3,279,1087,True
β,f4sat,1,91,PRE_FAIL,6,4,2,3,414,1624,True
β,f4sat,1,92,PRE_FAIL,6,5,1,3,536,2137,True
β,f4sat,1,93,PRE_FAIL,6,3,3,3,281,1092,True
β,f4sat,1,94,PRE_FAIL,6,3,3,3,283,1097,True
β,f4sat,1,95,PRE_FAIL,6,5,1,3,542,2143,True
β,f4sat,1,96,PRE_FAIL,6,4,2,3,411,1621,True
β,f4sat,1,97,PRE_FAIL,6,4,2,3,276,1081,True
β,f4sat,1,98,PRE_FAIL,6,3,3,3,149,564,True
β,f4sat,1,99,PRE_FAIL,6,3,3,3,146,555,True
β,f4sat,1,100,PRE_FAIL,6,6,0,3,540,2141,True
β,f4sat,1,101,PRE_FAIL,6,2,4,3,149,564,True
β,f4sat,1,102,PRE_FAIL,4,3,2,3,138,544,True
β,f4sat,1,103,PRE_FAIL,5,3,2,3,275,1086,True
β,f4sat,1,104,PRE_FAIL,5,4,2,3,142,548,True
β,f4sat,1,105,PRE_FAIL,6,4,2,3,410,1617,True
β,f4sat,1,106,PRE_FAIL,6,4,2,3,409,1616,True
β,f4sat,1,107,PRE_FAIL,5,3,3,3,145,554,True
β,f4sat,1,108,PRE_FAIL,6,3,3,3,278,1089,True
β,f4sat,1,109,PRE_FAIL,5,4,2,3,143,549,True
β,f4sat,1,110,PRE_FAIL,6,3,3,3,144,550,True
β,f4sat,1,111,PRE_FAIL,5,3,2,3,275,1083,True
β,f4sat,1,112,PRE_FAIL,6,4,2,3,408,1615,True
β,f4sat,1,113,PRE_FAIL,5,3,2,3,146,558,True
β,f4sat,1,114,PRE_FAIL,6,4,2,3,411,1621,True
β,f4sat,1,115,PRE_FAIL,6,6,0,3,536,2137,True
β,f4sat,1,116,PRE_FAIL,5,3,3,3,148,563,True
β,f4sat,1,117,PRE_FAIL,5,2,3,3,157,584,True
β,f4sat,1,118,PRE_FAIL,6,4,2,3,280,1094,True
β,f4sat,1,119,PRE_FAIL,4,3,2,3,140,546,True
β,f4sat,1,120,PRE_FAIL,4,2,2,3,139,542,True
β,f4sat,1,121,PRE_FAIL,6,6,0,3,540,2141,True
β,f4sat,1,122,PRE_FAIL,6,2,4,3,150,562,True
β,f4sat,1,123,PRE_FAIL,5,3,3,3,143,552,True
β,f4sat,1,124,PRE_FAIL,6,3,3,3,147,556,True
β,f4sat,1,125,PRE_FAIL,5,3,2,3,275,1080,True
β,f4sat,1,126,PRE_FAIL,5,4,2,3,143,549,True
β,f4sat,1,127,PRE_FAIL,5,3,3,3,148,566,True
β,f4sat,1,128,PRE_FAIL,5,2,3,3,143,552,True
β,f4sat,1,129,PRE_FAIL,5,4,2,3,274,1082,True
β,f4sat,1,130,PRE_FAIL,5,4,2,3,281,1098,True
β,f4sat,1,131,PRE_FAIL,5,3,2,3,143,552,True
β,f4sat,1,132,PRE_FAIL,6,4,2,3,409,1616,True
β,f4sat,1,133,PRE_FAIL,5,3,2,3,275,1086,True
β,f4sat,1,134,PRE_FAIL,5,3,2,3,146,561,True
β,f4sat,1,135,PRE_FAIL,5,3,3,3,147,562,True
β,f4sat,1,136,PRE_FAIL,5,3,3,3,149,564,True
β,f4sat,1,137,PRE_FAIL,6,3,3,3,143,546,True
β,f4sat,1,138,PRE_FAIL,6,3,3,3,148,560,True
β,f4sat,1,139,PRE_FAIL,6,4,2,3,409,1613,True
β,f4sat,1,140,PRE_FAIL,6,3,3,3,145,551,True
β,f4sat,1,141,PRE_FAIL,5,4,2,3,140,543,True
β,f4sat,1,142,PRE_FAIL,6,4,2,3,410,1617,True
β,f4sat,1,143,PRE_FAIL,5,2,3,3,140,543,True
β,f4sat,1,144,PRE_FAIL,6,5,1,3,537,2138,True
β,f4sat,1,145,PRE_FAIL,5,3,3,3,144,553,True
β,f4sat,1,146,PRE_FAIL,6,5,1,3,536,2137,True
β,f4sat,1,147,PRE_FAIL,6,3,3,3,144,550,True
β,f4sat,1,148,PRE_FAIL,5,4,2,3,283,1100,True
β,f4sat,1,149,PRE_FAIL,5,3,2,3,279,1093,True
β,f4sat,1,150,PRE_FAIL,5,3,3,3,145,554,True
β,f4sat,1,151,PRE_FAIL,5,3,3,3,143,552,True
β,f4sat,1,152,PRE_FAIL,6,4,2,3,279,1090,True
β,f4sat,1,153,PRE_FAIL,6,3,3,3,153,574,True
β,f4sat,1,154,PRE_FAIL,5,2,3,3,144,553,True
β,f4sat,1,155,PRE_FAIL,6,4,2,3,414,1630,True
β,f4sat,1,156,PRE_FAIL,6,4,2,3,410,1617,True
β,f4sat,1,157,PRE_FAIL,6,4,2,3,408,1615,True
β,f4sat,1,158,PRE_FAIL,5,3,2,3,280,1097,True
β,f4sat,1,159,PRE_FAIL,5,2,3,3,143,549,True
β,f4sat,1,160,PRE_FAIL,4,3,2,3,144,556,True
β,f4sat,1,161,PRE_FAIL,6,3,3,3,145,551,True
β,f4sat,1,162,PRE_FAIL,5,4,2,3,275,1083,True
β,f4sat,1,163,PRE_FAIL,5,3,2,3,283,1100,True
β,f4sat,1,164,PRE_FAIL,6,4,2,3,284,1098,True
β,f4sat,1,165,PRE_FAIL,6,5,1,3,541,2142,True
β,f4sat,1,166,PRE_FAIL,6,3,3,3,278,1086,True
β,f4sat,1,167,PRE_FAIL,6,2,4,3,142,545,True
β,f4sat,1,168,PRE_FAIL,5,2,3,3,145,554,True
β,f4sat,1,169,PRE_FAIL,5,3,3,3,152,573,True
β,f4sat,1,170,PRE_FAIL,6,6,0,3,539,2140,True
β,f4sat,1,171,PRE_FAIL,6,3,3,3,144,550,True
β,f4sat,1,172,PRE_FAIL,6,3,3,3,281,1095,True
β,f4sat,1,173,PRE_FAIL,5,3,3,3,151,572,True
β,f4sat,1,174,PRE_FAIL,6,4,2,3,413,1623,True
β,f4sat,1,175,PRE_FAIL,6,5,1,3,540,2141,True
β,f4sat,1,176,PRE_FAIL,6,5,1,3,541,2142,True
β,f4sat,1,177,PRE_FAIL,6,2,4,3,146,558,True
β,f4sat,1,178,PRE_FAIL,6,3,3,3,151,569,True
β,f4sat,1,179,PRE_FAIL,5,3,2,3,146,558,True
β,f4sat,1,180,PRE_FAIL,5,3,2,3,146,558,True
β,f4sat,1,181,PRE_FAIL,6,2,4,3,145,551,True
β,f4sat,1,182,PRE_FAIL,5,2,3,3,142,548,True
β,f4sat,1,183,PRE_FAIL,5,3,3,3,148,563,True
β,f4sat,1,184,PRE_FAIL,6,5,1,3,538,2139,True
β,f4sat,1,185,PRE_FAIL,5,2,3,3,145,554,True
β,f4sat,1,186,PRE_FAIL,5,3,2,3,141,544,True
β,f4sat,1,187,PRE_FAIL,6,4,2,3,409,1616,True
β,f4sat,1,188,PRE_FAIL,6,3,3,3,276,1078,True
β,f4sat,1,189,PRE_FAIL,6,3,3,3,280,1088,True
β,f4sat,1,190,PRE_FAIL,6,4,2,3,407,1614,True
β,f4sat,1,191,PRE_FAIL,6,4,2,3,409,1619,True
β,f4sat,1,192,PRE_FAIL,5,3,2,3,276,1084,True
β,f4sat,1,193,PRE_FAIL,6,5,1,3,538,2139,True
β,f4sat,1,194,PRE_FAIL,6,3,3,3,276,1084,True
β,f4sat,1,195,PRE_FAIL,6,6,0,3,538,2139,True
β,f4sat,1,196,PRE_FAIL,6,5,1,3,538,2139,True
β,f4sat,1,197,PRE_FAIL,6,4,2,3,405,1609,True
β,f4sat,1,198,PRE_FAIL,6,5,1,3,538,2139,True
β,f4sat,1,199,PRE_FAIL,6,5,1,3,539,2140,True
β,f4sat,1,200,PRE_FAIL,6,4,2,3,416,1632,True
β,f4sat,2,1,PRE_FAIL,6,4,2,3,228,1054,True
β,f4sat,2,2,PRE_FAIL,6,5,1,3,869,4070,True
β,f4sat,2,3,PRE_FAIL,6,4,2,3,670,3092,True
β,f4sat,2,4,PRE_FAIL,6,4,2,3,643,3053,True
β,f4sat,2,5,PRE_FAIL,5,2,3,3,253,1121,True
β,f4sat,2,6,PRE_FAIL,4,3,2,3,237,1054,True
β,f4sat,2,7,PRE_FAIL,6,5,1,3,864,4065,True
β,f4sat,2,8,PRE_FAIL,6,2,4,3,223,1046,True
β,f4sat,2,9,PRE_FAIL,6,6,0,3,863,4064,True
β,f4sat,2,10,PRE_FAIL,4,2,2,3,217,1034,True
β,f4sat,2,11,PRE_FAIL,5,2,3,3,248,1113,True
β,f4sat,2,12,PRE_FAIL,6,3,3,3,447,2065,True
β,f4sat,2,13,PRE_FAIL,6,4,2,3,436,2048,True
β,f4sat,2,14,PRE_FAIL,6,4,2,3,657,3085,True
β,f4sat,2,15,PRE_FAIL,5,2,3,3,251,1092,True
β,f4sat,2,16,PRE_FAIL,6,4,2,3,641,3048,True
β,f4sat,2,17,PRE_FAIL,6,3,3,3,222,1030,True
β,f4sat,2,18,PRE_FAIL,4,3,2,3,214,1025,True
β,f4sat,2,19,PRE_FAIL,6,4,2,3,437,2064,True
β,f4sat,2,20,PRE_FAIL,6,3,3,3,234,1063,True
β,f4sat,2,21,PRE_FAIL,6,4,2,3,646,3071,True
β,f4sat,2,22,PRE_FAIL,4,2,2,3,213,1021,True
β,f4sat,2,23,PRE_FAIL,6,4,2,3,432,2056,True
β,f4sat,2,24,PRE_FAIL,5,4,2,3,436,2045,True
β,f4sat,2,25,PRE_FAIL,6,6,0,3,850,4051,True
β,f4sat,2,26,PRE_FAIL,6,3,3,3,228,1045,True
β,f4sat,2,27,PRE_FAIL,6,4,2,3,637,3047,True
β,f4sat,2,28,PRE_FAIL,6,2,4,3,218,1023,True
β,f4sat,2,29,PRE_FAIL,5,2,3,3,234,1054,True
β,f4sat,2,30,PRE_FAIL,6,3,3,3,226,1037,True
β,f4sat,2,31,PRE_FAIL,6,3,3,3,237,1081,True
β,f4sat,2,32,PRE_FAIL,5,3,2,3,448,2051,True
β,f4sat,2,33,PRE_FAIL,6,3,3,3,239,1047,True
β,f4sat,2,34,PRE_FAIL,5,3,2,3,242,1065,True
β,f4sat,2,35,PRE_FAIL,6,4,2,3,454,2081,True
β,f4sat,2,36,PRE_FAIL,5,4,2,3,432,2038,True
β,f4sat,2,37,PRE_FAIL,5,2,3,3,245,1071,True
β,f4sat,2,38,PRE_FAIL,6,3,3,3,436,2045,True
β,f4sat,2,39,PRE_FAIL,5,2,3,3,239,1065,True
β,f4sat,2,40,PRE_FAIL,6,3,3,3,209,1017,True
β,f4sat,2,41,PRE_FAIL,6,3,3,3,423,2026,True
β,f4sat,2,42,PRE_FAIL,5,4,2,3,455,2067,True
β,f4sat,2,43,PRE_FAIL,5,4,2,3,217,1025,True
β,f4sat,2,44,PRE_FAIL,6,5,1,3,847,4048,True
β,f4sat,2,45,PRE_FAIL,5,2,3,3,223,1049,True
β,f4sat,2,46,PRE_FAIL,5,3,3,3,230,1050,True
β,f4sat,2,47,PRE_FAIL,6,2,4,3,223,1031,True
β,f4sat,2,48,PRE_FAIL,6,4,2,3,621,3031,True
β,f4sat,2,49,PRE_FAIL,5,3,3,3,214,1037,True
β,f4sat,2,50,PRE_FAIL,6,4,2,3,231,1063,True
β,f4sat,2,51,PRE_FAIL,6,3,3,3,227,1041,True
β,f4sat,2,52,PRE_FAIL,6,3,3,3,433,2060,True
β,f4sat,2,53,PRE_FAIL,6,4,2,3,663,3118,True
β,f4sat,2,54,PRE_FAIL,5,3,3,3,219,1030,True
β,f4sat,2,55,PRE_FAIL,5,2,3,3,225,1054,True
β,f4sat,2,56,PRE_FAIL,6,6,0,3,856,4057,True
β,f4sat,2,57,PRE_FAIL,6,5,1,3,839,4040,True
β,f4sat,2,58,PRE_FAIL,6,3,3,3,446,2073,True
β,f4sat,2,59,PRE_FAIL,5,3,2,3,229,1043,True
β,f4sat,2,60,PRE_FAIL,6,6,0,3,866,4067,True
β,f4sat,2,61,PRE_FAIL,6,3,3,3,440,2049,True
β,f4sat,2,62,PRE_FAIL,6,4,2,3,657,3094,True
β,f4sat,2,63,PRE_FAIL,5,3,3,3,233,1047,True
β,f4sat,2,64,PRE_FAIL,6,3,3,3,446,2079,True
β,f4sat,2,65,PRE_FAIL,6,3,3,3,212,1035,True
β,f4sat,2,66,PRE_FAIL,6,3,3,3,231,1063,True
β,f4sat,2,67,PRE_FAIL,6,5,1,3,837,4038,True
β,f4sat,2,68,PRE_FAIL,6,3,3,3,433,2039,True
β,f4sat,2,69,PRE_FAIL,6,3,3,3,233,1047,True
β,f4sat,2,70,PRE_FAIL,5,4,2,3,430,2063,True
β,f4sat,2,71,PRE_FAIL,6,2,4,3,219,1027,True
β,f4sat,2,72,PRE_FAIL,6,5,1,3,855,4056,True
β,f4sat,2,73,PRE_FAIL,5,3,3,3,233,1056,True
β,f4sat,2,74,PRE_FAIL,6,4,2,3,425,2031,True
β,f4sat,2,75,PRE_FAIL,4,2,2,3,243,1075,True
β,f4sat,2,76,PRE_FAIL,6,4,2,3,659,3078,True
β,f4sat,2,77,PRE_FAIL,5,4,2,3,433,2054,True
β,f4sat,2,78,PRE_FAIL,6,5,1,3,854,4055,True
β,f4sat,2,79,PRE_FAIL,5,3,2,3,224,1038,True
β,f4sat,2,80,PRE_FAIL,6,6,0,3,865,4066,True
β,f4sat,2,81,PRE_FAIL,6,2,4,3,240,1051,True
β,f4sat,2,82,PRE_FAIL,6,5,1,3,877,4078,True
β,f4sat,2,83,PRE_FAIL,5,3,2,3,223,1034,True
β,f4sat,2,84,PRE_FAIL,4,2,2,3,234,1078,True
β,f4sat,2,85,PRE_FAIL,4,3,2,3,237,1045,True
β,f4sat,2,86,PRE_FAIL,6,4,2,3,638,3066,True
β,f4sat,2,87,PRE_FAIL,4,3,2,3,225,1048,True
β,f4sat,2,88,PRE_FAIL,5,2,3,3,223,1034,True
β,f4sat,2,89,PRE_FAIL,5,3,3,3,227,1050,True
β,f4sat,2,90,PRE_FAIL,6,2,4,3,228,1048,True
β,f4sat,2,91,PRE_FAIL,5,4,2,3,436,2042,True
β,f4sat,2,92,PRE_FAIL,6,6,0,3,847,4048,True
β,f4sat,2,93,PRE_FAIL,6,5,1,3,865,4066,True
β,f4sat,2,94,PRE_FAIL,6,4,2,3,672,3079,True
β,f4sat,2,95,PRE_FAIL,6,2,4,3,217,1025,True
β,f4sat,2,96,PRE_FAIL,5,4,2,3,441,2068,True
β,f4sat,2,97,PRE_FAIL,6,3,3,3,233,1041,True
β,f4sat,2,98,PRE_FAIL,4,3,2,3,229,1037,True
β,f4sat,2,99,PRE_FAIL,6,3,3,3,224,1044,True
β,f4sat,2,100,PRE_FAIL,6,4,2,3,663,3085,True
β,f4sat,2,101,PRE_FAIL,6,3,3,3,219,1030,True
β,f4sat,2,102,PRE_FAIL,5,2,3,3,229,1040,True
β,f4sat,2,103,PRE_FAIL,4,2,2,3,222,1036,True
β,f4sat,2,104,PRE_FAIL,5,3,3,3,229,1043,True
β,f4sat,2,105,PRE_FAIL,6,3,3,3,233,1044,True
β,f4sat,2,106,PRE_FAIL,5,3,3,3,229,1040,True
β,f4sat,2,107,PRE_FAIL,5,4,2,3,233,1047,True
β,f4sat,2,108,PRE_FAIL,6,4,2,3,648,3055,True
β,f4sat,2,109,PRE_FAIL,5,2,3,3,227,1035,True
β,f4sat,2,110,PRE_FAIL,6,3,3,3,219,1030,True
β,f4sat,2,111,PRE_FAIL,6,4,2,3,667,3110,True
β,f4sat,2,112,PRE_FAIL,5,3,3,3,238,1073,True
β,f4sat,2,113,PRE_FAIL,6,6,0,3,873,4074,True
β,f4sat,2,114,PRE_FAIL,6,4,2,3,673,3077,True
β,f4sat,2,115,PRE_FAIL,5,4,2,3,224,1041,True
β,f4sat,2,116,PRE_FAIL,6,2,4,3,228,1039,True
β,f4sat,2,117,PRE_FAIL,6,2,4,3,226,1037,True
β,f4sat,2,118,PRE_FAIL,6,3,3,3,430,2039,True
β,f4sat,2,119,PRE_FAIL,6,3,3,3,423,2038,True
β,f4sat,2,120,PRE_FAIL,5,2,3,3,224,1035,True
β,f4sat,2,121,PRE_FAIL,6,5,1,3,855,4056,True
β,f4sat,2,122,PRE_FAIL,6,6,0,3,855,4056,True
β,f4sat,2,123,PRE_FAIL,6,5,1,3,838,4039,True
β,f4sat,2,124,PRE_FAIL,6,5,1,3,882,4083,True
β,f4sat,2,125,PRE_FAIL,6,3,3,3,464,2100,True
β,f4sat,2,126,PRE_FAIL,6,3,3,3,430,2039,True
β,f4sat,2,127,PRE_FAIL,5,3,2,3,223,1043,True
β,f4sat,2,128,PRE_FAIL,6,5,1,3,848,4049,True
β,f4sat,2,129,PRE_FAIL,6,3,3,3,221,1044,True
β,f4sat,2,130,PRE_FAIL,5,3,2,3,438,2068,True
β,f4sat,2,131,PRE_FAIL,6,2,4,3,239,1074,True
β,f4sat,2,132,PRE_FAIL,6,6,0,3,821,4022,True
β,f4sat,2,133,PRE_FAIL,6,4,2,3,662,3090,True
β,f4sat,2,134,PRE_FAIL,6,3,3,3,443,2058,True
β,f4sat,2,135,PRE_FAIL,5,3,2,3,224,1038,True
β,f4sat,2,136,PRE_FAIL,5,2,3,3,224,1029,True
β,f4sat,2,137,PRE_FAIL,6,5,1,3,832,4033,True
β,f4sat,2,138,PRE_FAIL,5,3,3,3,223,1034,True
β,f4sat,2,139,PRE_FAIL,5,2,3,3,232,1052,True
β,f4sat,2,140,PRE_FAIL,5,3,3,3,231,1078,True
β,f4sat,2,141,PRE_FAIL,5,3,3,3,224,1041,True
β,f4sat,2,142,PRE_FAIL,5,4,2,3,217,1037,True
β,f4sat,2,143,PRE_FAIL,6,2,4,3,219,1030,True
β,f4sat,2,144,PRE_FAIL,5,4,2,3,445,2075,True
β,f4sat,2,145,PRE_FAIL,6,6,0,3,844,4045,True
β,f4sat,2,146,PRE_FAIL,5,4,2,3,447,2056,True
β,f4sat,2,147,PRE_FAIL,6,3,3,3,240,1075,True
β,f4sat,2,148,PRE_FAIL,6,3,3,3,436,2072,True
β,f4sat,2,149,PRE_FAIL,6,4,2,3,659,3078,True
β,f4sat,2,150,PRE_FAIL,6,5,1,3,883,4084,True
β,f4sat,2,151,PRE_FAIL,6,4,2,3,641,3048,True
β,f4sat,2,152,PRE_FAIL,6,6,0,3,863,4064,True
β,f4sat,2,153,PRE_FAIL,6,3,3,3,448,2057,True
β,f4sat,2,154,PRE_FAIL,6,3,3,3,235,1055,True
β,f4sat,2,155,PRE_FAIL,6,4,2,3,637,3059,True
β,f4sat,2,156,PRE_FAIL,6,4,2,3,424,2039,True
β,f4sat,2,157,PRE_FAIL,5,3,3,3,232,1049,True
β,f4sat,2,158,PRE_FAIL,5,2,3,3,215,1026,True
β,f4sat,2,159,PRE_FAIL,6,6,0,3,855,4056,True
β,f4sat,2,160,PRE_FAIL,5,2,3,3,232,1064,True
β,f4sat,2,161,PRE_FAIL,5,4,2,3,215,1035,True
β,f4sat,2,162,PRE_FAIL,6,4,2,3,660,3067,True
β,f4sat,2,163,PRE_FAIL,6,3,3,3,221,1035,True
β,f4sat,2,164,PRE_FAIL,6,6,0,3,862,4063,True
β,f4sat,2,165,PRE_FAIL,5,3,2,3,231,1045,True
β,f4sat,2,166,PRE_FAIL,6,6,0,3,855,4056,True
β,f4sat,2,167,PRE_FAIL,6,6,0,3,845,4046,True
β,f4sat,2,168,PRE_FAIL,5,3,3,3,224,1053,True
β,f4sat,2,169,PRE_FAIL,5,2,3,3,221,1044,True
β,f4sat,2,170,PRE_FAIL,6,4,2,3,217,1031,True
β,f4sat,2,171,PRE_FAIL,6,3,3,3,224,1041,True
β,f4sat,2,172,PRE_FAIL,5,3,3,3,220,1028,True
β,f4sat,2,173,PRE_FAIL,6,3,3,3,212,1020,True
β,f4sat,2,174,PRE_FAIL,5,4,2,3,229,1043,True
β,f4sat,2,175,PRE_FAIL,6,4,2,3,659,3066,True
β,f4sat,2,176,PRE_FAIL,5,3,3,3,219,1033,True
β,f4sat,2,177,PRE_FAIL,5,4,2,3,231,1054,True
β,f4sat,2,178,PRE_FAIL,5,4,2,3,419,2028,True
β,f4sat,2,179,PRE_FAIL,5,2,3,3,256,1118,True
β,f4sat,2,180,PRE_FAIL,6,3,3,3,225,1033,True
β,f4sat,2,181,PRE_FAIL,6,5,1,3,860,4061,True
β,f4sat,2,182,PRE_FAIL,5,2,3,3,236,1044,True
β,f4sat,2,183,PRE_FAIL,4,3,2,3,229,1046,True
β,f4sat,2,184,PRE_FAIL,5,3,3,3,237,1072,True
β,f4sat,2,185,PRE_FAIL,5,3,2,3,433,2045,True
β,f4sat,2,186,PRE_FAIL,6,2,4,3,220,1031,True
β,f4sat,2,187,PRE_FAIL,5,3,2,3,435,2047,True
β,f4sat,2,188,PRE_FAIL,6,5,1,3,859,4060,True
β,f4sat,2,189,PRE_FAIL,5,3,2,3,437,2052,True
β,f4sat,2,190,PRE_FAIL,6,6,0,3,868,4069,True
β,f4sat,2,191,PRE_FAIL,6,5,1,3,875,4076,True
β,f4sat,2,192,PRE_FAIL,6,4,2,3,448,2060,True
β,f4sat,2,193,PRE_FAIL,6,6,0,3,851,4052,True
β,f4sat,2,194,PRE_FAIL,6,3,3,3,217,1028,True
β,f4sat,2,195,PRE_FAIL,6,4,2,3,642,3058,True
β,f4sat,2,196,PRE_FAIL,5,3,3,3,221,1044,True
β,f4sat,2,197,PRE_FAIL,6,5,1,3,857,4058,True
β,f4sat,2,198,PRE_FAIL,5,4,2,3,231,1045,True
β,f4sat,2,199,PRE_FAIL,6,3,3,3,222,1045,True
β,f4sat,2,200,PRE_FAIL,6,5,1,3,858,4059,True
β,f4sat,4,1,PRE_FAIL,6,5,1,3,1171,7572,True
β,f4sat,4,2,PRE_FAIL,6,6,0,3,1181,7582,True
β,f4sat,4,3,PRE_FAIL,6,3,3,3,585,3796,True
β,f4sat,4,4,PRE_FAIL,6,4,2,3,892,5789,True
β,f4sat,4,5,PRE_FAIL,6,5,1,3,1171,7572,True
β,f4sat,4,6,PRE_FAIL,6,5,1,3,1153,7554,True
β,f4sat,4,7,PRE_FAIL,6,6,0,3,1159,7560,True
β,f4sat,4,8,PRE_FAIL,6,4,2,3,877,5702,True
β,f4sat,4,9,PRE_FAIL,5,2,3,3,295,1910,True
β,f4sat,4,10,PRE_FAIL,6,6,0,3,1182,7583,True
β,f4sat,4,11,PRE_FAIL,6,5,1,3,1175,7576,True
β,f4sat,4,12,PRE_FAIL,6,6,0,3,1166,7567,True
β,f4sat,4,13,PRE_FAIL,6,3,3,3,308,1974,True
β,f4sat,4,14,PRE_FAIL,6,6,0,3,1130,7531,True
β,f4sat,4,15,PRE_FAIL,6,5,1,3,1183,7584,True
β,f4sat,4,16,PRE_FAIL,6,6,0,3,1149,7550,True
β,f4sat,4,17,PRE_FAIL,6,6,0,3,1159,7560,True
β,f4sat,4,18,PRE_FAIL,6,6,0,3,1171,7572,True
β,f4sat,4,19,PRE_FAIL,6,6,0,3,1149,7550,True
β,f4sat,4,20,PRE_FAIL,5,3,2,3,578,3813,True
β,f4sat,4,21,PRE_FAIL,6,6,0,3,1131,7532,True
β,f4sat,4,22,PRE_FAIL,6,5,1,3,1169,7570,True
β,f4sat,4,23,PRE_FAIL,6,6,0,3,1172,7573,True
β,f4sat,4,24,PRE_FAIL,6,3,3,3,583,3845,True
β,f4sat,4,25,PRE_FAIL,6,5,1,3,1173,7574,True
β,f4sat,4,26,PRE_FAIL,5,4,2,3,597,3826,True
β,f4sat,4,27,PRE_FAIL,5,4,2,3,292,1910,True
β,f4sat,4,28,PRE_FAIL,6,6,0,3,1160,7561,True
β,f4sat,4,29,PRE_FAIL,6,5,1,3,1155,7556,True
β,f4sat,4,30,PRE_FAIL,6,6,0,3,1187,7588,True
β,f4sat,4,31,PRE_FAIL,6,4,2,3,882,5725,True
β,f4sat,4,32,PRE_FAIL,6,5,1,3,1179,7580,True
β,f4sat,4,33,PRE_FAIL,6,6,0,3,1185,7586,True
β,f4sat,4,34,PRE_FAIL,6,6,0,3,1163,7564,True
β,f4sat,4,35,PRE_FAIL,6,6,0,3,1156,7557,True
β,f4sat,4,36,PRE_FAIL,6,3,3,3,329,2034,True
β,f4sat,4,37,PRE_FAIL,6,6,0,3,1184,7585,True
β,f4sat,4,38,PRE_FAIL,5,3,2,3,590,3870,True
β,f4sat,4,39,PRE_FAIL,6,6,0,3,1145,7546,True
β,f4sat,4,40,PRE_FAIL,6,6,0,3,1190,7591,True
β,f4sat,4,41,PRE_FAIL,6,6,0,3,1157,7558,True
β,f4sat,4,42,PRE_FAIL,6,6,0,3,1178,7579,True
β,f4sat,4,43,PRE_FAIL,6,5,1,3,1133,7534,True
β,f4sat,4,44,PRE_FAIL,6,6,0,3,1163,7564,True
β,f4sat,4,45,PRE_FAIL,6,3,3,3,602,3840,True
β,f4sat,4,46,PRE_FAIL,6,3,3,3,578,3792,True
β,f4sat,4,47,PRE_FAIL,6,6,0,3,1162,7563,True
β,f4sat,4,48,PRE_FAIL,6,5,1,3,1138,7539,True
β,f4sat,4,49,PRE_FAIL,5,4,2,3,295,1958,True
β,f4sat,4,50,PRE_FAIL,6,4,2,3,883,5744,True
β,f4sat,4,51,PRE_FAIL,6,6,0,3,1178,7579,True
β,f4sat,4,52,PRE_FAIL,6,6,0,3,1159,7560,True
β,f4sat,4,53,PRE_FAIL,6,6,0,3,1173,7574,True
β,f4sat,4,54,PRE_FAIL,6,5,1,3,1175,7576,True
β,f4sat,4,55,PRE_FAIL,6,6,0,3,1163,7564,True
β,f4sat,4,56,PRE_FAIL,6,6,0,3,1174,7575,True
β,f4sat,4,57,PRE_FAIL,5,3,3,3,308,1977,True
β,f4sat,4,58,PRE_FAIL,6,5,1,3,1142,7543,True
β,f4sat,4,59,PRE_FAIL,6,6,0,3,1149,7550,True
β,f4sat,4,60,PRE_FAIL,6,3,3,3,309,1930,True
β,f4sat,4,61,PRE_FAIL,6,3,3,3,581,3807,True
β,f4sat,4,62,PRE_FAIL,6,3,3,3,582,3835,True
β,f4sat,4,63,PRE_FAIL,6,4,2,3,905,5811,True
β,f4sat,4,64,PRE_FAIL,6,6,0,3,1178,7579,True
β,f4sat,4,65,PRE_FAIL,6,5,1,3,1168,7569,True
β,f4sat,4,66,PRE_FAIL,6,5,1,3,1180,7581,True
β,f4sat,4,67,PRE_FAIL,6,6,0,3,1163,7564,True
β,f4sat,4,68,PRE_FAIL,6,3,3,3,590,3804,True
β,f4sat,4,69,PRE_FAIL,6,3,3,3,581,3819,True
β,f4sat,4,70,PRE_FAIL,5,3,3,3,291,1912,True
β,f4sat,4,71,PRE_FAIL,5,2,3,3,289,1907,True
β,f4sat,4,72,PRE_FAIL,6,6,0,3,1175,7576,True
β,f4sat,4,73,PRE_FAIL,6,4,2,3,890,5796,True
β,f4sat,4,74,PRE_FAIL,6,3,3,3,587,3816,True
β,f4sat,4,75,PRE_FAIL,5,3,3,3,320,1998,True
β,f4sat,4,76,PRE_FAIL,5,4,2,3,585,3835,True
β,f4sat,4,77,PRE_FAIL,6,4,2,3,605,3843,True
β,f4sat,4,78,PRE_FAIL,6,6,0,3,1156,7557,True
β,f4sat,4,79,PRE_FAIL,6,3,3,3,568,3797,True
β,f4sat,4,80,PRE_FAIL,6,4,2,3,890,5712,True
β,f4sat,4,81,PRE_FAIL,6,5,1,3,1145,7546,True
β,f4sat,4,82,PRE_FAIL,6,4,2,3,901,5723,True
β,f4sat,4,83,PRE_FAIL,6,6,0,3,1200,7601,True
β,f4sat,4,84,PRE_FAIL,6,6,0,3,1143,7544,True
β,f4sat,4,85,PRE_FAIL,6,6,0,3,1173,7574,True
β,f4sat,4,86,PRE_FAIL,5,3,3,3,300,1930,True
β,f4sat,4,87,PRE_FAIL,6,5,1,3,1188,7589,True
β,f4sat,4,88,PRE_FAIL,6,5,1,3,1144,7545,True
β,f4sat,4,89,PRE_FAIL,6,4,2,3,886,5714,True
β,f4sat,4,90,PRE_FAIL,6,6,0,3,1136,7537,True
β,f4sat,4,91,PRE_FAIL,6,6,0,3,1172,7573,True
β,f4sat,4,92,PRE_FAIL,6,6,0,3,1158,7559,True
β,f4sat,4,93,PRE_FAIL,6,6,0,3,1132,7533,True
β,f4sat,4,94,PRE_FAIL,6,4,2,3,896,5769,True
β,f4sat,4,95,PRE_FAIL,6,4,2,3,894,5713,True
β,f4sat,4,96,PRE_FAIL,6,6,0,3,1145,7546,True
β,f4sat,4,97,PRE_FAIL,6,4,2,3,871,5690,True
β,f4sat,4,98,PRE_FAIL,5,3,3,3,312,1993,True
β,f4sat,4,99,PRE_FAIL,6,6,0,3,1166,7567,True
β,f4sat,4,100,PRE_FAIL,6,3,3,3,586,3800,True
β,f4sat,4,101,PRE_FAIL,6,6,0,3,1149,7550,True
β,f4sat,4,102,PRE_FAIL,6,6,0,3,1186,7587,True
β,f4sat,4,103,PRE_FAIL,6,6,0,3,1176,7577,True
β,f4sat,4,104,PRE_FAIL,6,6,0,3,1178,7579,True
β,f4sat,4,105,PRE_FAIL,6,4,2,3,895,5741,True
β,f4sat,4,106,PRE_FAIL,6,6,0,3,1157,7558,True
β,f4sat,4,107,PRE_FAIL,6,5,1,3,1170,7571,True
β,f4sat,4,108,PRE_FAIL,6,6,0,3,1142,7543,True
β,f4sat,4,109,PRE_FAIL,6,6,0,3,1179,7580,True
β,f4sat,4,110,PRE_FAIL,6,6,0,3,1190,7591,True
β,f4sat,4,111,PRE_FAIL,5,4,2,3,606,3910,True
β,f4sat,4,112,PRE_FAIL,5,3,3,3,291,1936,True
β,f4sat,4,113,PRE_FAIL,6,3,3,3,580,3791,True
β,f4sat,4,114,PRE_FAIL,6,5,1,3,1176,7577,True
β,f4sat,4,115,PRE_FAIL,6,6,0,3,1164,7565,True
β,f4sat,4,116,PRE_FAIL,6,3,3,3,585,3796,True
β,f4sat,4,117,PRE_FAIL,5,3,2,3,579,3793,True
β,f4sat,4,118,PRE_FAIL,6,3,3,3,305,1959,True
β,f4sat,4,119,PRE_FAIL,6,4,2,3,888,5737,True
β,f4sat,4,120,PRE_FAIL,6,3,3,3,607,3833,True
β,f4sat,4,121,PRE_FAIL,5,4,2,3,594,3808,True
β,f4sat,4,122,PRE_FAIL,6,4,2,3,886,5711,True
β,f4sat,4,123,PRE_FAIL,6,6,0,3,1158,7559,True
β,f4sat,4,124,PRE_FAIL,6,4,2,3,296,1911,True
β,f4sat,4,125,PRE_FAIL,5,2,3,3,293,1902,True
β,f4sat,4,126,PRE_FAIL,6,6,0,3,1164,7565,True
β,f4sat,4,127,PRE_FAIL,6,6,0,3,1168,7569,True
β,f4sat,4,128,PRE_FAIL,6,4,2,3,881,5754,True
β,f4sat,4,129,PRE_FAIL,6,4,2,3,883,5708,True
β,f4sat,4,130,PRE_FAIL,6,4,2,3,589,3803,True
β,f4sat,4,131,PRE_FAIL,6,6,0,3,1139,7540,True
β,f4sat,4,132,PRE_FAIL,6,6,0,3,1165,7566,True
β,f4sat,4,133,PRE_FAIL,5,2,3,3,312,1930,True
β,f4sat,4,134,PRE_FAIL,6,5,1,3,1140,7541,True
β,f4sat,4,135,PRE_FAIL,5,4,2,3,598,3833,True
β,f4sat,4,136,PRE_FAIL,6,2,4,3,299,1917,True
β,f4sat,4,137,PRE_FAIL,5,2,3,3,292,1907,True
β,f4sat,4,138,PRE_FAIL,6,4,2,3,876,5686,True
β,f4sat,4,139,PRE_FAIL,5,3,2,3,574,3791,True
β,f4sat,4,140,PRE_FAIL,6,6,0,3,1126,7527,True
β,f4sat,4,141,PRE_FAIL,5,3,2,3,312,1954,True
β,f4sat,4,142,PRE_FAIL,6,6,0,3,1176,7577,True
β,f4sat,4,143,PRE_FAIL,6,6,0,3,1142,7543,True
β,f4sat,4,144,PRE_FAIL,6,3,3,3,591,3805,True
β,f4sat,4,145,PRE_FAIL,6,4,2,3,877,5693,True
β,f4sat,4,146,PRE_FAIL,6,6,0,3,1178,7579,True
β,f4sat,4,147,PRE_FAIL,5,4,2,3,592,3806,True
β,f4sat,4,148,PRE_FAIL,5,4,2,3,313,1982,True
β,f4sat,4,149,PRE_FAIL,6,4,2,3,886,5744,True
β,f4sat,4,150,PRE_FAIL,6,6,0,3,1175,7576,True
β,f4sat,4,151,PRE_FAIL,6,6,0,3,1162,7563,True
β,f4sat,4,152,PRE_FAIL,6,6,0,3,1163,7564,True
β,f4sat,4,153,PRE_FAIL,6,4,2,3,871,5693,True
β,f4sat,4,154,PRE_FAIL,5,4,2,3,590,3825,True
β,f4sat,4,155,PRE_FAIL,6,5,1,3,1152,7553,True
β,f4sat,4,156,PRE_FAIL,6,6,0,3,1172,7573,True
β,f4sat,4,157,PRE_FAIL,6,6,0,3,1156,7557,True
β,f4sat,4,158,PRE_FAIL,6,3,3,3,304,1955,True
β,f4sat,4,159,PRE_FAIL,5,3,2,3,580,3818,True
β,f4sat,4,160,PRE_FAIL,6,6,0,3,1178,7579,True
β,f4sat,4,161,PRE_FAIL,6,6,0,3,1162,7563,True
β,f4sat,4,162,PRE_FAIL,6,3,3,3,577,3833,True
β,f4sat,4,163,PRE_FAIL,6,6,0,3,1188,7589,True
β,f4sat,4,164,PRE_FAIL,6,6,0,3,1156,7557,True
β,f4sat,4,165,PRE_FAIL,6,5,1,3,1153,7554,True
β,f4sat,4,166,PRE_FAIL,6,6,0,3,1174,7575,True
β,f4sat,4,167,PRE_FAIL,6,6,0,3,1186,7587,True
β,f4sat,4,168,PRE_FAIL,6,6,0,3,1146,7547,True
β,f4sat,4,169,PRE_FAIL,6,6,0,3,1163,7564,True
β,f4sat,4,170,PRE_FAIL,6,5,1,3,1168,7569,True
β,f4sat,4,171,PRE_FAIL,6,4,2,3,879,5704,True
β,f4sat,4,172,PRE_FAIL,6,3,3,3,307,1958,True
β,f4sat,4,173,PRE_FAIL,5,3,3,3,299,1914,True
β,f4sat,4,174,PRE_FAIL,6,6,0,3,1159,7560,True
β,f4sat,4,175,PRE_FAIL,6,4,2,3,886,5708,True
β,f4sat,4,176,PRE_FAIL,6,4,2,3,874,5696,True
β,f4sat,4,177,PRE_FAIL,6,6,0,3,1151,7552,True
β,f4sat,4,178,PRE_FAIL,6,4,2,3,873,5713,True
β,f4sat,4,179,PRE_FAIL,6,6,0,3,1149,7550,True
β,f4sat,4,180,PRE_FAIL,5,3,3,3,302,1956,True
β,f4sat,4,181,PRE_FAIL,6,6,0,3,1182,7583,True
β,f4sat,4,182,PRE_FAIL,6,6,0,3,1167,7568,True
β,f4sat,4,183,PRE_FAIL,6,6,0,3,1176,7577,True
β,f4sat,4,184,PRE_FAIL,6,2,4,3,311,1926,True
β,f4sat,4,185,PRE_FAIL,5,2,3,3,300,1915,True
β,f4sat,4,186,PRE_FAIL,6,3,3,3,310,1964,True
β,f4sat,4,187,PRE_FAIL,5,4,2,3,316,2021,True
β,f4sat,4,188,PRE_FAIL,6,6,0,3,1164,7565,True
β,f4sat,4,189,PRE_FAIL,6,4,2,3,883,5804,True
β,f4sat,4,190,PRE_FAIL,6,3,3,3,579,3808,True
β,f4sat,4,191,PRE_FAIL,6,6,0,3,1167,7568,True
β,f4sat,4,192,PRE_FAIL,6,4,2,3,883,5708,True
β,f4sat,4,193,PRE_FAIL,6,3,3,3,598,3872,True
β,f4sat,4,194,PRE_FAIL,6,3,3,3,594,3871,True
β,f4sat,4,195,PRE_FAIL,5,3,2,3,588,3811,True
β,f4sat,4,196,PRE_FAIL,6,6,0,3,1171,7572,True
β,f4sat,4,197,PRE_FAIL,6,6,0,3,1146,7547,True
β,f4sat,4,198,PRE_FAIL,6,4,2,3,317,1980,True
β,f4sat,4,199,PRE_FAIL,6,6,0,3,1174,7575,True
β,f4sat,4,200,PRE_FAIL,6,4,2,3,868,5696,True
β,f4sat,8,1,PRE_FAIL,6,6,0,3,1560,14361,True
β,f4sat,8,2,PRE_FAIL,6,6,0,3,1580,14381,True
β,f4sat,8,3,PRE_FAIL,6,6,0,3,1575,14376,True
β,f4sat,8,4,PRE_FAIL,6,6,0,3,1578,14379,True
β,f4sat,8,5,PRE_FAIL,6,6,0,3,1572,14373,True
β,f4sat,8,6,PRE_FAIL,6,6,0,3,1563,14364,True
β,f4sat,8,7,PRE_FAIL,6,5,1,3,1587,14388,True
β,f4sat,8,8,PRE_FAIL,6,6,0,3,1574,14375,True
β,f4sat,8,9,PRE_FAIL,6,6,0,3,1576,14377,True
β,f4sat,8,10,PRE_FAIL,6,6,0,3,1575,14376,True
β,f4sat,8,11,PRE_FAIL,6,6,0,3,1573,14374,True
β,f4sat,8,12,PRE_FAIL,6,6,0,3,1574,14375,True
β,f4sat,8,13,PRE_FAIL,6,6,0,3,1581,14382,True
β,f4sat,8,14,PRE_FAIL,6,6,0,3,1568,14369,True
β,f4sat,8,15,PRE_FAIL,6,6,0,3,1571,14372,True
β,f4sat,8,16,PRE_FAIL,6,6,0,3,1574,14375,True
β,f4sat,8,17,PRE_FAIL,6,6,0,3,1562,14363,True
β,f4sat,8,18,PRE_FAIL,6,6,0,3,1568,14369,True
β,f4sat,8,19,PRE_FAIL,6,6,0,3,1568,14369,True
β,f4sat,8,20,PRE_FAIL,6,6,0,3,1572,14373,True
β,f4sat,8,21,PRE_FAIL,6,6,0,3,1567,14368,True
β,f4sat,8,22,PRE_FAIL,6,6,0,3,1572,14373,True
β,f4sat,8,23,PRE_FAIL,6,6,0,3,1580,14381,True
β,f4sat,8,24,PRE_FAIL,6,6,0,3,1569,14370,True
β,f4sat,8,25,PRE_FAIL,6,6,0,3,1567,14368,True
β,f4sat,8,26,PRE_FAIL,5,4,2,3,794,7227,True
β,f4sat,8,27,PRE_FAIL,6,6,0,3,1574,14375,True
β,f4sat,8,28,PRE_FAIL,6,6,0,3,1571,14372,True
β,f4sat,8,29,PRE_FAIL,6,6,0,3,1582,14383,True
β,f4sat,8,30,PRE_FAIL,5,3,3,3,407,3633,True
β,f4sat,8,31,PRE_FAIL,6,6,0,3,1570,14371,True
β,f4sat,8,32,PRE_FAIL,6,6,0,3,1574,14375,True
β,f4sat,8,33,PRE_FAIL,6,6,0,3,1572,14373,True
β,f4sat,8,34,PRE_FAIL,6,6,0,3,1578,14379,True
β,f4sat,8,35,PRE_FAIL,6,6,0,3,1572,14373,True
β,f4sat,8,36,PRE_FAIL,6,6,0,3,1570,14371,True
β,f4sat,8,37,PRE_FAIL,6,6,0,3,1573,14374,True
β,f4sat,8,38,PRE_FAIL,6,6,0,3,1577,14378,True
β,f4sat,8,39,PRE_FAIL,6,6,0,3,1573,14374,True
β,f4sat,8,40,PRE_FAIL,6,6,0,3,1580,14381,True
β,f4sat,8,41,PRE_FAIL,6,6,0,3,1586,14387,True
β,f4sat,8,42,PRE_FAIL,6,6,0,3,1570,14371,True
β,f4sat,8,43,PRE_FAIL,6,6,0,3,1577,14378,True
β,f4sat,8,44,PRE_FAIL,6,6,0,3,1575,14376,True
β,f4sat,8,45,PRE_FAIL,6,6,0,3,1576,14377,True
β,f4sat,8,46,PRE_FAIL,6,6,0,3,1579,14380,True
β,f4sat,8,47,PRE_FAIL,6,6,0,3,1572,14373,True
β,f4sat,8,48,PRE_FAIL,6,6,0,3,1570,14371,True
β,f4sat,8,49,PRE_FAIL,6,6,0,3,1564,14365,True
β,f4sat,8,50,PRE_FAIL,6,6,0,3,1575,14376,True
β,f4sat,8,51,PRE_FAIL,6,6,0,3,1576,14377,True
β,f4sat,8,52,PRE_FAIL,6,6,0,3,1574,14375,True
β,f4sat,8,53,PRE_FAIL,6,6,0,3,1579,14380,True
β,f4sat,8,54,PRE_FAIL,6,6,0,3,1576,14377,True
β,f4sat,8,55,PRE_FAIL,6,6,0,3,1555,14356,True
β,f4sat,8,56,PRE_FAIL,6,6,0,3,1570,14371,True
β,f4sat,8,57,PRE_FAIL,6,6,0,3,1576,14377,True
β,f4sat,8,58,PRE_FAIL,6,6,0,3,1575,14376,True
β,f4sat,8,59,PRE_FAIL,6,6,0,3,1575,14376,True
β,f4sat,8,60,PRE_FAIL,6,6,0,3,1572,14373,True
β,f4sat,8,61,PRE_FAIL,6,6,0,3,1565,14366,True
β,f4sat,8,62,PRE_FAIL,6,6,0,3,1579,14380,True
β,f4sat,8,63,PRE_FAIL,6,6,0,3,1565,14366,True
β,f4sat,8,64,PRE_FAIL,6,6,0,3,1573,14374,True
β,f4sat,8,65,PRE_FAIL,6,6,0,3,1579,14380,True
β,f4sat,8,66,PRE_FAIL,6,6,0,3,1576,14377,True
β,f4sat,8,67,PRE_FAIL,6,6,0,3,1572,14373,True
β,f4sat,8,68,PRE_FAIL,6,6,0,3,1573,14374,True
β,f4sat,8,69,PRE_FAIL,6,6,0,3,1569,14370,True
β,f4sat,8,70,PRE_FAIL,6,6,0,3,1572,14373,True
β,f4sat,8,71,PRE_FAIL,6,6,0,3,1563,14364,True
β,f4sat,8,72,PRE_FAIL,6,6,0,3,1561,14362,True
β,f4sat,8,73,PRE_FAIL,6,6,0,3,1582,14383,True
β,f4sat,8,74,PRE_FAIL,6,6,0,3,1579,14380,True
β,f4sat,8,75,PRE_FAIL,6,6,0,3,1566,14367,True
β,f4sat,8,76,PRE_FAIL,6,6,0,3,1574,14375,True
β,f4sat,8,77,PRE_FAIL,6,6,0,3,1582,14383,True
β,f4sat,8,78,PRE_FAIL,6,6,0,3,1579,14380,True
β,f4sat,8,79,PRE_FAIL,6,6,0,3,1558,14359,True
β,f4sat,8,80,PRE_FAIL,6,6,0,3,1569,14370,True
β,f4sat,8,81,PRE_FAIL,6,6,0,3,1573,14374,True
β,f4sat,8,82,PRE_FAIL,6,6,0,3,1581,14382,True
β,f4sat,8,83,PRE_FAIL,6,6,0,3,1581,14382,True
β,f4sat,8,84,PRE_FAIL,6,6,0,3,1573,14374,True
β,f4sat,8,85,PRE_FAIL,6,6,0,3,1576,14377,True
β,f4sat,8,86,PRE_FAIL,6,6,0,3,1575,14376,True
β,f4sat,8,87,PRE_FAIL,6,6,0,3,1573,14374,True
β,f4sat,8,88,PRE_FAIL,6,6,0,3,1575,14376,True
β,f4sat,8,89,PRE_FAIL,6,6,0,3,1574,14375,True
β,f4sat,8,90,PRE_FAIL,6,6,0,3,1586,14387,True
β,f4sat,8,91,PRE_FAIL,6,6,0,3,1573,14374,True
β,f4sat,8,92,PRE_FAIL,6,3,3,3,417,3715,True
β,f4sat,8,93,PRE_FAIL,6,6,0,3,1572,14373,True
β,f4sat,8,94,PRE_FAIL,6,6,0,3,1568,14369,True
β,f4sat,8,95,PRE_FAIL,6,6,0,3,1573,14374,True
β,f4sat,8,96,PRE_FAIL,6,6,0,3,1578,14379,True
β,f4sat,8,97,PRE_FAIL,6,6,0,3,1572,14373,True
β,f4sat,8,98,PRE_FAIL,6,6,0,3,1579,14380,True
β,f4sat,8,99,PRE_FAIL,6,6,0,3,1576,14377,True
β,f4sat,8,100,PRE_FAIL,6,6,0,3,1580,14381,True
β,f4sat,8,101,PRE_FAIL,6,4,2,3,1207,10985,True
β,f4sat,8,102,PRE_FAIL,6,6,0,3,1576,14377,True
β,f4sat,8,103,PRE_FAIL,6,6,0,3,1573,14374,True
β,f4sat,8,104,PRE_FAIL,6,6,0,3,1573,14374,True
β,f4sat,8,105,PRE_FAIL,6,6,0,3,1578,14379,True
β,f4sat,8,106,PRE_FAIL,6,6,0,3,1577,14378,True
β,f4sat,8,107,PRE_FAIL,6,5,1,3,1566,14367,True
β,f4sat,8,108,PRE_FAIL,6,6,0,3,1576,14377,True
β,f4sat,8,109,PRE_FAIL,6,4,2,3,805,7310,True
β,f4sat,8,110,PRE_FAIL,6,6,0,3,1579,14380,True
β,f4sat,8,111,PRE_FAIL,6,6,0,3,1574,14375,True
β,f4sat,8,112,PRE_FAIL,6,6,0,3,1573,14374,True
β,f4sat,8,113,PRE_FAIL,6,6,0,3,1570,14371,True
β,f4sat,8,114,PRE_FAIL,6,6,0,3,1577,14378,True
β,f4sat,8,115,PRE_FAIL,6,6,0,3,1576,14377,True
β,f4sat,8,116,PRE_FAIL,6,6,0,3,1583,14384,True
β,f4sat,8,117,PRE_FAIL,6,6,0,3,1574,14375,True
β,f4sat,8,118,PRE_FAIL,6,6,0,3,1573,14374,True
β,f4sat,8,119,PRE_FAIL,6,6,0,3,1576,14377,True
β,f4sat,8,120,PRE_FAIL,6,6,0,3,1570,14371,True
β,f4sat,8,121,PRE_FAIL,6,6,0,3,1582,14383,True
β,f4sat,8,122,PRE_FAIL,6,6,0,3,1576,14377,True
β,f4sat,8,123,PRE_FAIL,6,6,0,3,1568,14369,True
β,f4sat,8,124,PRE_FAIL,6,6,0,3,1574,14375,True
β,f4sat,8,125,PRE_FAIL,6,6,0,3,1571,14372,True
β,f4sat,8,126,PRE_FAIL,6,6,0,3,1582,14383,True
β,f4sat,8,127,PRE_FAIL,6,6,0,3,1583,14384,True
β,f4sat,8,128,PRE_FAIL,6,6,0,3,1575,14376,True
β,f4sat,8,129,PRE_FAIL,6,6,0,3,1570,14371,True
β,f4sat,8,130,PRE_FAIL,6,6,0,3,1585,14386,True
β,f4sat,8,131,PRE_FAIL,6,6,0,3,1579,14380,True
β,f4sat,8,132,PRE_FAIL,6,6,0,3,1575,14376,True
β,f4sat,8,133,PRE_FAIL,6,6,0,3,1576,14377,True
β,f4sat,8,134,PRE_FAIL,6,6,0,3,1565,14366,True
β,f4sat,8,135,PRE_FAIL,6,6,0,3,1571,14372,True
β,f4sat,8,136,PRE_FAIL,6,6,0,3,1568,14369,True
β,f4sat,8,137,PRE_FAIL,6,6,0,3,1585,14386,True
β,f4sat,8,138,PRE_FAIL,6,6,0,3,1568,14369,True
β,f4sat,8,139,PRE_FAIL,6,4,2,3,1183,10817,True
β,f4sat,8,140,PRE_FAIL,6,6,0,3,1584,14385,True
β,f4sat,8,141,PRE_FAIL,6,6,0,3,1571,14372,True
β,f4sat,8,142,PRE_FAIL,6,6,0,3,1572,14373,True
β,f4sat,8,143,PRE_FAIL,6,6,0,3,1566,14367,True
β,f4sat,8,144,PRE_FAIL,6,6,0,3,1571,14372,True
β,f4sat,8,145,PRE_FAIL,6,6,0,3,1579,14380,True
β,f4sat,8,146,PRE_FAIL,6,6,0,3,1579,14380,True
β,f4sat,8,147,PRE_FAIL,6,6,0,3,1565,14366,True
β,f4sat,8,148,PRE_FAIL,6,5,1,3,1570,14371,True
β,f4sat,8,149,PRE_FAIL,6,6,0,3,1579,14380,True
β,f4sat,8,150,PRE_FAIL,6,6,0,3,1584,14385,True
β,f4sat,8,151,PRE_FAIL,6,6,0,3,1565,14366,True
β,f4sat,8,152,PRE_FAIL,6,6,0,3,1586,14387,True
β,f4sat,8,153,PRE_FAIL,6,6,0,3,1572,14373,True
β,f4sat,8,154,PRE_FAIL,6,6,0,3,1587,14388,True
β,f4sat,8,155,PRE_FAIL,6,6,0,3,1578,14379,True
β,f4sat,8,156,PRE_FAIL,6,6,0,3,1574,14375,True
β,f4sat,8,157,PRE_FAIL,6,6,0,3,1569,14370,True
β,f4sat,8,158,PRE_FAIL,6,6,0,3,1572,14373,True
β,f4sat,8,159,PRE_FAIL,6,6,0,3,1578,14379,True
β,f4sat,8,160,PRE_FAIL,6,6,0,3,1570,14371,True
β,f4sat,8,161,PRE_FAIL,6,6,0,3,1576,14377,True
β,f4sat,8,162,PRE_FAIL,6,6,0,3,1572,14373,True
β,f4sat,8,163,PRE_FAIL,6,6,0,3,1568,14369,True
β,f4sat,8,164,PRE_FAIL,6,4,2,3,1188,10870,True
β,f4sat,8,165,PRE_FAIL,6,6,0,3,1573,14374,True
β,f4sat,8,166,PRE_FAIL,6,6,0,3,1572,14373,True
β,f4sat,8,167,PRE_FAIL,6,5,1,3,1568,14369,True
β,f4sat,8,168,PRE_FAIL,6,6,0,3,1567,14368,True
β,f4sat,8,169,PRE_FAIL,6,3,3,3,407,3672,True
β,f4sat,8,170,PRE_FAIL,6,6,0,3,1571,14372,True
β,f4sat,8,171,PRE_FAIL,6,6,0,3,1576,14377,True
β,f4sat,8,172,PRE_FAIL,5,2,3,3,396,3622,True
β,f4sat,8,173,PRE_FAIL,6,6,0,3,1560,14361,True
β,f4sat,8,174,PRE_FAIL,6,6,0,3,1580,14381,True
β,f4sat,8,175,PRE_FAIL,6,6,0,3,1572,14373,True
β,f4sat,8,176,PRE_FAIL,6,5,1,3,1579,14380,True
β,f4sat,8,177,PRE_FAIL,6,6,0,3,1580,14381,True
β,f4sat,8,178,PRE_FAIL,6,6,0,3,1575,14376,True
β,f4sat,8,179,PRE_FAIL,6,6,0,3,1572,14373,True
β,f4sat,8,180,PRE_FAIL,6,6,0,3,1577,14378,True
β,f4sat,8,181,PRE_FAIL,6,6,0,3,1568,14369,True
β,f4sat,8,182,PRE_FAIL,6,6,0,3,1582,14383,True
β,f4sat,8,183,PRE_FAIL,6,6,0,3,1572,14373,True
β,f4sat,8,184,PRE_FAIL,6,6,0,3,1577,14378,True
β,f4sat,8,185,PRE_FAIL,6,6,0,3,1575,14376,True
β,f4sat,8,186,PRE_FAIL,6,6,0,3,1578,14379,True
β,f4sat,8,187,PRE_FAIL,6,6,0,3,1587,14388,True
β,f4sat,8,188,PRE_FAIL,6,6,0,3,1566,14367,True
β,f4sat,8,189,PRE_FAIL,6,6,0,3,1578,14379,True
β,f4sat,8,190,PRE_FAIL,6,6,0,3,1566,14367,True
β,f4sat,8,191,PRE_FAIL,6,6,0,3,1572,14373,True
β,f4sat,8,192,PRE_FAIL,6,6,0,3,1578,14379,True
β,f4sat,8,193,PRE_FAIL,6,6,0,3,1572,14373,True
β,f4sat,8,194,PRE_FAIL,6,5,1,3,1569,14370,True
β,f4sat,8,195,PRE_FAIL,6,6,0,3,1570,14371,True
β,f4sat,8,196,PRE_FAIL,6,6,0,3,1576,14377,True
β,f4sat,8,197,PRE_FAIL,6,6,0,3,1590,14391,True
β,f4sat,8,198,PRE_FAIL,6,6,0,3,1576,14377,True
β,f4sat,8,199,PRE_FAIL,6,6,0,3,1564,14365,True
β,f4sat,8,200,PRE_FAIL,6,6,0,3,1579,14380,True
β,f4sat,16,1,REPAIR,6,6,0,3,1603,27204,True
β,f4sat,16,2,REPAIR,6,6,0,3,1603,27204,True
β,f4sat,16,3,REPAIR,6,6,0,3,1603,27204,True
β,f4sat,16,4,REPAIR,6,6,0,3,1603,27204,True
β,f4sat,16,5,REPAIR,6,6,0,3,1603,27204,True
β,f4sat,16,6,REPAIR,6,6,0,3,1603,27204,True
β,f4sat,16,7,REPAIR,6,6,0,3,1603,27204,True
β,f4sat,16,8,REPAIR,6,6,0,3,1603,27204,True
β,f4sat,16,9,REPAIR,6,6,0,3,1603,27204,True
β,f4sat,16,10,REPAIR,6,6,0,3,1603,27204,True
β,f4sat,16,11,REPAIR,6,6,0,3,1603,27204,True
β,f4sat,16,12,REPAIR,6,6,0,3,1603,27204,True
β,f4sat,16,13,REPAIR,6,6,0,3,1603,27204,True
β,f4sat,16,14,REPAIR,6,6,0,3,1603,27204,True
β,f4sat,16,15,REPAIR,6,6,0,3,1603,27204,True
β,f4sat,16,16,REPAIR,6,6,0,3,1603,27204,True
β,f4sat,16,17,REPAIR,6,6,0,3,1603,27204,True
β,f4sat,16,18,REPAIR,6,6,0,3,1603,27204,True
β,f4sat,16,19,REPAIR,6,6,0,3,1603,27204,True
β,f4sat,16,20,REPAIR,6,6,0,3,1603,27204,True
β,f4sat,16,21,REPAIR,6,6,0,3,1603,27204,True
β,f4sat,16,22,REPAIR,6,6,0,3,1603,27204,True
β,f4sat,16,23,REPAIR,6,6,0,3,1603,27204,True
β,f4sat,16,24,REPAIR,6,6,0,3,1603,27204,True
β,f4sat,16,25,REPAIR,6,6,0,3,1603,27204,True
β,f4sat,16,26,REPAIR,6,6,0,3,1603,27204,True
β,f4sat,16,27,REPAIR,6,6,0,3,1603,27204,True
β,f4sat,16,28,REPAIR,6,6,0,3,1603,27204,True
β,f4sat,16,29,REPAIR,6,6,0,3,1603,27204,True
β,f4sat,16,30,REPAIR,6,6,0,3,1603,27204,True
β,f4sat,16,31,REPAIR,6,6,0,3,1603,27204,True
β,f4sat,16,32,REPAIR,6,6,0,3,1603,27204,True
β,f4sat,16,33,REPAIR,6,6,0,3,1603,27204,True
β,f4sat,16,34,REPAIR,6,6,0,3,1603,27204,True
β,f4sat,16,35,REPAIR,6,6,0,3,1603,27204,True
β,f4sat,16,36,REPAIR,6,6,0,3,1603,27204,True
β,f4sat,16,37,REPAIR,6,6,0,3,1603,27204,True
β,f4sat,16,38,REPAIR,6,6,0,3,1603,27204,True
β,f4sat,16,39,REPAIR,6,6,0,3,1603,27204,True
β,f4sat,16,40,REPAIR,6,6,0,3,1603,27204,True
β,f4sat,16,41,REPAIR,6,6,0,3,1603,27204,True
β,f4sat,16,42,REPAIR,6,6,0,3,1603,27204,True
β,f4sat,16,43,REPAIR,6,6,0,3,1603,27204,True
β,f4sat,16,44,REPAIR,6,6,0,3,1603,27204,True
β,f4sat,16,45,REPAIR,6,6,0,3,1603,27204,True
β,f4sat,16,46,REPAIR,6,6,0,3,1603,27204,True
β,f4sat,16,47,REPAIR,6,6,0,3,1603,27204,True
β,f4sat,16,48,REPAIR,6,6,0,3,1603,27204,True
β,f4sat,16,49,REPAIR,6,6,0,3,1603,27204,True
β,f4sat,16,50,REPAIR,6,6,0,3,1603,27204,True
β,f4sat,16,51,REPAIR,6,6,0,3,1603,27204,True
β,f4sat,16,52,REPAIR,6,6,0,3,1603,27204,True
β,f4sat,16,53,REPAIR,6,6,0,3,1603,27204,True
β,f4sat,16,54,REPAIR,6,6,0,3,1603,27204,True
β,f4sat,16,55,REPAIR,6,6,0,3,1603,27204,True
β,f4sat,16,56,REPAIR,6,6,0,3,1603,27204,True
β,f4sat,16,57,REPAIR,6,6,0,3,1603,27204,True
β,f4sat,16,58,REPAIR,6,6,0,3,1603,27204,True
β,f4sat,16,59,REPAIR,6,6,0,3,1603,27204,True
β,f4sat,16,60,REPAIR,6,6,0,3,1603,27204,True
β,f4sat,16,61,REPAIR,6,6,0,3,1603,27204,True
β,f4sat,16,62,REPAIR,6,6,0,3,1603,27204,True
β,f4sat,16,63,REPAIR,6,6,0,3,1603,27204,True
β,f4sat,16,64,REPAIR,6,6,0,3,1603,27204,True
β,f4sat,16,65,REPAIR,6,6,0,3,1603,27204,True
β,f4sat,16,66,REPAIR,6,6,0,3,1603,27204,True
β,f4sat,16,67,REPAIR,6,6,0,3,1603,27204,True
β,f4sat,16,68,REPAIR,6,6,0,3,1603,27204,True
β,f4sat,16,69,REPAIR,6,6,0,3,1603,27204,True
β,f4sat,16,70,REPAIR,6,6,0,3,1603,27204,True
β,f4sat,16,71,REPAIR,6,6,0,3,1603,27204,True
β,f4sat,16,72,REPAIR,6,6,0,3,1603,27204,True
β,f4sat,16,73,REPAIR,6,6,0,3,1603,27204,True
β,f4sat,16,74,REPAIR,6,6,0,3,1603,27204,True
β,f4sat,16,75,REPAIR,6,6,0,3,1603,27204,True
β,f4sat,16,76,REPAIR,6,6,0,3,1603,27204,True
β,f4sat,16,77,REPAIR,6,6,0,3,1603,27204,True
β,f4sat,16,78,REPAIR,6,6,0,3,1603,27204,True
β,f4sat,16,79,REPAIR,6,6,0,3,1603,27204,True
β,f4sat,16,80,REPAIR,6,6,0,3,1603,27204,True
β,f4sat,16,81,REPAIR,6,6,0,3,1603,27204,True
β,f4sat,16,82,REPAIR,6,6,0,3,1603,27204,True
β,f4sat,16,83,REPAIR,6,6,0,3,1603,27204,True
β,f4sat,16,84,REPAIR,6,6,0,3,1603,27204,True
β,f4sat,16,85,REPAIR,6,6,0,3,1603,27204,True
β,f4sat,16,86,REPAIR,6,6,0,3,1603,27204,True
β,f4sat,16,87,REPAIR,6,6,0,3,1603,27204,True
β,f4sat,16,88,REPAIR,6,6,0,3,1603,27204,True
β,f4sat,16,89,REPAIR,6,6,0,3,1603,27204,True
β,f4sat,16,90,REPAIR,6,6,0,3,1603,27204,True
β,f4sat,16,91,REPAIR,6,6,0,3,1603,27204,True
β,f4sat,16,92,REPAIR,6,6,0,3,1603,27204,True
β,f4sat,16,93,REPAIR,6,6,0,3,1603,27204,True
β,f4sat,16,94,REPAIR,6,6,0,3,1603,27204,True
β,f4sat,16,95,REPAIR,6,6,0,3,1603,27204,True
β,f4sat,16,96,REPAIR,6,6,0,3,1603,27204,True
β,f4sat,16,97,REPAIR,6,6,0,3,1603,27204,True
β,f4sat,16,98,REPAIR,6,6,0,3,1603,27204,True
β,f4sat,16,99,REPAIR,6,6,0,3,1603,27204,True
β,f4sat,16,100,REPAIR,6,6,0,3,1603,27204,True
β,f4sat,16,101,REPAIR,6,6,0,3,1603,27204,True
β,f4sat,16,102,REPAIR,6,6,0,3,1603,27204,True
β,f4sat,16,103,REPAIR,6,6,0,3,1603,27204,True
β,f4sat,16,104,REPAIR,6,6,0,3,1603,27204,True
β,f4sat,16,105,REPAIR,6,6,0,3,1603,27204,True
β,f4sat,16,106,REPAIR,6,6,0,3,1603,27204,True
β,f4sat,16,107,REPAIR,6,6,0,3,1603,27204,True
β,f4sat,16,108,REPAIR,6,6,0,3,1603,27204,True
β,f4sat,16,109,REPAIR,6,6,0,3,1603,27204,True
β,f4sat,16,110,REPAIR,6,6,0,3,1603,27204,True
β,f4sat,16,111,REPAIR,6,6,0,3,1603,27204,True
β,f4sat,16,112,REPAIR,6,6,0,3,1603,27204,True
β,f4sat,16,113,REPAIR,6,6,0,3,1603,27204,True
β,f4sat,16,114,REPAIR,6,6,0,3,1603,27204,True
β,f4sat,16,115,REPAIR,6,6,0,3,1603,27204,True
β,f4sat,16,116,REPAIR,6,6,0,3,1603,27204,True
β,f4sat,16,117,REPAIR,6,6,0,3,1603,27204,True
β,f4sat,16,118,REPAIR,6,6,0,3,1603,27204,True
β,f4sat,16,119,REPAIR,6,6,0,3,1603,27204,True
β,f4sat,16,120,REPAIR,6,6,0,3,1603,27204,True
β,f4sat,16,121,REPAIR,6,6,0,3,1603,27204,True
β,f4sat,16,122,REPAIR,6,6,0,3,1603,27204,True
β,f4sat,16,123,REPAIR,6,6,0,3,1603,27204,True
β,f4sat,16,124,REPAIR,6,6,0,3,1603,27204,True
β,f4sat,16,125,REPAIR,6,6,0,3,1603,27204,True
β,f4sat,16,126,REPAIR,6,6,0,3,1603,27204,True
β,f4sat,16,127,REPAIR,6,6,0,3,1603,27204,True
β,f4sat,16,128,REPAIR,6,6,0,3,1603,27204,True
β,f4sat,16,129,REPAIR,6,6,0,3,1603,27204,True
β,f4sat,16,130,REPAIR,6,6,0,3,1603,27204,True
β,f4sat,16,131,REPAIR,6,6,0,3,1603,27204,True
β,f4sat,16,132,REPAIR,6,6,0,3,1603,27204,True
β,f4sat,16,133,REPAIR,6,6,0,3,1603,27204,True
β,f4sat,16,134,REPAIR,6,6,0,3,1603,27204,True
β,f4sat,16,135,REPAIR,6,6,0,3,1603,27204,True
β,f4sat,16,136,REPAIR,6,6,0,3,1603,27204,True
β,f4sat,16,137,REPAIR,6,6,0,3,1603,27204,True
β,f4sat,16,138,REPAIR,6,6,0,3,1603,27204,True
β,f4sat,16,139,REPAIR,6,6,0,3,1603,27204,True
β,f4sat,16,140,REPAIR,6,6,0,3,1603,27204,True
β,f4sat,16,141,REPAIR,6,6,0,3,1603,27204,True
β,f4sat,16,142,REPAIR,6,6,0,3,1603,27204,True
β,f4sat,16,143,REPAIR,6,6,0,3,1603,27204,True
β,f4sat,16,144,REPAIR,6,6,0,3,1603,27204,True
β,f4sat,16,145,REPAIR,6,6,0,3,1603,27204,True
β,f4sat,16,146,REPAIR,6,6,0,3,1603,27204,True
β,f4sat,16,147,REPAIR,6,6,0,3,1603,27204,True
β,f4sat,16,148,REPAIR,6,6,0,3,1603,27204,True
β,f4sat,16,149,REPAIR,6,6,0,3,1603,27204,True
β,f4sat,16,150,REPAIR,6,6,0,3,1603,27204,True
β,f4sat,16,151,REPAIR,6,6,0,3,1603,27204,True
β,f4sat,16,152,REPAIR,6,6,0,3,1603,27204,True
β,f4sat,16,153,REPAIR,6,6,0,3,1603,27204,True
β,f4sat,16,154,REPAIR,6,6,0,3,1603,27204,True
β,f4sat,16,155,REPAIR,6,6,0,3,1603,27204,True
β,f4sat,16,156,REPAIR,6,6,0,3,1603,27204,True
β,f4sat,16,157,REPAIR,6,6,0,3,1603,27204,True
β,f4sat,16,158,REPAIR,6,6,0,3,1603,27204,True
β,f4sat,16,159,REPAIR,6,6,0,3,1603,27204,True
β,f4sat,16,160,REPAIR,6,6,0,3,1603,27204,True
β,f4sat,16,161,REPAIR,6,6,0,3,1603,27204,True
β,f4sat,16,162,REPAIR,6,6,0,3,1603,27204,True
β,f4sat,16,163,REPAIR,6,6,0,3,1603,27204,True
β,f4sat,16,164,REPAIR,6,6,0,3,1603,27204,True
β,f4sat,16,165,REPAIR,6,6,0,3,1603,27204,True
β,f4sat,16,166,REPAIR,6,6,0,3,1603,27204,True
β,f4sat,16,167,REPAIR,6,6,0,3,1603,27204,True
β,f4sat,16,168,REPAIR,6,6,0,3,1603,27204,True
β,f4sat,16,169,REPAIR,6,6,0,3,1603,27204,True
β,f4sat,16,170,REPAIR,6,6,0,3,1603,27204,True
β,f4sat,16,171,REPAIR,6,6,0,3,1603,27204,True
β,f4sat,16,172,REPAIR,6,6,0,3,1603,27204,True
β,f4sat,16,173,REPAIR,6,6,0,3,1603,27204,True
β,f4sat,16,174,REPAIR,6,6,0,3,1603,27204,True
β,f4sat,16,175,REPAIR,6,6,0,3,1603,27204,True
β,f4sat,16,176,REPAIR,6,6,0,3,1603,27204,True
β,f4sat,16,177,REPAIR,6,6,0,3,1603,27204,True
β,f4sat,16,178,REPAIR,6,6,0,3,1603,27204,True
β,f4sat,16,179,REPAIR,6,6,0,3,1603,27204,True
β,f4sat,16,180,REPAIR,6,6,0,3,1603,27204,True
β,f4sat,16,181,REPAIR,6,6,0,3,1603,27204,True
β,f4sat,16,182,REPAIR,6,6,0,3,1603,27204,True
β,f4sat,16,183,REPAIR,6,6,0,3,1603,27204,True
β,f4sat,16,184,REPAIR,6,6,0,3,1603,27204,True
β,f4sat,16,185,REPAIR,6,6,0,3,1603,27204,True
β,f4sat,16,186,REPAIR,6,6,0,3,1603,27204,True
β,f4sat,16,187,REPAIR,6,6,0,3,1603,27204,True
β,f4sat,16,188,REPAIR,6,6,0,3,1603,27204,True
β,f4sat,16,189,REPAIR,6,6,0,3,1603,27204,True
β,f4sat,16,190,REPAIR,6,6,0,3,1603,27204,True
β,f4sat,16,191,REPAIR,6,6,0,3,1603,27204,True
β,f4sat,16,192,REPAIR,6,6,0,3,1603,27204,True
β,f4sat,16,193,REPAIR,6,6,0,3,1603,27204,True
β,f4sat,16,194,REPAIR,6,6,0,3,1603,27204,True
β,f4sat,16,195,REPAIR,6,6,0,3,1603,27204,True
β,f4sat,16,196,REPAIR,6,6,0,3,1603,27204,True
β,f4sat,16,197,REPAIR,6,6,0,3,1603,27204,True
β,f4sat,16,198,REPAIR,6,6,0,3,1603,27204,True
β,f4sat,16,199,REPAIR,6,6,0,3,1603,27204,True
β,f4sat,16,200,REPAIR,6,6,0,3,1603,27204,True
β,f4sat,32,1,REPAIR,6,6,0,3,1603,52804,True
β,f4sat,32,2,REPAIR,6,6,0,3,1603,52804,True
β,f4sat,32,3,REPAIR,6,6,0,3,1603,52804,True
β,f4sat,32,4,REPAIR,6,6,0,3,1603,52804,True
β,f4sat,32,5,REPAIR,6,6,0,3,1603,52804,True
β,f4sat,32,6,REPAIR,6,6,0,3,1603,52804,True
β,f4sat,32,7,REPAIR,6,6,0,3,1603,52804,True
β,f4sat,32,8,REPAIR,6,6,0,3,1603,52804,True
β,f4sat,32,9,REPAIR,6,6,0,3,1603,52804,True
β,f4sat,32,10,REPAIR,6,6,0,3,1603,52804,True
β,f4sat,32,11,REPAIR,6,6,0,3,1603,52804,True
β,f4sat,32,12,REPAIR,6,6,0,3,1603,52804,True
β,f4sat,32,13,REPAIR,6,6,0,3,1603,52804,True
β,f4sat,32,14,REPAIR,6,6,0,3,1603,52804,True
β,f4sat,32,15,REPAIR,6,6,0,3,1603,52804,True
β,f4sat,32,16,REPAIR,6,6,0,3,1603,52804,True
β,f4sat,32,17,REPAIR,6,6,0,3,1603,52804,True
β,f4sat,32,18,REPAIR,6,6,0,3,1603,52804,True
β,f4sat,32,19,REPAIR,6,6,0,3,1603,52804,True
β,f4sat,32,20,REPAIR,6,6,0,3,1603,52804,True
β,f4sat,32,21,REPAIR,6,6,0,3,1603,52804,True
β,f4sat,32,22,REPAIR,6,6,0,3,1603,52804,True
β,f4sat,32,23,REPAIR,6,6,0,3,1603,52804,True
β,f4sat,32,24,REPAIR,6,6,0,3,1603,52804,True
β,f4sat,32,25,REPAIR,6,6,0,3,1603,52804,True
β,f4sat,32,26,REPAIR,6,6,0,3,1603,52804,True
β,f4sat,32,27,REPAIR,6,6,0,3,1603,52804,True
β,f4sat,32,28,REPAIR,6,6,0,3,1603,52804,True
β,f4sat,32,29,REPAIR,6,6,0,3,1603,52804,True
β,f4sat,32,30,REPAIR,6,6,0,3,1603,52804,True
β,f4sat,32,31,REPAIR,6,6,0,3,1603,52804,True
β,f4sat,32,32,REPAIR,6,6,0,3,1603,52804,True
β,f4sat,32,33,REPAIR,6,6,0,3,1603,52804,True
β,f4sat,32,34,REPAIR,6,6,0,3,1603,52804,True
β,f4sat,32,35,REPAIR,6,6,0,3,1603,52804,True
β,f4sat,32,36,REPAIR,6,6,0,3,1603,52804,True
β,f4sat,32,37,REPAIR,6,6,0,3,1603,52804,True
β,f4sat,32,38,REPAIR,6,6,0,3,1603,52804,True
β,f4sat,32,39,REPAIR,6,6,0,3,1603,52804,True
β,f4sat,32,40,REPAIR,6,6,0,3,1603,52804,True
β,f4sat,32,41,REPAIR,6,6,0,3,1603,52804,True
β,f4sat,32,42,REPAIR,6,6,0,3,1603,52804,True
β,f4sat,32,43,REPAIR,6,6,0,3,1603,52804,True
β,f4sat,32,44,REPAIR,6,6,0,3,1603,52804,True
β,f4sat,32,45,REPAIR,6,6,0,3,1603,52804,True
β,f4sat,32,46,REPAIR,6,6,0,3,1603,52804,True
β,f4sat,32,47,REPAIR,6,6,0,3,1603,52804,True
β,f4sat,32,48,REPAIR,6,6,0,3,1603,52804,True
β,f4sat,32,49,REPAIR,6,6,0,3,1603,52804,True
β,f4sat,32,50,REPAIR,6,6,0,3,1603,52804,True
β,f4sat,32,51,REPAIR,6,6,0,3,1603,52804,True
β,f4sat,32,52,REPAIR,6,6,0,3,1603,52804,True
β,f4sat,32,53,REPAIR,6,6,0,3,1603,52804,True
β,f4sat,32,54,REPAIR,6,6,0,3,1603,52804,True
β,f4sat,32,55,REPAIR,6,6,0,3,1603,52804,True
β,f4sat,32,56,REPAIR,6,6,0,3,1603,52804,True
β,f4sat,32,57,REPAIR,6,6,0,3,1603,52804,True
β,f4sat,32,58,REPAIR,6,6,0,3,1603,52804,True
β,f4sat,32,59,REPAIR,6,6,0,3,1603,52804,True
β,f4sat,32,60,REPAIR,6,6,0,3,1603,52804,True
β,f4sat,32,61,REPAIR,6,6,0,3,1603,52804,True
β,f4sat,32,62,REPAIR,6,6,0,3,1603,52804,True
β,f4sat,32,63,REPAIR,6,6,0,3,1603,52804,True
β,f4sat,32,64,REPAIR,6,6,0,3,1603,52804,True
β,f4sat,32,65,REPAIR,6,6,0,3,1603,52804,True
β,f4sat,32,66,REPAIR,6,6,0,3,1603,52804,True
β,f4sat,32,67,REPAIR,6,6,0,3,1603,52804,True
β,f4sat,32,68,REPAIR,6,6,0,3,1603,52804,True
β,f4sat,32,69,REPAIR,6,6,0,3,1603,52804,True
β,f4sat,32,70,REPAIR,6,6,0,3,1603,52804,True
β,f4sat,32,71,REPAIR,6,6,0,3,1603,52804,True
β,f4sat,32,72,REPAIR,6,6,0,3,1603,52804,True
β,f4sat,32,73,REPAIR,6,6,0,3,1603,52804,True
β,f4sat,32,74,REPAIR,6,6,0,3,1603,52804,True
β,f4sat,32,75,REPAIR,6,6,0,3,1603,52804,True
β,f4sat,32,76,REPAIR,6,6,0,3,1603,52804,True
β,f4sat,32,77,REPAIR,6,6,0,3,1603,52804,True
β,f4sat,32,78,REPAIR,6,6,0,3,1603,52804,True
β,f4sat,32,79,REPAIR,6,6,0,3,1603,52804,True
β,f4sat,32,80,REPAIR,6,6,0,3,1603,52804,True
β,f4sat,32,81,REPAIR,6,6,0,3,1603,52804,True
β,f4sat,32,82,REPAIR,6,6,0,3,1603,52804,True
β,f4sat,32,83,REPAIR,6,6,0,3,1603,52804,True
β,f4sat,32,84,REPAIR,6,6,0,3,1603,52804,True
β,f4sat,32,85,REPAIR,6,6,0,3,1603,52804,True
β,f4sat,32,86,REPAIR,6,6,0,3,1603,52804,True
β,f4sat,32,87,REPAIR,6,6,0,3,1603,52804,True
β,f4sat,32,88,REPAIR,6,6,0,3,1603,52804,True
β,f4sat,32,89,REPAIR,6,6,0,3,1603,52804,True
β,f4sat,32,90,REPAIR,6,6,0,3,1603,52804,True
β,f4sat,32,91,REPAIR,6,6,0,3,1603,52804,True
β,f4sat,32,92,REPAIR,6,6,0,3,1603,52804,True
β,f4sat,32,93,REPAIR,6,6,0,3,1603,52804,True
β,f4sat,32,94,REPAIR,6,6,0,3,1603,52804,True
β,f4sat,32,95,REPAIR,6,6,0,3,1603,52804,True
β,f4sat,32,96,REPAIR,6,6,0,3,1603,52804,True
β,f4sat,32,97,REPAIR,6,6,0,3,1603,52804,True
β,f4sat,32,98,REPAIR,6,6,0,3,1603,52804,True
β,f4sat,32,99,REPAIR,6,6,0,3,1603,52804,True
β,f4sat,32,100,REPAIR,6,6,0,3,1603,52804,True
β,f4sat,32,101,REPAIR,6,6,0,3,1603,52804,True
β,f4sat,32,102,REPAIR,6,6,0,3,1603,52804,True
β,f4sat,32,103,REPAIR,6,6,0,3,1603,52804,True
β,f4sat,32,104,REPAIR,6,6,0,3,1603,52804,True
β,f4sat,32,105,REPAIR,6,6,0,3,1603,52804,True
β,f4sat,32,106,REPAIR,6,6,0,3,1603,52804,True
β,f4sat,32,107,REPAIR,6,6,0,3,1603,52804,True
β,f4sat,32,108,REPAIR,6,6,0,3,1603,52804,True
β,f4sat,32,109,REPAIR,6,6,0,3,1603,52804,True
β,f4sat,32,110,REPAIR,6,6,0,3,1603,52804,True
β,f4sat,32,111,REPAIR,6,6,0,3,1603,52804,True
β,f4sat,32,112,REPAIR,6,6,0,3,1603,52804,True
β,f4sat,32,113,REPAIR,6,6,0,3,1603,52804,True
β,f4sat,32,114,REPAIR,6,6,0,3,1603,52804,True
β,f4sat,32,115,REPAIR,6,6,0,3,1603,52804,True
β,f4sat,32,116,REPAIR,6,6,0,3,1603,52804,True
β,f4sat,32,117,REPAIR,6,6,0,3,1603,52804,True
β,f4sat,32,118,REPAIR,6,6,0,3,1603,52804,True
β,f4sat,32,119,REPAIR,6,6,0,3,1603,52804,True
β,f4sat,32,120,REPAIR,6,6,0,3,1603,52804,True
β,f4sat,32,121,REPAIR,6,6,0,3,1603,52804,True
β,f4sat,32,122,REPAIR,6,6,0,3,1603,52804,True
β,f4sat,32,123,REPAIR,6,6,0,3,1603,52804,True
β,f4sat,32,124,REPAIR,6,6,0,3,1603,52804,True
β,f4sat,32,125,REPAIR,6,6,0,3,1603,52804,True
β,f4sat,32,126,REPAIR,6,6,0,3,1603,52804,True
β,f4sat,32,127,REPAIR,6,6,0,3,1603,52804,True
β,f4sat,32,128,REPAIR,6,6,0,3,1603,52804,True
β,f4sat,32,129,REPAIR,6,6,0,3,1603,52804,True
β,f4sat,32,130,REPAIR,6,6,0,3,1603,52804,True
β,f4sat,32,131,REPAIR,6,6,0,3,1603,52804,True
β,f4sat,32,132,REPAIR,6,6,0,3,1603,52804,True
β,f4sat,32,133,REPAIR,6,6,0,3,1603,52804,True
β,f4sat,32,134,REPAIR,6,6,0,3,1603,52804,True
β,f4sat,32,135,REPAIR,6,6,0,3,1603,52804,True
β,f4sat,32,136,REPAIR,6,6,0,3,1603,52804,True
β,f4sat,32,137,REPAIR,6,6,0,3,1603,52804,True
β,f4sat,32,138,REPAIR,6,6,0,3,1603,52804,True
β,f4sat,32,139,REPAIR,6,6,0,3,1603,52804,True
β,f4sat,32,140,REPAIR,6,6,0,3,1603,52804,True
β,f4sat,32,141,REPAIR,6,6,0,3,1603,52804,True
β,f4sat,32,142,REPAIR,6,6,0,3,1603,52804,True
β,f4sat,32,143,REPAIR,6,6,0,3,1603,52804,True
β,f4sat,32,144,REPAIR,6,6,0,3,1603,52804,True
β,f4sat,32,145,REPAIR,6,6,0,3,1603,52804,True
β,f4sat,32,146,REPAIR,6,6,0,3,1603,52804,True
β,f4sat,32,147,REPAIR,6,6,0,3,1603,52804,True
β,f4sat,32,148,REPAIR,6,6,0,3,1603,52804,True
β,f4sat,32,149,REPAIR,6,6,0,3,1603,52804,True
β,f4sat,32,150,REPAIR,6,6,0,3,1603,52804,True
β,f4sat,32,151,REPAIR,6,6,0,3,1603,52804,True
β,f4sat,32,152,REPAIR,6,6,0,3,1603,52804,True
β,f4sat,32,153,REPAIR,6,6,0,3,1603,52804,True
β,f4sat,32,154,REPAIR,6,6,0,3,1603,52804,True
β,f4sat,32,155,REPAIR,6,6,0,3,1603,52804,True
β,f4sat,32,156,REPAIR,6,6,0,3,1603,52804,True
β,f4sat,32,157,REPAIR,6,6,0,3,1603,52804,True
β,f4sat,32,158,REPAIR,6,6,0,3,1603,52804,True
β,f4sat,32,159,REPAIR,6,6,0,3,1603,52804,True
β,f4sat,32,160,REPAIR,6,6,0,3,1603,52804,True
β,f4sat,32,161,REPAIR,6,6,0,3,1603,52804,True
β,f4sat,32,162,REPAIR,6,6,0,3,1603,52804,True
β,f4sat,32,163,REPAIR,6,6,0,3,1603,52804,True
β,f4sat,32,164,REPAIR,6,6,0,3,1603,52804,True
β,f4sat,32,165,REPAIR,6,6,0,3,1603,52804,True
β,f4sat,32,166,REPAIR,6,6,0,3,1603,52804,True
β,f4sat,32,167,REPAIR,6,6,0,3,1603,52804,True
β,f4sat,32,168,REPAIR,6,6,0,3,1603,52804,True
β,f4sat,32,169,REPAIR,6,6,0,3,1603,52804,True
β,f4sat,32,170,REPAIR,6,6,0,3,1603,52804,True
β,f4sat,32,171,REPAIR,6,6,0,3,1603,52804,True
β,f4sat,32,172,REPAIR,6,6,0,3,1603,52804,True
β,f4sat,32,173,REPAIR,6,6,0,3,1603,52804,True
β,f4sat,32,174,REPAIR,6,6,0,3,1603,52804,True
β,f4sat,32,175,REPAIR,6,6,0,3,1603,52804,True
β,f4sat,32,176,REPAIR,6,6,0,3,1603,52804,True
β,f4sat,32,177,REPAIR,6,6,0,3,1603,52804,True
β,f4sat,32,178,REPAIR,6,6,0,3,1603,52804,True
β,f4sat,32,179,REPAIR,6,6,0,3,1603,52804,True
β,f4sat,32,180,REPAIR,6,6,0,3,1603,52804,True
β,f4sat,32,181,REPAIR,6,6,0,3,1603,52804,True
β,f4sat,32,182,REPAIR,6,6,0,3,1603,52804,True
β,f4sat,32,183,REPAIR,6,6,0,3,1603,52804,True
β,f4sat,32,184,REPAIR,6,6,0,3,1603,52804,True
β,f4sat,32,185,REPAIR,6,6,0,3,1603,52804,True
β,f4sat,32,186,REPAIR,6,6,0,3,1603,52804,True
β,f4sat,32,187,REPAIR,6,6,0,3,1603,52804,True
β,f4sat,32,188,REPAIR,6,6,0,3,1603,52804,True
β,f4sat,32,189,REPAIR,6,6,0,3,1603,52804,True
β,f4sat,32,190,REPAIR,6,6,0,3,1603,52804,True
β,f4sat,32,191,REPAIR,6,6,0,3,1603,52804,True
β,f4sat,32,192,REPAIR,6,6,0,3,1603,52804,True
β,f4sat,32,193,REPAIR,6,6,0,3,1603,52804,True
β,f4sat,32,194,REPAIR,6,6,0,3,1603,52804,True
β,f4sat,32,195,REPAIR,6,6,0,3,1603,52804,True
β,f4sat,32,196,REPAIR,6,6,0,3,1603,52804,True
β,f4sat,32,197,REPAIR,6,6,0,3,1603,52804,True
β,f4sat,32,198,REPAIR,6,6,0,3,1603,52804,True
β,f4sat,32,199,REPAIR,6,6,0,3,1603,52804,True
β,f4sat,32,200,REPAIR,6,6,0,3,1603,52804,True
γ,f3,1,1,DIED,4,4,0,0,803,803,True
γ,f3,1,2,DIED,3,3,0,0,403,403,True
γ,f3,1,3,REPAIR,6,6,0,0,1603,1603,True
γ,f3,1,4,DIED,4,4,0,0,803,803,True
γ,f3,1,5,REPAIR,6,6,0,0,1603,1603,True
γ,f3,1,6,REPAIR,6,6,0,0,1603,1603,True
γ,f3,1,7,DIED,3,3,0,0,403,403,True
γ,f3,1,8,DIED,4,4,0,0,803,803,True
γ,f3,1,9,REPAIR,6,6,0,0,1603,1603,True
γ,f3,1,10,REPAIR,6,6,0,0,1603,1603,True
γ,f3,1,11,REPAIR,6,6,0,0,1603,1603,True
γ,f3,1,12,DIED,5,5,0,0,1203,1203,True
γ,f3,1,13,REPAIR,6,6,0,0,1603,1603,True
γ,f3,1,14,REPAIR,6,6,0,0,1603,1603,True
γ,f3,1,15,REPAIR,6,6,0,0,1603,1603,True
γ,f3,1,16,REPAIR,6,6,0,0,1603,1603,True
γ,f3,1,17,REPAIR,6,6,0,0,1603,1603,True
γ,f3,1,18,DIED,3,3,0,0,403,403,True
γ,f3,1,19,DIED,5,5,0,0,1203,1203,True
γ,f3,1,20,DIED,4,4,0,0,803,803,True
γ,f3,1,21,REPAIR,6,6,0,0,1603,1603,True
γ,f3,1,22,DIED,5,5,0,0,1203,1203,True
γ,f3,1,23,DIED,3,3,0,0,403,403,True
γ,f3,1,24,REPAIR,6,6,0,0,1603,1603,True
γ,f3,1,25,REPAIR,6,6,0,0,1603,1603,True
γ,f3,1,26,REPAIR,6,6,0,0,1603,1603,True
γ,f3,1,27,REPAIR,6,6,0,0,1603,1603,True
γ,f3,1,28,REPAIR,6,6,0,0,1603,1603,True
γ,f3,1,29,REPAIR,6,6,0,0,1603,1603,True
γ,f3,1,30,DIED,3,3,0,0,403,403,True
γ,f3,1,31,REPAIR,6,6,0,0,1603,1603,True
γ,f3,1,32,REPAIR,6,6,0,0,1603,1603,True
γ,f3,1,33,DIED,3,3,0,0,403,403,True
γ,f3,1,34,REPAIR,6,6,0,0,1603,1603,True
γ,f3,1,35,DIED,5,5,0,0,1203,1203,True
γ,f3,1,36,DIED,3,3,0,0,403,403,True
γ,f3,1,37,DIED,3,3,0,0,403,403,True
γ,f3,1,38,DIED,4,4,0,0,803,803,True
γ,f3,1,39,REPAIR,6,6,0,0,1603,1603,True
γ,f3,1,40,REPAIR,6,6,0,0,1603,1603,True
γ,f3,1,41,REPAIR,6,6,0,0,1603,1603,True
γ,f3,1,42,REPAIR,6,6,0,0,1603,1603,True
γ,f3,1,43,REPAIR,6,6,0,0,1603,1603,True
γ,f3,1,44,REPAIR,6,6,0,0,1603,1603,True
γ,f3,1,45,REPAIR,6,6,0,0,1603,1603,True
γ,f3,1,46,DIED,5,5,0,0,1203,1203,True
γ,f3,1,47,REPAIR,6,6,0,0,1603,1603,True
γ,f3,1,48,REPAIR,6,6,0,0,1603,1603,True
γ,f3,1,49,DIED,3,3,0,0,403,403,True
γ,f3,1,50,REPAIR,6,6,0,0,1603,1603,True
γ,f3,1,51,DIED,5,5,0,0,1203,1203,True
γ,f3,1,52,REPAIR,6,6,0,0,1603,1603,True
γ,f3,1,53,REPAIR,6,6,0,0,1603,1603,True
γ,f3,1,54,REPAIR,6,6,0,0,1603,1603,True
γ,f3,1,55,DIED,5,5,0,0,1203,1203,True
γ,f3,1,56,DIED,3,3,0,0,403,403,True
γ,f3,1,57,DIED,5,5,0,0,1203,1203,True
γ,f3,1,58,REPAIR,6,6,0,0,1603,1603,True
γ,f3,1,59,DIED,4,4,0,0,803,803,True
γ,f3,1,60,DIED,3,3,0,0,403,403,True
γ,f3,1,61,REPAIR,6,6,0,0,1603,1603,True
γ,f3,1,62,REPAIR,6,6,0,0,1603,1603,True
γ,f3,1,63,REPAIR,6,6,0,0,1603,1603,True
γ,f3,1,64,REPAIR,6,6,0,0,1603,1603,True
γ,f3,1,65,REPAIR,6,6,0,0,1603,1603,True
γ,f3,1,66,REPAIR,6,6,0,0,1603,1603,True
γ,f3,1,67,DIED,4,4,0,0,803,803,True
γ,f3,1,68,DIED,5,5,0,0,1203,1203,True
γ,f3,1,69,REPAIR,6,6,0,0,1603,1603,True
γ,f3,1,70,DIED,3,3,0,0,403,403,True
γ,f3,1,71,DIED,3,3,0,0,403,403,True
γ,f3,1,72,REPAIR,6,6,0,0,1603,1603,True
γ,f3,1,73,REPAIR,6,6,0,0,1603,1603,True
γ,f3,1,74,DIED,4,4,0,0,803,803,True
γ,f3,1,75,REPAIR,6,6,0,0,1603,1603,True
γ,f3,1,76,REPAIR,6,6,0,0,1603,1603,True
γ,f3,1,77,REPAIR,6,6,0,0,1603,1603,True
γ,f3,1,78,REPAIR,6,6,0,0,1603,1603,True
γ,f3,1,79,REPAIR,6,6,0,0,1603,1603,True
γ,f3,1,80,DIED,4,4,0,0,803,803,True
γ,f3,1,81,DIED,5,5,0,0,1203,1203,True
γ,f3,1,82,REPAIR,6,6,0,0,1603,1603,True
γ,f3,1,83,DIED,4,4,0,0,803,803,True
γ,f3,1,84,DIED,4,4,0,0,803,803,True
γ,f3,1,85,REPAIR,6,6,0,0,1603,1603,True
γ,f3,1,86,REPAIR,6,6,0,0,1603,1603,True
γ,f3,1,87,REPAIR,6,6,0,0,1603,1603,True
γ,f3,1,88,REPAIR,6,6,0,0,1603,1603,True
γ,f3,1,89,DIED,3,3,0,0,403,403,True
γ,f3,1,90,REPAIR,6,6,0,0,1603,1603,True
γ,f3,1,91,DIED,3,3,0,0,403,403,True
γ,f3,1,92,DIED,3,3,0,0,403,403,True
γ,f3,1,93,REPAIR,6,6,0,0,1603,1603,True
γ,f3,1,94,REPAIR,6,6,0,0,1603,1603,True
γ,f3,1,95,REPAIR,6,6,0,0,1603,1603,True
γ,f3,1,96,DIED,4,4,0,0,803,803,True
γ,f3,1,97,REPAIR,6,6,0,0,1603,1603,True
γ,f3,1,98,REPAIR,6,6,0,0,1603,1603,True
γ,f3,1,99,REPAIR,6,6,0,0,1603,1603,True
γ,f3,1,100,REPAIR,6,6,0,0,1603,1603,True
γ,f3,1,101,REPAIR,6,6,0,0,1603,1603,True
γ,f3,1,102,REPAIR,6,6,0,0,1603,1603,True
γ,f3,1,103,REPAIR,6,6,0,0,1603,1603,True
γ,f3,1,104,DIED,4,4,0,0,803,803,True
γ,f3,1,105,REPAIR,6,6,0,0,1603,1603,True
γ,f3,1,106,REPAIR,6,6,0,0,1603,1603,True
γ,f3,1,107,DIED,4,4,0,0,803,803,True
γ,f3,1,108,DIED,3,3,0,0,403,403,True
γ,f3,1,109,DIED,5,5,0,0,1203,1203,True
γ,f3,1,110,DIED,4,4,0,0,803,803,True
γ,f3,1,111,REPAIR,6,6,0,0,1603,1603,True
γ,f3,1,112,DIED,3,3,0,0,403,403,True
γ,f3,1,113,REPAIR,6,6,0,0,1603,1603,True
γ,f3,1,114,DIED,5,5,0,0,1203,1203,True
γ,f3,1,115,DIED,5,5,0,0,1203,1203,True
γ,f3,1,116,DIED,4,4,0,0,803,803,True
γ,f3,1,117,REPAIR,6,6,0,0,1603,1603,True
γ,f3,1,118,REPAIR,6,6,0,0,1603,1603,True
γ,f3,1,119,DIED,4,4,0,0,803,803,True
γ,f3,1,120,REPAIR,6,6,0,0,1603,1603,True
γ,f3,1,121,REPAIR,6,6,0,0,1603,1603,True
γ,f3,1,122,DIED,3,3,0,0,403,403,True
γ,f3,1,123,REPAIR,6,6,0,0,1603,1603,True
γ,f3,1,124,REPAIR,6,6,0,0,1603,1603,True
γ,f3,1,125,DIED,4,4,0,0,803,803,True
γ,f3,1,126,REPAIR,6,6,0,0,1603,1603,True
γ,f3,1,127,DIED,3,3,0,0,403,403,True
γ,f3,1,128,DIED,5,5,0,0,1203,1203,True
γ,f3,1,129,REPAIR,6,6,0,0,1603,1603,True
γ,f3,1,130,DIED,4,4,0,0,803,803,True
γ,f3,1,131,REPAIR,6,6,0,0,1603,1603,True
γ,f3,1,132,REPAIR,6,6,0,0,1603,1603,True
γ,f3,1,133,REPAIR,6,6,0,0,1603,1603,True
γ,f3,1,134,REPAIR,6,6,0,0,1603,1603,True
γ,f3,1,135,REPAIR,6,6,0,0,1603,1603,True
γ,f3,1,136,DIED,3,3,0,0,403,403,True
γ,f3,1,137,DIED,3,3,0,0,403,403,True
γ,f3,1,138,REPAIR,6,6,0,0,1603,1603,True
γ,f3,1,139,REPAIR,6,6,0,0,1603,1603,True
γ,f3,1,140,REPAIR,6,6,0,0,1603,1603,True
γ,f3,1,141,DIED,5,5,0,0,1203,1203,True
γ,f3,1,142,DIED,5,5,0,0,1203,1203,True
γ,f3,1,143,REPAIR,6,6,0,0,1603,1603,True
γ,f3,1,144,REPAIR,6,6,0,0,1603,1603,True
γ,f3,1,145,REPAIR,6,6,0,0,1603,1603,True
γ,f3,1,146,REPAIR,6,6,0,0,1603,1603,True
γ,f3,1,147,REPAIR,6,6,0,0,1603,1603,True
γ,f3,1,148,DIED,4,4,0,0,803,803,True
γ,f3,1,149,REPAIR,6,6,0,0,1603,1603,True
γ,f3,1,150,DIED,3,3,0,0,403,403,True
γ,f3,1,151,REPAIR,6,6,0,0,1603,1603,True
γ,f3,1,152,REPAIR,6,6,0,0,1603,1603,True
γ,f3,1,153,DIED,4,4,0,0,803,803,True
γ,f3,1,154,REPAIR,6,6,0,0,1603,1603,True
γ,f3,1,155,REPAIR,6,6,0,0,1603,1603,True
γ,f3,1,156,REPAIR,6,6,0,0,1603,1603,True
γ,f3,1,157,DIED,3,3,0,0,403,403,True
γ,f3,1,158,DIED,3,3,0,0,403,403,True
γ,f3,1,159,DIED,3,3,0,0,403,403,True
γ,f3,1,160,REPAIR,6,6,0,0,1603,1603,True
γ,f3,1,161,DIED,4,4,0,0,803,803,True
γ,f3,1,162,REPAIR,6,6,0,0,1603,1603,True
γ,f3,1,163,DIED,5,5,0,0,1203,1203,True
γ,f3,1,164,REPAIR,6,6,0,0,1603,1603,True
γ,f3,1,165,REPAIR,6,6,0,0,1603,1603,True
γ,f3,1,166,REPAIR,6,6,0,0,1603,1603,True
γ,f3,1,167,REPAIR,6,6,0,0,1603,1603,True
γ,f3,1,168,DIED,3,3,0,0,403,403,True
γ,f3,1,169,DIED,5,5,0,0,1203,1203,True
γ,f3,1,170,REPAIR,6,6,0,0,1603,1603,True
γ,f3,1,171,REPAIR,6,6,0,0,1603,1603,True
γ,f3,1,172,REPAIR,6,6,0,0,1603,1603,True
γ,f3,1,173,DIED,5,5,0,0,1203,1203,True
γ,f3,1,174,DIED,3,3,0,0,403,403,True
γ,f3,1,175,REPAIR,6,6,0,0,1603,1603,True
γ,f3,1,176,DIED,3,3,0,0,403,403,True
γ,f3,1,177,REPAIR,6,6,0,0,1603,1603,True
γ,f3,1,178,DIED,4,4,0,0,803,803,True
γ,f3,1,179,DIED,4,4,0,0,803,803,True
γ,f3,1,180,REPAIR,6,6,0,0,1603,1603,True
γ,f3,1,181,REPAIR,6,6,0,0,1603,1603,True
γ,f3,1,182,DIED,3,3,0,0,403,403,True
γ,f3,1,183,REPAIR,6,6,0,0,1603,1603,True
γ,f3,1,184,DIED,4,4,0,0,803,803,True
γ,f3,1,185,REPAIR,6,6,0,0,1603,1603,True
γ,f3,1,186,DIED,4,4,0,0,803,803,True
γ,f3,1,187,REPAIR,6,6,0,0,1603,1603,True
γ,f3,1,188,REPAIR,6,6,0,0,1603,1603,True
γ,f3,1,189,DIED,3,3,0,0,403,403,True
γ,f3,1,190,DIED,5,5,0,0,1203,1203,True
γ,f3,1,191,REPAIR,6,6,0,0,1603,1603,True
γ,f3,1,192,DIED,3,3,0,0,403,403,True
γ,f3,1,193,DIED,3,3,0,0,403,403,True
γ,f3,1,194,DIED,5,5,0,0,1203,1203,True
γ,f3,1,195,DIED,3,3,0,0,403,403,True
γ,f3,1,196,REPAIR,6,6,0,0,1603,1603,True
γ,f3,1,197,DIED,3,3,0,0,403,403,True
γ,f3,1,198,DIED,5,5,0,0,1203,1203,True
γ,f3,1,199,REPAIR,6,6,0,0,1603,1603,True
γ,f3,1,200,REPAIR,6,6,0,0,1603,1603,True
γ,f4none,1,1,PRE_FAIL,0,0,1,0,3,3,True
γ,f4none,1,2,PRE_FAIL,0,0,1,0,3,3,True
γ,f4none,1,3,PRE_FAIL,0,0,1,0,3,3,True
γ,f4none,1,4,PRE_FAIL,0,0,1,0,3,3,True
γ,f4none,1,5,PRE_FAIL,0,0,1,0,3,3,True
γ,f4none,1,6,PRE_FAIL,0,0,1,0,3,3,True
γ,f4none,1,7,PRE_FAIL,0,0,1,0,3,3,True
γ,f4none,1,8,PRE_FAIL,0,0,1,0,3,3,True
γ,f4none,1,9,PRE_FAIL,0,0,1,0,3,3,True
γ,f4none,1,10,PRE_FAIL,0,0,1,0,3,3,True
γ,f4none,1,11,PRE_FAIL,0,0,1,0,3,3,True
γ,f4none,1,12,PRE_FAIL,0,0,1,0,3,3,True
γ,f4none,1,13,PRE_FAIL,0,0,1,0,3,3,True
γ,f4none,1,14,PRE_FAIL,0,0,1,0,3,3,True
γ,f4none,1,15,PRE_FAIL,0,0,1,0,3,3,True
γ,f4none,1,16,PRE_FAIL,0,0,1,0,3,3,True
γ,f4none,1,17,PRE_FAIL,0,0,1,0,3,3,True
γ,f4none,1,18,PRE_FAIL,0,0,1,0,3,3,True
γ,f4none,1,19,PRE_FAIL,0,0,1,0,3,3,True
γ,f4none,1,20,PRE_FAIL,0,0,1,0,3,3,True
γ,f4none,1,21,PRE_FAIL,0,0,1,0,3,3,True
γ,f4none,1,22,PRE_FAIL,0,0,1,0,3,3,True
γ,f4none,1,23,PRE_FAIL,0,0,1,0,3,3,True
γ,f4none,1,24,PRE_FAIL,0,0,1,0,3,3,True
γ,f4none,1,25,PRE_FAIL,0,0,1,0,3,3,True
γ,f4none,1,26,PRE_FAIL,0,0,1,0,3,3,True
γ,f4none,1,27,PRE_FAIL,0,0,1,0,3,3,True
γ,f4none,1,28,PRE_FAIL,0,0,1,0,3,3,True
γ,f4none,1,29,PRE_FAIL,0,0,1,0,3,3,True
γ,f4none,1,30,PRE_FAIL,0,0,1,0,3,3,True
γ,f4none,1,31,PRE_FAIL,0,0,1,0,3,3,True
γ,f4none,1,32,PRE_FAIL,0,0,1,0,3,3,True
γ,f4none,1,33,PRE_FAIL,0,0,1,0,3,3,True
γ,f4none,1,34,PRE_FAIL,0,0,1,0,3,3,True
γ,f4none,1,35,PRE_FAIL,0,0,1,0,3,3,True
γ,f4none,1,36,PRE_FAIL,0,0,1,0,3,3,True
γ,f4none,1,37,PRE_FAIL,0,0,1,0,3,3,True
γ,f4none,1,38,PRE_FAIL,0,0,1,0,3,3,True
γ,f4none,1,39,PRE_FAIL,0,0,1,0,3,3,True
γ,f4none,1,40,PRE_FAIL,0,0,1,0,3,3,True
γ,f4none,1,41,PRE_FAIL,0,0,1,0,3,3,True
γ,f4none,1,42,PRE_FAIL,0,0,1,0,3,3,True
γ,f4none,1,43,PRE_FAIL,0,0,1,0,3,3,True
γ,f4none,1,44,PRE_FAIL,0,0,1,0,3,3,True
γ,f4none,1,45,PRE_FAIL,0,0,1,0,3,3,True
γ,f4none,1,46,PRE_FAIL,0,0,1,0,3,3,True
γ,f4none,1,47,PRE_FAIL,0,0,1,0,3,3,True
γ,f4none,1,48,PRE_FAIL,0,0,1,0,3,3,True
γ,f4none,1,49,PRE_FAIL,0,0,1,0,3,3,True
γ,f4none,1,50,PRE_FAIL,0,0,1,0,3,3,True
γ,f4none,1,51,PRE_FAIL,0,0,1,0,3,3,True
γ,f4none,1,52,PRE_FAIL,0,0,1,0,3,3,True
γ,f4none,1,53,PRE_FAIL,0,0,1,0,3,3,True
γ,f4none,1,54,PRE_FAIL,0,0,1,0,3,3,True
γ,f4none,1,55,PRE_FAIL,0,0,1,0,3,3,True
γ,f4none,1,56,PRE_FAIL,0,0,1,0,3,3,True
γ,f4none,1,57,PRE_FAIL,0,0,1,0,3,3,True
γ,f4none,1,58,PRE_FAIL,0,0,1,0,3,3,True
γ,f4none,1,59,PRE_FAIL,0,0,1,0,3,3,True
γ,f4none,1,60,PRE_FAIL,0,0,1,0,3,3,True
γ,f4none,1,61,PRE_FAIL,0,0,1,0,3,3,True
γ,f4none,1,62,PRE_FAIL,0,0,1,0,3,3,True
γ,f4none,1,63,PRE_FAIL,0,0,1,0,3,3,True
γ,f4none,1,64,PRE_FAIL,0,0,1,0,3,3,True
γ,f4none,1,65,PRE_FAIL,0,0,1,0,3,3,True
γ,f4none,1,66,PRE_FAIL,0,0,1,0,3,3,True
γ,f4none,1,67,PRE_FAIL,0,0,1,0,3,3,True
γ,f4none,1,68,PRE_FAIL,0,0,1,0,3,3,True
γ,f4none,1,69,PRE_FAIL,0,0,1,0,3,3,True
γ,f4none,1,70,PRE_FAIL,0,0,1,0,3,3,True
γ,f4none,1,71,PRE_FAIL,0,0,1,0,3,3,True
γ,f4none,1,72,PRE_FAIL,0,0,1,0,3,3,True
γ,f4none,1,73,PRE_FAIL,0,0,1,0,3,3,True
γ,f4none,1,74,PRE_FAIL,0,0,1,0,3,3,True
γ,f4none,1,75,PRE_FAIL,0,0,1,0,3,3,True
γ,f4none,1,76,PRE_FAIL,0,0,1,0,3,3,True
γ,f4none,1,77,PRE_FAIL,0,0,1,0,3,3,True
γ,f4none,1,78,PRE_FAIL,0,0,1,0,3,3,True
γ,f4none,1,79,PRE_FAIL,0,0,1,0,3,3,True
γ,f4none,1,80,PRE_FAIL,0,0,1,0,3,3,True
γ,f4none,1,81,PRE_FAIL,0,0,1,0,3,3,True
γ,f4none,1,82,PRE_FAIL,0,0,1,0,3,3,True
γ,f4none,1,83,PRE_FAIL,0,0,1,0,3,3,True
γ,f4none,1,84,PRE_FAIL,0,0,1,0,3,3,True
γ,f4none,1,85,PRE_FAIL,0,0,1,0,3,3,True
γ,f4none,1,86,PRE_FAIL,0,0,1,0,3,3,True
γ,f4none,1,87,PRE_FAIL,0,0,1,0,3,3,True
γ,f4none,1,88,PRE_FAIL,0,0,1,0,3,3,True
γ,f4none,1,89,PRE_FAIL,0,0,1,0,3,3,True
γ,f4none,1,90,PRE_FAIL,0,0,1,0,3,3,True
γ,f4none,1,91,PRE_FAIL,0,0,1,0,3,3,True
γ,f4none,1,92,PRE_FAIL,0,0,1,0,3,3,True
γ,f4none,1,93,PRE_FAIL,0,0,1,0,3,3,True
γ,f4none,1,94,PRE_FAIL,0,0,1,0,3,3,True
γ,f4none,1,95,PRE_FAIL,0,0,1,0,3,3,True
γ,f4none,1,96,PRE_FAIL,0,0,1,0,3,3,True
γ,f4none,1,97,PRE_FAIL,0,0,1,0,3,3,True
γ,f4none,1,98,PRE_FAIL,0,0,1,0,3,3,True
γ,f4none,1,99,PRE_FAIL,0,0,1,0,3,3,True
γ,f4none,1,100,PRE_FAIL,0,0,1,0,3,3,True
γ,f4none,1,101,PRE_FAIL,0,0,1,0,3,3,True
γ,f4none,1,102,PRE_FAIL,0,0,1,0,3,3,True
γ,f4none,1,103,PRE_FAIL,0,0,1,0,3,3,True
γ,f4none,1,104,PRE_FAIL,0,0,1,0,3,3,True
γ,f4none,1,105,PRE_FAIL,0,0,1,0,3,3,True
γ,f4none,1,106,PRE_FAIL,0,0,1,0,3,3,True
γ,f4none,1,107,PRE_FAIL,0,0,1,0,3,3,True
γ,f4none,1,108,PRE_FAIL,0,0,1,0,3,3,True
γ,f4none,1,109,PRE_FAIL,0,0,1,0,3,3,True
γ,f4none,1,110,PRE_FAIL,0,0,1,0,3,3,True
γ,f4none,1,111,PRE_FAIL,0,0,1,0,3,3,True
γ,f4none,1,112,PRE_FAIL,0,0,1,0,3,3,True
γ,f4none,1,113,PRE_FAIL,0,0,1,0,3,3,True
γ,f4none,1,114,PRE_FAIL,0,0,1,0,3,3,True
γ,f4none,1,115,PRE_FAIL,0,0,1,0,3,3,True
γ,f4none,1,116,PRE_FAIL,0,0,1,0,3,3,True
γ,f4none,1,117,PRE_FAIL,0,0,1,0,3,3,True
γ,f4none,1,118,PRE_FAIL,0,0,1,0,3,3,True
γ,f4none,1,119,PRE_FAIL,0,0,1,0,3,3,True
γ,f4none,1,120,PRE_FAIL,0,0,1,0,3,3,True
γ,f4none,1,121,PRE_FAIL,0,0,1,0,3,3,True
γ,f4none,1,122,PRE_FAIL,0,0,1,0,3,3,True
γ,f4none,1,123,PRE_FAIL,0,0,1,0,3,3,True
γ,f4none,1,124,PRE_FAIL,0,0,1,0,3,3,True
γ,f4none,1,125,PRE_FAIL,0,0,1,0,3,3,True
γ,f4none,1,126,PRE_FAIL,0,0,1,0,3,3,True
γ,f4none,1,127,PRE_FAIL,0,0,1,0,3,3,True
γ,f4none,1,128,PRE_FAIL,0,0,1,0,3,3,True
γ,f4none,1,129,PRE_FAIL,0,0,1,0,3,3,True
γ,f4none,1,130,PRE_FAIL,0,0,1,0,3,3,True
γ,f4none,1,131,PRE_FAIL,0,0,1,0,3,3,True
γ,f4none,1,132,PRE_FAIL,0,0,1,0,3,3,True
γ,f4none,1,133,PRE_FAIL,0,0,1,0,3,3,True
γ,f4none,1,134,PRE_FAIL,0,0,1,0,3,3,True
γ,f4none,1,135,PRE_FAIL,0,0,1,0,3,3,True
γ,f4none,1,136,PRE_FAIL,0,0,1,0,3,3,True
γ,f4none,1,137,PRE_FAIL,0,0,1,0,3,3,True
γ,f4none,1,138,PRE_FAIL,0,0,1,0,3,3,True
γ,f4none,1,139,PRE_FAIL,0,0,1,0,3,3,True
γ,f4none,1,140,PRE_FAIL,0,0,1,0,3,3,True
γ,f4none,1,141,PRE_FAIL,0,0,1,0,3,3,True
γ,f4none,1,142,PRE_FAIL,0,0,1,0,3,3,True
γ,f4none,1,143,PRE_FAIL,0,0,1,0,3,3,True
γ,f4none,1,144,PRE_FAIL,0,0,1,0,3,3,True
γ,f4none,1,145,PRE_FAIL,0,0,1,0,3,3,True
γ,f4none,1,146,PRE_FAIL,0,0,1,0,3,3,True
γ,f4none,1,147,PRE_FAIL,0,0,1,0,3,3,True
γ,f4none,1,148,PRE_FAIL,0,0,1,0,3,3,True
γ,f4none,1,149,PRE_FAIL,0,0,1,0,3,3,True
γ,f4none,1,150,PRE_FAIL,0,0,1,0,3,3,True
γ,f4none,1,151,PRE_FAIL,0,0,1,0,3,3,True
γ,f4none,1,152,PRE_FAIL,0,0,1,0,3,3,True
γ,f4none,1,153,PRE_FAIL,0,0,1,0,3,3,True
γ,f4none,1,154,PRE_FAIL,0,0,1,0,3,3,True
γ,f4none,1,155,PRE_FAIL,0,0,1,0,3,3,True
γ,f4none,1,156,PRE_FAIL,0,0,1,0,3,3,True
γ,f4none,1,157,PRE_FAIL,0,0,1,0,3,3,True
γ,f4none,1,158,PRE_FAIL,0,0,1,0,3,3,True
γ,f4none,1,159,PRE_FAIL,0,0,1,0,3,3,True
γ,f4none,1,160,PRE_FAIL,0,0,1,0,3,3,True
γ,f4none,1,161,PRE_FAIL,0,0,1,0,3,3,True
γ,f4none,1,162,PRE_FAIL,0,0,1,0,3,3,True
γ,f4none,1,163,PRE_FAIL,0,0,1,0,3,3,True
γ,f4none,1,164,PRE_FAIL,0,0,1,0,3,3,True
γ,f4none,1,165,PRE_FAIL,0,0,1,0,3,3,True
γ,f4none,1,166,PRE_FAIL,0,0,1,0,3,3,True
γ,f4none,1,167,PRE_FAIL,0,0,1,0,3,3,True
γ,f4none,1,168,PRE_FAIL,0,0,1,0,3,3,True
γ,f4none,1,169,PRE_FAIL,0,0,1,0,3,3,True
γ,f4none,1,170,PRE_FAIL,0,0,1,0,3,3,True
γ,f4none,1,171,PRE_FAIL,0,0,1,0,3,3,True
γ,f4none,1,172,PRE_FAIL,0,0,1,0,3,3,True
γ,f4none,1,173,PRE_FAIL,0,0,1,0,3,3,True
γ,f4none,1,174,PRE_FAIL,0,0,1,0,3,3,True
γ,f4none,1,175,PRE_FAIL,0,0,1,0,3,3,True
γ,f4none,1,176,PRE_FAIL,0,0,1,0,3,3,True
γ,f4none,1,177,PRE_FAIL,0,0,1,0,3,3,True
γ,f4none,1,178,PRE_FAIL,0,0,1,0,3,3,True
γ,f4none,1,179,PRE_FAIL,0,0,1,0,3,3,True
γ,f4none,1,180,PRE_FAIL,0,0,1,0,3,3,True
γ,f4none,1,181,PRE_FAIL,0,0,1,0,3,3,True
γ,f4none,1,182,PRE_FAIL,0,0,1,0,3,3,True
γ,f4none,1,183,PRE_FAIL,0,0,1,0,3,3,True
γ,f4none,1,184,PRE_FAIL,0,0,1,0,3,3,True
γ,f4none,1,185,PRE_FAIL,0,0,1,0,3,3,True
γ,f4none,1,186,PRE_FAIL,0,0,1,0,3,3,True
γ,f4none,1,187,PRE_FAIL,0,0,1,0,3,3,True
γ,f4none,1,188,PRE_FAIL,0,0,1,0,3,3,True
γ,f4none,1,189,PRE_FAIL,0,0,1,0,3,3,True
γ,f4none,1,190,PRE_FAIL,0,0,1,0,3,3,True
γ,f4none,1,191,PRE_FAIL,0,0,1,0,3,3,True
γ,f4none,1,192,PRE_FAIL,0,0,1,0,3,3,True
γ,f4none,1,193,PRE_FAIL,0,0,1,0,3,3,True
γ,f4none,1,194,PRE_FAIL,0,0,1,0,3,3,True
γ,f4none,1,195,PRE_FAIL,0,0,1,0,3,3,True
γ,f4none,1,196,PRE_FAIL,0,0,1,0,3,3,True
γ,f4none,1,197,PRE_FAIL,0,0,1,0,3,3,True
γ,f4none,1,198,PRE_FAIL,0,0,1,0,3,3,True
γ,f4none,1,199,PRE_FAIL,0,0,1,0,3,3,True
γ,f4none,1,200,PRE_FAIL,0,0,1,0,3,3,True
γ,f4sat,1,1,PRE_FAIL,6,5,1,3,536,2137,True
γ,f4sat,1,2,PRE_FAIL,3,3,0,3,136,1737,True
γ,f4sat,1,3,PRE_FAIL,6,6,0,3,537,2138,True
γ,f4sat,1,4,PRE_FAIL,6,6,0,3,535,2136,True
γ,f4sat,1,5,PRE_FAIL,6,5,1,3,537,2138,True
γ,f4sat,1,6,PRE_FAIL,4,4,0,3,271,1872,True
γ,f4sat,1,7,PRE_FAIL,6,5,1,3,538,2139,True
γ,f4sat,1,8,PRE_FAIL,6,5,1,3,536,2137,True
γ,f4sat,1,9,PRE_FAIL,6,5,1,3,536,2137,True
γ,f4sat,1,10,PRE_FAIL,6,6,0,3,537,2138,True
γ,f4sat,1,11,PRE_FAIL,6,5,1,3,538,2139,True
γ,f4sat,1,12,PRE_FAIL,6,5,1,3,536,2137,True
γ,f4sat,1,13,PRE_FAIL,3,3,0,3,136,1737,True
γ,f4sat,1,14,PRE_FAIL,6,5,1,3,538,2139,True
γ,f4sat,1,15,PRE_FAIL,6,5,1,3,536,2137,True
γ,f4sat,1,16,PRE_FAIL,6,5,1,3,536,2137,True
γ,f4sat,1,17,PRE_FAIL,6,5,1,3,536,2137,True
γ,f4sat,1,18,PRE_FAIL,6,5,1,3,537,2138,True
γ,f4sat,1,19,PRE_FAIL,6,5,1,3,538,2139,True
γ,f4sat,1,20,PRE_FAIL,6,6,0,3,535,2136,True
γ,f4sat,1,21,PRE_FAIL,6,6,0,3,535,2136,True
γ,f4sat,1,22,PRE_FAIL,5,5,0,3,403,2004,True
γ,f4sat,1,23,PRE_FAIL,4,4,0,3,270,1871,True
γ,f4sat,1,24,PRE_FAIL,6,5,1,3,537,2138,True
γ,f4sat,1,25,PRE_FAIL,3,3,0,3,137,1738,True
γ,f4sat,1,26,PRE_FAIL,3,3,0,3,137,1738,True
γ,f4sat,1,27,PRE_FAIL,6,6,0,3,536,2137,True
γ,f4sat,1,28,PRE_FAIL,5,5,0,3,402,2003,True
γ,f4sat,1,29,PRE_FAIL,6,5,1,3,536,2137,True
γ,f4sat,1,30,PRE_FAIL,6,5,1,3,537,2138,True
γ,f4sat,1,31,PRE_FAIL,6,6,0,3,536,2137,True
γ,f4sat,1,32,PRE_FAIL,6,5,1,3,536,2137,True
γ,f4sat,1,33,PRE_FAIL,3,3,0,3,136,1737,True
γ,f4sat,1,34,PRE_FAIL,3,3,0,3,136,1737,True
γ,f4sat,1,35,PRE_FAIL,4,4,0,3,269,1870,True
γ,f4sat,1,36,PRE_FAIL,6,5,1,3,537,2138,True
γ,f4sat,1,37,PRE_FAIL,3,3,0,3,135,1736,True
γ,f4sat,1,38,PRE_FAIL,6,5,1,3,537,2138,True
γ,f4sat,1,39,PRE_FAIL,3,3,0,3,137,1738,True
γ,f4sat,1,40,PRE_FAIL,6,6,0,3,537,2138,True
γ,f4sat,1,41,PRE_FAIL,4,4,0,3,270,1871,True
γ,f4sat,1,42,PRE_FAIL,6,6,0,3,537,2138,True
γ,f4sat,1,43,PRE_FAIL,6,5,1,3,537,2138,True
γ,f4sat,1,44,PRE_FAIL,6,5,1,3,537,2138,True
γ,f4sat,1,45,PRE_FAIL,3,3,0,3,135,1736,True
γ,f4sat,1,46,PRE_FAIL,6,5,1,3,537,2138,True
γ,f4sat,1,47,PRE_FAIL,5,5,0,3,403,2004,True
γ,f4sat,1,48,PRE_FAIL,6,5,1,3,537,2138,True
γ,f4sat,1,49,PRE_FAIL,4,4,0,3,271,1872,True
γ,f4sat,1,50,PRE_FAIL,6,6,0,3,537,2138,True
γ,f4sat,1,51,PRE_FAIL,3,3,0,3,136,1737,True
γ,f4sat,1,52,PRE_FAIL,3,3,0,3,135,1736,True
γ,f4sat,1,53,PRE_FAIL,3,3,0,3,137,1738,True
γ,f4sat,1,54,PRE_FAIL,6,6,0,3,535,2136,True
γ,f4sat,1,55,PRE_FAIL,6,5,1,3,537,2138,True
γ,f4sat,1,56,PRE_FAIL,6,6,0,3,536,2137,True
γ,f4sat,1,57,PRE_FAIL,6,6,0,3,536,2137,True
γ,f4sat,1,58,PRE_FAIL,3,3,0,3,137,1738,True
γ,f4sat,1,59,PRE_FAIL,4,4,0,3,270,1871,True
γ,f4sat,1,60,PRE_FAIL,6,6,0,3,537,2138,True
γ,f4sat,1,61,PRE_FAIL,6,5,1,3,538,2139,True
γ,f4sat,1,62,PRE_FAIL,6,6,0,3,537,2138,True
γ,f4sat,1,63,PRE_FAIL,6,6,0,3,536,2137,True
γ,f4sat,1,64,PRE_FAIL,5,5,0,3,403,2004,True
γ,f4sat,1,65,PRE_FAIL,6,5,1,3,537,2138,True
γ,f4sat,1,66,PRE_FAIL,6,6,0,3,536,2137,True
γ,f4sat,1,67,PRE_FAIL,6,5,1,3,536,2137,True
γ,f4sat,1,68,PRE_FAIL,6,5,1,3,536,2137,True
γ,f4sat,1,69,PRE_FAIL,6,5,1,3,537,2138,True
γ,f4sat,1,70,PRE_FAIL,6,5,1,3,537,2138,True
γ,f4sat,1,71,PRE_FAIL,6,5,1,3,537,2138,True
γ,f4sat,1,72,PRE_FAIL,6,6,0,3,537,2138,True
γ,f4sat,1,73,PRE_FAIL,3,3,0,3,136,1737,True
γ,f4sat,1,74,PRE_FAIL,6,5,1,3,536,2137,True
γ,f4sat,1,75,PRE_FAIL,6,5,1,3,537,2138,True
γ,f4sat,1,76,PRE_FAIL,6,5,1,3,537,2138,True
γ,f4sat,1,77,PRE_FAIL,6,6,0,3,536,2137,True
γ,f4sat,1,78,PRE_FAIL,4,4,0,3,269,1870,True
γ,f4sat,1,79,PRE_FAIL,6,6,0,3,535,2136,True
γ,f4sat,1,80,PRE_FAIL,5,5,0,3,404,2005,True
γ,f4sat,1,81,PRE_FAIL,6,5,1,3,538,2139,True
γ,f4sat,1,82,PRE_FAIL,3,3,0,3,136,1737,True
γ,f4sat,1,83,PRE_FAIL,6,6,0,3,536,2137,True
γ,f4sat,1,84,PRE_FAIL,6,5,1,3,537,2138,True
γ,f4sat,1,85,PRE_FAIL,6,6,0,3,537,2138,True
γ,f4sat,1,86,PRE_FAIL,6,6,0,3,536,2137,True
γ,f4sat,1,87,PRE_FAIL,6,5,1,3,537,2138,True
γ,f4sat,1,88,PRE_FAIL,6,6,0,3,537,2138,True
γ,f4sat,1,89,PRE_FAIL,3,3,0,3,136,1737,True
γ,f4sat,1,90,PRE_FAIL,3,3,0,3,137,1738,True
γ,f4sat,1,91,PRE_FAIL,3,3,0,3,138,1739,True
γ,f4sat,1,92,PRE_FAIL,3,3,0,3,135,1736,True
γ,f4sat,1,93,PRE_FAIL,3,3,0,3,137,1738,True
γ,f4sat,1,94,PRE_FAIL,6,6,0,3,536,2137,True
γ,f4sat,1,95,PRE_FAIL,3,3,0,3,137,1738,True
γ,f4sat,1,96,PRE_FAIL,3,3,0,3,137,1738,True
γ,f4sat,1,97,PRE_FAIL,6,6,0,3,536,2137,True
γ,f4sat,1,98,PRE_FAIL,6,5,1,3,536,2137,True
γ,f4sat,1,99,PRE_FAIL,6,5,1,3,537,2138,True
γ,f4sat,1,100,PRE_FAIL,6,5,1,3,537,2138,True
γ,f4sat,1,101,PRE_FAIL,6,5,1,3,537,2138,True
γ,f4sat,1,102,PRE_FAIL,6,6,0,3,535,2136,True
γ,f4sat,1,103,PRE_FAIL,6,5,1,3,536,2137,True
γ,f4sat,1,104,PRE_FAIL,6,6,0,3,536,2137,True
γ,f4sat,1,105,PRE_FAIL,3,3,0,3,137,1738,True
γ,f4sat,1,106,PRE_FAIL,6,5,1,3,536,2137,True
γ,f4sat,1,107,PRE_FAIL,6,5,1,3,538,2139,True
γ,f4sat,1,108,PRE_FAIL,6,6,0,3,535,2136,True
γ,f4sat,1,109,PRE_FAIL,4,4,0,3,271,1872,True
γ,f4sat,1,110,PRE_FAIL,4,4,0,3,269,1870,True
γ,f4sat,1,111,PRE_FAIL,6,5,1,3,537,2138,True
γ,f4sat,1,112,PRE_FAIL,4,4,0,3,271,1872,True
γ,f4sat,1,113,PRE_FAIL,6,5,1,3,537,2138,True
γ,f4sat,1,114,PRE_FAIL,3,3,0,3,136,1737,True
γ,f4sat,1,115,PRE_FAIL,6,6,0,3,536,2137,True
γ,f4sat,1,116,PRE_FAIL,5,5,0,3,404,2005,True
γ,f4sat,1,117,PRE_FAIL,6,5,1,3,537,2138,True
γ,f4sat,1,118,PRE_FAIL,6,6,0,3,536,2137,True
γ,f4sat,1,119,PRE_FAIL,6,5,1,3,537,2138,True
γ,f4sat,1,120,PRE_FAIL,5,5,0,3,404,2005,True
γ,f4sat,1,121,PRE_FAIL,4,4,0,3,270,1871,True
γ,f4sat,1,122,PRE_FAIL,5,5,0,3,404,2005,True
γ,f4sat,1,123,PRE_FAIL,5,5,0,3,403,2004,True
γ,f4sat,1,124,PRE_FAIL,4,4,0,3,270,1871,True
γ,f4sat,1,125,PRE_FAIL,6,5,1,3,536,2137,True
γ,f4sat,1,126,PRE_FAIL,6,5,1,3,537,2138,True
γ,f4sat,1,127,PRE_FAIL,6,6,0,3,536,2137,True
γ,f4sat,1,128,PRE_FAIL,6,5,1,3,536,2137,True
γ,f4sat,1,129,PRE_FAIL,6,5,1,3,537,2138,True
γ,f4sat,1,130,PRE_FAIL,6,6,0,3,536,2137,True
γ,f4sat,1,131,PRE_FAIL,6,6,0,3,535,2136,True
γ,f4sat,1,132,PRE_FAIL,4,4,0,3,269,1870,True
γ,f4sat,1,133,PRE_FAIL,6,5,1,3,536,2137,True
γ,f4sat,1,134,PRE_FAIL,6,5,1,3,537,2138,True
γ,f4sat,1,135,PRE_FAIL,4,4,0,3,270,1871,True
γ,f4sat,1,136,PRE_FAIL,6,6,0,3,536,2137,True
γ,f4sat,1,137,PRE_FAIL,4,4,0,3,271,1872,True
γ,f4sat,1,138,PRE_FAIL,6,5,1,3,536,2137,True
γ,f4sat,1,139,PRE_FAIL,3,3,0,3,136,1737,True
γ,f4sat,1,140,PRE_FAIL,6,6,0,3,536,2137,True
γ,f4sat,1,141,PRE_FAIL,5,5,0,3,403,2004,True
γ,f4sat,1,142,PRE_FAIL,3,3,0,3,137,1738,True
γ,f4sat,1,143,PRE_FAIL,6,6,0,3,536,2137,True
γ,f4sat,1,144,PRE_FAIL,5,5,0,3,403,2004,True
γ,f4sat,1,145,PRE_FAIL,5,5,0,3,403,2004,True
γ,f4sat,1,146,PRE_FAIL,5,5,0,3,403,2004,True
γ,f4sat,1,147,PRE_FAIL,4,4,0,3,269,1870,True
γ,f4sat,1,148,PRE_FAIL,6,5,1,3,537,2138,True
γ,f4sat,1,149,PRE_FAIL,6,6,0,3,537,2138,True
γ,f4sat,1,150,PRE_FAIL,5,5,0,3,404,2005,True
γ,f4sat,1,151,PRE_FAIL,6,5,1,3,537,2138,True
γ,f4sat,1,152,PRE_FAIL,5,5,0,3,404,2005,True
γ,f4sat,1,153,PRE_FAIL,6,5,1,3,537,2138,True
γ,f4sat,1,154,PRE_FAIL,6,5,1,3,537,2138,True
γ,f4sat,1,155,PRE_FAIL,3,3,0,3,136,1737,True
γ,f4sat,1,156,PRE_FAIL,6,6,0,3,537,2138,True
γ,f4sat,1,157,PRE_FAIL,6,5,1,3,537,2138,True
γ,f4sat,1,158,PRE_FAIL,6,5,1,3,537,2138,True
γ,f4sat,1,159,PRE_FAIL,6,5,1,3,537,2138,True
γ,f4sat,1,160,PRE_FAIL,6,6,0,3,535,2136,True
γ,f4sat,1,161,PRE_FAIL,6,6,0,3,536,2137,True
γ,f4sat,1,162,PRE_FAIL,6,5,1,3,537,2138,True
γ,f4sat,1,163,PRE_FAIL,3,3,0,3,138,1739,True
γ,f4sat,1,164,PRE_FAIL,4,4,0,3,271,1872,True
γ,f4sat,1,165,PRE_FAIL,6,5,1,3,538,2139,True
γ,f4sat,1,166,PRE_FAIL,5,5,0,3,403,2004,True
γ,f4sat,1,167,PRE_FAIL,4,4,0,3,269,1870,True
γ,f4sat,1,168,PRE_FAIL,6,6,0,3,536,2137,True
γ,f4sat,1,169,PRE_FAIL,6,6,0,3,537,2138,True
γ,f4sat,1,170,PRE_FAIL,6,5,1,3,536,2137,True
γ,f4sat,1,171,PRE_FAIL,6,5,1,3,537,2138,True
γ,f4sat,1,172,PRE_FAIL,5,5,0,3,402,2003,True
γ,f4sat,1,173,PRE_FAIL,6,5,1,3,536,2137,True
γ,f4sat,1,174,PRE_FAIL,3,3,0,3,136,1737,True
γ,f4sat,1,175,PRE_FAIL,3,3,0,3,136,1737,True
γ,f4sat,1,176,PRE_FAIL,6,5,1,3,538,2139,True
γ,f4sat,1,177,PRE_FAIL,6,6,0,3,536,2137,True
γ,f4sat,1,178,PRE_FAIL,6,6,0,3,535,2136,True
γ,f4sat,1,179,PRE_FAIL,6,5,1,3,537,2138,True
γ,f4sat,1,180,PRE_FAIL,6,6,0,3,537,2138,True
γ,f4sat,1,181,PRE_FAIL,6,5,1,3,537,2138,True
γ,f4sat,1,182,PRE_FAIL,6,5,1,3,537,2138,True
γ,f4sat,1,183,PRE_FAIL,6,5,1,3,537,2138,True
γ,f4sat,1,184,PRE_FAIL,3,3,0,3,136,1737,True
γ,f4sat,1,185,PRE_FAIL,5,5,0,3,404,2005,True
γ,f4sat,1,186,PRE_FAIL,6,6,0,3,536,2137,True
γ,f4sat,1,187,PRE_FAIL,6,5,1,3,537,2138,True
γ,f4sat,1,188,PRE_FAIL,3,3,0,3,138,1739,True
γ,f4sat,1,189,PRE_FAIL,3,3,0,3,137,1738,True
γ,f4sat,1,190,PRE_FAIL,4,4,0,3,269,1870,True
γ,f4sat,1,191,PRE_FAIL,4,4,0,3,270,1871,True
γ,f4sat,1,192,PRE_FAIL,6,5,1,3,538,2139,True
γ,f4sat,1,193,PRE_FAIL,4,4,0,3,269,1870,True
γ,f4sat,1,194,PRE_FAIL,5,5,0,3,402,2003,True
γ,f4sat,1,195,PRE_FAIL,4,4,0,3,269,1870,True
γ,f4sat,1,196,PRE_FAIL,6,5,1,3,536,2137,True
γ,f4sat,1,197,PRE_FAIL,6,5,1,3,536,2137,True
γ,f4sat,1,198,PRE_FAIL,6,6,0,3,535,2136,True
γ,f4sat,1,199,PRE_FAIL,6,6,0,3,537,2138,True
γ,f4sat,1,200,PRE_FAIL,6,5,1,3,536,2137,True
γ,f4sat,2,1,PRE_FAIL,6,5,1,3,845,4046,True
γ,f4sat,2,2,PRE_FAIL,6,6,0,3,849,4050,True
γ,f4sat,2,3,PRE_FAIL,6,5,1,3,869,4070,True
γ,f4sat,2,4,PRE_FAIL,6,5,1,3,859,4060,True
γ,f4sat,2,5,PRE_FAIL,6,6,0,3,867,4068,True
γ,f4sat,2,6,PRE_FAIL,5,5,0,3,656,3857,True
γ,f4sat,2,7,PRE_FAIL,6,6,0,3,852,4053,True
γ,f4sat,2,8,PRE_FAIL,6,5,1,3,858,4059,True
γ,f4sat,2,9,PRE_FAIL,3,3,0,3,211,3412,True
γ,f4sat,2,10,PRE_FAIL,6,6,0,3,846,4047,True
γ,f4sat,2,11,PRE_FAIL,4,4,0,3,432,3633,True
γ,f4sat,2,12,PRE_FAIL,6,5,1,3,903,4104,True
γ,f4sat,2,13,PRE_FAIL,4,4,0,3,425,3626,True
γ,f4sat,2,14,PRE_FAIL,3,3,0,3,221,3422,True
γ,f4sat,2,15,PRE_FAIL,6,6,0,3,880,4081,True
γ,f4sat,2,16,PRE_FAIL,6,5,1,3,855,4056,True
γ,f4sat,2,17,PRE_FAIL,6,6,0,3,837,4038,True
γ,f4sat,2,18,PRE_FAIL,6,6,0,3,853,4054,True
γ,f4sat,2,19,PRE_FAIL,6,6,0,3,858,4059,True
γ,f4sat,2,20,PRE_FAIL,6,6,0,3,869,4070,True
γ,f4sat,2,21,PRE_FAIL,4,4,0,3,425,3626,True
γ,f4sat,2,22,PRE_FAIL,6,5,1,3,834,4035,True
γ,f4sat,2,23,PRE_FAIL,6,5,1,3,846,4047,True
γ,f4sat,2,24,PRE_FAIL,3,3,0,3,224,3425,True
γ,f4sat,2,25,PRE_FAIL,6,5,1,3,856,4057,True
γ,f4sat,2,26,PRE_FAIL,6,6,0,3,856,4057,True
γ,f4sat,2,27,PRE_FAIL,6,6,0,3,841,4042,True
γ,f4sat,2,28,PRE_FAIL,6,5,1,3,850,4051,True
γ,f4sat,2,29,PRE_FAIL,6,5,1,3,835,4036,True
γ,f4sat,2,30,PRE_FAIL,6,6,0,3,878,4079,True
γ,f4sat,2,31,PRE_FAIL,6,6,0,3,841,4042,True
γ,f4sat,2,32,PRE_FAIL,6,6,0,3,864,4065,True
γ,f4sat,2,33,PRE_FAIL,6,6,0,3,876,4077,True
γ,f4sat,2,34,PRE_FAIL,5,5,0,3,659,3860,True
γ,f4sat,2,35,PRE_FAIL,6,5,1,3,857,4058,True
γ,f4sat,2,36,PRE_FAIL,3,3,0,3,221,3422,True
γ,f4sat,2,37,PRE_FAIL,6,5,1,3,868,4069,True
γ,f4sat,2,38,PRE_FAIL,3,3,0,3,226,3427,True
γ,f4sat,2,39,PRE_FAIL,4,4,0,3,439,3640,True
γ,f4sat,2,40,PRE_FAIL,6,5,1,3,825,4026,True
γ,f4sat,2,41,PRE_FAIL,3,3,0,3,213,3414,True
γ,f4sat,2,42,PRE_FAIL,3,3,0,3,219,3420,True
γ,f4sat,2,43,PRE_FAIL,5,5,0,3,652,3853,True
γ,f4sat,2,44,PRE_FAIL,3,3,0,3,212,3413,True
γ,f4sat,2,45,PRE_FAIL,5,5,0,3,634,3835,True
γ,f4sat,2,46,PRE_FAIL,6,6,0,3,872,4073,True
γ,f4sat,2,47,PRE_FAIL,6,6,0,3,846,4047,True
γ,f4sat,2,48,PRE_FAIL,3,3,0,3,197,3398,True
γ,f4sat,2,49,PRE_FAIL,6,5,1,3,839,4040,True
γ,f4sat,2,50,PRE_FAIL,6,6,0,3,823,4024,True
γ,f4sat,2,51,PRE_FAIL,6,6,0,3,869,4070,True
γ,f4sat,2,52,PRE_FAIL,4,4,0,3,425,3626,True
γ,f4sat,2,53,PRE_FAIL,6,6,0,3,870,4071,True
γ,f4sat,2,54,PRE_FAIL,6,6,0,3,852,4053,True
γ,f4sat,2,55,PRE_FAIL,6,6,0,3,858,4059,True
γ,f4sat,2,56,PRE_FAIL,3,3,0,3,209,3410,True
γ,f4sat,2,57,PRE_FAIL,6,6,0,3,856,4057,True
γ,f4sat,2,58,PRE_FAIL,6,6,0,3,838,4039,True
γ,f4sat,2,59,PRE_FAIL,6,6,0,3,844,4045,True
γ,f4sat,2,60,PRE_FAIL,6,5,1,3,886,4087,True
γ,f4sat,2,61,PRE_FAIL,3,3,0,3,218,3419,True
γ,f4sat,2,62,PRE_FAIL,6,6,0,3,852,4053,True
γ,f4sat,2,63,PRE_FAIL,6,5,1,3,870,4071,True
γ,f4sat,2,64,PRE_FAIL,6,5,1,3,830,4031,True
γ,f4sat,2,65,PRE_FAIL,6,6,0,3,830,4031,True
γ,f4sat,2,66,PRE_FAIL,6,6,0,3,843,4044,True
γ,f4sat,2,67,PRE_FAIL,4,4,0,3,411,3612,True
γ,f4sat,2,68,PRE_FAIL,3,3,0,3,211,3412,True
γ,f4sat,2,69,PRE_FAIL,6,5,1,3,830,4031,True
γ,f4sat,2,70,PRE_FAIL,6,5,1,3,837,4038,True
γ,f4sat,2,71,PRE_FAIL,5,5,0,3,629,3830,True
γ,f4sat,2,72,PRE_FAIL,6,6,0,3,838,4039,True
γ,f4sat,2,73,PRE_FAIL,4,4,0,3,428,3629,True
γ,f4sat,2,74,PRE_FAIL,6,5,1,3,849,4050,True
γ,f4sat,2,75,PRE_FAIL,6,5,1,3,855,4056,True
γ,f4sat,2,76,PRE_FAIL,6,5,1,3,835,4036,True
γ,f4sat,2,77,PRE_FAIL,3,3,0,3,209,3410,True
γ,f4sat,2,78,PRE_FAIL,6,5,1,3,854,4055,True
γ,f4sat,2,79,PRE_FAIL,6,5,1,3,847,4048,True
γ,f4sat,2,80,PRE_FAIL,3,3,0,3,209,3410,True
γ,f4sat,2,81,PRE_FAIL,6,5,1,3,858,4059,True
γ,f4sat,2,82,PRE_FAIL,6,6,0,3,871,4072,True
γ,f4sat,2,83,PRE_FAIL,6,5,1,3,846,4047,True
γ,f4sat,2,84,PRE_FAIL,6,6,0,3,869,4070,True
γ,f4sat,2,85,PRE_FAIL,6,5,1,3,865,4066,True
γ,f4sat,2,86,PRE_FAIL,4,4,0,3,423,3624,True
γ,f4sat,2,87,PRE_FAIL,6,5,1,3,880,4081,True
γ,f4sat,2,88,PRE_FAIL,4,4,0,3,423,3624,True
γ,f4sat,2,89,PRE_FAIL,6,6,0,3,866,4067,True
γ,f4sat,2,90,PRE_FAIL,5,5,0,3,635,3836,True
γ,f4sat,2,91,PRE_FAIL,3,3,0,3,224,3425,True
γ,f4sat,2,92,PRE_FAIL,4,4,0,3,426,3627,True
γ,f4sat,2,93,PRE_FAIL,3,3,0,3,222,3423,True
γ,f4sat,2,94,PRE_FAIL,3,3,0,3,224,3425,True
γ,f4sat,2,95,PRE_FAIL,5,5,0,3,626,3827,True
γ,f4sat,2,96,PRE_FAIL,3,3,0,3,218,3419,True
γ,f4sat,2,97,PRE_FAIL,5,5,0,3,658,3859,True
γ,f4sat,2,98,PRE_FAIL,6,6,0,3,859,4060,True
γ,f4sat,2,99,PRE_FAIL,6,5,1,3,840,4041,True
γ,f4sat,2,100,PRE_FAIL,6,5,1,3,829,4030,True
γ,f4sat,2,101,PRE_FAIL,6,6,0,3,827,4028,True
γ,f4sat,2,102,PRE_FAIL,6,6,0,3,875,4076,True
γ,f4sat,2,103,PRE_FAIL,4,4,0,3,432,3633,True
γ,f4sat,2,104,PRE_FAIL,6,6,0,3,873,4074,True
γ,f4sat,2,105,PRE_FAIL,6,5,1,3,859,4060,True
γ,f4sat,2,106,PRE_FAIL,6,6,0,3,873,4074,True
γ,f4sat,2,107,PRE_FAIL,5,5,0,3,652,3853,True
γ,f4sat,2,108,PRE_FAIL,6,5,1,3,855,4056,True
γ,f4sat,2,109,PRE_FAIL,4,4,0,3,437,3638,True
γ,f4sat,2,110,PRE_FAIL,4,4,0,3,410,3611,True
γ,f4sat,2,111,PRE_FAIL,4,4,0,3,428,3629,True
γ,f4sat,2,112,PRE_FAIL,6,6,0,3,881,4082,True
γ,f4sat,2,113,PRE_FAIL,3,3,0,3,230,3431,True
γ,f4sat,2,114,PRE_FAIL,4,4,0,3,443,3644,True
γ,f4sat,2,115,PRE_FAIL,4,4,0,3,426,3627,True
γ,f4sat,2,116,PRE_FAIL,6,6,0,3,860,4061,True
γ,f4sat,2,117,PRE_FAIL,6,6,0,3,846,4047,True
γ,f4sat,2,118,PRE_FAIL,6,6,0,3,833,4034,True
γ,f4sat,2,119,PRE_FAIL,4,4,0,3,406,3607,True
γ,f4sat,2,120,PRE_FAIL,5,5,0,3,656,3857,True
γ,f4sat,2,121,PRE_FAIL,3,3,0,3,217,3418,True
γ,f4sat,2,122,PRE_FAIL,5,5,0,3,642,3843,True
γ,f4sat,2,123,PRE_FAIL,6,5,1,3,830,4031,True
γ,f4sat,2,124,PRE_FAIL,5,5,0,3,663,3864,True
γ,f4sat,2,125,PRE_FAIL,6,5,1,3,869,4070,True
γ,f4sat,2,126,PRE_FAIL,3,3,0,3,200,3401,True
γ,f4sat,2,127,PRE_FAIL,6,5,1,3,848,4049,True
γ,f4sat,2,128,PRE_FAIL,6,5,1,3,852,4053,True
γ,f4sat,2,129,PRE_FAIL,6,5,1,3,829,4030,True
γ,f4sat,2,130,PRE_FAIL,4,4,0,3,404,3605,True
γ,f4sat,2,131,PRE_FAIL,6,5,1,3,854,4055,True
γ,f4sat,2,132,PRE_FAIL,5,5,0,3,618,3819,True
γ,f4sat,2,133,PRE_FAIL,6,5,1,3,859,4060,True
γ,f4sat,2,134,PRE_FAIL,6,5,1,3,868,4069,True
γ,f4sat,2,135,PRE_FAIL,6,6,0,3,852,4053,True
γ,f4sat,2,136,PRE_FAIL,6,6,0,3,859,4060,True
γ,f4sat,2,137,PRE_FAIL,4,4,0,3,413,3614,True
γ,f4sat,2,138,PRE_FAIL,6,5,1,3,859,4060,True
γ,f4sat,2,139,PRE_FAIL,6,6,0,3,852,4053,True
γ,f4sat,2,140,PRE_FAIL,6,6,0,3,827,4028,True
γ,f4sat,2,141,PRE_FAIL,6,5,1,3,855,4056,True
γ,f4sat,2,142,PRE_FAIL,5,5,0,3,633,3834,True
γ,f4sat,2,143,PRE_FAIL,6,5,1,3,852,4053,True
γ,f4sat,2,144,PRE_FAIL,6,5,1,3,861,4062,True
γ,f4sat,2,145,PRE_FAIL,5,5,0,3,639,3840,True
γ,f4sat,2,146,PRE_FAIL,5,5,0,3,655,3856,True
γ,f4sat,2,147,PRE_FAIL,5,5,0,3,644,3845,True
γ,f4sat,2,148,PRE_FAIL,6,6,0,3,845,4046,True
γ,f4sat,2,149,PRE_FAIL,3,3,0,3,214,3415,True
γ,f4sat,2,150,PRE_FAIL,6,6,0,3,857,4058,True
γ,f4sat,2,151,PRE_FAIL,4,4,0,3,438,3639,True
γ,f4sat,2,152,PRE_FAIL,6,5,1,3,876,4077,True
γ,f4sat,2,153,PRE_FAIL,3,3,0,3,223,3424,True
γ,f4sat,2,154,PRE_FAIL,6,6,0,3,856,4057,True
γ,f4sat,2,155,PRE_FAIL,4,4,0,3,433,3634,True
γ,f4sat,2,156,PRE_FAIL,6,5,1,3,856,4057,True
γ,f4sat,2,157,PRE_FAIL,6,5,1,3,870,4071,True
γ,f4sat,2,158,PRE_FAIL,6,5,1,3,846,4047,True
γ,f4sat,2,159,PRE_FAIL,6,6,0,3,848,4049,True
γ,f4sat,2,160,PRE_FAIL,6,5,1,3,861,4062,True
γ,f4sat,2,161,PRE_FAIL,6,5,1,3,848,4049,True
γ,f4sat,2,162,PRE_FAIL,6,6,0,3,849,4050,True
γ,f4sat,2,163,PRE_FAIL,6,6,0,3,836,4037,True
γ,f4sat,2,164,PRE_FAIL,4,4,0,3,437,3638,True
γ,f4sat,2,165,PRE_FAIL,6,6,0,3,891,4092,True
γ,f4sat,2,166,PRE_FAIL,4,4,0,3,424,3625,True
γ,f4sat,2,167,PRE_FAIL,3,3,0,3,210,3411,True
γ,f4sat,2,168,PRE_FAIL,6,6,0,3,854,4055,True
γ,f4sat,2,169,PRE_FAIL,4,4,0,3,420,3621,True
γ,f4sat,2,170,PRE_FAIL,5,5,0,3,610,3811,True
γ,f4sat,2,171,PRE_FAIL,6,5,1,3,847,4048,True
γ,f4sat,2,172,PRE_FAIL,6,5,1,3,863,4064,True
γ,f4sat,2,173,PRE_FAIL,6,5,1,3,837,4038,True
γ,f4sat,2,174,PRE_FAIL,6,5,1,3,864,4065,True
γ,f4sat,2,175,PRE_FAIL,3,3,0,3,223,3424,True
γ,f4sat,2,176,PRE_FAIL,4,4,0,3,424,3625,True
γ,f4sat,2,177,PRE_FAIL,6,6,0,3,861,4062,True
γ,f4sat,2,178,PRE_FAIL,6,5,1,3,851,4052,True
γ,f4sat,2,179,PRE_FAIL,6,5,1,3,875,4076,True
γ,f4sat,2,180,PRE_FAIL,6,5,1,3,836,4037,True
γ,f4sat,2,181,PRE_FAIL,6,6,0,3,836,4037,True
γ,f4sat,2,182,PRE_FAIL,6,5,1,3,868,4069,True
γ,f4sat,2,183,PRE_FAIL,6,5,1,3,862,4063,True
γ,f4sat,2,184,PRE_FAIL,6,5,1,3,870,4071,True
γ,f4sat,2,185,PRE_FAIL,4,4,0,3,428,3629,True
γ,f4sat,2,186,PRE_FAIL,6,5,1,3,850,4051,True
γ,f4sat,2,187,PRE_FAIL,3,3,0,3,221,3422,True
γ,f4sat,2,188,PRE_FAIL,5,5,0,3,643,3844,True
γ,f4sat,2,189,PRE_FAIL,6,5,1,3,859,4060,True
γ,f4sat,2,190,PRE_FAIL,5,5,0,3,643,3844,True
γ,f4sat,2,191,PRE_FAIL,5,5,0,3,636,3837,True
γ,f4sat,2,192,PRE_FAIL,6,5,1,3,854,4055,True
γ,f4sat,2,193,PRE_FAIL,6,6,0,3,865,4066,True
γ,f4sat,2,194,PRE_FAIL,6,5,1,3,839,4040,True
γ,f4sat,2,195,PRE_FAIL,3,3,0,3,209,3410,True
γ,f4sat,2,196,PRE_FAIL,6,6,0,3,860,4061,True
γ,f4sat,2,197,PRE_FAIL,3,3,0,3,212,3413,True
γ,f4sat,2,198,PRE_FAIL,5,5,0,3,666,3867,True
γ,f4sat,2,199,PRE_FAIL,6,5,1,3,850,4051,True
γ,f4sat,2,200,PRE_FAIL,6,6,0,3,841,4042,True
γ,f4sat,4,1,PRE_FAIL,6,5,1,3,1161,7562,True
γ,f4sat,4,2,PRE_FAIL,5,5,0,3,849,7250,True
γ,f4sat,4,3,PRE_FAIL,6,6,0,3,1148,7549,True
γ,f4sat,4,4,PRE_FAIL,6,6,0,3,1155,7556,True
γ,f4sat,4,5,PRE_FAIL,6,6,0,3,1155,7556,True
γ,f4sat,4,6,PRE_FAIL,6,6,0,3,1166,7567,True
γ,f4sat,4,7,PRE_FAIL,6,5,1,3,1144,7545,True
γ,f4sat,4,8,PRE_FAIL,6,6,0,3,1141,7542,True
γ,f4sat,4,9,PRE_FAIL,5,5,0,3,852,7253,True
γ,f4sat,4,10,PRE_FAIL,3,3,0,3,294,6695,True
γ,f4sat,4,11,PRE_FAIL,6,6,0,3,1164,7565,True
γ,f4sat,4,12,PRE_FAIL,4,4,0,3,583,6984,True
γ,f4sat,4,13,PRE_FAIL,4,4,0,3,580,6981,True
γ,f4sat,4,14,PRE_FAIL,5,5,0,3,836,7237,True
γ,f4sat,4,15,PRE_FAIL,6,6,0,3,1153,7554,True
γ,f4sat,4,16,PRE_FAIL,6,5,1,3,1120,7521,True
γ,f4sat,4,17,PRE_FAIL,4,4,0,3,566,6967,True
γ,f4sat,4,18,PRE_FAIL,6,6,0,3,1154,7555,True
γ,f4sat,4,19,PRE_FAIL,4,4,0,3,573,6974,True
γ,f4sat,4,20,PRE_FAIL,5,5,0,3,855,7256,True
γ,f4sat,4,21,PRE_FAIL,5,5,0,3,845,7246,True
γ,f4sat,4,22,PRE_FAIL,6,5,1,3,1169,7570,True
γ,f4sat,4,23,PRE_FAIL,3,3,0,3,299,6700,True
γ,f4sat,4,24,PRE_FAIL,5,5,0,3,843,7244,True
γ,f4sat,4,25,PRE_FAIL,6,6,0,3,1172,7573,True
γ,f4sat,4,26,PRE_FAIL,6,5,1,3,1167,7568,True
γ,f4sat,4,27,PRE_FAIL,5,5,0,3,871,7272,True
γ,f4sat,4,28,PRE_FAIL,6,6,0,3,1151,7552,True
γ,f4sat,4,29,PRE_FAIL,6,5,1,3,1144,7545,True
γ,f4sat,4,30,PRE_FAIL,6,6,0,3,1174,7575,True
γ,f4sat,4,31,PRE_FAIL,6,5,1,3,1170,7571,True
γ,f4sat,4,32,PRE_FAIL,6,6,0,3,1161,7562,True
γ,f4sat,4,33,PRE_FAIL,6,5,1,3,1183,7584,True
γ,f4sat,4,34,PRE_FAIL,3,3,0,3,291,6692,True
γ,f4sat,4,35,PRE_FAIL,6,5,1,3,1156,7557,True
γ,f4sat,4,36,PRE_FAIL,6,6,0,3,1163,7564,True
γ,f4sat,4,37,PRE_FAIL,6,6,0,3,1182,7583,True
γ,f4sat,4,38,PRE_FAIL,6,6,0,3,1166,7567,True
γ,f4sat,4,39,PRE_FAIL,5,5,0,3,852,7253,True
γ,f4sat,4,40,PRE_FAIL,4,4,0,3,581,6982,True
γ,f4sat,4,41,PRE_FAIL,4,4,0,3,569,6970,True
γ,f4sat,4,42,PRE_FAIL,6,6,0,3,1163,7564,True
γ,f4sat,4,43,PRE_FAIL,5,5,0,3,861,7262,True
γ,f4sat,4,44,PRE_FAIL,6,6,0,3,1161,7562,True
γ,f4sat,4,45,PRE_FAIL,3,3,0,3,304,6705,True
γ,f4sat,4,46,PRE_FAIL,3,3,0,3,281,6682,True
γ,f4sat,4,47,PRE_FAIL,5,5,0,3,888,7289,True
γ,f4sat,4,48,PRE_FAIL,6,6,0,3,1137,7538,True
γ,f4sat,4,49,PRE_FAIL,6,6,0,3,1157,7558,True
γ,f4sat,4,50,PRE_FAIL,3,3,0,3,296,6697,True
γ,f4sat,4,51,PRE_FAIL,5,5,0,3,884,7285,True
γ,f4sat,4,52,PRE_FAIL,3,3,0,3,305,6706,True
γ,f4sat,4,53,PRE_FAIL,3,3,0,3,296,6697,True
γ,f4sat,4,54,PRE_FAIL,6,6,0,3,1163,7564,True
γ,f4sat,4,55,PRE_FAIL,3,3,0,3,301,6702,True
γ,f4sat,4,56,PRE_FAIL,4,4,0,3,594,6995,True
γ,f4sat,4,57,PRE_FAIL,6,6,0,3,1141,7542,True
γ,f4sat,4,58,PRE_FAIL,6,6,0,3,1154,7555,True
γ,f4sat,4,59,PRE_FAIL,6,5,1,3,1149,7550,True
γ,f4sat,4,60,PRE_FAIL,6,6,0,3,1163,7564,True
γ,f4sat,4,61,PRE_FAIL,3,3,0,3,292,6693,True
γ,f4sat,4,62,PRE_FAIL,6,6,0,3,1153,7554,True
γ,f4sat,4,63,PRE_FAIL,6,6,0,3,1165,7566,True
γ,f4sat,4,64,PRE_FAIL,6,5,1,3,1165,7566,True
γ,f4sat,4,65,PRE_FAIL,6,6,0,3,1151,7552,True
γ,f4sat,4,66,PRE_FAIL,6,6,0,3,1171,7572,True
γ,f4sat,4,67,PRE_FAIL,6,6,0,3,1145,7546,True
γ,f4sat,4,68,PRE_FAIL,6,6,0,3,1158,7559,True
γ,f4sat,4,69,PRE_FAIL,3,3,0,3,282,6683,True
γ,f4sat,4,70,PRE_FAIL,6,6,0,3,1162,7563,True
γ,f4sat,4,71,PRE_FAIL,5,5,0,3,862,7263,True
γ,f4sat,4,72,PRE_FAIL,3,3,0,3,282,6683,True
γ,f4sat,4,73,PRE_FAIL,6,5,1,3,1138,7539,True
γ,f4sat,4,74,PRE_FAIL,6,6,0,3,1161,7562,True
γ,f4sat,4,75,PRE_FAIL,6,6,0,3,1146,7547,True
γ,f4sat,4,76,PRE_FAIL,5,5,0,3,857,7258,True
γ,f4sat,4,77,PRE_FAIL,6,5,1,3,1139,7540,True
γ,f4sat,4,78,PRE_FAIL,3,3,0,3,297,6698,True
γ,f4sat,4,79,PRE_FAIL,6,6,0,3,1125,7526,True
γ,f4sat,4,80,PRE_FAIL,6,5,1,3,1160,7561,True
γ,f4sat,4,81,PRE_FAIL,6,5,1,3,1145,7546,True
γ,f4sat,4,82,PRE_FAIL,6,5,1,3,1166,7567,True
γ,f4sat,4,83,PRE_FAIL,6,5,1,3,1168,7569,True
γ,f4sat,4,84,PRE_FAIL,4,4,0,3,577,6978,True
γ,f4sat,4,85,PRE_FAIL,6,6,0,3,1173,7574,True
γ,f4sat,4,86,PRE_FAIL,6,5,1,3,1152,7553,True
γ,f4sat,4,87,PRE_FAIL,6,5,1,3,1161,7562,True
γ,f4sat,4,88,PRE_FAIL,6,5,1,3,1143,7544,True
γ,f4sat,4,89,PRE_FAIL,6,6,0,3,1177,7578,True
γ,f4sat,4,90,PRE_FAIL,6,6,0,3,1162,7563,True
γ,f4sat,4,91,PRE_FAIL,3,3,0,3,289,6690,True
γ,f4sat,4,92,PRE_FAIL,4,4,0,3,578,6979,True
γ,f4sat,4,93,PRE_FAIL,3,3,0,3,286,6687,True
γ,f4sat,4,94,PRE_FAIL,6,5,1,3,1177,7578,True
γ,f4sat,4,95,PRE_FAIL,5,5,0,3,875,7276,True
γ,f4sat,4,96,PRE_FAIL,3,3,0,3,290,6691,True
γ,f4sat,4,97,PRE_FAIL,6,6,0,3,1147,7548,True
γ,f4sat,4,98,PRE_FAIL,6,5,1,3,1176,7577,True
γ,f4sat,4,99,PRE_FAIL,4,4,0,3,582,6983,True
γ,f4sat,4,100,PRE_FAIL,6,6,0,3,1146,7547,True
γ,f4sat,4,101,PRE_FAIL,6,5,1,3,1148,7549,True
γ,f4sat,4,102,PRE_FAIL,6,6,0,3,1177,7578,True
γ,f4sat,4,103,PRE_FAIL,5,5,0,3,877,7278,True
γ,f4sat,4,104,PRE_FAIL,4,4,0,3,582,6983,True
γ,f4sat,4,105,PRE_FAIL,3,3,0,3,291,6692,True
γ,f4sat,4,106,PRE_FAIL,6,6,0,3,1154,7555,True
γ,f4sat,4,107,PRE_FAIL,4,4,0,3,601,7002,True
γ,f4sat,4,108,PRE_FAIL,5,5,0,3,849,7250,True
γ,f4sat,4,109,PRE_FAIL,3,3,0,3,292,6693,True
γ,f4sat,4,110,PRE_FAIL,4,4,0,3,600,7001,True
γ,f4sat,4,111,PRE_FAIL,6,5,1,3,1155,7556,True
γ,f4sat,4,112,PRE_FAIL,6,6,0,3,1159,7560,True
γ,f4sat,4,113,PRE_FAIL,6,5,1,3,1159,7560,True
γ,f4sat,4,114,PRE_FAIL,6,6,0,3,1175,7576,True
γ,f4sat,4,115,PRE_FAIL,4,4,0,3,578,6979,True
γ,f4sat,4,116,PRE_FAIL,6,6,0,3,1166,7567,True
γ,f4sat,4,117,PRE_FAIL,6,6,0,3,1166,7567,True
γ,f4sat,4,118,PRE_FAIL,6,5,1,3,1152,7553,True
γ,f4sat,4,119,PRE_FAIL,6,6,0,3,1159,7560,True
γ,f4sat,4,120,PRE_FAIL,6,6,0,3,1168,7569,True
γ,f4sat,4,121,PRE_FAIL,6,6,0,3,1162,7563,True
γ,f4sat,4,122,PRE_FAIL,4,4,0,3,587,6988,True
γ,f4sat,4,123,PRE_FAIL,6,6,0,3,1158,7559,True
γ,f4sat,4,124,PRE_FAIL,6,6,0,3,1155,7556,True
γ,f4sat,4,125,PRE_FAIL,6,6,0,3,1169,7570,True
γ,f4sat,4,126,PRE_FAIL,6,6,0,3,1164,7565,True
γ,f4sat,4,127,PRE_FAIL,6,5,1,3,1140,7541,True
γ,f4sat,4,128,PRE_FAIL,4,4,0,3,570,6971,True
γ,f4sat,4,129,PRE_FAIL,3,3,0,3,301,6702,True
γ,f4sat,4,130,PRE_FAIL,4,4,0,3,571,6972,True
γ,f4sat,4,131,PRE_FAIL,4,4,0,3,568,6969,True
γ,f4sat,4,132,PRE_FAIL,4,4,0,3,592,6993,True
γ,f4sat,4,133,PRE_FAIL,6,6,0,3,1188,7589,True
γ,f4sat,4,134,PRE_FAIL,6,6,0,3,1132,7533,True
γ,f4sat,4,135,PRE_FAIL,6,6,0,3,1164,7565,True
γ,f4sat,4,136,PRE_FAIL,6,6,0,3,1140,7541,True
γ,f4sat,4,137,PRE_FAIL,4,4,0,3,583,6984,True
γ,f4sat,4,138,PRE_FAIL,6,5,1,3,1166,7567,True
γ,f4sat,4,139,PRE_FAIL,6,6,0,3,1176,7577,True
γ,f4sat,4,140,PRE_FAIL,6,6,0,3,1150,7551,True
γ,f4sat,4,141,PRE_FAIL,6,5,1,3,1184,7585,True
γ,f4sat,4,142,PRE_FAIL,6,6,0,3,1167,7568,True
γ,f4sat,4,143,PRE_FAIL,6,6,0,3,1146,7547,True
γ,f4sat,4,144,PRE_FAIL,6,6,0,3,1154,7555,True
γ,f4sat,4,145,PRE_FAIL,6,6,0,3,1143,7544,True
γ,f4sat,4,146,PRE_FAIL,4,4,0,3,584,6985,True
γ,f4sat,4,147,PRE_FAIL,6,5,1,3,1162,7563,True
γ,f4sat,4,148,PRE_FAIL,6,6,0,3,1164,7565,True
γ,f4sat,4,149,PRE_FAIL,3,3,0,3,301,6702,True
γ,f4sat,4,150,PRE_FAIL,6,6,0,3,1166,7567,True
γ,f4sat,4,151,PRE_FAIL,6,6,0,3,1159,7560,True
γ,f4sat,4,152,PRE_FAIL,3,3,0,3,291,6692,True
γ,f4sat,4,153,PRE_FAIL,6,6,0,3,1153,7554,True
γ,f4sat,4,154,PRE_FAIL,6,6,0,3,1179,7580,True
γ,f4sat,4,155,PRE_FAIL,6,5,1,3,1157,7558,True
γ,f4sat,4,156,PRE_FAIL,3,3,0,3,284,6685,True
γ,f4sat,4,157,PRE_FAIL,4,4,0,3,580,6981,True
γ,f4sat,4,158,PRE_FAIL,6,5,1,3,1164,7565,True
γ,f4sat,4,159,PRE_FAIL,4,4,0,3,591,6992,True
γ,f4sat,4,160,PRE_FAIL,6,6,0,3,1163,7564,True
γ,f4sat,4,161,PRE_FAIL,4,4,0,3,573,6974,True
γ,f4sat,4,162,PRE_FAIL,6,6,0,3,1127,7528,True
γ,f4sat,4,163,PRE_FAIL,6,5,1,3,1149,7550,True
γ,f4sat,4,164,PRE_FAIL,6,5,1,3,1169,7570,True
γ,f4sat,4,165,PRE_FAIL,3,3,0,3,282,6683,True
γ,f4sat,4,166,PRE_FAIL,6,6,0,3,1174,7575,True
γ,f4sat,4,167,PRE_FAIL,3,3,0,3,294,6695,True
γ,f4sat,4,168,PRE_FAIL,6,6,0,3,1146,7547,True
γ,f4sat,4,169,PRE_FAIL,6,6,0,3,1144,7545,True
γ,f4sat,4,170,PRE_FAIL,4,4,0,3,593,6994,True
γ,f4sat,4,171,PRE_FAIL,3,3,0,3,287,6688,True
γ,f4sat,4,172,PRE_FAIL,6,6,0,3,1138,7539,True
γ,f4sat,4,173,PRE_FAIL,6,5,1,3,1148,7549,True
γ,f4sat,4,174,PRE_FAIL,6,5,1,3,1164,7565,True
γ,f4sat,4,175,PRE_FAIL,6,6,0,3,1147,7548,True
γ,f4sat,4,176,PRE_FAIL,6,5,1,3,1149,7550,True
γ,f4sat,4,177,PRE_FAIL,6,6,0,3,1141,7542,True
γ,f4sat,4,178,PRE_FAIL,3,3,0,3,279,6680,True
γ,f4sat,4,179,PRE_FAIL,3,3,0,3,292,6693,True
γ,f4sat,4,180,PRE_FAIL,6,5,1,3,1147,7548,True
γ,f4sat,4,181,PRE_FAIL,6,6,0,3,1127,7528,True
γ,f4sat,4,182,PRE_FAIL,3,3,0,3,299,6700,True
γ,f4sat,4,183,PRE_FAIL,5,5,0,3,868,7269,True
γ,f4sat,4,184,PRE_FAIL,5,5,0,3,882,7283,True
γ,f4sat,4,185,PRE_FAIL,6,5,1,3,1181,7582,True
γ,f4sat,4,186,PRE_FAIL,6,6,0,3,1160,7561,True
γ,f4sat,4,187,PRE_FAIL,6,6,0,3,1142,7543,True
γ,f4sat,4,188,PRE_FAIL,5,5,0,3,869,7270,True
γ,f4sat,4,189,PRE_FAIL,6,6,0,3,1142,7543,True
γ,f4sat,4,190,PRE_FAIL,3,3,0,3,289,6690,True
γ,f4sat,4,191,PRE_FAIL,6,6,0,3,1164,7565,True
γ,f4sat,4,192,PRE_FAIL,6,6,0,3,1168,7569,True
γ,f4sat,4,193,PRE_FAIL,3,3,0,3,292,6693,True
γ,f4sat,4,194,PRE_FAIL,6,5,1,3,1155,7556,True
γ,f4sat,4,195,PRE_FAIL,3,3,0,3,293,6694,True
γ,f4sat,4,196,PRE_FAIL,4,4,0,3,586,6987,True
γ,f4sat,4,197,PRE_FAIL,6,6,0,3,1155,7556,True
γ,f4sat,4,198,PRE_FAIL,6,6,0,3,1176,7577,True
γ,f4sat,4,199,PRE_FAIL,6,6,0,3,1160,7561,True
γ,f4sat,4,200,PRE_FAIL,6,5,1,3,1135,7536,True
γ,f4sat,8,1,PRE_FAIL,4,4,0,3,777,13578,True
γ,f4sat,8,2,PRE_FAIL,6,6,0,3,1575,14376,True
γ,f4sat,8,3,PRE_FAIL,6,6,0,3,1568,14369,True
γ,f4sat,8,4,PRE_FAIL,4,4,0,3,791,13592,True
γ,f4sat,8,5,PRE_FAIL,6,6,0,3,1575,14376,True
γ,f4sat,8,6,PRE_FAIL,6,5,1,3,1578,14379,True
γ,f4sat,8,7,PRE_FAIL,6,6,0,3,1573,14374,True
γ,f4sat,8,8,PRE_FAIL,3,3,0,3,399,13200,True
γ,f4sat,8,9,PRE_FAIL,6,6,0,3,1576,14377,True
γ,f4sat,8,10,PRE_FAIL,5,5,0,3,1176,13977,True
γ,f4sat,8,11,PRE_FAIL,3,3,0,3,395,13196,True
γ,f4sat,8,12,PRE_FAIL,6,6,0,3,1576,14377,True
γ,f4sat,8,13,PRE_FAIL,3,3,0,3,398,13199,True
γ,f4sat,8,14,PRE_FAIL,5,5,0,3,1178,13979,True
γ,f4sat,8,15,PRE_FAIL,6,6,0,3,1567,14368,True
γ,f4sat,8,16,PRE_FAIL,6,6,0,3,1573,14374,True
γ,f4sat,8,17,PRE_FAIL,6,6,0,3,1574,14375,True
γ,f4sat,8,18,PRE_FAIL,5,5,0,3,1176,13977,True
γ,f4sat,8,19,PRE_FAIL,6,6,0,3,1572,14373,True
γ,f4sat,8,20,PRE_FAIL,6,6,0,3,1577,14378,True
γ,f4sat,8,21,PRE_FAIL,3,3,0,3,395,13196,True
γ,f4sat,8,22,PRE_FAIL,6,6,0,3,1583,14384,True
γ,f4sat,8,23,PRE_FAIL,3,3,0,3,394,13195,True
γ,f4sat,8,24,PRE_FAIL,6,6,0,3,1571,14372,True
γ,f4sat,8,25,PRE_FAIL,6,6,0,3,1579,14380,True
γ,f4sat,8,26,PRE_FAIL,6,6,0,3,1567,14368,True
γ,f4sat,8,27,PRE_FAIL,6,6,0,3,1563,14364,True
γ,f4sat,8,28,PRE_FAIL,5,5,0,3,1181,13982,True
γ,f4sat,8,29,PRE_FAIL,3,3,0,3,401,13202,True
γ,f4sat,8,30,PRE_FAIL,6,6,0,3,1574,14375,True
γ,f4sat,8,31,PRE_FAIL,3,3,0,3,393,13194,True
γ,f4sat,8,32,PRE_FAIL,6,6,0,3,1581,14382,True
γ,f4sat,8,33,PRE_FAIL,6,6,0,3,1572,14373,True
γ,f4sat,8,34,PRE_FAIL,6,6,0,3,1578,14379,True
γ,f4sat,8,35,PRE_FAIL,5,5,0,3,1179,13980,True
γ,f4sat,8,36,PRE_FAIL,6,6,0,3,1576,14377,True
γ,f4sat,8,37,PRE_FAIL,3,3,0,3,394,13195,True
γ,f4sat,8,38,PRE_FAIL,6,6,0,3,1582,14383,True
γ,f4sat,8,39,PRE_FAIL,4,4,0,3,787,13588,True
γ,f4sat,8,40,PRE_FAIL,6,6,0,3,1580,14381,True
γ,f4sat,8,41,PRE_FAIL,5,5,0,3,1187,13988,True
γ,f4sat,8,42,PRE_FAIL,6,6,0,3,1573,14374,True
γ,f4sat,8,43,PRE_FAIL,6,6,0,3,1579,14380,True
γ,f4sat,8,44,PRE_FAIL,3,3,0,3,395,13196,True
γ,f4sat,8,45,PRE_FAIL,6,6,0,3,1584,14385,True
γ,f4sat,8,46,PRE_FAIL,6,6,0,3,1571,14372,True
γ,f4sat,8,47,PRE_FAIL,6,6,0,3,1572,14373,True
γ,f4sat,8,48,PRE_FAIL,4,4,0,3,786,13587,True
γ,f4sat,8,49,PRE_FAIL,3,3,0,3,395,13196,True
γ,f4sat,8,50,PRE_FAIL,3,3,0,3,394,13195,True
γ,f4sat,8,51,PRE_FAIL,4,4,0,3,791,13592,True
γ,f4sat,8,52,PRE_FAIL,6,6,0,3,1567,14368,True
γ,f4sat,8,53,PRE_FAIL,3,3,0,3,395,13196,True
γ,f4sat,8,54,PRE_FAIL,3,3,0,3,396,13197,True
γ,f4sat,8,55,PRE_FAIL,6,6,0,3,1555,14356,True
γ,f4sat,8,56,PRE_FAIL,4,4,0,3,784,13585,True
γ,f4sat,8,57,PRE_FAIL,4,4,0,3,782,13583,True
γ,f4sat,8,58,PRE_FAIL,6,6,0,3,1574,14375,True
γ,f4sat,8,59,PRE_FAIL,6,6,0,3,1573,14374,True
γ,f4sat,8,60,PRE_FAIL,6,6,0,3,1575,14376,True
γ,f4sat,8,61,PRE_FAIL,3,3,0,3,398,13199,True
γ,f4sat,8,62,PRE_FAIL,4,4,0,3,793,13594,True
γ,f4sat,8,63,PRE_FAIL,6,6,0,3,1570,14371,True
γ,f4sat,8,64,PRE_FAIL,3,3,0,3,397,13198,True
γ,f4sat,8,65,PRE_FAIL,4,4,0,3,791,13592,True
γ,f4sat,8,66,PRE_FAIL,6,6,0,3,1584,14385,True
γ,f4sat,8,67,PRE_FAIL,6,6,0,3,1577,14378,True
γ,f4sat,8,68,PRE_FAIL,3,3,0,3,393,13194,True
γ,f4sat,8,69,PRE_FAIL,4,4,0,3,791,13592,True
γ,f4sat,8,70,PRE_FAIL,6,6,0,3,1572,14373,True
γ,f4sat,8,71,PRE_FAIL,5,5,0,3,1181,13982,True
γ,f4sat,8,72,PRE_FAIL,3,3,0,3,395,13196,True
γ,f4sat,8,73,PRE_FAIL,6,6,0,3,1580,14381,True
γ,f4sat,8,74,PRE_FAIL,4,4,0,3,790,13591,True
γ,f4sat,8,75,PRE_FAIL,6,6,0,3,1569,14370,True
γ,f4sat,8,76,PRE_FAIL,6,6,0,3,1568,14369,True
γ,f4sat,8,77,PRE_FAIL,6,6,0,3,1573,14374,True
γ,f4sat,8,78,PRE_FAIL,6,6,0,3,1575,14376,True
γ,f4sat,8,79,PRE_FAIL,6,6,0,3,1566,14367,True
γ,f4sat,8,80,PRE_FAIL,6,6,0,3,1578,14379,True
γ,f4sat,8,81,PRE_FAIL,5,5,0,3,1181,13982,True
γ,f4sat,8,82,PRE_FAIL,6,6,0,3,1570,14371,True
γ,f4sat,8,83,PRE_FAIL,3,3,0,3,400,13201,True
γ,f4sat,8,84,PRE_FAIL,6,6,0,3,1570,14371,True
γ,f4sat,8,85,PRE_FAIL,5,5,0,3,1182,13983,True
γ,f4sat,8,86,PRE_FAIL,6,6,0,3,1577,14378,True
γ,f4sat,8,87,PRE_FAIL,6,6,0,3,1575,14376,True
γ,f4sat,8,88,PRE_FAIL,4,4,0,3,786,13587,True
γ,f4sat,8,89,PRE_FAIL,6,6,0,3,1576,14377,True
γ,f4sat,8,90,PRE_FAIL,3,3,0,3,400,13201,True
γ,f4sat,8,91,PRE_FAIL,6,6,0,3,1573,14374,True
γ,f4sat,8,92,PRE_FAIL,6,6,0,3,1581,14382,True
γ,f4sat,8,93,PRE_FAIL,6,6,0,3,1573,14374,True
γ,f4sat,8,94,PRE_FAIL,6,5,1,3,1570,14371,True
γ,f4sat,8,95,PRE_FAIL,5,5,0,3,1186,13987,True
γ,f4sat,8,96,PRE_FAIL,3,3,0,3,395,13196,True
γ,f4sat,8,97,PRE_FAIL,6,6,0,3,1578,14379,True
γ,f4sat,8,98,PRE_FAIL,5,5,0,3,1184,13985,True
γ,f4sat,8,99,PRE_FAIL,6,6,0,3,1577,14378,True
γ,f4sat,8,100,PRE_FAIL,6,6,0,3,1581,14382,True
γ,f4sat,8,101,PRE_FAIL,5,5,0,3,1181,13982,True
γ,f4sat,8,102,PRE_FAIL,6,6,0,3,1572,14373,True
γ,f4sat,8,103,PRE_FAIL,4,4,0,3,790,13591,True
γ,f4sat,8,104,PRE_FAIL,3,3,0,3,393,13194,True
γ,f4sat,8,105,PRE_FAIL,3,3,0,3,395,13196,True
γ,f4sat,8,106,PRE_FAIL,4,4,0,3,793,13594,True
γ,f4sat,8,107,PRE_FAIL,5,5,0,3,1176,13977,True
γ,f4sat,8,108,PRE_FAIL,6,6,0,3,1586,14387,True
γ,f4sat,8,109,PRE_FAIL,6,6,0,3,1575,14376,True
γ,f4sat,8,110,PRE_FAIL,6,6,0,3,1579,14380,True
γ,f4sat,8,111,PRE_FAIL,6,6,0,3,1581,14382,True
γ,f4sat,8,112,PRE_FAIL,6,6,0,3,1576,14377,True
γ,f4sat,8,113,PRE_FAIL,5,5,0,3,1176,13977,True
γ,f4sat,8,114,PRE_FAIL,6,6,0,3,1569,14370,True
γ,f4sat,8,115,PRE_FAIL,5,5,0,3,1183,13984,True
γ,f4sat,8,116,PRE_FAIL,6,6,0,3,1583,14384,True
γ,f4sat,8,117,PRE_FAIL,6,6,0,3,1578,14379,True
γ,f4sat,8,118,PRE_FAIL,6,6,0,3,1571,14372,True
γ,f4sat,8,119,PRE_FAIL,6,6,0,3,1573,14374,True
γ,f4sat,8,120,PRE_FAIL,3,3,0,3,390,13191,True
γ,f4sat,8,121,PRE_FAIL,6,6,0,3,1580,14381,True
γ,f4sat,8,122,PRE_FAIL,6,6,0,3,1568,14369,True
γ,f4sat,8,123,PRE_FAIL,6,6,0,3,1573,14374,True
γ,f4sat,8,124,PRE_FAIL,4,4,0,3,784,13585,True
γ,f4sat,8,125,PRE_FAIL,6,6,0,3,1580,14381,True
γ,f4sat,8,126,PRE_FAIL,3,3,0,3,401,13202,True
γ,f4sat,8,127,PRE_FAIL,4,4,0,3,793,13594,True
γ,f4sat,8,128,PRE_FAIL,6,6,0,3,1575,14376,True
γ,f4sat,8,129,PRE_FAIL,6,6,0,3,1570,14371,True
γ,f4sat,8,130,PRE_FAIL,3,3,0,3,400,13201,True
γ,f4sat,8,131,PRE_FAIL,3,3,0,3,396,13197,True
γ,f4sat,8,132,PRE_FAIL,6,6,0,3,1575,14376,True
γ,f4sat,8,133,PRE_FAIL,6,6,0,3,1570,14371,True
γ,f4sat,8,134,PRE_FAIL,4,4,0,3,786,13587,True
γ,f4sat,8,135,PRE_FAIL,5,5,0,3,1180,13981,True
γ,f4sat,8,136,PRE_FAIL,6,6,0,3,1576,14377,True
γ,f4sat,8,137,PRE_FAIL,6,6,0,3,1585,14386,True
γ,f4sat,8,138,PRE_FAIL,6,6,0,3,1572,14373,True
γ,f4sat,8,139,PRE_FAIL,5,5,0,3,1178,13979,True
γ,f4sat,8,140,PRE_FAIL,4,4,0,3,794,13595,True
γ,f4sat,8,141,PRE_FAIL,6,6,0,3,1580,14381,True
γ,f4sat,8,142,PRE_FAIL,6,6,0,3,1574,14375,True
γ,f4sat,8,143,PRE_FAIL,5,5,0,3,1178,13979,True
γ,f4sat,8,144,PRE_FAIL,6,6,0,3,1568,14369,True
γ,f4sat,8,145,PRE_FAIL,6,6,0,3,1579,14380,True
γ,f4sat,8,146,PRE_FAIL,6,6,0,3,1573,14374,True
γ,f4sat,8,147,PRE_FAIL,5,5,0,3,1172,13973,True
γ,f4sat,8,148,PRE_FAIL,6,6,0,3,1574,14375,True
γ,f4sat,8,149,PRE_FAIL,6,6,0,3,1578,14379,True
γ,f4sat,8,150,PRE_FAIL,3,3,0,3,401,13202,True
γ,f4sat,8,151,PRE_FAIL,6,6,0,3,1563,14364,True
γ,f4sat,8,152,PRE_FAIL,3,3,0,3,402,13203,True
γ,f4sat,8,153,PRE_FAIL,3,3,0,3,397,13198,True
γ,f4sat,8,154,PRE_FAIL,6,6,0,3,1587,14388,True
γ,f4sat,8,155,PRE_FAIL,5,5,0,3,1177,13978,True
γ,f4sat,8,156,PRE_FAIL,6,6,0,3,1575,14376,True
γ,f4sat,8,157,PRE_FAIL,6,6,0,3,1579,14380,True
γ,f4sat,8,158,PRE_FAIL,6,6,0,3,1579,14380,True
γ,f4sat,8,159,PRE_FAIL,4,4,0,3,788,13589,True
γ,f4sat,8,160,PRE_FAIL,3,3,0,3,395,13196,True
γ,f4sat,8,161,PRE_FAIL,6,6,0,3,1576,14377,True
γ,f4sat,8,162,PRE_FAIL,5,5,0,3,1180,13981,True
γ,f4sat,8,163,PRE_FAIL,6,6,0,3,1570,14371,True
γ,f4sat,8,164,PRE_FAIL,6,6,0,3,1578,14379,True
γ,f4sat,8,165,PRE_FAIL,6,5,1,3,1572,14373,True
γ,f4sat,8,166,PRE_FAIL,6,6,0,3,1570,14371,True
γ,f4sat,8,167,PRE_FAIL,6,5,1,3,1577,14378,True
γ,f4sat,8,168,PRE_FAIL,3,3,0,3,393,13194,True
γ,f4sat,8,169,PRE_FAIL,4,4,0,3,789,13590,True
γ,f4sat,8,170,PRE_FAIL,6,6,0,3,1571,14372,True
γ,f4sat,8,171,PRE_FAIL,3,3,0,3,393,13194,True
γ,f4sat,8,172,PRE_FAIL,4,4,0,3,785,13586,True
γ,f4sat,8,173,PRE_FAIL,6,6,0,3,1560,14361,True
γ,f4sat,8,174,PRE_FAIL,6,6,0,3,1574,14375,True
γ,f4sat,8,175,PRE_FAIL,6,6,0,3,1565,14366,True
γ,f4sat,8,176,PRE_FAIL,6,6,0,3,1567,14368,True
γ,f4sat,8,177,PRE_FAIL,6,6,0,3,1580,14381,True
γ,f4sat,8,178,PRE_FAIL,6,6,0,3,1578,14379,True
γ,f4sat,8,179,PRE_FAIL,6,6,0,3,1566,14367,True
γ,f4sat,8,180,PRE_FAIL,6,6,0,3,1576,14377,True
γ,f4sat,8,181,PRE_FAIL,6,6,0,3,1560,14361,True
γ,f4sat,8,182,PRE_FAIL,3,3,0,3,397,13198,True
γ,f4sat,8,183,PRE_FAIL,6,6,0,3,1579,14380,True
γ,f4sat,8,184,PRE_FAIL,6,6,0,3,1577,14378,True
γ,f4sat,8,185,PRE_FAIL,6,6,0,3,1575,14376,True
γ,f4sat,8,186,PRE_FAIL,6,6,0,3,1577,14378,True
γ,f4sat,8,187,PRE_FAIL,5,5,0,3,1184,13985,True
γ,f4sat,8,188,PRE_FAIL,6,5,1,3,1568,14369,True
γ,f4sat,8,189,PRE_FAIL,6,6,0,3,1575,14376,True
γ,f4sat,8,190,PRE_FAIL,4,4,0,3,787,13588,True
γ,f4sat,8,191,PRE_FAIL,6,6,0,3,1576,14377,True
γ,f4sat,8,192,PRE_FAIL,6,6,0,3,1574,14375,True
γ,f4sat,8,193,PRE_FAIL,4,4,0,3,784,13585,True
γ,f4sat,8,194,PRE_FAIL,6,5,1,3,1569,14370,True
γ,f4sat,8,195,PRE_FAIL,6,6,0,3,1574,14375,True
γ,f4sat,8,196,PRE_FAIL,3,3,0,3,402,13203,True
γ,f4sat,8,197,PRE_FAIL,4,4,0,3,793,13594,True
γ,f4sat,8,198,PRE_FAIL,4,4,0,3,787,13588,True
γ,f4sat,8,199,PRE_FAIL,6,6,0,3,1568,14369,True
γ,f4sat,8,200,PRE_FAIL,6,6,0,3,1586,14387,True
γ,f4sat,16,1,REPAIR,6,6,0,3,1603,27204,True
γ,f4sat,16,2,REPAIR,6,6,0,3,1603,27204,True
γ,f4sat,16,3,REPAIR,6,6,0,3,1603,27204,True
γ,f4sat,16,4,DIED,3,3,0,3,403,26004,True
γ,f4sat,16,5,DIED,5,5,0,3,1203,26804,True
γ,f4sat,16,6,REPAIR,6,6,0,3,1603,27204,True
γ,f4sat,16,7,REPAIR,6,6,0,3,1603,27204,True
γ,f4sat,16,8,DIED,4,4,0,3,803,26404,True
γ,f4sat,16,9,REPAIR,6,6,0,3,1603,27204,True
γ,f4sat,16,10,DIED,5,5,0,3,1203,26804,True
γ,f4sat,16,11,DIED,4,4,0,3,803,26404,True
γ,f4sat,16,12,REPAIR,6,6,0,3,1603,27204,True
γ,f4sat,16,13,REPAIR,6,6,0,3,1603,27204,True
γ,f4sat,16,14,REPAIR,6,6,0,3,1603,27204,True
γ,f4sat,16,15,REPAIR,6,6,0,3,1603,27204,True
γ,f4sat,16,16,REPAIR,6,6,0,3,1603,27204,True
γ,f4sat,16,17,REPAIR,6,6,0,3,1603,27204,True
γ,f4sat,16,18,REPAIR,6,6,0,3,1603,27204,True
γ,f4sat,16,19,REPAIR,6,6,0,3,1603,27204,True
γ,f4sat,16,20,DIED,3,3,0,3,403,26004,True
γ,f4sat,16,21,DIED,4,4,0,3,803,26404,True
γ,f4sat,16,22,DIED,5,5,0,3,1203,26804,True
γ,f4sat,16,23,DIED,5,5,0,3,1203,26804,True
γ,f4sat,16,24,REPAIR,6,6,0,3,1603,27204,True
γ,f4sat,16,25,REPAIR,6,6,0,3,1603,27204,True
γ,f4sat,16,26,REPAIR,6,6,0,3,1603,27204,True
γ,f4sat,16,27,REPAIR,6,6,0,3,1603,27204,True
γ,f4sat,16,28,REPAIR,6,6,0,3,1603,27204,True
γ,f4sat,16,29,REPAIR,6,6,0,3,1603,27204,True
γ,f4sat,16,30,DIED,3,3,0,3,403,26004,True
γ,f4sat,16,31,DIED,5,5,0,3,1203,26804,True
γ,f4sat,16,32,REPAIR,6,6,0,3,1603,27204,True
γ,f4sat,16,33,DIED,4,4,0,3,803,26404,True
γ,f4sat,16,34,REPAIR,6,6,0,3,1603,27204,True
γ,f4sat,16,35,REPAIR,6,6,0,3,1603,27204,True
γ,f4sat,16,36,REPAIR,6,6,0,3,1603,27204,True
γ,f4sat,16,37,REPAIR,6,6,0,3,1603,27204,True
γ,f4sat,16,38,REPAIR,6,6,0,3,1603,27204,True
γ,f4sat,16,39,REPAIR,6,6,0,3,1603,27204,True
γ,f4sat,16,40,DIED,3,3,0,3,403,26004,True
γ,f4sat,16,41,REPAIR,6,6,0,3,1603,27204,True
γ,f4sat,16,42,REPAIR,6,6,0,3,1603,27204,True
γ,f4sat,16,43,REPAIR,6,6,0,3,1603,27204,True
γ,f4sat,16,44,REPAIR,6,6,0,3,1603,27204,True
γ,f4sat,16,45,REPAIR,6,6,0,3,1603,27204,True
γ,f4sat,16,46,REPAIR,6,6,0,3,1603,27204,True
γ,f4sat,16,47,REPAIR,6,6,0,3,1603,27204,True
γ,f4sat,16,48,REPAIR,6,6,0,3,1603,27204,True
γ,f4sat,16,49,REPAIR,6,6,0,3,1603,27204,True
γ,f4sat,16,50,DIED,4,4,0,3,803,26404,True
γ,f4sat,16,51,REPAIR,6,6,0,3,1603,27204,True
γ,f4sat,16,52,DIED,4,4,0,3,803,26404,True
γ,f4sat,16,53,REPAIR,6,6,0,3,1603,27204,True
γ,f4sat,16,54,REPAIR,6,6,0,3,1603,27204,True
γ,f4sat,16,55,REPAIR,6,6,0,3,1603,27204,True
γ,f4sat,16,56,DIED,3,3,0,3,403,26004,True
γ,f4sat,16,57,DIED,4,4,0,3,803,26404,True
γ,f4sat,16,58,DIED,3,3,0,3,403,26004,True
γ,f4sat,16,59,REPAIR,6,6,0,3,1603,27204,True
γ,f4sat,16,60,DIED,3,3,0,3,403,26004,True
γ,f4sat,16,61,REPAIR,6,6,0,3,1603,27204,True
γ,f4sat,16,62,REPAIR,6,6,0,3,1603,27204,True
γ,f4sat,16,63,DIED,3,3,0,3,403,26004,True
γ,f4sat,16,64,REPAIR,6,6,0,3,1603,27204,True
γ,f4sat,16,65,REPAIR,6,6,0,3,1603,27204,True
γ,f4sat,16,66,DIED,4,4,0,3,803,26404,True
γ,f4sat,16,67,REPAIR,6,6,0,3,1603,27204,True
γ,f4sat,16,68,REPAIR,6,6,0,3,1603,27204,True
γ,f4sat,16,69,DIED,4,4,0,3,803,26404,True
γ,f4sat,16,70,REPAIR,6,6,0,3,1603,27204,True
γ,f4sat,16,71,DIED,3,3,0,3,403,26004,True
γ,f4sat,16,72,REPAIR,6,6,0,3,1603,27204,True
γ,f4sat,16,73,DIED,3,3,0,3,403,26004,True
γ,f4sat,16,74,DIED,3,3,0,3,403,26004,True
γ,f4sat,16,75,DIED,3,3,0,3,403,26004,True
γ,f4sat,16,76,REPAIR,6,6,0,3,1603,27204,True
γ,f4sat,16,77,DIED,4,4,0,3,803,26404,True
γ,f4sat,16,78,DIED,4,4,0,3,803,26404,True
γ,f4sat,16,79,DIED,5,5,0,3,1203,26804,True
γ,f4sat,16,80,REPAIR,6,6,0,3,1603,27204,True
γ,f4sat,16,81,REPAIR,6,6,0,3,1603,27204,True
γ,f4sat,16,82,DIED,3,3,0,3,403,26004,True
γ,f4sat,16,83,DIED,3,3,0,3,403,26004,True
γ,f4sat,16,84,DIED,3,3,0,3,403,26004,True
γ,f4sat,16,85,REPAIR,6,6,0,3,1603,27204,True
γ,f4sat,16,86,REPAIR,6,6,0,3,1603,27204,True
γ,f4sat,16,87,REPAIR,6,6,0,3,1603,27204,True
γ,f4sat,16,88,REPAIR,6,6,0,3,1603,27204,True
γ,f4sat,16,89,REPAIR,6,6,0,3,1603,27204,True
γ,f4sat,16,90,DIED,5,5,0,3,1203,26804,True
γ,f4sat,16,91,DIED,3,3,0,3,403,26004,True
γ,f4sat,16,92,DIED,3,3,0,3,403,26004,True
γ,f4sat,16,93,REPAIR,6,6,0,3,1603,27204,True
γ,f4sat,16,94,DIED,5,5,0,3,1203,26804,True
γ,f4sat,16,95,DIED,3,3,0,3,403,26004,True
γ,f4sat,16,96,DIED,3,3,0,3,403,26004,True
γ,f4sat,16,97,REPAIR,6,6,0,3,1603,27204,True
γ,f4sat,16,98,REPAIR,6,6,0,3,1603,27204,True
γ,f4sat,16,99,REPAIR,6,6,0,3,1603,27204,True
γ,f4sat,16,100,DIED,3,3,0,3,403,26004,True
γ,f4sat,16,101,DIED,4,4,0,3,803,26404,True
γ,f4sat,16,102,DIED,4,4,0,3,803,26404,True
γ,f4sat,16,103,DIED,5,5,0,3,1203,26804,True
γ,f4sat,16,104,DIED,4,4,0,3,803,26404,True
γ,f4sat,16,105,REPAIR,6,6,0,3,1603,27204,True
γ,f4sat,16,106,REPAIR,6,6,0,3,1603,27204,True
γ,f4sat,16,107,DIED,3,3,0,3,403,26004,True
γ,f4sat,16,108,REPAIR,6,6,0,3,1603,27204,True
γ,f4sat,16,109,DIED,4,4,0,3,803,26404,True
γ,f4sat,16,110,DIED,3,3,0,3,403,26004,True
γ,f4sat,16,111,REPAIR,6,6,0,3,1603,27204,True
γ,f4sat,16,112,REPAIR,6,6,0,3,1603,27204,True
γ,f4sat,16,113,DIED,3,3,0,3,403,26004,True
γ,f4sat,16,114,REPAIR,6,6,0,3,1603,27204,True
γ,f4sat,16,115,REPAIR,6,6,0,3,1603,27204,True
γ,f4sat,16,116,DIED,5,5,0,3,1203,26804,True
γ,f4sat,16,117,DIED,3,3,0,3,403,26004,True
γ,f4sat,16,118,REPAIR,6,6,0,3,1603,27204,True
γ,f4sat,16,119,REPAIR,6,6,0,3,1603,27204,True
γ,f4sat,16,120,REPAIR,6,6,0,3,1603,27204,True
γ,f4sat,16,121,REPAIR,6,6,0,3,1603,27204,True
γ,f4sat,16,122,REPAIR,6,6,0,3,1603,27204,True
γ,f4sat,16,123,DIED,3,3,0,3,403,26004,True
γ,f4sat,16,124,REPAIR,6,6,0,3,1603,27204,True
γ,f4sat,16,125,REPAIR,6,6,0,3,1603,27204,True
γ,f4sat,16,126,DIED,4,4,0,3,803,26404,True
γ,f4sat,16,127,REPAIR,6,6,0,3,1603,27204,True
γ,f4sat,16,128,DIED,3,3,0,3,403,26004,True
γ,f4sat,16,129,REPAIR,6,6,0,3,1603,27204,True
γ,f4sat,16,130,REPAIR,6,6,0,3,1603,27204,True
γ,f4sat,16,131,REPAIR,6,6,0,3,1603,27204,True
γ,f4sat,16,132,REPAIR,6,6,0,3,1603,27204,True
γ,f4sat,16,133,DIED,3,3,0,3,403,26004,True
γ,f4sat,16,134,DIED,3,3,0,3,403,26004,True
γ,f4sat,16,135,DIED,4,4,0,3,803,26404,True
γ,f4sat,16,136,DIED,5,5,0,3,1203,26804,True
γ,f4sat,16,137,REPAIR,6,6,0,3,1603,27204,True
γ,f4sat,16,138,REPAIR,6,6,0,3,1603,27204,True
γ,f4sat,16,139,REPAIR,6,6,0,3,1603,27204,True
γ,f4sat,16,140,REPAIR,6,6,0,3,1603,27204,True
γ,f4sat,16,141,REPAIR,6,6,0,3,1603,27204,True
γ,f4sat,16,142,DIED,3,3,0,3,403,26004,True
γ,f4sat,16,143,DIED,3,3,0,3,403,26004,True
γ,f4sat,16,144,DIED,3,3,0,3,403,26004,True
γ,f4sat,16,145,DIED,3,3,0,3,403,26004,True
γ,f4sat,16,146,DIED,4,4,0,3,803,26404,True
γ,f4sat,16,147,REPAIR,6,6,0,3,1603,27204,True
γ,f4sat,16,148,REPAIR,6,6,0,3,1603,27204,True
γ,f4sat,16,149,DIED,4,4,0,3,803,26404,True
γ,f4sat,16,150,DIED,4,4,0,3,803,26404,True
γ,f4sat,16,151,REPAIR,6,6,0,3,1603,27204,True
γ,f4sat,16,152,DIED,5,5,0,3,1203,26804,True
γ,f4sat,16,153,DIED,5,5,0,3,1203,26804,True
γ,f4sat,16,154,REPAIR,6,6,0,3,1603,27204,True
γ,f4sat,16,155,REPAIR,6,6,0,3,1603,27204,True
γ,f4sat,16,156,REPAIR,6,6,0,3,1603,27204,True
γ,f4sat,16,157,REPAIR,6,6,0,3,1603,27204,True
γ,f4sat,16,158,REPAIR,6,6,0,3,1603,27204,True
γ,f4sat,16,159,REPAIR,6,6,0,3,1603,27204,True
γ,f4sat,16,160,REPAIR,6,6,0,3,1603,27204,True
γ,f4sat,16,161,REPAIR,6,6,0,3,1603,27204,True
γ,f4sat,16,162,REPAIR,6,6,0,3,1603,27204,True
γ,f4sat,16,163,REPAIR,6,6,0,3,1603,27204,True
γ,f4sat,16,164,DIED,4,4,0,3,803,26404,True
γ,f4sat,16,165,REPAIR,6,6,0,3,1603,27204,True
γ,f4sat,16,166,DIED,3,3,0,3,403,26004,True
γ,f4sat,16,167,DIED,4,4,0,3,803,26404,True
γ,f4sat,16,168,DIED,5,5,0,3,1203,26804,True
γ,f4sat,16,169,REPAIR,6,6,0,3,1603,27204,True
γ,f4sat,16,170,DIED,4,4,0,3,803,26404,True
γ,f4sat,16,171,DIED,4,4,0,3,803,26404,True
γ,f4sat,16,172,DIED,3,3,0,3,403,26004,True
γ,f4sat,16,173,DIED,3,3,0,3,403,26004,True
γ,f4sat,16,174,DIED,3,3,0,3,403,26004,True
γ,f4sat,16,175,DIED,3,3,0,3,403,26004,True
γ,f4sat,16,176,DIED,3,3,0,3,403,26004,True
γ,f4sat,16,177,REPAIR,6,6,0,3,1603,27204,True
γ,f4sat,16,178,REPAIR,6,6,0,3,1603,27204,True
γ,f4sat,16,179,DIED,4,4,0,3,803,26404,True
γ,f4sat,16,180,REPAIR,6,6,0,3,1603,27204,True
γ,f4sat,16,181,REPAIR,6,6,0,3,1603,27204,True
γ,f4sat,16,182,REPAIR,6,6,0,3,1603,27204,True
γ,f4sat,16,183,REPAIR,6,6,0,3,1603,27204,True
γ,f4sat,16,184,REPAIR,6,6,0,3,1603,27204,True
γ,f4sat,16,185,REPAIR,6,6,0,3,1603,27204,True
γ,f4sat,16,186,REPAIR,6,6,0,3,1603,27204,True
γ,f4sat,16,187,DIED,3,3,0,3,403,26004,True
γ,f4sat,16,188,REPAIR,6,6,0,3,1603,27204,True
γ,f4sat,16,189,DIED,3,3,0,3,403,26004,True
γ,f4sat,16,190,REPAIR,6,6,0,3,1603,27204,True
γ,f4sat,16,191,DIED,3,3,0,3,403,26004,True
γ,f4sat,16,192,REPAIR,6,6,0,3,1603,27204,True
γ,f4sat,16,193,DIED,4,4,0,3,803,26404,True
γ,f4sat,16,194,DIED,4,4,0,3,803,26404,True
γ,f4sat,16,195,DIED,4,4,0,3,803,26404,True
γ,f4sat,16,196,REPAIR,6,6,0,3,1603,27204,True
γ,f4sat,16,197,REPAIR,6,6,0,3,1603,27204,True
γ,f4sat,16,198,REPAIR,6,6,0,3,1603,27204,True
γ,f4sat,16,199,DIED,3,3,0,3,403,26004,True
γ,f4sat,16,200,DIED,4,4,0,3,803,26404,True
γ,f4sat,32,1,REPAIR,6,6,0,3,1603,52804,True
γ,f4sat,32,2,DIED,3,3,0,3,403,51604,True
γ,f4sat,32,3,REPAIR,6,6,0,3,1603,52804,True
γ,f4sat,32,4,REPAIR,6,6,0,3,1603,52804,True
γ,f4sat,32,5,REPAIR,6,6,0,3,1603,52804,True
γ,f4sat,32,6,REPAIR,6,6,0,3,1603,52804,True
γ,f4sat,32,7,REPAIR,6,6,0,3,1603,52804,True
γ,f4sat,32,8,REPAIR,6,6,0,3,1603,52804,True
γ,f4sat,32,9,DIED,4,4,0,3,803,52004,True
γ,f4sat,32,10,REPAIR,6,6,0,3,1603,52804,True
γ,f4sat,32,11,DIED,5,5,0,3,1203,52404,True
γ,f4sat,32,12,REPAIR,6,6,0,3,1603,52804,True
γ,f4sat,32,13,REPAIR,6,6,0,3,1603,52804,True
γ,f4sat,32,14,DIED,3,3,0,3,403,51604,True
γ,f4sat,32,15,REPAIR,6,6,0,3,1603,52804,True
γ,f4sat,32,16,REPAIR,6,6,0,3,1603,52804,True
γ,f4sat,32,17,REPAIR,6,6,0,3,1603,52804,True
γ,f4sat,32,18,REPAIR,6,6,0,3,1603,52804,True
γ,f4sat,32,19,REPAIR,6,6,0,3,1603,52804,True
γ,f4sat,32,20,DIED,5,5,0,3,1203,52404,True
γ,f4sat,32,21,REPAIR,6,6,0,3,1603,52804,True
γ,f4sat,32,22,DIED,3,3,0,3,403,51604,True
γ,f4sat,32,23,DIED,4,4,0,3,803,52004,True
γ,f4sat,32,24,DIED,3,3,0,3,403,51604,True
γ,f4sat,32,25,REPAIR,6,6,0,3,1603,52804,True
γ,f4sat,32,26,DIED,4,4,0,3,803,52004,True
γ,f4sat,32,27,REPAIR,6,6,0,3,1603,52804,True
γ,f4sat,32,28,DIED,4,4,0,3,803,52004,True
γ,f4sat,32,29,REPAIR,6,6,0,3,1603,52804,True
γ,f4sat,32,30,REPAIR,6,6,0,3,1603,52804,True
γ,f4sat,32,31,REPAIR,6,6,0,3,1603,52804,True
γ,f4sat,32,32,REPAIR,6,6,0,3,1603,52804,True
γ,f4sat,32,33,REPAIR,6,6,0,3,1603,52804,True
γ,f4sat,32,34,REPAIR,6,6,0,3,1603,52804,True
γ,f4sat,32,35,DIED,5,5,0,3,1203,52404,True
γ,f4sat,32,36,DIED,4,4,0,3,803,52004,True
γ,f4sat,32,37,DIED,3,3,0,3,403,51604,True
γ,f4sat,32,38,REPAIR,6,6,0,3,1603,52804,True
γ,f4sat,32,39,REPAIR,6,6,0,3,1603,52804,True
γ,f4sat,32,40,DIED,3,3,0,3,403,51604,True
γ,f4sat,32,41,REPAIR,6,6,0,3,1603,52804,True
γ,f4sat,32,42,REPAIR,6,6,0,3,1603,52804,True
γ,f4sat,32,43,DIED,3,3,0,3,403,51604,True
γ,f4sat,32,44,REPAIR,6,6,0,3,1603,52804,True
γ,f4sat,32,45,DIED,5,5,0,3,1203,52404,True
γ,f4sat,32,46,DIED,4,4,0,3,803,52004,True
γ,f4sat,32,47,DIED,4,4,0,3,803,52004,True
γ,f4sat,32,48,REPAIR,6,6,0,3,1603,52804,True
γ,f4sat,32,49,REPAIR,6,6,0,3,1603,52804,True
γ,f4sat,32,50,REPAIR,6,6,0,3,1603,52804,True
γ,f4sat,32,51,REPAIR,6,6,0,3,1603,52804,True
γ,f4sat,32,52,REPAIR,6,6,0,3,1603,52804,True
γ,f4sat,32,53,DIED,4,4,0,3,803,52004,True
γ,f4sat,32,54,REPAIR,6,6,0,3,1603,52804,True
γ,f4sat,32,55,REPAIR,6,6,0,3,1603,52804,True
γ,f4sat,32,56,DIED,4,4,0,3,803,52004,True
γ,f4sat,32,57,REPAIR,6,6,0,3,1603,52804,True
γ,f4sat,32,58,DIED,4,4,0,3,803,52004,True
γ,f4sat,32,59,REPAIR,6,6,0,3,1603,52804,True
γ,f4sat,32,60,DIED,4,4,0,3,803,52004,True
γ,f4sat,32,61,REPAIR,6,6,0,3,1603,52804,True
γ,f4sat,32,62,REPAIR,6,6,0,3,1603,52804,True
γ,f4sat,32,63,REPAIR,6,6,0,3,1603,52804,True
γ,f4sat,32,64,DIED,3,3,0,3,403,51604,True
γ,f4sat,32,65,REPAIR,6,6,0,3,1603,52804,True
γ,f4sat,32,66,REPAIR,6,6,0,3,1603,52804,True
γ,f4sat,32,67,REPAIR,6,6,0,3,1603,52804,True
γ,f4sat,32,68,DIED,3,3,0,3,403,51604,True
γ,f4sat,32,69,DIED,3,3,0,3,403,51604,True
γ,f4sat,32,70,DIED,4,4,0,3,803,52004,True
γ,f4sat,32,71,REPAIR,6,6,0,3,1603,52804,True
γ,f4sat,32,72,REPAIR,6,6,0,3,1603,52804,True
γ,f4sat,32,73,REPAIR,6,6,0,3,1603,52804,True
γ,f4sat,32,74,REPAIR,6,6,0,3,1603,52804,True
γ,f4sat,32,75,REPAIR,6,6,0,3,1603,52804,True
γ,f4sat,32,76,REPAIR,6,6,0,3,1603,52804,True
γ,f4sat,32,77,DIED,5,5,0,3,1203,52404,True
γ,f4sat,32,78,REPAIR,6,6,0,3,1603,52804,True
γ,f4sat,32,79,DIED,3,3,0,3,403,51604,True
γ,f4sat,32,80,REPAIR,6,6,0,3,1603,52804,True
γ,f4sat,32,81,REPAIR,6,6,0,3,1603,52804,True
γ,f4sat,32,82,REPAIR,6,6,0,3,1603,52804,True
γ,f4sat,32,83,DIED,3,3,0,3,403,51604,True
γ,f4sat,32,84,DIED,5,5,0,3,1203,52404,True
γ,f4sat,32,85,DIED,3,3,0,3,403,51604,True
γ,f4sat,32,86,REPAIR,6,6,0,3,1603,52804,True
γ,f4sat,32,87,REPAIR,6,6,0,3,1603,52804,True
γ,f4sat,32,88,REPAIR,6,6,0,3,1603,52804,True
γ,f4sat,32,89,REPAIR,6,6,0,3,1603,52804,True
γ,f4sat,32,90,REPAIR,6,6,0,3,1603,52804,True
γ,f4sat,32,91,REPAIR,6,6,0,3,1603,52804,True
γ,f4sat,32,92,REPAIR,6,6,0,3,1603,52804,True
γ,f4sat,32,93,DIED,3,3,0,3,403,51604,True
γ,f4sat,32,94,DIED,3,3,0,3,403,51604,True
γ,f4sat,32,95,REPAIR,6,6,0,3,1603,52804,True
γ,f4sat,32,96,DIED,3,3,0,3,403,51604,True
γ,f4sat,32,97,REPAIR,6,6,0,3,1603,52804,True
γ,f4sat,32,98,REPAIR,6,6,0,3,1603,52804,True
γ,f4sat,32,99,REPAIR,6,6,0,3,1603,52804,True
γ,f4sat,32,100,DIED,4,4,0,3,803,52004,True
γ,f4sat,32,101,REPAIR,6,6,0,3,1603,52804,True
γ,f4sat,32,102,REPAIR,6,6,0,3,1603,52804,True
γ,f4sat,32,103,DIED,4,4,0,3,803,52004,True
γ,f4sat,32,104,DIED,4,4,0,3,803,52004,True
γ,f4sat,32,105,REPAIR,6,6,0,3,1603,52804,True
γ,f4sat,32,106,DIED,3,3,0,3,403,51604,True
γ,f4sat,32,107,REPAIR,6,6,0,3,1603,52804,True
γ,f4sat,32,108,DIED,4,4,0,3,803,52004,True
γ,f4sat,32,109,DIED,4,4,0,3,803,52004,True
γ,f4sat,32,110,DIED,3,3,0,3,403,51604,True
γ,f4sat,32,111,REPAIR,6,6,0,3,1603,52804,True
γ,f4sat,32,112,REPAIR,6,6,0,3,1603,52804,True
γ,f4sat,32,113,REPAIR,6,6,0,3,1603,52804,True
γ,f4sat,32,114,DIED,5,5,0,3,1203,52404,True
γ,f4sat,32,115,DIED,3,3,0,3,403,51604,True
γ,f4sat,32,116,DIED,3,3,0,3,403,51604,True
γ,f4sat,32,117,REPAIR,6,6,0,3,1603,52804,True
γ,f4sat,32,118,DIED,5,5,0,3,1203,52404,True
γ,f4sat,32,119,REPAIR,6,6,0,3,1603,52804,True
γ,f4sat,32,120,REPAIR,6,6,0,3,1603,52804,True
γ,f4sat,32,121,REPAIR,6,6,0,3,1603,52804,True
γ,f4sat,32,122,REPAIR,6,6,0,3,1603,52804,True
γ,f4sat,32,123,DIED,4,4,0,3,803,52004,True
γ,f4sat,32,124,REPAIR,6,6,0,3,1603,52804,True
γ,f4sat,32,125,REPAIR,6,6,0,3,1603,52804,True
γ,f4sat,32,126,REPAIR,6,6,0,3,1603,52804,True
γ,f4sat,32,127,REPAIR,6,6,0,3,1603,52804,True
γ,f4sat,32,128,DIED,3,3,0,3,403,51604,True
γ,f4sat,32,129,REPAIR,6,6,0,3,1603,52804,True
γ,f4sat,32,130,REPAIR,6,6,0,3,1603,52804,True
γ,f4sat,32,131,DIED,4,4,0,3,803,52004,True
γ,f4sat,32,132,DIED,4,4,0,3,803,52004,True
γ,f4sat,32,133,REPAIR,6,6,0,3,1603,52804,True
γ,f4sat,32,134,REPAIR,6,6,0,3,1603,52804,True
γ,f4sat,32,135,REPAIR,6,6,0,3,1603,52804,True
γ,f4sat,32,136,REPAIR,6,6,0,3,1603,52804,True
γ,f4sat,32,137,DIED,3,3,0,3,403,51604,True
γ,f4sat,32,138,REPAIR,6,6,0,3,1603,52804,True
γ,f4sat,32,139,REPAIR,6,6,0,3,1603,52804,True
γ,f4sat,32,140,REPAIR,6,6,0,3,1603,52804,True
γ,f4sat,32,141,DIED,5,5,0,3,1203,52404,True
γ,f4sat,32,142,REPAIR,6,6,0,3,1603,52804,True
γ,f4sat,32,143,DIED,5,5,0,3,1203,52404,True
γ,f4sat,32,144,DIED,3,3,0,3,403,51604,True
γ,f4sat,32,145,DIED,3,3,0,3,403,51604,True
γ,f4sat,32,146,REPAIR,6,6,0,3,1603,52804,True
γ,f4sat,32,147,DIED,4,4,0,3,803,52004,True
γ,f4sat,32,148,REPAIR,6,6,0,3,1603,52804,True
γ,f4sat,32,149,REPAIR,6,6,0,3,1603,52804,True
γ,f4sat,32,150,DIED,4,4,0,3,803,52004,True
γ,f4sat,32,151,DIED,5,5,0,3,1203,52404,True
γ,f4sat,32,152,REPAIR,6,6,0,3,1603,52804,True
γ,f4sat,32,153,DIED,3,3,0,3,403,51604,True
γ,f4sat,32,154,DIED,3,3,0,3,403,51604,True
γ,f4sat,32,155,DIED,3,3,0,3,403,51604,True
γ,f4sat,32,156,REPAIR,6,6,0,3,1603,52804,True
γ,f4sat,32,157,DIED,5,5,0,3,1203,52404,True
γ,f4sat,32,158,REPAIR,6,6,0,3,1603,52804,True
γ,f4sat,32,159,DIED,3,3,0,3,403,51604,True
γ,f4sat,32,160,REPAIR,6,6,0,3,1603,52804,True
γ,f4sat,32,161,REPAIR,6,6,0,3,1603,52804,True
γ,f4sat,32,162,DIED,5,5,0,3,1203,52404,True
γ,f4sat,32,163,REPAIR,6,6,0,3,1603,52804,True
γ,f4sat,32,164,DIED,5,5,0,3,1203,52404,True
γ,f4sat,32,165,REPAIR,6,6,0,3,1603,52804,True
γ,f4sat,32,166,DIED,5,5,0,3,1203,52404,True
γ,f4sat,32,167,DIED,3,3,0,3,403,51604,True
γ,f4sat,32,168,DIED,5,5,0,3,1203,52404,True
γ,f4sat,32,169,REPAIR,6,6,0,3,1603,52804,True
γ,f4sat,32,170,REPAIR,6,6,0,3,1603,52804,True
γ,f4sat,32,171,DIED,4,4,0,3,803,52004,True
γ,f4sat,32,172,REPAIR,6,6,0,3,1603,52804,True
γ,f4sat,32,173,REPAIR,6,6,0,3,1603,52804,True
γ,f4sat,32,174,REPAIR,6,6,0,3,1603,52804,True
γ,f4sat,32,175,DIED,4,4,0,3,803,52004,True
γ,f4sat,32,176,DIED,4,4,0,3,803,52004,True
γ,f4sat,32,177,REPAIR,6,6,0,3,1603,52804,True
γ,f4sat,32,178,REPAIR,6,6,0,3,1603,52804,True
γ,f4sat,32,179,REPAIR,6,6,0,3,1603,52804,True
γ,f4sat,32,180,REPAIR,6,6,0,3,1603,52804,True
γ,f4sat,32,181,REPAIR,6,6,0,3,1603,52804,True
γ,f4sat,32,182,REPAIR,6,6,0,3,1603,52804,True
γ,f4sat,32,183,REPAIR,6,6,0,3,1603,52804,True
γ,f4sat,32,184,DIED,3,3,0,3,403,51604,True
γ,f4sat,32,185,DIED,4,4,0,3,803,52004,True
γ,f4sat,32,186,DIED,3,3,0,3,403,51604,True
γ,f4sat,32,187,REPAIR,6,6,0,3,1603,52804,True
γ,f4sat,32,188,REPAIR,6,6,0,3,1603,52804,True
γ,f4sat,32,189,REPAIR,6,6,0,3,1603,52804,True
γ,f4sat,32,190,DIED,4,4,0,3,803,52004,True
γ,f4sat,32,191,REPAIR,6,6,0,3,1603,52804,True
γ,f4sat,32,192,DIED,5,5,0,3,1203,52404,True
γ,f4sat,32,193,REPAIR,6,6,0,3,1603,52804,True
γ,f4sat,32,194,DIED,3,3,0,3,403,51604,True
γ,f4sat,32,195,DIED,5,5,0,3,1203,52404,True
γ,f4sat,32,196,DIED,3,3,0,3,403,51604,True
γ,f4sat,32,197,DIED,4,4,0,3,803,52004,True
γ,f4sat,32,198,REPAIR,6,6,0,3,1603,52804,True
γ,f4sat,32,199,REPAIR,6,6,0,3,1603,52804,True
γ,f4sat,32,200,REPAIR,6,6,0,3,1603,52804,True
δ,f3,1,1,DIED,0,0,0,0,401,401,True
δ,f3,1,2,DIED,0,0,0,0,401,401,True
δ,f3,1,3,DIED,0,0,0,0,401,401,True
δ,f3,1,4,DIED,0,0,0,0,401,401,True
δ,f3,1,5,DIED,0,0,0,0,401,401,True
δ,f3,1,6,DIED,0,0,0,0,401,401,True
δ,f3,1,7,DIED,0,0,0,0,401,401,True
δ,f3,1,8,DIED,0,0,0,0,401,401,True
δ,f3,1,9,DIED,0,0,0,0,401,401,True
δ,f3,1,10,DIED,0,0,0,0,401,401,True
δ,f3,1,11,DIED,0,0,0,0,401,401,True
δ,f3,1,12,DIED,0,0,0,0,401,401,True
δ,f3,1,13,DIED,0,0,0,0,401,401,True
δ,f3,1,14,DIED,0,0,0,0,401,401,True
δ,f3,1,15,DIED,0,0,0,0,401,401,True
δ,f3,1,16,DIED,0,0,0,0,401,401,True
δ,f3,1,17,DIED,0,0,0,0,401,401,True
δ,f3,1,18,DIED,0,0,0,0,401,401,True
δ,f3,1,19,DIED,0,0,0,0,401,401,True
δ,f3,1,20,DIED,0,0,0,0,401,401,True
δ,f3,1,21,DIED,0,0,0,0,401,401,True
δ,f3,1,22,DIED,0,0,0,0,401,401,True
δ,f3,1,23,DIED,0,0,0,0,401,401,True
δ,f3,1,24,DIED,0,0,0,0,401,401,True
δ,f3,1,25,DIED,0,0,0,0,401,401,True
δ,f3,1,26,DIED,0,0,0,0,401,401,True
δ,f3,1,27,DIED,0,0,0,0,401,401,True
δ,f3,1,28,DIED,0,0,0,0,401,401,True
δ,f3,1,29,DIED,0,0,0,0,401,401,True
δ,f3,1,30,DIED,0,0,0,0,401,401,True
δ,f3,1,31,DIED,0,0,0,0,401,401,True
δ,f3,1,32,DIED,0,0,0,0,401,401,True
δ,f3,1,33,DIED,0,0,0,0,401,401,True
δ,f3,1,34,DIED,0,0,0,0,401,401,True
δ,f3,1,35,DIED,0,0,0,0,401,401,True
δ,f3,1,36,DIED,0,0,0,0,401,401,True
δ,f3,1,37,DIED,0,0,0,0,401,401,True
δ,f3,1,38,DIED,0,0,0,0,401,401,True
δ,f3,1,39,DIED,0,0,0,0,401,401,True
δ,f3,1,40,DIED,0,0,0,0,401,401,True
δ,f3,1,41,DIED,0,0,0,0,401,401,True
δ,f3,1,42,DIED,0,0,0,0,401,401,True
δ,f3,1,43,DIED,0,0,0,0,401,401,True
δ,f3,1,44,DIED,0,0,0,0,401,401,True
δ,f3,1,45,DIED,0,0,0,0,401,401,True
δ,f3,1,46,DIED,0,0,0,0,401,401,True
δ,f3,1,47,DIED,0,0,0,0,401,401,True
δ,f3,1,48,DIED,0,0,0,0,401,401,True
δ,f3,1,49,DIED,0,0,0,0,401,401,True
δ,f3,1,50,DIED,0,0,0,0,401,401,True
δ,f3,1,51,DIED,0,0,0,0,401,401,True
δ,f3,1,52,DIED,0,0,0,0,401,401,True
δ,f3,1,53,DIED,0,0,0,0,401,401,True
δ,f3,1,54,DIED,0,0,0,0,401,401,True
δ,f3,1,55,DIED,0,0,0,0,401,401,True
δ,f3,1,56,DIED,0,0,0,0,401,401,True
δ,f3,1,57,DIED,0,0,0,0,401,401,True
δ,f3,1,58,DIED,0,0,0,0,401,401,True
δ,f3,1,59,DIED,0,0,0,0,401,401,True
δ,f3,1,60,DIED,0,0,0,0,401,401,True
δ,f3,1,61,DIED,0,0,0,0,401,401,True
δ,f3,1,62,DIED,0,0,0,0,401,401,True
δ,f3,1,63,DIED,0,0,0,0,401,401,True
δ,f3,1,64,DIED,0,0,0,0,401,401,True
δ,f3,1,65,DIED,0,0,0,0,401,401,True
δ,f3,1,66,DIED,0,0,0,0,401,401,True
δ,f3,1,67,DIED,0,0,0,0,401,401,True
δ,f3,1,68,DIED,0,0,0,0,401,401,True
δ,f3,1,69,DIED,0,0,0,0,401,401,True
δ,f3,1,70,DIED,0,0,0,0,401,401,True
δ,f3,1,71,DIED,0,0,0,0,401,401,True
δ,f3,1,72,DIED,0,0,0,0,401,401,True
δ,f3,1,73,DIED,0,0,0,0,401,401,True
δ,f3,1,74,DIED,0,0,0,0,401,401,True
δ,f3,1,75,DIED,0,0,0,0,401,401,True
δ,f3,1,76,DIED,0,0,0,0,401,401,True
δ,f3,1,77,DIED,0,0,0,0,401,401,True
δ,f3,1,78,DIED,0,0,0,0,401,401,True
δ,f3,1,79,DIED,0,0,0,0,401,401,True
δ,f3,1,80,DIED,0,0,0,0,401,401,True
δ,f3,1,81,DIED,0,0,0,0,401,401,True
δ,f3,1,82,DIED,0,0,0,0,401,401,True
δ,f3,1,83,DIED,0,0,0,0,401,401,True
δ,f3,1,84,DIED,0,0,0,0,401,401,True
δ,f3,1,85,DIED,0,0,0,0,401,401,True
δ,f3,1,86,DIED,0,0,0,0,401,401,True
δ,f3,1,87,DIED,0,0,0,0,401,401,True
δ,f3,1,88,DIED,0,0,0,0,401,401,True
δ,f3,1,89,DIED,0,0,0,0,401,401,True
δ,f3,1,90,DIED,0,0,0,0,401,401,True
δ,f3,1,91,DIED,0,0,0,0,401,401,True
δ,f3,1,92,DIED,0,0,0,0,401,401,True
δ,f3,1,93,DIED,0,0,0,0,401,401,True
δ,f3,1,94,DIED,0,0,0,0,401,401,True
δ,f3,1,95,DIED,0,0,0,0,401,401,True
δ,f3,1,96,DIED,0,0,0,0,401,401,True
δ,f3,1,97,DIED,0,0,0,0,401,401,True
δ,f3,1,98,DIED,0,0,0,0,401,401,True
δ,f3,1,99,DIED,0,0,0,0,401,401,True
δ,f3,1,100,DIED,0,0,0,0,401,401,True
δ,f3,1,101,DIED,0,0,0,0,401,401,True
δ,f3,1,102,DIED,0,0,0,0,401,401,True
δ,f3,1,103,DIED,0,0,0,0,401,401,True
δ,f3,1,104,DIED,0,0,0,0,401,401,True
δ,f3,1,105,DIED,0,0,0,0,401,401,True
δ,f3,1,106,DIED,0,0,0,0,401,401,True
δ,f3,1,107,DIED,0,0,0,0,401,401,True
δ,f3,1,108,DIED,0,0,0,0,401,401,True
δ,f3,1,109,DIED,0,0,0,0,401,401,True
δ,f3,1,110,DIED,0,0,0,0,401,401,True
δ,f3,1,111,DIED,0,0,0,0,401,401,True
δ,f3,1,112,DIED,0,0,0,0,401,401,True
δ,f3,1,113,DIED,0,0,0,0,401,401,True
δ,f3,1,114,DIED,0,0,0,0,401,401,True
δ,f3,1,115,DIED,0,0,0,0,401,401,True
δ,f3,1,116,DIED,0,0,0,0,401,401,True
δ,f3,1,117,DIED,0,0,0,0,401,401,True
δ,f3,1,118,DIED,0,0,0,0,401,401,True
δ,f3,1,119,DIED,0,0,0,0,401,401,True
δ,f3,1,120,DIED,0,0,0,0,401,401,True
δ,f3,1,121,DIED,0,0,0,0,401,401,True
δ,f3,1,122,DIED,0,0,0,0,401,401,True
δ,f3,1,123,DIED,0,0,0,0,401,401,True
δ,f3,1,124,DIED,0,0,0,0,401,401,True
δ,f3,1,125,DIED,0,0,0,0,401,401,True
δ,f3,1,126,DIED,0,0,0,0,401,401,True
δ,f3,1,127,DIED,0,0,0,0,401,401,True
δ,f3,1,128,DIED,0,0,0,0,401,401,True
δ,f3,1,129,DIED,0,0,0,0,401,401,True
δ,f3,1,130,DIED,0,0,0,0,401,401,True
δ,f3,1,131,DIED,0,0,0,0,401,401,True
δ,f3,1,132,DIED,0,0,0,0,401,401,True
δ,f3,1,133,DIED,0,0,0,0,401,401,True
δ,f3,1,134,DIED,0,0,0,0,401,401,True
δ,f3,1,135,DIED,0,0,0,0,401,401,True
δ,f3,1,136,DIED,0,0,0,0,401,401,True
δ,f3,1,137,DIED,0,0,0,0,401,401,True
δ,f3,1,138,DIED,0,0,0,0,401,401,True
δ,f3,1,139,DIED,0,0,0,0,401,401,True
δ,f3,1,140,DIED,0,0,0,0,401,401,True
δ,f3,1,141,DIED,0,0,0,0,401,401,True
δ,f3,1,142,DIED,0,0,0,0,401,401,True
δ,f3,1,143,DIED,0,0,0,0,401,401,True
δ,f3,1,144,DIED,0,0,0,0,401,401,True
δ,f3,1,145,DIED,0,0,0,0,401,401,True
δ,f3,1,146,DIED,0,0,0,0,401,401,True
δ,f3,1,147,DIED,0,0,0,0,401,401,True
δ,f3,1,148,DIED,0,0,0,0,401,401,True
δ,f3,1,149,DIED,0,0,0,0,401,401,True
δ,f3,1,150,DIED,0,0,0,0,401,401,True
δ,f3,1,151,DIED,0,0,0,0,401,401,True
δ,f3,1,152,DIED,0,0,0,0,401,401,True
δ,f3,1,153,DIED,0,0,0,0,401,401,True
δ,f3,1,154,DIED,0,0,0,0,401,401,True
δ,f3,1,155,DIED,0,0,0,0,401,401,True
δ,f3,1,156,DIED,0,0,0,0,401,401,True
δ,f3,1,157,DIED,0,0,0,0,401,401,True
δ,f3,1,158,DIED,0,0,0,0,401,401,True
δ,f3,1,159,DIED,0,0,0,0,401,401,True
δ,f3,1,160,DIED,0,0,0,0,401,401,True
δ,f3,1,161,DIED,0,0,0,0,401,401,True
δ,f3,1,162,DIED,0,0,0,0,401,401,True
δ,f3,1,163,DIED,0,0,0,0,401,401,True
δ,f3,1,164,DIED,0,0,0,0,401,401,True
δ,f3,1,165,DIED,0,0,0,0,401,401,True
δ,f3,1,166,DIED,0,0,0,0,401,401,True
δ,f3,1,167,DIED,0,0,0,0,401,401,True
δ,f3,1,168,DIED,0,0,0,0,401,401,True
δ,f3,1,169,DIED,0,0,0,0,401,401,True
δ,f3,1,170,DIED,0,0,0,0,401,401,True
δ,f3,1,171,DIED,0,0,0,0,401,401,True
δ,f3,1,172,DIED,0,0,0,0,401,401,True
δ,f3,1,173,DIED,0,0,0,0,401,401,True
δ,f3,1,174,DIED,0,0,0,0,401,401,True
δ,f3,1,175,DIED,0,0,0,0,401,401,True
δ,f3,1,176,DIED,0,0,0,0,401,401,True
δ,f3,1,177,DIED,0,0,0,0,401,401,True
δ,f3,1,178,DIED,0,0,0,0,401,401,True
δ,f3,1,179,DIED,0,0,0,0,401,401,True
δ,f3,1,180,DIED,0,0,0,0,401,401,True
δ,f3,1,181,DIED,0,0,0,0,401,401,True
δ,f3,1,182,DIED,0,0,0,0,401,401,True
δ,f3,1,183,DIED,0,0,0,0,401,401,True
δ,f3,1,184,DIED,0,0,0,0,401,401,True
δ,f3,1,185,DIED,0,0,0,0,401,401,True
δ,f3,1,186,DIED,0,0,0,0,401,401,True
δ,f3,1,187,DIED,0,0,0,0,401,401,True
δ,f3,1,188,DIED,0,0,0,0,401,401,True
δ,f3,1,189,DIED,0,0,0,0,401,401,True
δ,f3,1,190,DIED,0,0,0,0,401,401,True
δ,f3,1,191,DIED,0,0,0,0,401,401,True
δ,f3,1,192,DIED,0,0,0,0,401,401,True
δ,f3,1,193,DIED,0,0,0,0,401,401,True
δ,f3,1,194,DIED,0,0,0,0,401,401,True
δ,f3,1,195,DIED,0,0,0,0,401,401,True
δ,f3,1,196,DIED,0,0,0,0,401,401,True
δ,f3,1,197,DIED,0,0,0,0,401,401,True
δ,f3,1,198,DIED,0,0,0,0,401,401,True
δ,f3,1,199,DIED,0,0,0,0,401,401,True
δ,f3,1,200,DIED,0,0,0,0,401,401,True
δ,f4none,1,1,DIED,0,0,0,0,401,401,True
δ,f4none,1,2,DIED,0,0,0,0,401,401,True
δ,f4none,1,3,DIED,0,0,0,0,401,401,True
δ,f4none,1,4,DIED,0,0,0,0,401,401,True
δ,f4none,1,5,DIED,0,0,0,0,401,401,True
δ,f4none,1,6,DIED,0,0,0,0,401,401,True
δ,f4none,1,7,DIED,0,0,0,0,401,401,True
δ,f4none,1,8,DIED,0,0,0,0,401,401,True
δ,f4none,1,9,DIED,0,0,0,0,401,401,True
δ,f4none,1,10,DIED,0,0,0,0,401,401,True
δ,f4none,1,11,DIED,0,0,0,0,401,401,True
δ,f4none,1,12,DIED,0,0,0,0,401,401,True
δ,f4none,1,13,DIED,0,0,0,0,401,401,True
δ,f4none,1,14,DIED,0,0,0,0,401,401,True
δ,f4none,1,15,DIED,0,0,0,0,401,401,True
δ,f4none,1,16,DIED,0,0,0,0,401,401,True
δ,f4none,1,17,DIED,0,0,0,0,401,401,True
δ,f4none,1,18,DIED,0,0,0,0,401,401,True
δ,f4none,1,19,DIED,0,0,0,0,401,401,True
δ,f4none,1,20,DIED,0,0,0,0,401,401,True
δ,f4none,1,21,DIED,0,0,0,0,401,401,True
δ,f4none,1,22,DIED,0,0,0,0,401,401,True
δ,f4none,1,23,DIED,0,0,0,0,401,401,True
δ,f4none,1,24,DIED,0,0,0,0,401,401,True
δ,f4none,1,25,DIED,0,0,0,0,401,401,True
δ,f4none,1,26,DIED,0,0,0,0,401,401,True
δ,f4none,1,27,DIED,0,0,0,0,401,401,True
δ,f4none,1,28,DIED,0,0,0,0,401,401,True
δ,f4none,1,29,DIED,0,0,0,0,401,401,True
δ,f4none,1,30,DIED,0,0,0,0,401,401,True
δ,f4none,1,31,DIED,0,0,0,0,401,401,True
δ,f4none,1,32,DIED,0,0,0,0,401,401,True
δ,f4none,1,33,DIED,0,0,0,0,401,401,True
δ,f4none,1,34,DIED,0,0,0,0,401,401,True
δ,f4none,1,35,DIED,0,0,0,0,401,401,True
δ,f4none,1,36,DIED,0,0,0,0,401,401,True
δ,f4none,1,37,DIED,0,0,0,0,401,401,True
δ,f4none,1,38,DIED,0,0,0,0,401,401,True
δ,f4none,1,39,DIED,0,0,0,0,401,401,True
δ,f4none,1,40,DIED,0,0,0,0,401,401,True
δ,f4none,1,41,DIED,0,0,0,0,401,401,True
δ,f4none,1,42,DIED,0,0,0,0,401,401,True
δ,f4none,1,43,DIED,0,0,0,0,401,401,True
δ,f4none,1,44,DIED,0,0,0,0,401,401,True
δ,f4none,1,45,DIED,0,0,0,0,401,401,True
δ,f4none,1,46,DIED,0,0,0,0,401,401,True
δ,f4none,1,47,DIED,0,0,0,0,401,401,True
δ,f4none,1,48,DIED,0,0,0,0,401,401,True
δ,f4none,1,49,DIED,0,0,0,0,401,401,True
δ,f4none,1,50,DIED,0,0,0,0,401,401,True
δ,f4none,1,51,DIED,0,0,0,0,401,401,True
δ,f4none,1,52,DIED,0,0,0,0,401,401,True
δ,f4none,1,53,DIED,0,0,0,0,401,401,True
δ,f4none,1,54,DIED,0,0,0,0,401,401,True
δ,f4none,1,55,DIED,0,0,0,0,401,401,True
δ,f4none,1,56,DIED,0,0,0,0,401,401,True
δ,f4none,1,57,DIED,0,0,0,0,401,401,True
δ,f4none,1,58,DIED,0,0,0,0,401,401,True
δ,f4none,1,59,DIED,0,0,0,0,401,401,True
δ,f4none,1,60,DIED,0,0,0,0,401,401,True
δ,f4none,1,61,DIED,0,0,0,0,401,401,True
δ,f4none,1,62,DIED,0,0,0,0,401,401,True
δ,f4none,1,63,DIED,0,0,0,0,401,401,True
δ,f4none,1,64,DIED,0,0,0,0,401,401,True
δ,f4none,1,65,DIED,0,0,0,0,401,401,True
δ,f4none,1,66,DIED,0,0,0,0,401,401,True
δ,f4none,1,67,DIED,0,0,0,0,401,401,True
δ,f4none,1,68,DIED,0,0,0,0,401,401,True
δ,f4none,1,69,DIED,0,0,0,0,401,401,True
δ,f4none,1,70,DIED,0,0,0,0,401,401,True
δ,f4none,1,71,DIED,0,0,0,0,401,401,True
δ,f4none,1,72,DIED,0,0,0,0,401,401,True
δ,f4none,1,73,DIED,0,0,0,0,401,401,True
δ,f4none,1,74,DIED,0,0,0,0,401,401,True
δ,f4none,1,75,DIED,0,0,0,0,401,401,True
δ,f4none,1,76,DIED,0,0,0,0,401,401,True
δ,f4none,1,77,DIED,0,0,0,0,401,401,True
δ,f4none,1,78,DIED,0,0,0,0,401,401,True
δ,f4none,1,79,DIED,0,0,0,0,401,401,True
δ,f4none,1,80,DIED,0,0,0,0,401,401,True
δ,f4none,1,81,DIED,0,0,0,0,401,401,True
δ,f4none,1,82,DIED,0,0,0,0,401,401,True
δ,f4none,1,83,DIED,0,0,0,0,401,401,True
δ,f4none,1,84,DIED,0,0,0,0,401,401,True
δ,f4none,1,85,DIED,0,0,0,0,401,401,True
δ,f4none,1,86,DIED,0,0,0,0,401,401,True
δ,f4none,1,87,DIED,0,0,0,0,401,401,True
δ,f4none,1,88,DIED,0,0,0,0,401,401,True
δ,f4none,1,89,DIED,0,0,0,0,401,401,True
δ,f4none,1,90,DIED,0,0,0,0,401,401,True
δ,f4none,1,91,DIED,0,0,0,0,401,401,True
δ,f4none,1,92,DIED,0,0,0,0,401,401,True
δ,f4none,1,93,DIED,0,0,0,0,401,401,True
δ,f4none,1,94,DIED,0,0,0,0,401,401,True
δ,f4none,1,95,DIED,0,0,0,0,401,401,True
δ,f4none,1,96,DIED,0,0,0,0,401,401,True
δ,f4none,1,97,DIED,0,0,0,0,401,401,True
δ,f4none,1,98,DIED,0,0,0,0,401,401,True
δ,f4none,1,99,DIED,0,0,0,0,401,401,True
δ,f4none,1,100,DIED,0,0,0,0,401,401,True
δ,f4none,1,101,DIED,0,0,0,0,401,401,True
δ,f4none,1,102,DIED,0,0,0,0,401,401,True
δ,f4none,1,103,DIED,0,0,0,0,401,401,True
δ,f4none,1,104,DIED,0,0,0,0,401,401,True
δ,f4none,1,105,DIED,0,0,0,0,401,401,True
δ,f4none,1,106,DIED,0,0,0,0,401,401,True
δ,f4none,1,107,DIED,0,0,0,0,401,401,True
δ,f4none,1,108,DIED,0,0,0,0,401,401,True
δ,f4none,1,109,DIED,0,0,0,0,401,401,True
δ,f4none,1,110,DIED,0,0,0,0,401,401,True
δ,f4none,1,111,DIED,0,0,0,0,401,401,True
δ,f4none,1,112,DIED,0,0,0,0,401,401,True
δ,f4none,1,113,DIED,0,0,0,0,401,401,True
δ,f4none,1,114,DIED,0,0,0,0,401,401,True
δ,f4none,1,115,DIED,0,0,0,0,401,401,True
δ,f4none,1,116,DIED,0,0,0,0,401,401,True
δ,f4none,1,117,DIED,0,0,0,0,401,401,True
δ,f4none,1,118,DIED,0,0,0,0,401,401,True
δ,f4none,1,119,DIED,0,0,0,0,401,401,True
δ,f4none,1,120,DIED,0,0,0,0,401,401,True
δ,f4none,1,121,DIED,0,0,0,0,401,401,True
δ,f4none,1,122,DIED,0,0,0,0,401,401,True
δ,f4none,1,123,DIED,0,0,0,0,401,401,True
δ,f4none,1,124,DIED,0,0,0,0,401,401,True
δ,f4none,1,125,DIED,0,0,0,0,401,401,True
δ,f4none,1,126,DIED,0,0,0,0,401,401,True
δ,f4none,1,127,DIED,0,0,0,0,401,401,True
δ,f4none,1,128,DIED,0,0,0,0,401,401,True
δ,f4none,1,129,DIED,0,0,0,0,401,401,True
δ,f4none,1,130,DIED,0,0,0,0,401,401,True
δ,f4none,1,131,DIED,0,0,0,0,401,401,True
δ,f4none,1,132,DIED,0,0,0,0,401,401,True
δ,f4none,1,133,DIED,0,0,0,0,401,401,True
δ,f4none,1,134,DIED,0,0,0,0,401,401,True
δ,f4none,1,135,DIED,0,0,0,0,401,401,True
δ,f4none,1,136,DIED,0,0,0,0,401,401,True
δ,f4none,1,137,DIED,0,0,0,0,401,401,True
δ,f4none,1,138,DIED,0,0,0,0,401,401,True
δ,f4none,1,139,DIED,0,0,0,0,401,401,True
δ,f4none,1,140,DIED,0,0,0,0,401,401,True
δ,f4none,1,141,DIED,0,0,0,0,401,401,True
δ,f4none,1,142,DIED,0,0,0,0,401,401,True
δ,f4none,1,143,DIED,0,0,0,0,401,401,True
δ,f4none,1,144,DIED,0,0,0,0,401,401,True
δ,f4none,1,145,DIED,0,0,0,0,401,401,True
δ,f4none,1,146,DIED,0,0,0,0,401,401,True
δ,f4none,1,147,DIED,0,0,0,0,401,401,True
δ,f4none,1,148,DIED,0,0,0,0,401,401,True
δ,f4none,1,149,DIED,0,0,0,0,401,401,True
δ,f4none,1,150,DIED,0,0,0,0,401,401,True
δ,f4none,1,151,DIED,0,0,0,0,401,401,True
δ,f4none,1,152,DIED,0,0,0,0,401,401,True
δ,f4none,1,153,DIED,0,0,0,0,401,401,True
δ,f4none,1,154,DIED,0,0,0,0,401,401,True
δ,f4none,1,155,DIED,0,0,0,0,401,401,True
δ,f4none,1,156,DIED,0,0,0,0,401,401,True
δ,f4none,1,157,DIED,0,0,0,0,401,401,True
δ,f4none,1,158,DIED,0,0,0,0,401,401,True
δ,f4none,1,159,DIED,0,0,0,0,401,401,True
δ,f4none,1,160,DIED,0,0,0,0,401,401,True
δ,f4none,1,161,DIED,0,0,0,0,401,401,True
δ,f4none,1,162,DIED,0,0,0,0,401,401,True
δ,f4none,1,163,DIED,0,0,0,0,401,401,True
δ,f4none,1,164,DIED,0,0,0,0,401,401,True
δ,f4none,1,165,DIED,0,0,0,0,401,401,True
δ,f4none,1,166,DIED,0,0,0,0,401,401,True
δ,f4none,1,167,DIED,0,0,0,0,401,401,True
δ,f4none,1,168,DIED,0,0,0,0,401,401,True
δ,f4none,1,169,DIED,0,0,0,0,401,401,True
δ,f4none,1,170,DIED,0,0,0,0,401,401,True
δ,f4none,1,171,DIED,0,0,0,0,401,401,True
δ,f4none,1,172,DIED,0,0,0,0,401,401,True
δ,f4none,1,173,DIED,0,0,0,0,401,401,True
δ,f4none,1,174,DIED,0,0,0,0,401,401,True
δ,f4none,1,175,DIED,0,0,0,0,401,401,True
δ,f4none,1,176,DIED,0,0,0,0,401,401,True
δ,f4none,1,177,DIED,0,0,0,0,401,401,True
δ,f4none,1,178,DIED,0,0,0,0,401,401,True
δ,f4none,1,179,DIED,0,0,0,0,401,401,True
δ,f4none,1,180,DIED,0,0,0,0,401,401,True
δ,f4none,1,181,DIED,0,0,0,0,401,401,True
δ,f4none,1,182,DIED,0,0,0,0,401,401,True
δ,f4none,1,183,DIED,0,0,0,0,401,401,True
δ,f4none,1,184,DIED,0,0,0,0,401,401,True
δ,f4none,1,185,DIED,0,0,0,0,401,401,True
δ,f4none,1,186,DIED,0,0,0,0,401,401,True
δ,f4none,1,187,DIED,0,0,0,0,401,401,True
δ,f4none,1,188,DIED,0,0,0,0,401,401,True
δ,f4none,1,189,DIED,0,0,0,0,401,401,True
δ,f4none,1,190,DIED,0,0,0,0,401,401,True
δ,f4none,1,191,DIED,0,0,0,0,401,401,True
δ,f4none,1,192,DIED,0,0,0,0,401,401,True
δ,f4none,1,193,DIED,0,0,0,0,401,401,True
δ,f4none,1,194,DIED,0,0,0,0,401,401,True
δ,f4none,1,195,DIED,0,0,0,0,401,401,True
δ,f4none,1,196,DIED,0,0,0,0,401,401,True
δ,f4none,1,197,DIED,0,0,0,0,401,401,True
δ,f4none,1,198,DIED,0,0,0,0,401,401,True
δ,f4none,1,199,DIED,0,0,0,0,401,401,True
δ,f4none,1,200,DIED,0,0,0,0,401,401,True
δ,f4sat,1,1,DIED,0,0,0,3,401,2002,True
δ,f4sat,1,2,DIED,0,0,0,3,401,2002,True
δ,f4sat,1,3,DIED,0,0,0,3,401,2002,True
δ,f4sat,1,4,DIED,0,0,0,3,401,2002,True
δ,f4sat,1,5,DIED,0,0,0,3,401,2002,True
δ,f4sat,1,6,DIED,0,0,0,3,401,2002,True
δ,f4sat,1,7,DIED,0,0,0,3,401,2002,True
δ,f4sat,1,8,DIED,0,0,0,3,401,2002,True
δ,f4sat,1,9,DIED,0,0,0,3,401,2002,True
δ,f4sat,1,10,DIED,0,0,0,3,401,2002,True
δ,f4sat,1,11,DIED,0,0,0,3,401,2002,True
δ,f4sat,1,12,DIED,0,0,0,3,401,2002,True
δ,f4sat,1,13,DIED,0,0,0,3,401,2002,True
δ,f4sat,1,14,DIED,0,0,0,3,401,2002,True
δ,f4sat,1,15,DIED,0,0,0,3,401,2002,True
δ,f4sat,1,16,DIED,0,0,0,3,401,2002,True
δ,f4sat,1,17,DIED,0,0,0,3,401,2002,True
δ,f4sat,1,18,DIED,0,0,0,3,401,2002,True
δ,f4sat,1,19,DIED,0,0,0,3,401,2002,True
δ,f4sat,1,20,DIED,0,0,0,3,401,2002,True
δ,f4sat,1,21,DIED,0,0,0,3,401,2002,True
δ,f4sat,1,22,DIED,0,0,0,3,401,2002,True
δ,f4sat,1,23,DIED,0,0,0,3,401,2002,True
δ,f4sat,1,24,DIED,0,0,0,3,401,2002,True
δ,f4sat,1,25,DIED,0,0,0,3,401,2002,True
δ,f4sat,1,26,DIED,0,0,0,3,401,2002,True
δ,f4sat,1,27,DIED,0,0,0,3,401,2002,True
δ,f4sat,1,28,DIED,0,0,0,3,401,2002,True
δ,f4sat,1,29,DIED,0,0,0,3,401,2002,True
δ,f4sat,1,30,DIED,0,0,0,3,401,2002,True
δ,f4sat,1,31,DIED,0,0,0,3,401,2002,True
δ,f4sat,1,32,DIED,0,0,0,3,401,2002,True
δ,f4sat,1,33,DIED,0,0,0,3,401,2002,True
δ,f4sat,1,34,DIED,0,0,0,3,401,2002,True
δ,f4sat,1,35,DIED,0,0,0,3,401,2002,True
δ,f4sat,1,36,DIED,0,0,0,3,401,2002,True
δ,f4sat,1,37,DIED,0,0,0,3,401,2002,True
δ,f4sat,1,38,DIED,0,0,0,3,401,2002,True
δ,f4sat,1,39,DIED,0,0,0,3,401,2002,True
δ,f4sat,1,40,DIED,0,0,0,3,401,2002,True
δ,f4sat,1,41,DIED,0,0,0,3,401,2002,True
δ,f4sat,1,42,DIED,0,0,0,3,401,2002,True
δ,f4sat,1,43,DIED,0,0,0,3,401,2002,True
δ,f4sat,1,44,DIED,0,0,0,3,401,2002,True
δ,f4sat,1,45,DIED,0,0,0,3,401,2002,True
δ,f4sat,1,46,DIED,0,0,0,3,401,2002,True
δ,f4sat,1,47,DIED,0,0,0,3,401,2002,True
δ,f4sat,1,48,DIED,0,0,0,3,401,2002,True
δ,f4sat,1,49,DIED,0,0,0,3,401,2002,True
δ,f4sat,1,50,DIED,0,0,0,3,401,2002,True
δ,f4sat,1,51,DIED,0,0,0,3,401,2002,True
δ,f4sat,1,52,DIED,0,0,0,3,401,2002,True
δ,f4sat,1,53,DIED,0,0,0,3,401,2002,True
δ,f4sat,1,54,DIED,0,0,0,3,401,2002,True
δ,f4sat,1,55,DIED,0,0,0,3,401,2002,True
δ,f4sat,1,56,DIED,0,0,0,3,401,2002,True
δ,f4sat,1,57,DIED,0,0,0,3,401,2002,True
δ,f4sat,1,58,DIED,0,0,0,3,401,2002,True
δ,f4sat,1,59,DIED,0,0,0,3,401,2002,True
δ,f4sat,1,60,DIED,0,0,0,3,401,2002,True
δ,f4sat,1,61,DIED,0,0,0,3,401,2002,True
δ,f4sat,1,62,DIED,0,0,0,3,401,2002,True
δ,f4sat,1,63,DIED,0,0,0,3,401,2002,True
δ,f4sat,1,64,DIED,0,0,0,3,401,2002,True
δ,f4sat,1,65,DIED,0,0,0,3,401,2002,True
δ,f4sat,1,66,DIED,0,0,0,3,401,2002,True
δ,f4sat,1,67,DIED,0,0,0,3,401,2002,True
δ,f4sat,1,68,DIED,0,0,0,3,401,2002,True
δ,f4sat,1,69,DIED,0,0,0,3,401,2002,True
δ,f4sat,1,70,DIED,0,0,0,3,401,2002,True
δ,f4sat,1,71,DIED,0,0,0,3,401,2002,True
δ,f4sat,1,72,DIED,0,0,0,3,401,2002,True
δ,f4sat,1,73,DIED,0,0,0,3,401,2002,True
δ,f4sat,1,74,DIED,0,0,0,3,401,2002,True
δ,f4sat,1,75,DIED,0,0,0,3,401,2002,True
δ,f4sat,1,76,DIED,0,0,0,3,401,2002,True
δ,f4sat,1,77,DIED,0,0,0,3,401,2002,True
δ,f4sat,1,78,DIED,0,0,0,3,401,2002,True
δ,f4sat,1,79,DIED,0,0,0,3,401,2002,True
δ,f4sat,1,80,DIED,0,0,0,3,401,2002,True
δ,f4sat,1,81,DIED,0,0,0,3,401,2002,True
δ,f4sat,1,82,DIED,0,0,0,3,401,2002,True
δ,f4sat,1,83,DIED,0,0,0,3,401,2002,True
δ,f4sat,1,84,DIED,0,0,0,3,401,2002,True
δ,f4sat,1,85,DIED,0,0,0,3,401,2002,True
δ,f4sat,1,86,DIED,0,0,0,3,401,2002,True
δ,f4sat,1,87,DIED,0,0,0,3,401,2002,True
δ,f4sat,1,88,DIED,0,0,0,3,401,2002,True
δ,f4sat,1,89,DIED,0,0,0,3,401,2002,True
δ,f4sat,1,90,DIED,0,0,0,3,401,2002,True
δ,f4sat,1,91,DIED,0,0,0,3,401,2002,True
δ,f4sat,1,92,DIED,0,0,0,3,401,2002,True
δ,f4sat,1,93,DIED,0,0,0,3,401,2002,True
δ,f4sat,1,94,DIED,0,0,0,3,401,2002,True
δ,f4sat,1,95,DIED,0,0,0,3,401,2002,True
δ,f4sat,1,96,DIED,0,0,0,3,401,2002,True
δ,f4sat,1,97,DIED,0,0,0,3,401,2002,True
δ,f4sat,1,98,DIED,0,0,0,3,401,2002,True
δ,f4sat,1,99,DIED,0,0,0,3,401,2002,True
δ,f4sat,1,100,DIED,0,0,0,3,401,2002,True
δ,f4sat,1,101,DIED,0,0,0,3,401,2002,True
δ,f4sat,1,102,DIED,0,0,0,3,401,2002,True
δ,f4sat,1,103,DIED,0,0,0,3,401,2002,True
δ,f4sat,1,104,DIED,0,0,0,3,401,2002,True
δ,f4sat,1,105,DIED,0,0,0,3,401,2002,True
δ,f4sat,1,106,DIED,0,0,0,3,401,2002,True
δ,f4sat,1,107,DIED,0,0,0,3,401,2002,True
δ,f4sat,1,108,DIED,0,0,0,3,401,2002,True
δ,f4sat,1,109,DIED,0,0,0,3,401,2002,True
δ,f4sat,1,110,DIED,0,0,0,3,401,2002,True
δ,f4sat,1,111,DIED,0,0,0,3,401,2002,True
δ,f4sat,1,112,DIED,0,0,0,3,401,2002,True
δ,f4sat,1,113,DIED,0,0,0,3,401,2002,True
δ,f4sat,1,114,DIED,0,0,0,3,401,2002,True
δ,f4sat,1,115,DIED,0,0,0,3,401,2002,True
δ,f4sat,1,116,DIED,0,0,0,3,401,2002,True
δ,f4sat,1,117,DIED,0,0,0,3,401,2002,True
δ,f4sat,1,118,DIED,0,0,0,3,401,2002,True
δ,f4sat,1,119,DIED,0,0,0,3,401,2002,True
δ,f4sat,1,120,DIED,0,0,0,3,401,2002,True
δ,f4sat,1,121,DIED,0,0,0,3,401,2002,True
δ,f4sat,1,122,DIED,0,0,0,3,401,2002,True
δ,f4sat,1,123,DIED,0,0,0,3,401,2002,True
δ,f4sat,1,124,DIED,0,0,0,3,401,2002,True
δ,f4sat,1,125,DIED,0,0,0,3,401,2002,True
δ,f4sat,1,126,DIED,0,0,0,3,401,2002,True
δ,f4sat,1,127,DIED,0,0,0,3,401,2002,True
δ,f4sat,1,128,DIED,0,0,0,3,401,2002,True
δ,f4sat,1,129,DIED,0,0,0,3,401,2002,True
δ,f4sat,1,130,DIED,0,0,0,3,401,2002,True
δ,f4sat,1,131,DIED,0,0,0,3,401,2002,True
δ,f4sat,1,132,DIED,0,0,0,3,401,2002,True
δ,f4sat,1,133,DIED,0,0,0,3,401,2002,True
δ,f4sat,1,134,DIED,0,0,0,3,401,2002,True
δ,f4sat,1,135,DIED,0,0,0,3,401,2002,True
δ,f4sat,1,136,DIED,0,0,0,3,401,2002,True
δ,f4sat,1,137,DIED,0,0,0,3,401,2002,True
δ,f4sat,1,138,DIED,0,0,0,3,401,2002,True
δ,f4sat,1,139,DIED,0,0,0,3,401,2002,True
δ,f4sat,1,140,DIED,0,0,0,3,401,2002,True
δ,f4sat,1,141,DIED,0,0,0,3,401,2002,True
δ,f4sat,1,142,DIED,0,0,0,3,401,2002,True
δ,f4sat,1,143,DIED,0,0,0,3,401,2002,True
δ,f4sat,1,144,DIED,0,0,0,3,401,2002,True
δ,f4sat,1,145,DIED,0,0,0,3,401,2002,True
δ,f4sat,1,146,DIED,0,0,0,3,401,2002,True
δ,f4sat,1,147,DIED,0,0,0,3,401,2002,True
δ,f4sat,1,148,DIED,0,0,0,3,401,2002,True
δ,f4sat,1,149,DIED,0,0,0,3,401,2002,True
δ,f4sat,1,150,DIED,0,0,0,3,401,2002,True
δ,f4sat,1,151,DIED,0,0,0,3,401,2002,True
δ,f4sat,1,152,DIED,0,0,0,3,401,2002,True
δ,f4sat,1,153,DIED,0,0,0,3,401,2002,True
δ,f4sat,1,154,DIED,0,0,0,3,401,2002,True
δ,f4sat,1,155,DIED,0,0,0,3,401,2002,True
δ,f4sat,1,156,DIED,0,0,0,3,401,2002,True
δ,f4sat,1,157,DIED,0,0,0,3,401,2002,True
δ,f4sat,1,158,DIED,0,0,0,3,401,2002,True
δ,f4sat,1,159,DIED,0,0,0,3,401,2002,True
δ,f4sat,1,160,DIED,0,0,0,3,401,2002,True
δ,f4sat,1,161,DIED,0,0,0,3,401,2002,True
δ,f4sat,1,162,DIED,0,0,0,3,401,2002,True
δ,f4sat,1,163,DIED,0,0,0,3,401,2002,True
δ,f4sat,1,164,DIED,0,0,0,3,401,2002,True
δ,f4sat,1,165,DIED,0,0,0,3,401,2002,True
δ,f4sat,1,166,DIED,0,0,0,3,401,2002,True
δ,f4sat,1,167,DIED,0,0,0,3,401,2002,True
δ,f4sat,1,168,DIED,0,0,0,3,401,2002,True
δ,f4sat,1,169,DIED,0,0,0,3,401,2002,True
δ,f4sat,1,170,DIED,0,0,0,3,401,2002,True
δ,f4sat,1,171,DIED,0,0,0,3,401,2002,True
δ,f4sat,1,172,DIED,0,0,0,3,401,2002,True
δ,f4sat,1,173,DIED,0,0,0,3,401,2002,True
δ,f4sat,1,174,DIED,0,0,0,3,401,2002,True
δ,f4sat,1,175,DIED,0,0,0,3,401,2002,True
δ,f4sat,1,176,DIED,0,0,0,3,401,2002,True
δ,f4sat,1,177,DIED,0,0,0,3,401,2002,True
δ,f4sat,1,178,DIED,0,0,0,3,401,2002,True
δ,f4sat,1,179,DIED,0,0,0,3,401,2002,True
δ,f4sat,1,180,DIED,0,0,0,3,401,2002,True
δ,f4sat,1,181,DIED,0,0,0,3,401,2002,True
δ,f4sat,1,182,DIED,0,0,0,3,401,2002,True
δ,f4sat,1,183,DIED,0,0,0,3,401,2002,True
δ,f4sat,1,184,DIED,0,0,0,3,401,2002,True
δ,f4sat,1,185,DIED,0,0,0,3,401,2002,True
δ,f4sat,1,186,DIED,0,0,0,3,401,2002,True
δ,f4sat,1,187,DIED,0,0,0,3,401,2002,True
δ,f4sat,1,188,DIED,0,0,0,3,401,2002,True
δ,f4sat,1,189,DIED,0,0,0,3,401,2002,True
δ,f4sat,1,190,DIED,0,0,0,3,401,2002,True
δ,f4sat,1,191,DIED,0,0,0,3,401,2002,True
δ,f4sat,1,192,DIED,0,0,0,3,401,2002,True
δ,f4sat,1,193,DIED,0,0,0,3,401,2002,True
δ,f4sat,1,194,DIED,0,0,0,3,401,2002,True
δ,f4sat,1,195,DIED,0,0,0,3,401,2002,True
δ,f4sat,1,196,DIED,0,0,0,3,401,2002,True
δ,f4sat,1,197,DIED,0,0,0,3,401,2002,True
δ,f4sat,1,198,DIED,0,0,0,3,401,2002,True
δ,f4sat,1,199,DIED,0,0,0,3,401,2002,True
δ,f4sat,1,200,DIED,0,0,0,3,401,2002,True
δ,f4sat,2,1,DIED,0,0,0,3,401,3602,True
δ,f4sat,2,2,DIED,0,0,0,3,401,3602,True
δ,f4sat,2,3,DIED,0,0,0,3,401,3602,True
δ,f4sat,2,4,DIED,0,0,0,3,401,3602,True
δ,f4sat,2,5,DIED,0,0,0,3,401,3602,True
δ,f4sat,2,6,DIED,0,0,0,3,401,3602,True
δ,f4sat,2,7,DIED,0,0,0,3,401,3602,True
δ,f4sat,2,8,DIED,0,0,0,3,401,3602,True
δ,f4sat,2,9,DIED,0,0,0,3,401,3602,True
δ,f4sat,2,10,DIED,0,0,0,3,401,3602,True
δ,f4sat,2,11,DIED,0,0,0,3,401,3602,True
δ,f4sat,2,12,DIED,0,0,0,3,401,3602,True
δ,f4sat,2,13,DIED,0,0,0,3,401,3602,True
δ,f4sat,2,14,DIED,0,0,0,3,401,3602,True
δ,f4sat,2,15,DIED,0,0,0,3,401,3602,True
δ,f4sat,2,16,DIED,0,0,0,3,401,3602,True
δ,f4sat,2,17,DIED,0,0,0,3,401,3602,True
δ,f4sat,2,18,DIED,0,0,0,3,401,3602,True
δ,f4sat,2,19,DIED,0,0,0,3,401,3602,True
δ,f4sat,2,20,DIED,0,0,0,3,401,3602,True
δ,f4sat,2,21,DIED,0,0,0,3,401,3602,True
δ,f4sat,2,22,DIED,0,0,0,3,401,3602,True
δ,f4sat,2,23,DIED,0,0,0,3,401,3602,True
δ,f4sat,2,24,DIED,0,0,0,3,401,3602,True
δ,f4sat,2,25,DIED,0,0,0,3,401,3602,True
δ,f4sat,2,26,DIED,0,0,0,3,401,3602,True
δ,f4sat,2,27,DIED,0,0,0,3,401,3602,True
δ,f4sat,2,28,DIED,0,0,0,3,401,3602,True
δ,f4sat,2,29,DIED,0,0,0,3,401,3602,True
δ,f4sat,2,30,DIED,0,0,0,3,401,3602,True
δ,f4sat,2,31,DIED,0,0,0,3,401,3602,True
δ,f4sat,2,32,DIED,0,0,0,3,401,3602,True
δ,f4sat,2,33,DIED,0,0,0,3,401,3602,True
δ,f4sat,2,34,DIED,0,0,0,3,401,3602,True
δ,f4sat,2,35,DIED,0,0,0,3,401,3602,True
δ,f4sat,2,36,DIED,0,0,0,3,401,3602,True
δ,f4sat,2,37,DIED,0,0,0,3,401,3602,True
δ,f4sat,2,38,DIED,0,0,0,3,401,3602,True
δ,f4sat,2,39,DIED,0,0,0,3,401,3602,True
δ,f4sat,2,40,DIED,0,0,0,3,401,3602,True
δ,f4sat,2,41,DIED,0,0,0,3,401,3602,True
δ,f4sat,2,42,DIED,0,0,0,3,401,3602,True
δ,f4sat,2,43,DIED,0,0,0,3,401,3602,True
δ,f4sat,2,44,DIED,0,0,0,3,401,3602,True
δ,f4sat,2,45,DIED,0,0,0,3,401,3602,True
δ,f4sat,2,46,DIED,0,0,0,3,401,3602,True
δ,f4sat,2,47,DIED,0,0,0,3,401,3602,True
δ,f4sat,2,48,DIED,0,0,0,3,401,3602,True
δ,f4sat,2,49,DIED,0,0,0,3,401,3602,True
δ,f4sat,2,50,DIED,0,0,0,3,401,3602,True
δ,f4sat,2,51,DIED,0,0,0,3,401,3602,True
δ,f4sat,2,52,DIED,0,0,0,3,401,3602,True
δ,f4sat,2,53,DIED,0,0,0,3,401,3602,True
δ,f4sat,2,54,DIED,0,0,0,3,401,3602,True
δ,f4sat,2,55,DIED,0,0,0,3,401,3602,True
δ,f4sat,2,56,DIED,0,0,0,3,401,3602,True
δ,f4sat,2,57,DIED,0,0,0,3,401,3602,True
δ,f4sat,2,58,DIED,0,0,0,3,401,3602,True
δ,f4sat,2,59,DIED,0,0,0,3,401,3602,True
δ,f4sat,2,60,DIED,0,0,0,3,401,3602,True
δ,f4sat,2,61,DIED,0,0,0,3,401,3602,True
δ,f4sat,2,62,DIED,0,0,0,3,401,3602,True
δ,f4sat,2,63,DIED,0,0,0,3,401,3602,True
δ,f4sat,2,64,DIED,0,0,0,3,401,3602,True
δ,f4sat,2,65,DIED,0,0,0,3,401,3602,True
δ,f4sat,2,66,DIED,0,0,0,3,401,3602,True
δ,f4sat,2,67,DIED,0,0,0,3,401,3602,True
δ,f4sat,2,68,DIED,0,0,0,3,401,3602,True
δ,f4sat,2,69,DIED,0,0,0,3,401,3602,True
δ,f4sat,2,70,DIED,0,0,0,3,401,3602,True
δ,f4sat,2,71,DIED,0,0,0,3,401,3602,True
δ,f4sat,2,72,DIED,0,0,0,3,401,3602,True
δ,f4sat,2,73,DIED,0,0,0,3,401,3602,True
δ,f4sat,2,74,DIED,0,0,0,3,401,3602,True
δ,f4sat,2,75,DIED,0,0,0,3,401,3602,True
δ,f4sat,2,76,DIED,0,0,0,3,401,3602,True
δ,f4sat,2,77,DIED,0,0,0,3,401,3602,True
δ,f4sat,2,78,DIED,0,0,0,3,401,3602,True
δ,f4sat,2,79,DIED,0,0,0,3,401,3602,True
δ,f4sat,2,80,DIED,0,0,0,3,401,3602,True
δ,f4sat,2,81,DIED,0,0,0,3,401,3602,True
δ,f4sat,2,82,DIED,0,0,0,3,401,3602,True
δ,f4sat,2,83,DIED,0,0,0,3,401,3602,True
δ,f4sat,2,84,DIED,0,0,0,3,401,3602,True
δ,f4sat,2,85,DIED,0,0,0,3,401,3602,True
δ,f4sat,2,86,DIED,0,0,0,3,401,3602,True
δ,f4sat,2,87,DIED,0,0,0,3,401,3602,True
δ,f4sat,2,88,DIED,0,0,0,3,401,3602,True
δ,f4sat,2,89,DIED,0,0,0,3,401,3602,True
δ,f4sat,2,90,DIED,0,0,0,3,401,3602,True
δ,f4sat,2,91,DIED,0,0,0,3,401,3602,True
δ,f4sat,2,92,DIED,0,0,0,3,401,3602,True
δ,f4sat,2,93,DIED,0,0,0,3,401,3602,True
δ,f4sat,2,94,DIED,0,0,0,3,401,3602,True
δ,f4sat,2,95,DIED,0,0,0,3,401,3602,True
δ,f4sat,2,96,DIED,0,0,0,3,401,3602,True
δ,f4sat,2,97,DIED,0,0,0,3,401,3602,True
δ,f4sat,2,98,DIED,0,0,0,3,401,3602,True
δ,f4sat,2,99,DIED,0,0,0,3,401,3602,True
δ,f4sat,2,100,DIED,0,0,0,3,401,3602,True
δ,f4sat,2,101,DIED,0,0,0,3,401,3602,True
δ,f4sat,2,102,DIED,0,0,0,3,401,3602,True
δ,f4sat,2,103,DIED,0,0,0,3,401,3602,True
δ,f4sat,2,104,DIED,0,0,0,3,401,3602,True
δ,f4sat,2,105,DIED,0,0,0,3,401,3602,True
δ,f4sat,2,106,DIED,0,0,0,3,401,3602,True
δ,f4sat,2,107,DIED,0,0,0,3,401,3602,True
δ,f4sat,2,108,DIED,0,0,0,3,401,3602,True
δ,f4sat,2,109,DIED,0,0,0,3,401,3602,True
δ,f4sat,2,110,DIED,0,0,0,3,401,3602,True
δ,f4sat,2,111,DIED,0,0,0,3,401,3602,True
δ,f4sat,2,112,DIED,0,0,0,3,401,3602,True
δ,f4sat,2,113,DIED,0,0,0,3,401,3602,True
δ,f4sat,2,114,DIED,0,0,0,3,401,3602,True
δ,f4sat,2,115,DIED,0,0,0,3,401,3602,True
δ,f4sat,2,116,DIED,0,0,0,3,401,3602,True
δ,f4sat,2,117,DIED,0,0,0,3,401,3602,True
δ,f4sat,2,118,DIED,0,0,0,3,401,3602,True
δ,f4sat,2,119,DIED,0,0,0,3,401,3602,True
δ,f4sat,2,120,DIED,0,0,0,3,401,3602,True
δ,f4sat,2,121,DIED,0,0,0,3,401,3602,True
δ,f4sat,2,122,DIED,0,0,0,3,401,3602,True
δ,f4sat,2,123,DIED,0,0,0,3,401,3602,True
δ,f4sat,2,124,DIED,0,0,0,3,401,3602,True
δ,f4sat,2,125,DIED,0,0,0,3,401,3602,True
δ,f4sat,2,126,DIED,0,0,0,3,401,3602,True
δ,f4sat,2,127,DIED,0,0,0,3,401,3602,True
δ,f4sat,2,128,DIED,0,0,0,3,401,3602,True
δ,f4sat,2,129,DIED,0,0,0,3,401,3602,True
δ,f4sat,2,130,DIED,0,0,0,3,401,3602,True
δ,f4sat,2,131,DIED,0,0,0,3,401,3602,True
δ,f4sat,2,132,DIED,0,0,0,3,401,3602,True
δ,f4sat,2,133,DIED,0,0,0,3,401,3602,True
δ,f4sat,2,134,DIED,0,0,0,3,401,3602,True
δ,f4sat,2,135,DIED,0,0,0,3,401,3602,True
δ,f4sat,2,136,DIED,0,0,0,3,401,3602,True
δ,f4sat,2,137,DIED,0,0,0,3,401,3602,True
δ,f4sat,2,138,DIED,0,0,0,3,401,3602,True
δ,f4sat,2,139,DIED,0,0,0,3,401,3602,True
δ,f4sat,2,140,DIED,0,0,0,3,401,3602,True
δ,f4sat,2,141,DIED,0,0,0,3,401,3602,True
δ,f4sat,2,142,DIED,0,0,0,3,401,3602,True
δ,f4sat,2,143,DIED,0,0,0,3,401,3602,True
δ,f4sat,2,144,DIED,0,0,0,3,401,3602,True
δ,f4sat,2,145,DIED,0,0,0,3,401,3602,True
δ,f4sat,2,146,DIED,0,0,0,3,401,3602,True
δ,f4sat,2,147,DIED,0,0,0,3,401,3602,True
δ,f4sat,2,148,DIED,0,0,0,3,401,3602,True
δ,f4sat,2,149,DIED,0,0,0,3,401,3602,True
δ,f4sat,2,150,DIED,0,0,0,3,401,3602,True
δ,f4sat,2,151,DIED,0,0,0,3,401,3602,True
δ,f4sat,2,152,DIED,0,0,0,3,401,3602,True
δ,f4sat,2,153,DIED,0,0,0,3,401,3602,True
δ,f4sat,2,154,DIED,0,0,0,3,401,3602,True
δ,f4sat,2,155,DIED,0,0,0,3,401,3602,True
δ,f4sat,2,156,DIED,0,0,0,3,401,3602,True
δ,f4sat,2,157,DIED,0,0,0,3,401,3602,True
δ,f4sat,2,158,DIED,0,0,0,3,401,3602,True
δ,f4sat,2,159,DIED,0,0,0,3,401,3602,True
δ,f4sat,2,160,DIED,0,0,0,3,401,3602,True
δ,f4sat,2,161,DIED,0,0,0,3,401,3602,True
δ,f4sat,2,162,DIED,0,0,0,3,401,3602,True
δ,f4sat,2,163,DIED,0,0,0,3,401,3602,True
δ,f4sat,2,164,DIED,0,0,0,3,401,3602,True
δ,f4sat,2,165,DIED,0,0,0,3,401,3602,True
δ,f4sat,2,166,DIED,0,0,0,3,401,3602,True
δ,f4sat,2,167,DIED,0,0,0,3,401,3602,True
δ,f4sat,2,168,DIED,0,0,0,3,401,3602,True
δ,f4sat,2,169,DIED,0,0,0,3,401,3602,True
δ,f4sat,2,170,DIED,0,0,0,3,401,3602,True
δ,f4sat,2,171,DIED,0,0,0,3,401,3602,True
δ,f4sat,2,172,DIED,0,0,0,3,401,3602,True
δ,f4sat,2,173,DIED,0,0,0,3,401,3602,True
δ,f4sat,2,174,DIED,0,0,0,3,401,3602,True
δ,f4sat,2,175,DIED,0,0,0,3,401,3602,True
δ,f4sat,2,176,DIED,0,0,0,3,401,3602,True
δ,f4sat,2,177,DIED,0,0,0,3,401,3602,True
δ,f4sat,2,178,DIED,0,0,0,3,401,3602,True
δ,f4sat,2,179,DIED,0,0,0,3,401,3602,True
δ,f4sat,2,180,DIED,0,0,0,3,401,3602,True
δ,f4sat,2,181,DIED,0,0,0,3,401,3602,True
δ,f4sat,2,182,DIED,0,0,0,3,401,3602,True
δ,f4sat,2,183,DIED,0,0,0,3,401,3602,True
δ,f4sat,2,184,DIED,0,0,0,3,401,3602,True
δ,f4sat,2,185,DIED,0,0,0,3,401,3602,True
δ,f4sat,2,186,DIED,0,0,0,3,401,3602,True
δ,f4sat,2,187,DIED,0,0,0,3,401,3602,True
δ,f4sat,2,188,DIED,0,0,0,3,401,3602,True
δ,f4sat,2,189,DIED,0,0,0,3,401,3602,True
δ,f4sat,2,190,DIED,0,0,0,3,401,3602,True
δ,f4sat,2,191,DIED,0,0,0,3,401,3602,True
δ,f4sat,2,192,DIED,0,0,0,3,401,3602,True
δ,f4sat,2,193,DIED,0,0,0,3,401,3602,True
δ,f4sat,2,194,DIED,0,0,0,3,401,3602,True
δ,f4sat,2,195,DIED,0,0,0,3,401,3602,True
δ,f4sat,2,196,DIED,0,0,0,3,401,3602,True
δ,f4sat,2,197,DIED,0,0,0,3,401,3602,True
δ,f4sat,2,198,DIED,0,0,0,3,401,3602,True
δ,f4sat,2,199,DIED,0,0,0,3,401,3602,True
δ,f4sat,2,200,DIED,0,0,0,3,401,3602,True
δ,f4sat,4,1,DIED,0,0,0,3,401,6802,True
δ,f4sat,4,2,DIED,0,0,0,3,401,6802,True
δ,f4sat,4,3,DIED,0,0,0,3,401,6802,True
δ,f4sat,4,4,DIED,0,0,0,3,401,6802,True
δ,f4sat,4,5,DIED,0,0,0,3,401,6802,True
δ,f4sat,4,6,DIED,0,0,0,3,401,6802,True
δ,f4sat,4,7,DIED,0,0,0,3,401,6802,True
δ,f4sat,4,8,DIED,0,0,0,3,401,6802,True
δ,f4sat,4,9,DIED,0,0,0,3,401,6802,True
δ,f4sat,4,10,DIED,0,0,0,3,401,6802,True
δ,f4sat,4,11,DIED,0,0,0,3,401,6802,True
δ,f4sat,4,12,DIED,0,0,0,3,401,6802,True
δ,f4sat,4,13,DIED,0,0,0,3,401,6802,True
δ,f4sat,4,14,DIED,0,0,0,3,401,6802,True
δ,f4sat,4,15,DIED,0,0,0,3,401,6802,True
δ,f4sat,4,16,DIED,0,0,0,3,401,6802,True
δ,f4sat,4,17,DIED,0,0,0,3,401,6802,True
δ,f4sat,4,18,DIED,0,0,0,3,401,6802,True
δ,f4sat,4,19,DIED,0,0,0,3,401,6802,True
δ,f4sat,4,20,DIED,0,0,0,3,401,6802,True
δ,f4sat,4,21,DIED,0,0,0,3,401,6802,True
δ,f4sat,4,22,DIED,0,0,0,3,401,6802,True
δ,f4sat,4,23,DIED,0,0,0,3,401,6802,True
δ,f4sat,4,24,DIED,0,0,0,3,401,6802,True
δ,f4sat,4,25,DIED,0,0,0,3,401,6802,True
δ,f4sat,4,26,DIED,0,0,0,3,401,6802,True
δ,f4sat,4,27,DIED,0,0,0,3,401,6802,True
δ,f4sat,4,28,DIED,0,0,0,3,401,6802,True
δ,f4sat,4,29,DIED,0,0,0,3,401,6802,True
δ,f4sat,4,30,DIED,0,0,0,3,401,6802,True
δ,f4sat,4,31,DIED,0,0,0,3,401,6802,True
δ,f4sat,4,32,DIED,0,0,0,3,401,6802,True
δ,f4sat,4,33,DIED,0,0,0,3,401,6802,True
δ,f4sat,4,34,DIED,0,0,0,3,401,6802,True
δ,f4sat,4,35,DIED,0,0,0,3,401,6802,True
δ,f4sat,4,36,DIED,0,0,0,3,401,6802,True
δ,f4sat,4,37,DIED,0,0,0,3,401,6802,True
δ,f4sat,4,38,DIED,0,0,0,3,401,6802,True
δ,f4sat,4,39,DIED,0,0,0,3,401,6802,True
δ,f4sat,4,40,DIED,0,0,0,3,401,6802,True
δ,f4sat,4,41,DIED,0,0,0,3,401,6802,True
δ,f4sat,4,42,DIED,0,0,0,3,401,6802,True
δ,f4sat,4,43,DIED,0,0,0,3,401,6802,True
δ,f4sat,4,44,DIED,0,0,0,3,401,6802,True
δ,f4sat,4,45,DIED,0,0,0,3,401,6802,True
δ,f4sat,4,46,DIED,0,0,0,3,401,6802,True
δ,f4sat,4,47,DIED,0,0,0,3,401,6802,True
δ,f4sat,4,48,DIED,0,0,0,3,401,6802,True
δ,f4sat,4,49,DIED,0,0,0,3,401,6802,True
δ,f4sat,4,50,DIED,0,0,0,3,401,6802,True
δ,f4sat,4,51,DIED,0,0,0,3,401,6802,True
δ,f4sat,4,52,DIED,0,0,0,3,401,6802,True
δ,f4sat,4,53,DIED,0,0,0,3,401,6802,True
δ,f4sat,4,54,DIED,0,0,0,3,401,6802,True
δ,f4sat,4,55,DIED,0,0,0,3,401,6802,True
δ,f4sat,4,56,DIED,0,0,0,3,401,6802,True
δ,f4sat,4,57,DIED,0,0,0,3,401,6802,True
δ,f4sat,4,58,DIED,0,0,0,3,401,6802,True
δ,f4sat,4,59,DIED,0,0,0,3,401,6802,True
δ,f4sat,4,60,DIED,0,0,0,3,401,6802,True
δ,f4sat,4,61,DIED,0,0,0,3,401,6802,True
δ,f4sat,4,62,DIED,0,0,0,3,401,6802,True
δ,f4sat,4,63,DIED,0,0,0,3,401,6802,True
δ,f4sat,4,64,DIED,0,0,0,3,401,6802,True
δ,f4sat,4,65,DIED,0,0,0,3,401,6802,True
δ,f4sat,4,66,DIED,0,0,0,3,401,6802,True
δ,f4sat,4,67,DIED,0,0,0,3,401,6802,True
δ,f4sat,4,68,DIED,0,0,0,3,401,6802,True
δ,f4sat,4,69,DIED,0,0,0,3,401,6802,True
δ,f4sat,4,70,DIED,0,0,0,3,401,6802,True
δ,f4sat,4,71,DIED,0,0,0,3,401,6802,True
δ,f4sat,4,72,DIED,0,0,0,3,401,6802,True
δ,f4sat,4,73,DIED,0,0,0,3,401,6802,True
δ,f4sat,4,74,DIED,0,0,0,3,401,6802,True
δ,f4sat,4,75,DIED,0,0,0,3,401,6802,True
δ,f4sat,4,76,DIED,0,0,0,3,401,6802,True
δ,f4sat,4,77,DIED,0,0,0,3,401,6802,True
δ,f4sat,4,78,DIED,0,0,0,3,401,6802,True
δ,f4sat,4,79,DIED,0,0,0,3,401,6802,True
δ,f4sat,4,80,DIED,0,0,0,3,401,6802,True
δ,f4sat,4,81,DIED,0,0,0,3,401,6802,True
δ,f4sat,4,82,DIED,0,0,0,3,401,6802,True
δ,f4sat,4,83,DIED,0,0,0,3,401,6802,True
δ,f4sat,4,84,DIED,0,0,0,3,401,6802,True
δ,f4sat,4,85,DIED,0,0,0,3,401,6802,True
δ,f4sat,4,86,DIED,0,0,0,3,401,6802,True
δ,f4sat,4,87,DIED,0,0,0,3,401,6802,True
δ,f4sat,4,88,DIED,0,0,0,3,401,6802,True
δ,f4sat,4,89,DIED,0,0,0,3,401,6802,True
δ,f4sat,4,90,DIED,0,0,0,3,401,6802,True
δ,f4sat,4,91,DIED,0,0,0,3,401,6802,True
δ,f4sat,4,92,DIED,0,0,0,3,401,6802,True
δ,f4sat,4,93,DIED,0,0,0,3,401,6802,True
δ,f4sat,4,94,DIED,0,0,0,3,401,6802,True
δ,f4sat,4,95,DIED,0,0,0,3,401,6802,True
δ,f4sat,4,96,DIED,0,0,0,3,401,6802,True
δ,f4sat,4,97,DIED,0,0,0,3,401,6802,True
δ,f4sat,4,98,DIED,0,0,0,3,401,6802,True
δ,f4sat,4,99,DIED,0,0,0,3,401,6802,True
δ,f4sat,4,100,DIED,0,0,0,3,401,6802,True
δ,f4sat,4,101,DIED,0,0,0,3,401,6802,True
δ,f4sat,4,102,DIED,0,0,0,3,401,6802,True
δ,f4sat,4,103,DIED,0,0,0,3,401,6802,True
δ,f4sat,4,104,DIED,0,0,0,3,401,6802,True
δ,f4sat,4,105,DIED,0,0,0,3,401,6802,True
δ,f4sat,4,106,DIED,0,0,0,3,401,6802,True
δ,f4sat,4,107,DIED,0,0,0,3,401,6802,True
δ,f4sat,4,108,DIED,0,0,0,3,401,6802,True
δ,f4sat,4,109,DIED,0,0,0,3,401,6802,True
δ,f4sat,4,110,DIED,0,0,0,3,401,6802,True
δ,f4sat,4,111,DIED,0,0,0,3,401,6802,True
δ,f4sat,4,112,DIED,0,0,0,3,401,6802,True
δ,f4sat,4,113,DIED,0,0,0,3,401,6802,True
δ,f4sat,4,114,DIED,0,0,0,3,401,6802,True
δ,f4sat,4,115,DIED,0,0,0,3,401,6802,True
δ,f4sat,4,116,DIED,0,0,0,3,401,6802,True
δ,f4sat,4,117,DIED,0,0,0,3,401,6802,True
δ,f4sat,4,118,DIED,0,0,0,3,401,6802,True
δ,f4sat,4,119,DIED,0,0,0,3,401,6802,True
δ,f4sat,4,120,DIED,0,0,0,3,401,6802,True
δ,f4sat,4,121,DIED,0,0,0,3,401,6802,True
δ,f4sat,4,122,DIED,0,0,0,3,401,6802,True
δ,f4sat,4,123,DIED,0,0,0,3,401,6802,True
δ,f4sat,4,124,DIED,0,0,0,3,401,6802,True
δ,f4sat,4,125,DIED,0,0,0,3,401,6802,True
δ,f4sat,4,126,DIED,0,0,0,3,401,6802,True
δ,f4sat,4,127,DIED,0,0,0,3,401,6802,True
δ,f4sat,4,128,DIED,0,0,0,3,401,6802,True
δ,f4sat,4,129,DIED,0,0,0,3,401,6802,True
δ,f4sat,4,130,DIED,0,0,0,3,401,6802,True
δ,f4sat,4,131,DIED,0,0,0,3,401,6802,True
δ,f4sat,4,132,DIED,0,0,0,3,401,6802,True
δ,f4sat,4,133,DIED,0,0,0,3,401,6802,True
δ,f4sat,4,134,DIED,0,0,0,3,401,6802,True
δ,f4sat,4,135,DIED,0,0,0,3,401,6802,True
δ,f4sat,4,136,DIED,0,0,0,3,401,6802,True
δ,f4sat,4,137,DIED,0,0,0,3,401,6802,True
δ,f4sat,4,138,DIED,0,0,0,3,401,6802,True
δ,f4sat,4,139,DIED,0,0,0,3,401,6802,True
δ,f4sat,4,140,DIED,0,0,0,3,401,6802,True
δ,f4sat,4,141,DIED,0,0,0,3,401,6802,True
δ,f4sat,4,142,DIED,0,0,0,3,401,6802,True
δ,f4sat,4,143,DIED,0,0,0,3,401,6802,True
δ,f4sat,4,144,DIED,0,0,0,3,401,6802,True
δ,f4sat,4,145,DIED,0,0,0,3,401,6802,True
δ,f4sat,4,146,DIED,0,0,0,3,401,6802,True
δ,f4sat,4,147,DIED,0,0,0,3,401,6802,True
δ,f4sat,4,148,DIED,0,0,0,3,401,6802,True
δ,f4sat,4,149,DIED,0,0,0,3,401,6802,True
δ,f4sat,4,150,DIED,0,0,0,3,401,6802,True
δ,f4sat,4,151,DIED,0,0,0,3,401,6802,True
δ,f4sat,4,152,DIED,0,0,0,3,401,6802,True
δ,f4sat,4,153,DIED,0,0,0,3,401,6802,True
δ,f4sat,4,154,DIED,0,0,0,3,401,6802,True
δ,f4sat,4,155,DIED,0,0,0,3,401,6802,True
δ,f4sat,4,156,DIED,0,0,0,3,401,6802,True
δ,f4sat,4,157,DIED,0,0,0,3,401,6802,True
δ,f4sat,4,158,DIED,0,0,0,3,401,6802,True
δ,f4sat,4,159,DIED,0,0,0,3,401,6802,True
δ,f4sat,4,160,DIED,0,0,0,3,401,6802,True
δ,f4sat,4,161,DIED,0,0,0,3,401,6802,True
δ,f4sat,4,162,DIED,0,0,0,3,401,6802,True
δ,f4sat,4,163,DIED,0,0,0,3,401,6802,True
δ,f4sat,4,164,DIED,0,0,0,3,401,6802,True
δ,f4sat,4,165,DIED,0,0,0,3,401,6802,True
δ,f4sat,4,166,DIED,0,0,0,3,401,6802,True
δ,f4sat,4,167,DIED,0,0,0,3,401,6802,True
δ,f4sat,4,168,DIED,0,0,0,3,401,6802,True
δ,f4sat,4,169,DIED,0,0,0,3,401,6802,True
δ,f4sat,4,170,DIED,0,0,0,3,401,6802,True
δ,f4sat,4,171,DIED,0,0,0,3,401,6802,True
δ,f4sat,4,172,DIED,0,0,0,3,401,6802,True
δ,f4sat,4,173,DIED,0,0,0,3,401,6802,True
δ,f4sat,4,174,DIED,0,0,0,3,401,6802,True
δ,f4sat,4,175,DIED,0,0,0,3,401,6802,True
δ,f4sat,4,176,DIED,0,0,0,3,401,6802,True
δ,f4sat,4,177,DIED,0,0,0,3,401,6802,True
δ,f4sat,4,178,DIED,0,0,0,3,401,6802,True
δ,f4sat,4,179,DIED,0,0,0,3,401,6802,True
δ,f4sat,4,180,DIED,0,0,0,3,401,6802,True
δ,f4sat,4,181,DIED,0,0,0,3,401,6802,True
δ,f4sat,4,182,DIED,0,0,0,3,401,6802,True
δ,f4sat,4,183,DIED,0,0,0,3,401,6802,True
δ,f4sat,4,184,DIED,0,0,0,3,401,6802,True
δ,f4sat,4,185,DIED,0,0,0,3,401,6802,True
δ,f4sat,4,186,DIED,0,0,0,3,401,6802,True
δ,f4sat,4,187,DIED,0,0,0,3,401,6802,True
δ,f4sat,4,188,DIED,0,0,0,3,401,6802,True
δ,f4sat,4,189,DIED,0,0,0,3,401,6802,True
δ,f4sat,4,190,DIED,0,0,0,3,401,6802,True
δ,f4sat,4,191,DIED,0,0,0,3,401,6802,True
δ,f4sat,4,192,DIED,0,0,0,3,401,6802,True
δ,f4sat,4,193,DIED,0,0,0,3,401,6802,True
δ,f4sat,4,194,DIED,0,0,0,3,401,6802,True
δ,f4sat,4,195,DIED,0,0,0,3,401,6802,True
δ,f4sat,4,196,DIED,0,0,0,3,401,6802,True
δ,f4sat,4,197,DIED,0,0,0,3,401,6802,True
δ,f4sat,4,198,DIED,0,0,0,3,401,6802,True
δ,f4sat,4,199,DIED,0,0,0,3,401,6802,True
δ,f4sat,4,200,DIED,0,0,0,3,401,6802,True
δ,f4sat,8,1,DIED,0,0,0,3,401,13202,True
δ,f4sat,8,2,DIED,0,0,0,3,401,13202,True
δ,f4sat,8,3,DIED,0,0,0,3,401,13202,True
δ,f4sat,8,4,DIED,0,0,0,3,401,13202,True
δ,f4sat,8,5,DIED,0,0,0,3,401,13202,True
δ,f4sat,8,6,DIED,0,0,0,3,401,13202,True
δ,f4sat,8,7,DIED,0,0,0,3,401,13202,True
δ,f4sat,8,8,DIED,0,0,0,3,401,13202,True
δ,f4sat,8,9,DIED,0,0,0,3,401,13202,True
δ,f4sat,8,10,DIED,0,0,0,3,401,13202,True
δ,f4sat,8,11,DIED,0,0,0,3,401,13202,True
δ,f4sat,8,12,DIED,0,0,0,3,401,13202,True
δ,f4sat,8,13,DIED,0,0,0,3,401,13202,True
δ,f4sat,8,14,DIED,0,0,0,3,401,13202,True
δ,f4sat,8,15,DIED,0,0,0,3,401,13202,True
δ,f4sat,8,16,DIED,0,0,0,3,401,13202,True
δ,f4sat,8,17,DIED,0,0,0,3,401,13202,True
δ,f4sat,8,18,DIED,0,0,0,3,401,13202,True
δ,f4sat,8,19,DIED,0,0,0,3,401,13202,True
δ,f4sat,8,20,DIED,0,0,0,3,401,13202,True
δ,f4sat,8,21,DIED,0,0,0,3,401,13202,True
δ,f4sat,8,22,DIED,0,0,0,3,401,13202,True
δ,f4sat,8,23,DIED,0,0,0,3,401,13202,True
δ,f4sat,8,24,DIED,0,0,0,3,401,13202,True
δ,f4sat,8,25,DIED,0,0,0,3,401,13202,True
δ,f4sat,8,26,DIED,0,0,0,3,401,13202,True
δ,f4sat,8,27,DIED,0,0,0,3,401,13202,True
δ,f4sat,8,28,DIED,0,0,0,3,401,13202,True
δ,f4sat,8,29,DIED,0,0,0,3,401,13202,True
δ,f4sat,8,30,DIED,0,0,0,3,401,13202,True
δ,f4sat,8,31,DIED,0,0,0,3,401,13202,True
δ,f4sat,8,32,DIED,0,0,0,3,401,13202,True
δ,f4sat,8,33,DIED,0,0,0,3,401,13202,True
δ,f4sat,8,34,DIED,0,0,0,3,401,13202,True
δ,f4sat,8,35,DIED,0,0,0,3,401,13202,True
δ,f4sat,8,36,DIED,0,0,0,3,401,13202,True
δ,f4sat,8,37,DIED,0,0,0,3,401,13202,True
δ,f4sat,8,38,DIED,0,0,0,3,401,13202,True
δ,f4sat,8,39,DIED,0,0,0,3,401,13202,True
δ,f4sat,8,40,DIED,0,0,0,3,401,13202,True
δ,f4sat,8,41,DIED,0,0,0,3,401,13202,True
δ,f4sat,8,42,DIED,0,0,0,3,401,13202,True
δ,f4sat,8,43,DIED,0,0,0,3,401,13202,True
δ,f4sat,8,44,DIED,0,0,0,3,401,13202,True
δ,f4sat,8,45,DIED,0,0,0,3,401,13202,True
δ,f4sat,8,46,DIED,0,0,0,3,401,13202,True
δ,f4sat,8,47,DIED,0,0,0,3,401,13202,True
δ,f4sat,8,48,DIED,0,0,0,3,401,13202,True
δ,f4sat,8,49,DIED,0,0,0,3,401,13202,True
δ,f4sat,8,50,DIED,0,0,0,3,401,13202,True
δ,f4sat,8,51,DIED,0,0,0,3,401,13202,True
δ,f4sat,8,52,DIED,0,0,0,3,401,13202,True
δ,f4sat,8,53,DIED,0,0,0,3,401,13202,True
δ,f4sat,8,54,DIED,0,0,0,3,401,13202,True
δ,f4sat,8,55,DIED,0,0,0,3,401,13202,True
δ,f4sat,8,56,DIED,0,0,0,3,401,13202,True
δ,f4sat,8,57,DIED,0,0,0,3,401,13202,True
δ,f4sat,8,58,DIED,0,0,0,3,401,13202,True
δ,f4sat,8,59,DIED,0,0,0,3,401,13202,True
δ,f4sat,8,60,DIED,0,0,0,3,401,13202,True
δ,f4sat,8,61,DIED,0,0,0,3,401,13202,True
δ,f4sat,8,62,DIED,0,0,0,3,401,13202,True
δ,f4sat,8,63,DIED,0,0,0,3,401,13202,True
δ,f4sat,8,64,DIED,0,0,0,3,401,13202,True
δ,f4sat,8,65,DIED,0,0,0,3,401,13202,True
δ,f4sat,8,66,DIED,0,0,0,3,401,13202,True
δ,f4sat,8,67,DIED,0,0,0,3,401,13202,True
δ,f4sat,8,68,DIED,0,0,0,3,401,13202,True
δ,f4sat,8,69,DIED,0,0,0,3,401,13202,True
δ,f4sat,8,70,DIED,0,0,0,3,401,13202,True
δ,f4sat,8,71,DIED,0,0,0,3,401,13202,True
δ,f4sat,8,72,DIED,0,0,0,3,401,13202,True
δ,f4sat,8,73,DIED,0,0,0,3,401,13202,True
δ,f4sat,8,74,DIED,0,0,0,3,401,13202,True
δ,f4sat,8,75,DIED,0,0,0,3,401,13202,True
δ,f4sat,8,76,DIED,0,0,0,3,401,13202,True
δ,f4sat,8,77,DIED,0,0,0,3,401,13202,True
δ,f4sat,8,78,DIED,0,0,0,3,401,13202,True
δ,f4sat,8,79,DIED,0,0,0,3,401,13202,True
δ,f4sat,8,80,DIED,0,0,0,3,401,13202,True
δ,f4sat,8,81,DIED,0,0,0,3,401,13202,True
δ,f4sat,8,82,DIED,0,0,0,3,401,13202,True
δ,f4sat,8,83,DIED,0,0,0,3,401,13202,True
δ,f4sat,8,84,DIED,0,0,0,3,401,13202,True
δ,f4sat,8,85,DIED,0,0,0,3,401,13202,True
δ,f4sat,8,86,DIED,0,0,0,3,401,13202,True
δ,f4sat,8,87,DIED,0,0,0,3,401,13202,True
δ,f4sat,8,88,DIED,0,0,0,3,401,13202,True
δ,f4sat,8,89,DIED,0,0,0,3,401,13202,True
δ,f4sat,8,90,DIED,0,0,0,3,401,13202,True
δ,f4sat,8,91,DIED,0,0,0,3,401,13202,True
δ,f4sat,8,92,DIED,0,0,0,3,401,13202,True
δ,f4sat,8,93,DIED,0,0,0,3,401,13202,True
δ,f4sat,8,94,DIED,0,0,0,3,401,13202,True
δ,f4sat,8,95,DIED,0,0,0,3,401,13202,True
δ,f4sat,8,96,DIED,0,0,0,3,401,13202,True
δ,f4sat,8,97,DIED,0,0,0,3,401,13202,True
δ,f4sat,8,98,DIED,0,0,0,3,401,13202,True
δ,f4sat,8,99,DIED,0,0,0,3,401,13202,True
δ,f4sat,8,100,DIED,0,0,0,3,401,13202,True
δ,f4sat,8,101,DIED,0,0,0,3,401,13202,True
δ,f4sat,8,102,DIED,0,0,0,3,401,13202,True
δ,f4sat,8,103,DIED,0,0,0,3,401,13202,True
δ,f4sat,8,104,DIED,0,0,0,3,401,13202,True
δ,f4sat,8,105,DIED,0,0,0,3,401,13202,True
δ,f4sat,8,106,DIED,0,0,0,3,401,13202,True
δ,f4sat,8,107,DIED,0,0,0,3,401,13202,True
δ,f4sat,8,108,DIED,0,0,0,3,401,13202,True
δ,f4sat,8,109,DIED,0,0,0,3,401,13202,True
δ,f4sat,8,110,DIED,0,0,0,3,401,13202,True
δ,f4sat,8,111,DIED,0,0,0,3,401,13202,True
δ,f4sat,8,112,DIED,0,0,0,3,401,13202,True
δ,f4sat,8,113,DIED,0,0,0,3,401,13202,True
δ,f4sat,8,114,DIED,0,0,0,3,401,13202,True
δ,f4sat,8,115,DIED,0,0,0,3,401,13202,True
δ,f4sat,8,116,DIED,0,0,0,3,401,13202,True
δ,f4sat,8,117,DIED,0,0,0,3,401,13202,True
δ,f4sat,8,118,DIED,0,0,0,3,401,13202,True
δ,f4sat,8,119,DIED,0,0,0,3,401,13202,True
δ,f4sat,8,120,DIED,0,0,0,3,401,13202,True
δ,f4sat,8,121,DIED,0,0,0,3,401,13202,True
δ,f4sat,8,122,DIED,0,0,0,3,401,13202,True
δ,f4sat,8,123,DIED,0,0,0,3,401,13202,True
δ,f4sat,8,124,DIED,0,0,0,3,401,13202,True
δ,f4sat,8,125,DIED,0,0,0,3,401,13202,True
δ,f4sat,8,126,DIED,0,0,0,3,401,13202,True
δ,f4sat,8,127,DIED,0,0,0,3,401,13202,True
δ,f4sat,8,128,DIED,0,0,0,3,401,13202,True
δ,f4sat,8,129,DIED,0,0,0,3,401,13202,True
δ,f4sat,8,130,DIED,0,0,0,3,401,13202,True
δ,f4sat,8,131,DIED,0,0,0,3,401,13202,True
δ,f4sat,8,132,DIED,0,0,0,3,401,13202,True
δ,f4sat,8,133,DIED,0,0,0,3,401,13202,True
δ,f4sat,8,134,DIED,0,0,0,3,401,13202,True
δ,f4sat,8,135,DIED,0,0,0,3,401,13202,True
δ,f4sat,8,136,DIED,0,0,0,3,401,13202,True
δ,f4sat,8,137,DIED,0,0,0,3,401,13202,True
δ,f4sat,8,138,DIED,0,0,0,3,401,13202,True
δ,f4sat,8,139,DIED,0,0,0,3,401,13202,True
δ,f4sat,8,140,DIED,0,0,0,3,401,13202,True
δ,f4sat,8,141,DIED,0,0,0,3,401,13202,True
δ,f4sat,8,142,DIED,0,0,0,3,401,13202,True
δ,f4sat,8,143,DIED,0,0,0,3,401,13202,True
δ,f4sat,8,144,DIED,0,0,0,3,401,13202,True
δ,f4sat,8,145,DIED,0,0,0,3,401,13202,True
δ,f4sat,8,146,DIED,0,0,0,3,401,13202,True
δ,f4sat,8,147,DIED,0,0,0,3,401,13202,True
δ,f4sat,8,148,DIED,0,0,0,3,401,13202,True
δ,f4sat,8,149,DIED,0,0,0,3,401,13202,True
δ,f4sat,8,150,DIED,0,0,0,3,401,13202,True
δ,f4sat,8,151,DIED,0,0,0,3,401,13202,True
δ,f4sat,8,152,DIED,0,0,0,3,401,13202,True
δ,f4sat,8,153,DIED,0,0,0,3,401,13202,True
δ,f4sat,8,154,DIED,0,0,0,3,401,13202,True
δ,f4sat,8,155,DIED,0,0,0,3,401,13202,True
δ,f4sat,8,156,DIED,0,0,0,3,401,13202,True
δ,f4sat,8,157,DIED,0,0,0,3,401,13202,True
δ,f4sat,8,158,DIED,0,0,0,3,401,13202,True
δ,f4sat,8,159,DIED,0,0,0,3,401,13202,True
δ,f4sat,8,160,DIED,0,0,0,3,401,13202,True
δ,f4sat,8,161,DIED,0,0,0,3,401,13202,True
δ,f4sat,8,162,DIED,0,0,0,3,401,13202,True
δ,f4sat,8,163,DIED,0,0,0,3,401,13202,True
δ,f4sat,8,164,DIED,0,0,0,3,401,13202,True
δ,f4sat,8,165,DIED,0,0,0,3,401,13202,True
δ,f4sat,8,166,DIED,0,0,0,3,401,13202,True
δ,f4sat,8,167,DIED,0,0,0,3,401,13202,True
δ,f4sat,8,168,DIED,0,0,0,3,401,13202,True
δ,f4sat,8,169,DIED,0,0,0,3,401,13202,True
δ,f4sat,8,170,DIED,0,0,0,3,401,13202,True
δ,f4sat,8,171,DIED,0,0,0,3,401,13202,True
δ,f4sat,8,172,DIED,0,0,0,3,401,13202,True
δ,f4sat,8,173,DIED,0,0,0,3,401,13202,True
δ,f4sat,8,174,DIED,0,0,0,3,401,13202,True
δ,f4sat,8,175,DIED,0,0,0,3,401,13202,True
δ,f4sat,8,176,DIED,0,0,0,3,401,13202,True
δ,f4sat,8,177,DIED,0,0,0,3,401,13202,True
δ,f4sat,8,178,DIED,0,0,0,3,401,13202,True
δ,f4sat,8,179,DIED,0,0,0,3,401,13202,True
δ,f4sat,8,180,DIED,0,0,0,3,401,13202,True
δ,f4sat,8,181,DIED,0,0,0,3,401,13202,True
δ,f4sat,8,182,DIED,0,0,0,3,401,13202,True
δ,f4sat,8,183,DIED,0,0,0,3,401,13202,True
δ,f4sat,8,184,DIED,0,0,0,3,401,13202,True
δ,f4sat,8,185,DIED,0,0,0,3,401,13202,True
δ,f4sat,8,186,DIED,0,0,0,3,401,13202,True
δ,f4sat,8,187,DIED,0,0,0,3,401,13202,True
δ,f4sat,8,188,DIED,0,0,0,3,401,13202,True
δ,f4sat,8,189,DIED,0,0,0,3,401,13202,True
δ,f4sat,8,190,DIED,0,0,0,3,401,13202,True
δ,f4sat,8,191,DIED,0,0,0,3,401,13202,True
δ,f4sat,8,192,DIED,0,0,0,3,401,13202,True
δ,f4sat,8,193,DIED,0,0,0,3,401,13202,True
δ,f4sat,8,194,DIED,0,0,0,3,401,13202,True
δ,f4sat,8,195,DIED,0,0,0,3,401,13202,True
δ,f4sat,8,196,DIED,0,0,0,3,401,13202,True
δ,f4sat,8,197,DIED,0,0,0,3,401,13202,True
δ,f4sat,8,198,DIED,0,0,0,3,401,13202,True
δ,f4sat,8,199,DIED,0,0,0,3,401,13202,True
δ,f4sat,8,200,DIED,0,0,0,3,401,13202,True
δ,f4sat,16,1,DIED,0,0,0,3,401,26002,True
δ,f4sat,16,2,DIED,0,0,0,3,401,26002,True
δ,f4sat,16,3,DIED,0,0,0,3,401,26002,True
δ,f4sat,16,4,DIED,0,0,0,3,401,26002,True
δ,f4sat,16,5,DIED,0,0,0,3,401,26002,True
δ,f4sat,16,6,DIED,0,0,0,3,401,26002,True
δ,f4sat,16,7,DIED,0,0,0,3,401,26002,True
δ,f4sat,16,8,DIED,0,0,0,3,401,26002,True
δ,f4sat,16,9,DIED,0,0,0,3,401,26002,True
δ,f4sat,16,10,DIED,0,0,0,3,401,26002,True
δ,f4sat,16,11,DIED,0,0,0,3,401,26002,True
δ,f4sat,16,12,DIED,0,0,0,3,401,26002,True
δ,f4sat,16,13,DIED,0,0,0,3,401,26002,True
δ,f4sat,16,14,DIED,0,0,0,3,401,26002,True
δ,f4sat,16,15,DIED,0,0,0,3,401,26002,True
δ,f4sat,16,16,DIED,0,0,0,3,401,26002,True
δ,f4sat,16,17,DIED,0,0,0,3,401,26002,True
δ,f4sat,16,18,DIED,0,0,0,3,401,26002,True
δ,f4sat,16,19,DIED,0,0,0,3,401,26002,True
δ,f4sat,16,20,DIED,0,0,0,3,401,26002,True
δ,f4sat,16,21,DIED,0,0,0,3,401,26002,True
δ,f4sat,16,22,DIED,0,0,0,3,401,26002,True
δ,f4sat,16,23,DIED,0,0,0,3,401,26002,True
δ,f4sat,16,24,DIED,0,0,0,3,401,26002,True
δ,f4sat,16,25,DIED,0,0,0,3,401,26002,True
δ,f4sat,16,26,DIED,0,0,0,3,401,26002,True
δ,f4sat,16,27,DIED,0,0,0,3,401,26002,True
δ,f4sat,16,28,DIED,0,0,0,3,401,26002,True
δ,f4sat,16,29,DIED,0,0,0,3,401,26002,True
δ,f4sat,16,30,DIED,0,0,0,3,401,26002,True
δ,f4sat,16,31,DIED,0,0,0,3,401,26002,True
δ,f4sat,16,32,DIED,0,0,0,3,401,26002,True
δ,f4sat,16,33,DIED,0,0,0,3,401,26002,True
δ,f4sat,16,34,DIED,0,0,0,3,401,26002,True
δ,f4sat,16,35,DIED,0,0,0,3,401,26002,True
δ,f4sat,16,36,DIED,0,0,0,3,401,26002,True
δ,f4sat,16,37,DIED,0,0,0,3,401,26002,True
δ,f4sat,16,38,DIED,0,0,0,3,401,26002,True
δ,f4sat,16,39,DIED,0,0,0,3,401,26002,True
δ,f4sat,16,40,DIED,0,0,0,3,401,26002,True
δ,f4sat,16,41,DIED,0,0,0,3,401,26002,True
δ,f4sat,16,42,DIED,0,0,0,3,401,26002,True
δ,f4sat,16,43,DIED,0,0,0,3,401,26002,True
δ,f4sat,16,44,DIED,0,0,0,3,401,26002,True
δ,f4sat,16,45,DIED,0,0,0,3,401,26002,True
δ,f4sat,16,46,DIED,0,0,0,3,401,26002,True
δ,f4sat,16,47,DIED,0,0,0,3,401,26002,True
δ,f4sat,16,48,DIED,0,0,0,3,401,26002,True
δ,f4sat,16,49,DIED,0,0,0,3,401,26002,True
δ,f4sat,16,50,DIED,0,0,0,3,401,26002,True
δ,f4sat,16,51,DIED,0,0,0,3,401,26002,True
δ,f4sat,16,52,DIED,0,0,0,3,401,26002,True
δ,f4sat,16,53,DIED,0,0,0,3,401,26002,True
δ,f4sat,16,54,DIED,0,0,0,3,401,26002,True
δ,f4sat,16,55,DIED,0,0,0,3,401,26002,True
δ,f4sat,16,56,DIED,0,0,0,3,401,26002,True
δ,f4sat,16,57,DIED,0,0,0,3,401,26002,True
δ,f4sat,16,58,DIED,0,0,0,3,401,26002,True
δ,f4sat,16,59,DIED,0,0,0,3,401,26002,True
δ,f4sat,16,60,DIED,0,0,0,3,401,26002,True
δ,f4sat,16,61,DIED,0,0,0,3,401,26002,True
δ,f4sat,16,62,DIED,0,0,0,3,401,26002,True
δ,f4sat,16,63,DIED,0,0,0,3,401,26002,True
δ,f4sat,16,64,DIED,0,0,0,3,401,26002,True
δ,f4sat,16,65,DIED,0,0,0,3,401,26002,True
δ,f4sat,16,66,DIED,0,0,0,3,401,26002,True
δ,f4sat,16,67,DIED,0,0,0,3,401,26002,True
δ,f4sat,16,68,DIED,0,0,0,3,401,26002,True
δ,f4sat,16,69,DIED,0,0,0,3,401,26002,True
δ,f4sat,16,70,DIED,0,0,0,3,401,26002,True
δ,f4sat,16,71,DIED,0,0,0,3,401,26002,True
δ,f4sat,16,72,DIED,0,0,0,3,401,26002,True
δ,f4sat,16,73,DIED,0,0,0,3,401,26002,True
δ,f4sat,16,74,DIED,0,0,0,3,401,26002,True
δ,f4sat,16,75,DIED,0,0,0,3,401,26002,True
δ,f4sat,16,76,DIED,0,0,0,3,401,26002,True
δ,f4sat,16,77,DIED,0,0,0,3,401,26002,True
δ,f4sat,16,78,DIED,0,0,0,3,401,26002,True
δ,f4sat,16,79,DIED,0,0,0,3,401,26002,True
δ,f4sat,16,80,DIED,0,0,0,3,401,26002,True
δ,f4sat,16,81,DIED,0,0,0,3,401,26002,True
δ,f4sat,16,82,DIED,0,0,0,3,401,26002,True
δ,f4sat,16,83,DIED,0,0,0,3,401,26002,True
δ,f4sat,16,84,DIED,0,0,0,3,401,26002,True
δ,f4sat,16,85,DIED,0,0,0,3,401,26002,True
δ,f4sat,16,86,DIED,0,0,0,3,401,26002,True
δ,f4sat,16,87,DIED,0,0,0,3,401,26002,True
δ,f4sat,16,88,DIED,0,0,0,3,401,26002,True
δ,f4sat,16,89,DIED,0,0,0,3,401,26002,True
δ,f4sat,16,90,DIED,0,0,0,3,401,26002,True
δ,f4sat,16,91,DIED,0,0,0,3,401,26002,True
δ,f4sat,16,92,DIED,0,0,0,3,401,26002,True
δ,f4sat,16,93,DIED,0,0,0,3,401,26002,True
δ,f4sat,16,94,DIED,0,0,0,3,401,26002,True
δ,f4sat,16,95,DIED,0,0,0,3,401,26002,True
δ,f4sat,16,96,DIED,0,0,0,3,401,26002,True
δ,f4sat,16,97,DIED,0,0,0,3,401,26002,True
δ,f4sat,16,98,DIED,0,0,0,3,401,26002,True
δ,f4sat,16,99,DIED,0,0,0,3,401,26002,True
δ,f4sat,16,100,DIED,0,0,0,3,401,26002,True
δ,f4sat,16,101,DIED,0,0,0,3,401,26002,True
δ,f4sat,16,102,DIED,0,0,0,3,401,26002,True
δ,f4sat,16,103,DIED,0,0,0,3,401,26002,True
δ,f4sat,16,104,DIED,0,0,0,3,401,26002,True
δ,f4sat,16,105,DIED,0,0,0,3,401,26002,True
δ,f4sat,16,106,DIED,0,0,0,3,401,26002,True
δ,f4sat,16,107,DIED,0,0,0,3,401,26002,True
δ,f4sat,16,108,DIED,0,0,0,3,401,26002,True
δ,f4sat,16,109,DIED,0,0,0,3,401,26002,True
δ,f4sat,16,110,DIED,0,0,0,3,401,26002,True
δ,f4sat,16,111,DIED,0,0,0,3,401,26002,True
δ,f4sat,16,112,DIED,0,0,0,3,401,26002,True
δ,f4sat,16,113,DIED,0,0,0,3,401,26002,True
δ,f4sat,16,114,DIED,0,0,0,3,401,26002,True
δ,f4sat,16,115,DIED,0,0,0,3,401,26002,True
δ,f4sat,16,116,DIED,0,0,0,3,401,26002,True
δ,f4sat,16,117,DIED,0,0,0,3,401,26002,True
δ,f4sat,16,118,DIED,0,0,0,3,401,26002,True
δ,f4sat,16,119,DIED,0,0,0,3,401,26002,True
δ,f4sat,16,120,DIED,0,0,0,3,401,26002,True
δ,f4sat,16,121,DIED,0,0,0,3,401,26002,True
δ,f4sat,16,122,DIED,0,0,0,3,401,26002,True
δ,f4sat,16,123,DIED,0,0,0,3,401,26002,True
δ,f4sat,16,124,DIED,0,0,0,3,401,26002,True
δ,f4sat,16,125,DIED,0,0,0,3,401,26002,True
δ,f4sat,16,126,DIED,0,0,0,3,401,26002,True
δ,f4sat,16,127,DIED,0,0,0,3,401,26002,True
δ,f4sat,16,128,DIED,0,0,0,3,401,26002,True
δ,f4sat,16,129,DIED,0,0,0,3,401,26002,True
δ,f4sat,16,130,DIED,0,0,0,3,401,26002,True
δ,f4sat,16,131,DIED,0,0,0,3,401,26002,True
δ,f4sat,16,132,DIED,0,0,0,3,401,26002,True
δ,f4sat,16,133,DIED,0,0,0,3,401,26002,True
δ,f4sat,16,134,DIED,0,0,0,3,401,26002,True
δ,f4sat,16,135,DIED,0,0,0,3,401,26002,True
δ,f4sat,16,136,DIED,0,0,0,3,401,26002,True
δ,f4sat,16,137,DIED,0,0,0,3,401,26002,True
δ,f4sat,16,138,DIED,0,0,0,3,401,26002,True
δ,f4sat,16,139,DIED,0,0,0,3,401,26002,True
δ,f4sat,16,140,DIED,0,0,0,3,401,26002,True
δ,f4sat,16,141,DIED,0,0,0,3,401,26002,True
δ,f4sat,16,142,DIED,0,0,0,3,401,26002,True
δ,f4sat,16,143,DIED,0,0,0,3,401,26002,True
δ,f4sat,16,144,DIED,0,0,0,3,401,26002,True
δ,f4sat,16,145,DIED,0,0,0,3,401,26002,True
δ,f4sat,16,146,DIED,0,0,0,3,401,26002,True
δ,f4sat,16,147,DIED,0,0,0,3,401,26002,True
δ,f4sat,16,148,DIED,0,0,0,3,401,26002,True
δ,f4sat,16,149,DIED,0,0,0,3,401,26002,True
δ,f4sat,16,150,DIED,0,0,0,3,401,26002,True
δ,f4sat,16,151,DIED,0,0,0,3,401,26002,True
δ,f4sat,16,152,DIED,0,0,0,3,401,26002,True
δ,f4sat,16,153,DIED,0,0,0,3,401,26002,True
δ,f4sat,16,154,DIED,0,0,0,3,401,26002,True
δ,f4sat,16,155,DIED,0,0,0,3,401,26002,True
δ,f4sat,16,156,DIED,0,0,0,3,401,26002,True
δ,f4sat,16,157,DIED,0,0,0,3,401,26002,True
δ,f4sat,16,158,DIED,0,0,0,3,401,26002,True
δ,f4sat,16,159,DIED,0,0,0,3,401,26002,True
δ,f4sat,16,160,DIED,0,0,0,3,401,26002,True
δ,f4sat,16,161,DIED,0,0,0,3,401,26002,True
δ,f4sat,16,162,DIED,0,0,0,3,401,26002,True
δ,f4sat,16,163,DIED,0,0,0,3,401,26002,True
δ,f4sat,16,164,DIED,0,0,0,3,401,26002,True
δ,f4sat,16,165,DIED,0,0,0,3,401,26002,True
δ,f4sat,16,166,DIED,0,0,0,3,401,26002,True
δ,f4sat,16,167,DIED,0,0,0,3,401,26002,True
δ,f4sat,16,168,DIED,0,0,0,3,401,26002,True
δ,f4sat,16,169,DIED,0,0,0,3,401,26002,True
δ,f4sat,16,170,DIED,0,0,0,3,401,26002,True
δ,f4sat,16,171,DIED,0,0,0,3,401,26002,True
δ,f4sat,16,172,DIED,0,0,0,3,401,26002,True
δ,f4sat,16,173,DIED,0,0,0,3,401,26002,True
δ,f4sat,16,174,DIED,0,0,0,3,401,26002,True
δ,f4sat,16,175,DIED,0,0,0,3,401,26002,True
δ,f4sat,16,176,DIED,0,0,0,3,401,26002,True
δ,f4sat,16,177,DIED,0,0,0,3,401,26002,True
δ,f4sat,16,178,DIED,0,0,0,3,401,26002,True
δ,f4sat,16,179,DIED,0,0,0,3,401,26002,True
δ,f4sat,16,180,DIED,0,0,0,3,401,26002,True
δ,f4sat,16,181,DIED,0,0,0,3,401,26002,True
δ,f4sat,16,182,DIED,0,0,0,3,401,26002,True
δ,f4sat,16,183,DIED,0,0,0,3,401,26002,True
δ,f4sat,16,184,DIED,0,0,0,3,401,26002,True
δ,f4sat,16,185,DIED,0,0,0,3,401,26002,True
δ,f4sat,16,186,DIED,0,0,0,3,401,26002,True
δ,f4sat,16,187,DIED,0,0,0,3,401,26002,True
δ,f4sat,16,188,DIED,0,0,0,3,401,26002,True
δ,f4sat,16,189,DIED,0,0,0,3,401,26002,True
δ,f4sat,16,190,DIED,0,0,0,3,401,26002,True
δ,f4sat,16,191,DIED,0,0,0,3,401,26002,True
δ,f4sat,16,192,DIED,0,0,0,3,401,26002,True
δ,f4sat,16,193,DIED,0,0,0,3,401,26002,True
δ,f4sat,16,194,DIED,0,0,0,3,401,26002,True
δ,f4sat,16,195,DIED,0,0,0,3,401,26002,True
δ,f4sat,16,196,DIED,0,0,0,3,401,26002,True
δ,f4sat,16,197,DIED,0,0,0,3,401,26002,True
δ,f4sat,16,198,DIED,0,0,0,3,401,26002,True
δ,f4sat,16,199,DIED,0,0,0,3,401,26002,True
δ,f4sat,16,200,DIED,0,0,0,3,401,26002,True
δ,f4sat,32,1,DIED,0,0,0,3,401,51602,True
δ,f4sat,32,2,DIED,0,0,0,3,401,51602,True
δ,f4sat,32,3,DIED,0,0,0,3,401,51602,True
δ,f4sat,32,4,DIED,0,0,0,3,401,51602,True
δ,f4sat,32,5,DIED,0,0,0,3,401,51602,True
δ,f4sat,32,6,DIED,0,0,0,3,401,51602,True
δ,f4sat,32,7,DIED,0,0,0,3,401,51602,True
δ,f4sat,32,8,DIED,0,0,0,3,401,51602,True
δ,f4sat,32,9,DIED,0,0,0,3,401,51602,True
δ,f4sat,32,10,DIED,0,0,0,3,401,51602,True
δ,f4sat,32,11,DIED,0,0,0,3,401,51602,True
δ,f4sat,32,12,DIED,0,0,0,3,401,51602,True
δ,f4sat,32,13,DIED,0,0,0,3,401,51602,True
δ,f4sat,32,14,DIED,0,0,0,3,401,51602,True
δ,f4sat,32,15,DIED,0,0,0,3,401,51602,True
δ,f4sat,32,16,DIED,0,0,0,3,401,51602,True
δ,f4sat,32,17,DIED,0,0,0,3,401,51602,True
δ,f4sat,32,18,DIED,0,0,0,3,401,51602,True
δ,f4sat,32,19,DIED,0,0,0,3,401,51602,True
δ,f4sat,32,20,DIED,0,0,0,3,401,51602,True
δ,f4sat,32,21,DIED,0,0,0,3,401,51602,True
δ,f4sat,32,22,DIED,0,0,0,3,401,51602,True
δ,f4sat,32,23,DIED,0,0,0,3,401,51602,True
δ,f4sat,32,24,DIED,0,0,0,3,401,51602,True
δ,f4sat,32,25,DIED,0,0,0,3,401,51602,True
δ,f4sat,32,26,DIED,0,0,0,3,401,51602,True
δ,f4sat,32,27,DIED,0,0,0,3,401,51602,True
δ,f4sat,32,28,DIED,0,0,0,3,401,51602,True
δ,f4sat,32,29,DIED,0,0,0,3,401,51602,True
δ,f4sat,32,30,DIED,0,0,0,3,401,51602,True
δ,f4sat,32,31,DIED,0,0,0,3,401,51602,True
δ,f4sat,32,32,DIED,0,0,0,3,401,51602,True
δ,f4sat,32,33,DIED,0,0,0,3,401,51602,True
δ,f4sat,32,34,DIED,0,0,0,3,401,51602,True
δ,f4sat,32,35,DIED,0,0,0,3,401,51602,True
δ,f4sat,32,36,DIED,0,0,0,3,401,51602,True
δ,f4sat,32,37,DIED,0,0,0,3,401,51602,True
δ,f4sat,32,38,DIED,0,0,0,3,401,51602,True
δ,f4sat,32,39,DIED,0,0,0,3,401,51602,True
δ,f4sat,32,40,DIED,0,0,0,3,401,51602,True
δ,f4sat,32,41,DIED,0,0,0,3,401,51602,True
δ,f4sat,32,42,DIED,0,0,0,3,401,51602,True
δ,f4sat,32,43,DIED,0,0,0,3,401,51602,True
δ,f4sat,32,44,DIED,0,0,0,3,401,51602,True
δ,f4sat,32,45,DIED,0,0,0,3,401,51602,True
δ,f4sat,32,46,DIED,0,0,0,3,401,51602,True
δ,f4sat,32,47,DIED,0,0,0,3,401,51602,True
δ,f4sat,32,48,DIED,0,0,0,3,401,51602,True
δ,f4sat,32,49,DIED,0,0,0,3,401,51602,True
δ,f4sat,32,50,DIED,0,0,0,3,401,51602,True
δ,f4sat,32,51,DIED,0,0,0,3,401,51602,True
δ,f4sat,32,52,DIED,0,0,0,3,401,51602,True
δ,f4sat,32,53,DIED,0,0,0,3,401,51602,True
δ,f4sat,32,54,DIED,0,0,0,3,401,51602,True
δ,f4sat,32,55,DIED,0,0,0,3,401,51602,True
δ,f4sat,32,56,DIED,0,0,0,3,401,51602,True
δ,f4sat,32,57,DIED,0,0,0,3,401,51602,True
δ,f4sat,32,58,DIED,0,0,0,3,401,51602,True
δ,f4sat,32,59,DIED,0,0,0,3,401,51602,True
δ,f4sat,32,60,DIED,0,0,0,3,401,51602,True
δ,f4sat,32,61,DIED,0,0,0,3,401,51602,True
δ,f4sat,32,62,DIED,0,0,0,3,401,51602,True
δ,f4sat,32,63,DIED,0,0,0,3,401,51602,True
δ,f4sat,32,64,DIED,0,0,0,3,401,51602,True
δ,f4sat,32,65,DIED,0,0,0,3,401,51602,True
δ,f4sat,32,66,DIED,0,0,0,3,401,51602,True
δ,f4sat,32,67,DIED,0,0,0,3,401,51602,True
δ,f4sat,32,68,DIED,0,0,0,3,401,51602,True
δ,f4sat,32,69,DIED,0,0,0,3,401,51602,True
δ,f4sat,32,70,DIED,0,0,0,3,401,51602,True
δ,f4sat,32,71,DIED,0,0,0,3,401,51602,True
δ,f4sat,32,72,DIED,0,0,0,3,401,51602,True
δ,f4sat,32,73,DIED,0,0,0,3,401,51602,True
δ,f4sat,32,74,DIED,0,0,0,3,401,51602,True
δ,f4sat,32,75,DIED,0,0,0,3,401,51602,True
δ,f4sat,32,76,DIED,0,0,0,3,401,51602,True
δ,f4sat,32,77,DIED,0,0,0,3,401,51602,True
δ,f4sat,32,78,DIED,0,0,0,3,401,51602,True
δ,f4sat,32,79,DIED,0,0,0,3,401,51602,True
δ,f4sat,32,80,DIED,0,0,0,3,401,51602,True
δ,f4sat,32,81,DIED,0,0,0,3,401,51602,True
δ,f4sat,32,82,DIED,0,0,0,3,401,51602,True
δ,f4sat,32,83,DIED,0,0,0,3,401,51602,True
δ,f4sat,32,84,DIED,0,0,0,3,401,51602,True
δ,f4sat,32,85,DIED,0,0,0,3,401,51602,True
δ,f4sat,32,86,DIED,0,0,0,3,401,51602,True
δ,f4sat,32,87,DIED,0,0,0,3,401,51602,True
δ,f4sat,32,88,DIED,0,0,0,3,401,51602,True
δ,f4sat,32,89,DIED,0,0,0,3,401,51602,True
δ,f4sat,32,90,DIED,0,0,0,3,401,51602,True
δ,f4sat,32,91,DIED,0,0,0,3,401,51602,True
δ,f4sat,32,92,DIED,0,0,0,3,401,51602,True
δ,f4sat,32,93,DIED,0,0,0,3,401,51602,True
δ,f4sat,32,94,DIED,0,0,0,3,401,51602,True
δ,f4sat,32,95,DIED,0,0,0,3,401,51602,True
δ,f4sat,32,96,DIED,0,0,0,3,401,51602,True
δ,f4sat,32,97,DIED,0,0,0,3,401,51602,True
δ,f4sat,32,98,DIED,0,0,0,3,401,51602,True
δ,f4sat,32,99,DIED,0,0,0,3,401,51602,True
δ,f4sat,32,100,DIED,0,0,0,3,401,51602,True
δ,f4sat,32,101,DIED,0,0,0,3,401,51602,True
δ,f4sat,32,102,DIED,0,0,0,3,401,51602,True
δ,f4sat,32,103,DIED,0,0,0,3,401,51602,True
δ,f4sat,32,104,DIED,0,0,0,3,401,51602,True
δ,f4sat,32,105,DIED,0,0,0,3,401,51602,True
δ,f4sat,32,106,DIED,0,0,0,3,401,51602,True
δ,f4sat,32,107,DIED,0,0,0,3,401,51602,True
δ,f4sat,32,108,DIED,0,0,0,3,401,51602,True
δ,f4sat,32,109,DIED,0,0,0,3,401,51602,True
δ,f4sat,32,110,DIED,0,0,0,3,401,51602,True
δ,f4sat,32,111,DIED,0,0,0,3,401,51602,True
δ,f4sat,32,112,DIED,0,0,0,3,401,51602,True
δ,f4sat,32,113,DIED,0,0,0,3,401,51602,True
δ,f4sat,32,114,DIED,0,0,0,3,401,51602,True
δ,f4sat,32,115,DIED,0,0,0,3,401,51602,True
δ,f4sat,32,116,DIED,0,0,0,3,401,51602,True
δ,f4sat,32,117,DIED,0,0,0,3,401,51602,True
δ,f4sat,32,118,DIED,0,0,0,3,401,51602,True
δ,f4sat,32,119,DIED,0,0,0,3,401,51602,True
δ,f4sat,32,120,DIED,0,0,0,3,401,51602,True
δ,f4sat,32,121,DIED,0,0,0,3,401,51602,True
δ,f4sat,32,122,DIED,0,0,0,3,401,51602,True
δ,f4sat,32,123,DIED,0,0,0,3,401,51602,True
δ,f4sat,32,124,DIED,0,0,0,3,401,51602,True
δ,f4sat,32,125,DIED,0,0,0,3,401,51602,True
δ,f4sat,32,126,DIED,0,0,0,3,401,51602,True
δ,f4sat,32,127,DIED,0,0,0,3,401,51602,True
δ,f4sat,32,128,DIED,0,0,0,3,401,51602,True
δ,f4sat,32,129,DIED,0,0,0,3,401,51602,True
δ,f4sat,32,130,DIED,0,0,0,3,401,51602,True
δ,f4sat,32,131,DIED,0,0,0,3,401,51602,True
δ,f4sat,32,132,DIED,0,0,0,3,401,51602,True
δ,f4sat,32,133,DIED,0,0,0,3,401,51602,True
δ,f4sat,32,134,DIED,0,0,0,3,401,51602,True
δ,f4sat,32,135,DIED,0,0,0,3,401,51602,True
δ,f4sat,32,136,DIED,0,0,0,3,401,51602,True
δ,f4sat,32,137,DIED,0,0,0,3,401,51602,True
δ,f4sat,32,138,DIED,0,0,0,3,401,51602,True
δ,f4sat,32,139,DIED,0,0,0,3,401,51602,True
δ,f4sat,32,140,DIED,0,0,0,3,401,51602,True
δ,f4sat,32,141,DIED,0,0,0,3,401,51602,True
δ,f4sat,32,142,DIED,0,0,0,3,401,51602,True
δ,f4sat,32,143,DIED,0,0,0,3,401,51602,True
δ,f4sat,32,144,DIED,0,0,0,3,401,51602,True
δ,f4sat,32,145,DIED,0,0,0,3,401,51602,True
δ,f4sat,32,146,DIED,0,0,0,3,401,51602,True
δ,f4sat,32,147,DIED,0,0,0,3,401,51602,True
δ,f4sat,32,148,DIED,0,0,0,3,401,51602,True
δ,f4sat,32,149,DIED,0,0,0,3,401,51602,True
δ,f4sat,32,150,DIED,0,0,0,3,401,51602,True
δ,f4sat,32,151,DIED,0,0,0,3,401,51602,True
δ,f4sat,32,152,DIED,0,0,0,3,401,51602,True
δ,f4sat,32,153,DIED,0,0,0,3,401,51602,True
δ,f4sat,32,154,DIED,0,0,0,3,401,51602,True
δ,f4sat,32,155,DIED,0,0,0,3,401,51602,True
δ,f4sat,32,156,DIED,0,0,0,3,401,51602,True
δ,f4sat,32,157,DIED,0,0,0,3,401,51602,True
δ,f4sat,32,158,DIED,0,0,0,3,401,51602,True
δ,f4sat,32,159,DIED,0,0,0,3,401,51602,True
δ,f4sat,32,160,DIED,0,0,0,3,401,51602,True
δ,f4sat,32,161,DIED,0,0,0,3,401,51602,True
δ,f4sat,32,162,DIED,0,0,0,3,401,51602,True
δ,f4sat,32,163,DIED,0,0,0,3,401,51602,True
δ,f4sat,32,164,DIED,0,0,0,3,401,51602,True
δ,f4sat,32,165,DIED,0,0,0,3,401,51602,True
δ,f4sat,32,166,DIED,0,0,0,3,401,51602,True
δ,f4sat,32,167,DIED,0,0,0,3,401,51602,True
δ,f4sat,32,168,DIED,0,0,0,3,401,51602,True
δ,f4sat,32,169,DIED,0,0,0,3,401,51602,True
δ,f4sat,32,170,DIED,0,0,0,3,401,51602,True
δ,f4sat,32,171,DIED,0,0,0,3,401,51602,True
δ,f4sat,32,172,DIED,0,0,0,3,401,51602,True
δ,f4sat,32,173,DIED,0,0,0,3,401,51602,True
δ,f4sat,32,174,DIED,0,0,0,3,401,51602,True
δ,f4sat,32,175,DIED,0,0,0,3,401,51602,True
δ,f4sat,32,176,DIED,0,0,0,3,401,51602,True
δ,f4sat,32,177,DIED,0,0,0,3,401,51602,True
δ,f4sat,32,178,DIED,0,0,0,3,401,51602,True
δ,f4sat,32,179,DIED,0,0,0,3,401,51602,True
δ,f4sat,32,180,DIED,0,0,0,3,401,51602,True
δ,f4sat,32,181,DIED,0,0,0,3,401,51602,True
δ,f4sat,32,182,DIED,0,0,0,3,401,51602,True
δ,f4sat,32,183,DIED,0,0,0,3,401,51602,True
δ,f4sat,32,184,DIED,0,0,0,3,401,51602,True
δ,f4sat,32,185,DIED,0,0,0,3,401,51602,True
δ,f4sat,32,186,DIED,0,0,0,3,401,51602,True
δ,f4sat,32,187,DIED,0,0,0,3,401,51602,True
δ,f4sat,32,188,DIED,0,0,0,3,401,51602,True
δ,f4sat,32,189,DIED,0,0,0,3,401,51602,True
δ,f4sat,32,190,DIED,0,0,0,3,401,51602,True
δ,f4sat,32,191,DIED,0,0,0,3,401,51602,True
δ,f4sat,32,192,DIED,0,0,0,3,401,51602,True
δ,f4sat,32,193,DIED,0,0,0,3,401,51602,True
δ,f4sat,32,194,DIED,0,0,0,3,401,51602,True
δ,f4sat,32,195,DIED,0,0,0,3,401,51602,True
δ,f4sat,32,196,DIED,0,0,0,3,401,51602,True
δ,f4sat,32,197,DIED,0,0,0,3,401,51602,True
δ,f4sat,32,198,DIED,0,0,0,3,401,51602,True
δ,f4sat,32,199,DIED,0,0,0,3,401,51602,True
δ,f4sat,32,200,DIED,0,0,0,3,401,51602,True
